start_id,end_id
6989a4dd10805f5685d66403,General
6989a4dd10805f5685d66405,Children
6989a4dd10805f5685d66407,General
6989a4dd10805f5685d66408,Fiction
6989a4dd10805f5685d6640a,Characters And Characteristics In Literature
6989a4dd10805f5685d6640b,Fiction
6989a4dd10805f5685d6640d,Fiction
6989a4dd10805f5685d6640f,General
6989a4dd10805f5685d66410,General
6989a4dd10805f5685d66411,Computers
6989a4dd10805f5685d66413,Fiction
6989a4dd10805f5685d66415,Assassination
6989a4dd10805f5685d66417,Juvenile Fiction
6989a4dd10805f5685d66419,Fiction
6989a4dd10805f5685d6641b,Biography
6989a4dd10805f5685d6641d,General
6989a4dd10805f5685d6641e,Fiction
6989a4dd10805f5685d6641f,Fiction
6989a4dd10805f5685d66420,Botswana
6989a4dd10805f5685d66422,Fiction
6989a4dd10805f5685d66424,General
6989a4dd10805f5685d66425,Juvenile Fiction
6989a4dd10805f5685d66427,Fiction
6989a4dd10805f5685d66429,Fiction
6989a4dd10805f5685d6642b,Fiction
6989a4dd10805f5685d6642c,Performing Arts
6989a4dd10805f5685d6642e,Bronté́
6989a4dd10805f5685d6642e,Emily
6989a4dd10805f5685d6642e,1818-1848
6989a4dd10805f5685d66430,Fiction
6989a4dd10805f5685d66431,Fiction
6989a4dd10805f5685d66433,Fiction
6989a4dd10805f5685d66435,Fiction
6989a4dd10805f5685d66437,Fiction
6989a4dd10805f5685d66439,Fiction
6989a4dd10805f5685d6643b,Juvenile Nonfiction
6989a4dd10805f5685d6643d,Juvenile Fiction
6989a4dd10805f5685d6643f,General
6989a4dd10805f5685d66440,Fiction
6989a4dd10805f5685d66441,Humor
6989a4dd10805f5685d66443,Fiction
6989a4dd10805f5685d66445,General
6989a4dd10805f5685d66446,General
6989a4dd10805f5685d66448,Fiction
6989a4dd10805f5685d6644a,Music
6989a4dd10805f5685d6644c,Fiction
6989a4dd10805f5685d6644d,General
6989a4dd10805f5685d6644e,Religion
6989a4dd10805f5685d66450,Comics
6989a4dd10805f5685d66452,Fiction
6989a4dd10805f5685d66454,Fiction
6989a4dd10805f5685d66456,Fiction
6989a4dd10805f5685d66458,Fiction
6989a4dd10805f5685d66459,General
6989a4dd10805f5685d6645a,General
6989a4dd10805f5685d6645c,Fiction
6989a4dd10805f5685d6645e,Fiction
6989a4dd10805f5685d66460,Fiction
6989a4dd10805f5685d66461,Predation (biology)
6989a4dd10805f5685d66463,Fiction
6989a4dd10805f5685d66465,Fiction
6989a4dd10805f5685d66466,Study Aids
6989a4dd10805f5685d66468,Fiction
6989a4dd10805f5685d66469,Fiction
6989a4dd10805f5685d6646b,Fiction
6989a4dd10805f5685d6646c,Fiction
6989a4dd10805f5685d6646e,Fiction
6989a4dd10805f5685d66470,Fiction
6989a4dd10805f5685d66471,Fiction
6989a4dd10805f5685d66473,Science Fiction.
6989a4dd10805f5685d66475,General
6989a4dd10805f5685d66476,General
6989a4dd10805f5685d66477,General
6989a4dd10805f5685d66479,Fiction
6989a4dd10805f5685d6647b,Fiction
6989a4dd10805f5685d6647c,General
6989a4dd10805f5685d6647d,Fiction
6989a4dd10805f5685d6647e,Fiction
6989a4dd10805f5685d6647f,Fiction
6989a4dd10805f5685d66481,Frankenstein Films
6989a4dd10805f5685d66483,Fiction
6989a4dd10805f5685d66484,Fiction
6989a4dd10805f5685d66486,General
6989a4dd10805f5685d66487,Fiction
6989a4dd10805f5685d66489,General
6989a4dd10805f5685d6648a,Fiction
6989a4dd10805f5685d6648c,Fiction
6989a4dd10805f5685d6648e,Fiction
6989a4dd10805f5685d66490,Fiction
6989a4dd10805f5685d66491,Biography
6989a4dd10805f5685d66492,Fiction
6989a4dd10805f5685d66494,Juvenile Fiction
6989a4dd10805f5685d66496,Political Science
6989a4dd10805f5685d66498,Fiction
6989a4dd10805f5685d6649a,Music
6989a4dd10805f5685d6649b,Juvenile Fiction
6989a4dd10805f5685d6649c,Fiction
6989a4dd10805f5685d6649d,Fiction
6989a4dd10805f5685d6649f,Biography
6989a4dd10805f5685d664a1,Fiction
6989a4dd10805f5685d664a3,Fiction
6989a4dd10805f5685d664a4,Fiction
6989a4dd10805f5685d664a6,Fiction
6989a4dd10805f5685d664a8,Philosophy
6989a4dd10805f5685d664aa,Fiction
6989a4dd10805f5685d664ab,Fiction
6989a4dd10805f5685d664ad,General
6989a4dd10805f5685d664ae,General
6989a4dd10805f5685d664b0,Juvenile Fiction
6989a4dd10805f5685d664b2,Juvenile Fiction
6989a4dd10805f5685d664b4,Detective And Mystery Stories
6989a4dd10805f5685d664b4,American
6989a4dd10805f5685d664b6,Fiction
6989a4dd10805f5685d664b7,Juvenile Fiction
6989a4dd10805f5685d664b9,Juvenile Fiction
6989a4dd10805f5685d664bb,Biography
6989a4dd10805f5685d664bd,Fiction
6989a4dd10805f5685d664bf,Science
6989a4dd10805f5685d664c1,Fiction
6989a4dd10805f5685d664c3,Fiction
6989a4dd10805f5685d664c5,Young Adult Fiction
6989a4dd10805f5685d664c6,Travel
6989a4dd10805f5685d664c8,Body
6989a4dd10805f5685d664c8,Mind
6989a4dd10805f5685d664ca,Colombia
6989a4dd10805f5685d664cc,Fiction
6989a4dd10805f5685d664ce,Fiction
6989a4dd10805f5685d664cf,Fiction
6989a4dd10805f5685d664d1,General
6989a4dd10805f5685d664d2,Fiction
6989a4dd10805f5685d664d4,General
6989a4dd10805f5685d664d5,General
6989a4dd10805f5685d664d6,Fiction
6989a4dd10805f5685d664d8,Fiction
6989a4dd10805f5685d664da,General
6989a4dd10805f5685d664db,Fiction
6989a4dd10805f5685d664dd,Fiction
6989a4dd10805f5685d664df,Juvenile Fiction
6989a4dd10805f5685d664e1,General
6989a4dd10805f5685d664e2,General
6989a4dd10805f5685d664e3,Fiction
6989a4dd10805f5685d664e5,Fiction
6989a4dd10805f5685d664e7,Young Adult Fiction
6989a4dd10805f5685d664e9,Reference
6989a4dd10805f5685d664eb,Fiction
6989a4dd10805f5685d664ec,Fiction
6989a4dd10805f5685d664ee,General
6989a4dd10805f5685d664f0,Fiction
6989a4dd10805f5685d664f2,Fiction
6989a4dd10805f5685d664f4,Religion
6989a4dd10805f5685d664f6,Fiction
6989a4dd10805f5685d664f8,True Crime
6989a4dd10805f5685d664fa,Self-help
6989a4dd10805f5685d664fc,General
6989a4dd10805f5685d664fd,General
6989a4dd10805f5685d664fe,General
6989a4dd10805f5685d664ff,Fiction
6989a4dd10805f5685d66501,Fiction
6989a4dd10805f5685d66503,Fiction
6989a4dd10805f5685d66505,Performing Arts
6989a4dd10805f5685d66507,Study Aids
6989a4dd10805f5685d66509,General
6989a4dd10805f5685d6650a,General
6989a4dd10805f5685d6650b,Psychology
6989a4dd10805f5685d6650d,Fiction
6989a4dd10805f5685d6650e,Fiction
6989a4dd10805f5685d66510,Fiction
6989a4dd10805f5685d66511,General
6989a4dd10805f5685d66513,Adventure Stories
6989a4dd10805f5685d66515,Fiction
6989a4dd10805f5685d66517,General
6989a4dd10805f5685d66519,Gardening
6989a4dd10805f5685d6651b,Fiction
6989a4dd10805f5685d6651d,Foreign Language Study
6989a4dd10805f5685d6651f,General
6989a4dd10805f5685d66520,Fiction
6989a4dd10805f5685d66522,Juvenile Fiction
6989a4dd10805f5685d66524,Fiction
6989a4dd10805f5685d66525,Fiction
6989a4dd10805f5685d66526,Fiction
6989a4dd10805f5685d66528,Self-help
6989a4dd10805f5685d6652a,Fiction
6989a4dd10805f5685d6652c,True Crime
6989a4dd10805f5685d6652d,Fiction
6989a4dd10805f5685d6652e,Adultery
6989a4dd10805f5685d66530,History
6989a4dd10805f5685d66532,Fiction
6989a4dd10805f5685d66534,General
6989a4dd10805f5685d66536,Fiction
6989a4dd10805f5685d66538,Fiction
6989a4dd10805f5685d6653a,Fiction
6989a4dd10805f5685d6653b,Fiction
6989a4dd10805f5685d6653d,Humor
6989a4dd10805f5685d6653f,General
6989a4dd10805f5685d66540,Fiction
6989a4dd10805f5685d66542,Fiction
6989a4dd10805f5685d66544,Fiction
6989a4dd10805f5685d66546,General
6989a4dd10805f5685d66547,Biography
6989a4dd10805f5685d66549,Fiction
6989a4dd10805f5685d6654b,Juvenile Nonfiction
6989a4dd10805f5685d6654d,Fiction
6989a4dd10805f5685d6654f,Fiction
6989a4dd10805f5685d66551,General
6989a4dd10805f5685d66552,General
6989a4dd10805f5685d66553,General
6989a4dd10805f5685d66554,Botswana
6989a4dd10805f5685d66555,Juvenile Fiction
6989a4dd10805f5685d66557,Fiction
6989a4dd10805f5685d66558,Reference
6989a4dd10805f5685d6655a,Fiction
6989a4dd10805f5685d6655b,General
6989a4dd10805f5685d6655d,Biography
6989a4dd10805f5685d6655f,Fiction
6989a4dd10805f5685d66561,Fiction
6989a4dd10805f5685d66563,Fiction
6989a4dd10805f5685d66565,Religion
6989a4dd10805f5685d66567,Fiction
6989a4dd10805f5685d66568,Poetry
6989a4dd10805f5685d6656a,Fiction
6989a4dd10805f5685d6656c,Fiction
6989a4dd10805f5685d6656e,Fiction
6989a4dd10805f5685d6656f,Fiction
6989a4dd10805f5685d66571,General
6989a4dd10805f5685d66572,Fiction
6989a4dd10805f5685d66573,Fiction
6989a4dd10805f5685d66574,Fiction
6989a4dd10805f5685d66576,Juvenile Fiction
6989a4dd10805f5685d66578,Creative Thinking
6989a4dd10805f5685d6657a,Fiction
6989a4dd10805f5685d6657c,General
6989a4dd10805f5685d6657d,Fiction
6989a4dd10805f5685d6657f,Fiction
6989a4dd10805f5685d66581,Fiction
6989a4dd10805f5685d66582,Fiction
6989a4dd10805f5685d66584,Fiction
6989a4dd10805f5685d66586,Fiction
6989a4dd10805f5685d66587,General
6989a4dd10805f5685d66588,Fiction
6989a4dd10805f5685d66589,Fiction
6989a4dd10805f5685d6658b,General
6989a4dd10805f5685d6658c,Fiction
6989a4dd10805f5685d6658d,Fiction
6989a4dd10805f5685d6658f,General
6989a4dd10805f5685d66591,General
6989a4dd10805f5685d66592,Fiction
6989a4dd10805f5685d66593,Fiction
6989a4dd10805f5685d66595,General
6989a4dd10805f5685d66596,Midway
6989a4dd10805f5685d66596,Battle Of
6989a4dd10805f5685d66596,1942
6989a4dd10805f5685d66598,Fiction
6989a4dd10805f5685d6659a,General
6989a4dd10805f5685d6659b,Fiction
6989a4dd10805f5685d6659d,Fiction
6989a4dd10805f5685d6659e,Identity (psychology)
6989a4dd10805f5685d6659f,General
6989a4dd10805f5685d665a1,Juvenile Fiction
6989a4dd10805f5685d665a3,General
6989a4dd10805f5685d665a4,General
6989a4dd10805f5685d665a5,General
6989a4dd10805f5685d665a6,Fiction
6989a4dd10805f5685d665a7,General
6989a4dd10805f5685d665a8,General
6989a4dd10805f5685d665a9,Fiction
6989a4dd10805f5685d665aa,General
6989a4dd10805f5685d665ab,Juvenile Fiction
6989a4dd10805f5685d665ad,Fiction
6989a4dd10805f5685d665ae,Fiction
6989a4dd10805f5685d665af,Fiction
6989a4dd10805f5685d665b1,Games
6989a4dd10805f5685d665b3,Paranormal Romance Stories
6989a4dd10805f5685d665b4,Fiction
6989a4dd10805f5685d665b5,General
6989a4dd10805f5685d665b6,Fiction
6989a4dd10805f5685d665b7,Fiction
6989a4dd10805f5685d665b9,Fiction
6989a4dd10805f5685d665bb,Fiction
6989a4dd10805f5685d665bd,General
6989a4dd10805f5685d665be,General
6989a4dd10805f5685d665bf,General
6989a4dd10805f5685d665c0,Fiction
6989a4dd10805f5685d665c1,Fiction
6989a4dd10805f5685d665c2,Fiction
6989a4dd10805f5685d665c4,Fiction
6989a4dd10805f5685d665c6,Fiction
6989a4dd10805f5685d665c7,Fiction
6989a4dd10805f5685d665c8,Fiction
6989a4dd10805f5685d665ca,Fiction
6989a4dd10805f5685d665cc,Literary Criticism
6989a4dd10805f5685d665ce,True Crime
6989a4dd10805f5685d665d0,General
6989a4dd10805f5685d665d1,Fiction
6989a4dd10805f5685d665d2,Literary Criticism
6989a4dd10805f5685d665d4,General
6989a4dd10805f5685d665d6,Fiction
6989a4dd10805f5685d665d8,Music
6989a4dd10805f5685d665da,Law
6989a4dd10805f5685d665dc,Fiction
6989a4dd10805f5685d665dd,Fiction
6989a4dd10805f5685d665df,Fiction
6989a4dd10805f5685d665e1,Fiction
6989a4dd10805f5685d665e3,Fiction
6989a4dd10805f5685d665e5,General
6989a4dd10805f5685d665e6,Czech Americans
6989a4dd10805f5685d665e8,Fiction
6989a4dd10805f5685d665e9,Biography
6989a4dd10805f5685d665eb,Young Adult Fiction
6989a4dd10805f5685d665ed,Fiction
6989a4dd10805f5685d665ee,Fiction
6989a4dd10805f5685d665f0,Fiction
6989a4dd10805f5685d665f2,General
6989a4dd10805f5685d665f4,Fiction
6989a4dd10805f5685d665f6,Fiction
6989a4dd10805f5685d665f8,General
6989a4dd10805f5685d665f9,Fiction
6989a4dd10805f5685d665fb,General
6989a4dd10805f5685d665fc,Fiction
6989a4dd10805f5685d665fe,Fiction
6989a4dd10805f5685d66600,Biography
6989a4dd10805f5685d66602,General
6989a4dd10805f5685d66603,Fiction
6989a4dd10805f5685d66604,Social Science
6989a4dd10805f5685d66606,Fiction
6989a4dd10805f5685d66608,General
6989a4dd10805f5685d6660a,Fiction
6989a4dd10805f5685d6660c,Fiction
6989a4dd10805f5685d6660e,Fiction
6989a4dd10805f5685d6660f,General
6989a4dd10805f5685d66610,Juvenile Fiction
6989a4dd10805f5685d66612,Poetry
6989a4dd10805f5685d66614,General
6989a4dd10805f5685d66615,Fiction
6989a4dd10805f5685d66617,Education
6989a4dd10805f5685d66619,General
6989a4dd10805f5685d6661a,Fiction
6989a4dd10805f5685d6661b,Fiction
6989a4dd10805f5685d6661d,Social Science
6989a4dd10805f5685d6661f,Fiction
6989a4dd10805f5685d66620,General
6989a4dd10805f5685d66622,Literary Criticism
6989a4dd10805f5685d66624,Fiction
6989a4dd10805f5685d66625,Children's Stories
6989a4dd10805f5685d66627,Fiction
6989a4dd10805f5685d66628,Fiction
6989a4dd10805f5685d66629,Fiction
6989a4dd10805f5685d6662a,Fiction
6989a4dd10805f5685d6662c,Fiction
6989a4dd10805f5685d6662d,Fiction
6989a4dd10805f5685d6662f,Fiction
6989a4dd10805f5685d66631,Fiction
6989a4dd10805f5685d66632,Fiction
6989a4dd10805f5685d66634,Violin
6989a4dd10805f5685d66636,General
6989a4dd10805f5685d66638,Literary Criticism
6989a4dd10805f5685d6663a,Fiction
6989a4dd10805f5685d6663c,Health
6989a4dd10805f5685d6663e,Health
6989a4dd10805f5685d66640,Fiction
6989a4dd10805f5685d66642,Fiction
6989a4dd10805f5685d66643,Juvenile Nonfiction
6989a4dd10805f5685d66645,Intelligence Officers
6989a4dd10805f5685d66646,Fiction
6989a4dd10805f5685d66647,Young Adult Fiction
6989a4dd10805f5685d66649,Fiction
6989a4dd10805f5685d6664b,Fiction
6989a4dd10805f5685d6664c,General
6989a4dd10805f5685d6664d,General
6989a4dd10805f5685d6664e,Animal Behavior
6989a4dd10805f5685d66650,Fiction
6989a4dd10805f5685d66651,Fiction
6989a4dd10805f5685d66653,General
6989a4dd10805f5685d66654,General
6989a4dd10805f5685d66656,Art
6989a4dd10805f5685d66658,Drama
6989a4dd10805f5685d6665a,Juvenile Fiction
6989a4dd10805f5685d6665c,Juvenile Fiction
6989a4dd10805f5685d6665e,General
6989a4dd10805f5685d6665f,Fiction
6989a4dd10805f5685d66661,Fiction
6989a4dd10805f5685d66663,Fiction
6989a4dd10805f5685d66665,Fiction
6989a4dd10805f5685d66666,General
6989a4dd10805f5685d66667,Fiction
6989a4dd10805f5685d66668,Fiction
6989a4dd10805f5685d66669,General
6989a4dd10805f5685d6666b,General
6989a4dd10805f5685d6666d,General
6989a4dd10805f5685d6666e,Young Adult Fiction
6989a4dd10805f5685d66670,Fiction
6989a4dd10805f5685d66671,Fiction
6989a4dd10805f5685d66673,Fiction
6989a4dd10805f5685d66675,Fiction
6989a4dd10805f5685d66677,Literary Criticism
6989a4dd10805f5685d66679,Fiction
6989a4dd10805f5685d6667a,Criminal Snipers
6989a4dd10805f5685d6667c,Body
6989a4dd10805f5685d6667c,Mind
6989a4dd10805f5685d6667e,Biography
6989a4dd10805f5685d66680,Fiction
6989a4dd10805f5685d66681,Fiction
6989a4dd10805f5685d66683,Fiction
6989a4dd10805f5685d66685,Fiction
6989a4dd10805f5685d66686,Fiction
6989a4dd10805f5685d66687,Juvenile Fiction
6989a4dd10805f5685d66689,Fiction
6989a4dd10805f5685d6668b,Fiction
6989a4dd10805f5685d6668c,Family
6989a4dd10805f5685d6668e,Performing Arts
6989a4dd10805f5685d66690,General
6989a4dd10805f5685d66691,American Literature
6989a4dd10805f5685d66692,Fiction
6989a4dd10805f5685d66694,American Fiction
6989a4dd10805f5685d66695,Fiction
6989a4dd10805f5685d66697,Fiction
6989a4dd10805f5685d66699,General
6989a4dd10805f5685d6669a,Literary Criticism
6989a4dd10805f5685d6669b,Beauty Contests
6989a4dd10805f5685d6669c,Fiction
6989a4dd10805f5685d6669d,Family
6989a4dd10805f5685d6669f,Fables
6989a4dd10805f5685d666a0,Fiction
6989a4dd10805f5685d666a1,Fiction
6989a4dd10805f5685d666a3,History
6989a4dd10805f5685d666a5,Fiction
6989a4dd10805f5685d666a6,Biography
6989a4dd10805f5685d666a8,General
6989a4dd10805f5685d666a9,Fiction
6989a4dd10805f5685d666ab,Fiction
6989a4dd10805f5685d666ac,Drowning
6989a4dd10805f5685d666ae,Juvenile Fiction
6989a4dd10805f5685d666b0,Juvenile Fiction
6989a4dd10805f5685d666b2,Fiction
6989a4dd10805f5685d666b4,Juvenile Fiction
6989a4dd10805f5685d666b5,Foreign Language Study
6989a4dd10805f5685d666b7,General
6989a4dd10805f5685d666b8,Biography
6989a4dd10805f5685d666ba,Performing Arts
6989a4dd10805f5685d666bc,Fiction
6989a4dd10805f5685d666bd,Children's Stories
6989a4dd10805f5685d666bd,New Zealand
6989a4dd10805f5685d666bf,Juvenile Fiction
6989a4dd10805f5685d666c1,Fiction
6989a4dd10805f5685d666c3,Fiction
6989a4dd10805f5685d666c5,Fiction
6989a4dd10805f5685d666c6,General
6989a4dd10805f5685d666c7,Comics
6989a4dd10805f5685d666c9,Biography
6989a4dd10805f5685d666cb,Juvenile Fiction
6989a4dd10805f5685d666cc,Fiction
6989a4dd10805f5685d666ce,Fiction
6989a4dd10805f5685d666cf,General
6989a4dd10805f5685d666d0,United States
6989a4dd10805f5685d666d1,Fiction
6989a4dd10805f5685d666d3,General
6989a4dd10805f5685d666d4,Fiction
6989a4dd10805f5685d666d6,General
6989a4dd10805f5685d666d7,General
6989a4dd10805f5685d666d8,General
6989a4dd10805f5685d666d9,General
6989a4dd10805f5685d666db,General
6989a4dd10805f5685d666dd,Biography
6989a4dd10805f5685d666df,Fiction
6989a4dd10805f5685d666e1,Fiction
6989a4dd10805f5685d666e3,Children's Stories
6989a4dd10805f5685d666e5,Fiction
6989a4dd10805f5685d666e7,Fiction
6989a4dd10805f5685d666e9,Fiction
6989a4dd10805f5685d666eb,Juvenile Fiction
6989a4dd10805f5685d666ec,General
6989a4dd10805f5685d666ee,Fiction
6989a4dd10805f5685d666f0,General
6989a4dd10805f5685d666f1,Fiction
6989a4dd10805f5685d666f3,Fiction
6989a4dd10805f5685d666f5,Fiction
6989a4dd10805f5685d666f7,History
6989a4dd10805f5685d666f9,Juvenile Fiction
6989a4dd10805f5685d666fb,Fiction
6989a4dd10805f5685d666fc,American Literature
6989a4dd10805f5685d666fe,Fiction
6989a4dd10805f5685d666ff,Juvenile Fiction
6989a4dd10805f5685d66701,Poetry
6989a4dd10805f5685d66703,Fiction
6989a4dd10805f5685d66705,Fiction
6989a4dd10805f5685d66706,Literary Criticism
6989a4dd10805f5685d66708,Architects
6989a4dd10805f5685d6670a,Fiction
6989a4dd10805f5685d6670b,Family
6989a4dd10805f5685d6670d,Biography
6989a4dd10805f5685d6670f,Fiction
6989a4dd10805f5685d66710,Biography
6989a4dd10805f5685d66712,Audiobooks
6989a4dd10805f5685d66713,Fiction
6989a4dd10805f5685d66714,General
6989a4dd10805f5685d66716,Fiction
6989a4dd10805f5685d66718,Fiction
6989a4dd10805f5685d6671a,Family
6989a4dd10805f5685d6671b,Fiction
6989a4dd10805f5685d6671d,General
6989a4dd10805f5685d6671e,General
6989a4dd10805f5685d6671f,Young Adult Fiction
6989a4dd10805f5685d66721,English Fiction
6989a4dd10805f5685d66722,General
6989a4dd10805f5685d66723,Juvenile Fiction
6989a4dd10805f5685d66725,Fiction
6989a4dd10805f5685d66726,Fiction
6989a4dd10805f5685d66728,Juvenile Fiction
6989a4dd10805f5685d6672a,Language Arts
6989a4dd10805f5685d6672c,Juvenile Fiction
6989a4dd10805f5685d6672e,General
6989a4dd10805f5685d6672f,Fiction
6989a4dd10805f5685d66731,General
6989a4dd10805f5685d66732,Fiction
6989a4dd10805f5685d66734,General
6989a4dd10805f5685d66735,Fiction
6989a4dd10805f5685d66736,Fiction
6989a4dd10805f5685d66738,Fiction
6989a4dd10805f5685d6673a,Fiction
6989a4dd10805f5685d6673c,General
6989a4dd10805f5685d6673d,General
6989a4dd10805f5685d6673e,Travel
6989a4dd10805f5685d66740,General
6989a4dd10805f5685d66742,Fiction
6989a4dd10805f5685d66744,Juvenile Fiction
6989a4dd10805f5685d66745,Biographers
6989a4dd10805f5685d66747,Fiction
6989a4dd10805f5685d66749,Philosophy
6989a4dd10805f5685d6674b,General
6989a4dd10805f5685d6674c,General
6989a4dd10805f5685d6674d,Fiction
6989a4dd10805f5685d6674f,Juvenile Fiction
6989a4dd10805f5685d66751,General
6989a4dd10805f5685d66752,Biography
6989a4dd10805f5685d66754,Cooking
6989a4dd10805f5685d66756,Fiction
6989a4dd10805f5685d66758,General
6989a4dd10805f5685d6675a,Nature
6989a4dd10805f5685d6675c,Fiction
6989a4dd10805f5685d6675d,Fiction
6989a4dd10805f5685d6675f,Religion
6989a4dd10805f5685d66761,Extrasensory Perception
6989a4dd10805f5685d66763,Fiction
6989a4dd10805f5685d66765,Juvenile Fiction
6989a4dd10805f5685d66767,General
6989a4dd10805f5685d66768,General
6989a4dd10805f5685d66769,American Fiction
6989a4dd10805f5685d6676b,Fiction
6989a4dd10805f5685d6676c,General
6989a4dd10805f5685d6676d,General
6989a4dd10805f5685d6676e,Bibles
6989a4dd10805f5685d66770,Fiction
6989a4dd10805f5685d66771,Fiction
6989a4dd10805f5685d66773,Fiction
6989a4dd10805f5685d66774,Fiction
6989a4dd10805f5685d66775,Fiction
6989a4dd10805f5685d66777,Biography
6989a4dd10805f5685d66779,Young Adult Fiction
6989a4dd10805f5685d6677b,Biography
6989a4dd10805f5685d6677d,Chile
6989a4dd10805f5685d6677f,Fiction
6989a4dd10805f5685d66780,Fiction
6989a4dd10805f5685d66781,Fiction
6989a4dd10805f5685d66783,Fiction
6989a4dd10805f5685d66785,General
6989a4dd10805f5685d66786,General
6989a4dd10805f5685d66787,General
6989a4dd10805f5685d66788,Music
6989a4dd10805f5685d6678a,Fiction
6989a4dd10805f5685d6678c,City And Town Life
6989a4dd10805f5685d6678e,Fiction
6989a4dd10805f5685d66790,Juvenile Fiction
6989a4dd10805f5685d66792,American Literature
6989a4dd10805f5685d66793,Portrait Photography
6989a4dd10805f5685d66795,Fiction
6989a4dd10805f5685d66796,Fiction
6989a4dd10805f5685d66798,General
6989a4dd10805f5685d66799,Biography
6989a4dd10805f5685d6679b,Fiction
6989a4dd10805f5685d6679d,Rock Musicians
6989a4dd10805f5685d6679f,Narnia (imaginary Place)
6989a4dd10805f5685d667a1,Fiction
6989a4dd10805f5685d667a3,History
6989a4dd10805f5685d667a5,True Crime
6989a4dd10805f5685d667a7,General
6989a4dd10805f5685d667a8,Gardening
6989a4dd10805f5685d667aa,General
6989a4dd10805f5685d667ab,Sports
6989a4dd10805f5685d667ad,Music
6989a4dd10805f5685d667af,General
6989a4dd10805f5685d667b0,General
6989a4dd10805f5685d667b1,Religious Fiction
6989a4dd10805f5685d667b3,Fiction
6989a4dd10805f5685d667b5,General
6989a4dd10805f5685d667b6,Cooking
6989a4dd10805f5685d667b8,Fiction
6989a4dd10805f5685d667ba,General
6989a4dd10805f5685d667bb,Fiction
6989a4dd10805f5685d667bd,Psychology
6989a4dd10805f5685d667bf,Fiction
6989a4dd10805f5685d667c1,Fiction
6989a4dd10805f5685d667c2,General
6989a4dd10805f5685d667c3,General
6989a4dd10805f5685d667c5,General
6989a4dd10805f5685d667c6,Fiction
6989a4dd10805f5685d667c7,Biography
6989a4dd10805f5685d667c8,Fiction
6989a4dd10805f5685d667c9,Arctic Regions
6989a4dd10805f5685d667cb,Young Adult Fiction
6989a4dd10805f5685d667cd,Fiction
6989a4dd10805f5685d667ce,Fiction
6989a4dd10805f5685d667cf,Humor
6989a4dd10805f5685d667d1,General
6989a4dd10805f5685d667d2,Fiction
6989a4dd10805f5685d667d4,Fiction
6989a4dd10805f5685d667d5,Fiction
6989a4dd10805f5685d667d7,Literary Criticism
6989a4dd10805f5685d667d9,Fiction
6989a4dd10805f5685d667db,Juvenile Fiction
6989a4dd10805f5685d667dd,General
6989a4dd10805f5685d667de,Reference
6989a4dd10805f5685d667e0,General
6989a4dd10805f5685d667e1,Fiction
6989a4dd10805f5685d667e3,Social Science
6989a4dd10805f5685d667e5,Fiction
6989a4dd10805f5685d667e7,Fiction
6989a4dd10805f5685d667e9,Fiction
6989a4dd10805f5685d667eb,General
6989a4dd10805f5685d667ed,Fiction
6989a4dd10805f5685d667ef,Fiction
6989a4dd10805f5685d667f1,Fiction
6989a4dd10805f5685d667f3,Fiction
6989a4dd10805f5685d667f5,Fiction
6989a4dd10805f5685d667f6,General
6989a4dd10805f5685d667f7,Community Policing
6989a4dd10805f5685d667f9,British
6989a4dd10805f5685d667fa,Veterinarians
6989a4dd10805f5685d667fc,General
6989a4dd10805f5685d667fd,Fiction
6989a4dd10805f5685d667ff,Fiction
6989a4dd10805f5685d66801,Fiction
6989a4dd10805f5685d66803,Fiction
6989a4dd10805f5685d66805,Biography
6989a4dd10805f5685d66807,Fiction
6989a4dd10805f5685d66809,General
6989a4dd10805f5685d6680a,Juvenile Fiction
6989a4dd10805f5685d6680c,American Fiction
6989a4dd10805f5685d6680d,Cape Cod (mass.)
6989a4dd10805f5685d6680e,Fiction
6989a4dd10805f5685d66810,Country Life
6989a4dd10805f5685d66811,General
6989a4dd10805f5685d66812,Fiction
6989a4dd10805f5685d66814,Medical
6989a4dd10805f5685d66816,Fiction
6989a4dd10805f5685d66817,Body
6989a4dd10805f5685d66817,Mind
6989a4dd10805f5685d66819,Science
6989a4dd10805f5685d6681b,Juvenile Fiction
6989a4dd10805f5685d6681d,Fiction
6989a4dd10805f5685d6681e,History
6989a4dd10805f5685d66820,Biography
6989a4dd10805f5685d66822,Juvenile Fiction
6989a4dd10805f5685d66824,Fiction
6989a4dd10805f5685d66826,Biography
6989a4dd10805f5685d66828,Fiction
6989a4dd10805f5685d6682a,Fiction
6989a4dd10805f5685d6682c,Business
6989a4dd10805f5685d6682e,Fiction
6989a4dd10805f5685d6682f,Fiction
6989a4dd10805f5685d66830,Human-computer Interaction
6989a4dd10805f5685d66832,General
6989a4dd10805f5685d66834,General
6989a4dd10805f5685d66835,General
6989a4dd10805f5685d66837,Juvenile Fiction
6989a4dd10805f5685d66839,Juvenile Fiction
6989a4dd10805f5685d6683b,Education
6989a4dd10805f5685d6683d,Religion
6989a4dd10805f5685d6683f,Fiction
6989a4dd10805f5685d66840,Juvenile Fiction
6989a4dd10805f5685d66842,General
6989a4dd10805f5685d66843,Fiction
6989a4dd10805f5685d66844,General
6989a4dd10805f5685d66846,Fiction
6989a4dd10805f5685d66847,General
6989a4dd10805f5685d66848,Fiction
6989a4dd10805f5685d66849,Fiction
6989a4dd10805f5685d6684a,Fiction
6989a4dd10805f5685d6684c,Juvenile Fiction
6989a4dd10805f5685d6684e,General
6989a4dd10805f5685d66850,Fiction
6989a4dd10805f5685d66851,General
6989a4dd10805f5685d66852,Juvenile Fiction
6989a4dd10805f5685d66853,General
6989a4dd10805f5685d66854,Fiction
6989a4dd10805f5685d66856,Fiction
6989a4dd10805f5685d66857,Bibles
6989a4dd10805f5685d66858,General
6989a4dd10805f5685d6685a,Fiction
6989a4dd10805f5685d6685c,Biography
6989a4dd10805f5685d6685e,Religion
6989a4dd10805f5685d66860,Murder
6989a4dd10805f5685d66862,Humor
6989a4dd10805f5685d66863,General
6989a4dd10805f5685d66864,Fiction
6989a4dd10805f5685d66866,Fiction
6989a4dd10805f5685d66868,Fiction
6989a4dd10805f5685d6686a,Fiction
6989a4dd10805f5685d6686c,General
6989a4dd10805f5685d6686d,General
6989a4dd10805f5685d6686e,True Crime
6989a4dd10805f5685d66870,History
6989a4dd10805f5685d66872,Fiction
6989a4dd10805f5685d66874,Biography
6989a4dd10805f5685d66876,Philosophy
6989a4dd10805f5685d66878,Women Authors
6989a4dd10805f5685d66878,Irish
6989a4dd10805f5685d6687a,Young Adult Fiction
6989a4dd10805f5685d6687c,Fiction
6989a4dd10805f5685d6687d,Fiction
6989a4dd10805f5685d6687e,Literary Criticism
6989a4dd10805f5685d66880,Vendetta
6989a4dd10805f5685d66882,Fiction
6989a4dd10805f5685d66884,Travel
6989a4dd10805f5685d66885,Botswana
6989a4dd10805f5685d66886,Fiction
6989a4dd10805f5685d66887,Fiction
6989a4dd10805f5685d66889,Fiction
6989a4dd10805f5685d6688b,Fiction
6989a4dd10805f5685d6688c,Fiction
6989a4dd10805f5685d6688d,Religion
6989a4dd10805f5685d6688f,Fiction
6989a4dd10805f5685d66891,Fiction
6989a4dd10805f5685d66892,General
6989a4dd10805f5685d66894,Fiction
6989a4dd10805f5685d66895,Fiction
6989a4dd10805f5685d66896,Body
6989a4dd10805f5685d66896,Mind
6989a4dd10805f5685d66898,General
6989a4dd10805f5685d66899,History
6989a4dd10805f5685d6689b,Fiction
6989a4dd10805f5685d6689d,Social Science
6989a4dd10805f5685d6689f,Political Science
6989a4dd10805f5685d668a1,History
6989a4dd10805f5685d668a3,Biography
6989a4dd10805f5685d668a5,Children's Plays
6989a4dd10805f5685d668a5,American
6989a4dd10805f5685d668a7,Biography
6989a4dd10805f5685d668a9,Fiction
6989a4dd10805f5685d668aa,General
6989a4dd10805f5685d668ac,Fiction
6989a4dd10805f5685d668ad,Fiction
6989a4dd10805f5685d668af,Fiction
6989a4dd10805f5685d668b0,Fiction
6989a4dd10805f5685d668b2,Juvenile Nonfiction
6989a4dd10805f5685d668b3,General
6989a4dd10805f5685d668b4,Fiction
6989a4dd10805f5685d668b6,Drama
6989a4dd10805f5685d668b7,Biography
6989a4dd10805f5685d668b8,Fiction
6989a4dd10805f5685d668ba,Fiction
6989a4dd10805f5685d668bb,Fiction
6989a4dd10805f5685d668bc,Fiction
6989a4dd10805f5685d668be,History
6989a4dd10805f5685d668c0,General
6989a4dd10805f5685d668c2,Fiction
6989a4dd10805f5685d668c3,Juvenile Fiction
6989a4dd10805f5685d668c4,General
6989a4dd10805f5685d668c6,Fiction
6989a4dd10805f5685d668c7,Fiction
6989a4dd10805f5685d668c9,General
6989a4dd10805f5685d668ca,Fiction
6989a4dd10805f5685d668cc,Fiction
6989a4dd10805f5685d668ce,Fiction
6989a4dd10805f5685d668cf,Fiction
6989a4dd10805f5685d668d0,Fiction
6989a4dd10805f5685d668d1,Juvenile Fiction
6989a4dd10805f5685d668d3,Fiction
6989a4dd10805f5685d668d5,Drama
6989a4dd10805f5685d668d7,Juvenile Fiction
6989a4dd10805f5685d668d8,Fiction
6989a4dd10805f5685d668da,Fiction
6989a4dd10805f5685d668db,Fiction
6989a4dd10805f5685d668dd,Fiction
6989a4dd10805f5685d668df,Fiction
6989a4dd10805f5685d668e0,Fiction
6989a4dd10805f5685d668e2,General
6989a4dd10805f5685d668e3,Biography
6989a4dd10805f5685d668e4,Fiction
6989a4dd10805f5685d668e5,General
6989a4dd10805f5685d668e6,Biography
6989a4dd10805f5685d668e8,Fiction
6989a4dd10805f5685d668e9,Electronic Books
6989a4dd10805f5685d668ea,Humor
6989a4dd10805f5685d668ec,Biography
6989a4dd10805f5685d668ee,Fiction
6989a4dd10805f5685d668f0,Fiction
6989a4dd10805f5685d668f2,Fiction
6989a4dd10805f5685d668f3,Fiction
6989a4dd10805f5685d668f4,General
6989a4dd10805f5685d668f5,Fiction
6989a4dd10805f5685d668f6,Self-help
6989a4dd10805f5685d668f8,Children's Literature
6989a4dd10805f5685d668f9,General
6989a4dd10805f5685d668fb,Literary Criticism
6989a4dd10805f5685d668fd,Fiction
6989a4dd10805f5685d668fe,Fiction
6989a4dd10805f5685d66900,Fiction
6989a4dd10805f5685d66902,Fiction
6989a4dd10805f5685d66903,General
6989a4dd10805f5685d66904,General
6989a4dd10805f5685d66905,Fiction
6989a4dd10805f5685d66906,General
6989a4dd10805f5685d66908,Child Sexual Abuse
6989a4dd10805f5685d6690a,Music
6989a4dd10805f5685d6690c,Literary Criticism
6989a4dd10805f5685d6690e,Performing Arts
6989a4dd10805f5685d66910,Fiction
6989a4dd10805f5685d66911,Social Science
6989a4dd10805f5685d66913,General
6989a4dd10805f5685d66915,Fiction
6989a4dd10805f5685d66917,Juvenile Fiction
6989a4dd10805f5685d66919,Fiction
6989a4dd10805f5685d6691b,Religion
6989a4dd10805f5685d6691d,Design
6989a4dd10805f5685d6691f,General
6989a4dd10805f5685d66920,Fiction
6989a4dd10805f5685d66921,Fiction
6989a4dd10805f5685d66923,Fiction
6989a4dd10805f5685d66925,General
6989a4dd10805f5685d66926,General
6989a4dd10805f5685d66927,Juvenile Fiction
6989a4dd10805f5685d66929,General
6989a4dd10805f5685d6692b,Juvenile Nonfiction
6989a4dd10805f5685d6692d,History
6989a4dd10805f5685d6692f,Fiction
6989a4dd10805f5685d66931,Fiction
6989a4dd10805f5685d66933,Fiction
6989a4dd10805f5685d66934,Robots
6989a4dd10805f5685d66936,Juvenile Fiction
6989a4dd10805f5685d66938,Fiction
6989a4dd10805f5685d6693a,Fiction
6989a4dd10805f5685d6693c,Fiction
6989a4dd10805f5685d6693d,Juvenile Fiction
6989a4dd10805f5685d6693f,Fiction
6989a4dd10805f5685d66941,Fiction
6989a4dd10805f5685d66942,General
6989a4dd10805f5685d66944,Eccentrics And Eccentricities
6989a4dd10805f5685d66946,Fiction
6989a4dd10805f5685d66948,History
6989a4dd10805f5685d6694a,General
6989a4dd10805f5685d6694b,General
6989a4dd10805f5685d6694c,Travel
6989a4dd10805f5685d6694e,Fiction
6989a4dd10805f5685d6694f,Life
6989a4dd10805f5685d66951,Young Adult Fiction
6989a4dd10805f5685d66953,Inheritance And Succession
6989a4dd10805f5685d66955,Fiction
6989a4dd10805f5685d66956,Fiction
6989a4dd10805f5685d66958,Biography
6989a4dd10805f5685d6695a,General
6989a4dd10805f5685d6695b,True Crime
6989a4dd10805f5685d6695c,Fiction
6989a4dd10805f5685d6695e,Fiction
6989a4dd10805f5685d6695f,Juvenile Fiction
6989a4dd10805f5685d66961,History
6989a4dd10805f5685d66963,Fiction
6989a4dd10805f5685d66965,Science
6989a4dd10805f5685d66967,Mice
6989a4dd10805f5685d66969,Fiction
6989a4dd10805f5685d6696a,Family
6989a4dd10805f5685d6696c,Fiction
6989a4dd10805f5685d6696e,Fiction
6989a4dd10805f5685d66970,Fiction
6989a4dd10805f5685d66971,Fiction
6989a4dd10805f5685d66972,Fiction
6989a4dd10805f5685d66973,Fiction
6989a4dd10805f5685d66974,Fiction
6989a4dd10805f5685d66976,Fiction
6989a4dd10805f5685d66978,Bible
6989a4dd10805f5685d6697a,Fiction
6989a4dd10805f5685d6697b,Biography
6989a4dd10805f5685d6697d,Performing Arts
6989a4dd10805f5685d6697f,Self-help
6989a4dd10805f5685d66981,Shugak
6989a4dd10805f5685d66981,Kate (fictitious Character)
6989a4dd10805f5685d66983,Fiction
6989a4dd10805f5685d66985,Travel
6989a4dd10805f5685d66986,Fiction
6989a4dd10805f5685d66988,Religion
6989a4dd10805f5685d66989,Juvenile Fiction
6989a4dd10805f5685d6698b,Biography
6989a4dd10805f5685d6698d,Brothers And Sisters
6989a4dd10805f5685d6698f,Fiction
6989a4dd10805f5685d66991,Fiction
6989a4dd10805f5685d66992,Fiction
6989a4dd10805f5685d66994,Social Science
6989a4dd10805f5685d66996,Juvenile Fiction
6989a4dd10805f5685d66998,Fiction
6989a4dd10805f5685d66999,Family
6989a4dd10805f5685d6699b,General
6989a4dd10805f5685d6699c,Fiction
6989a4dd10805f5685d6699e,Fiction
6989a4dd10805f5685d6699f,Body
6989a4dd10805f5685d6699f,Mind
6989a4dd10805f5685d669a1,Consciousness
6989a4dd10805f5685d669a3,Fiction
6989a4dd10805f5685d669a4,General
6989a4dd10805f5685d669a5,English Fiction
6989a4dd10805f5685d669a7,Photography
6989a4dd10805f5685d669a9,Fiction
6989a4dd10805f5685d669ab,Fiction
6989a4dd10805f5685d669ad,Fiction
6989a4dd10805f5685d669ae,Fiction
6989a4dd10805f5685d669b0,General
6989a4dd10805f5685d669b2,General
6989a4dd10805f5685d669b3,Fiction
6989a4dd10805f5685d669b4,Juvenile Fiction
6989a4dd10805f5685d669b6,American Fiction
6989a4dd10805f5685d669b7,Fiction
6989a4dd10805f5685d669b9,Juvenile Fiction
6989a4dd10805f5685d669bb,General
6989a4dd10805f5685d669bc,Language Arts
6989a4dd10805f5685d669be,Biography
6989a4dd10805f5685d669c0,Fiction
6989a4dd10805f5685d669c1,Fiction
6989a4dd10805f5685d669c2,Fiction
6989a4dd10805f5685d669c4,Juvenile Fiction
6989a4dd10805f5685d669c6,Economic Confusion
6989a4dd10805f5685d669c8,History
6989a4dd10805f5685d669ca,History
6989a4dd10805f5685d669cc,Fiction
6989a4dd10805f5685d669ce,Fiction
6989a4dd10805f5685d669cf,History
6989a4dd10805f5685d669d0,Fiction
6989a4dd10805f5685d669d2,Fiction
6989a4dd10805f5685d669d3,Fiction
6989a4dd10805f5685d669d5,Travel
6989a4dd10805f5685d669d6,Juvenile Fiction
6989a4dd10805f5685d669d8,Juvenile Fiction
6989a4dd10805f5685d669da,Fiction
6989a4dd10805f5685d669dc,General
6989a4dd10805f5685d669dd,Fiction
6989a4dd10805f5685d669de,Education
6989a4dd10805f5685d669e0,Reference
6989a4dd10805f5685d669e2,History
6989a4dd10805f5685d669e4,Comic Books
6989a4dd10805f5685d669e4,Strips
6989a4dd10805f5685d669e4,Etc
6989a4dd10805f5685d669e5,History
6989a4dd10805f5685d669e7,Great Britain
6989a4dd10805f5685d669e9,Law
6989a4dd10805f5685d669eb,Fiction
6989a4dd10805f5685d669ed,Fiction
6989a4dd10805f5685d669ef,Juvenile Fiction
6989a4dd10805f5685d669f1,Biography
6989a4dd10805f5685d669f3,Drama
6989a4dd10805f5685d669f5,Religion
6989a4dd10805f5685d669f7,Juvenile Fiction
6989a4dd10805f5685d669f9,Fiction
6989a4dd10805f5685d669fa,American Literature
6989a4dd10805f5685d669fb,Rama (imaginary Space Vehicle)
6989a4dd10805f5685d669fd,Love Stories
6989a4dd10805f5685d669fd,American
6989a4dd10805f5685d669ff,General
6989a4dd10805f5685d66a00,Music
6989a4dd10805f5685d66a02,Fiction
6989a4dd10805f5685d66a03,Juvenile Nonfiction
6989a4dd10805f5685d66a05,Science
6989a4dd10805f5685d66a07,Fiction
6989a4dd10805f5685d66a08,General
6989a4dd10805f5685d66a09,Biography
6989a4dd10805f5685d66a0b,Fiction
6989a4dd10805f5685d66a0c,Fiction
6989a4dd10805f5685d66a0e,Fiction
6989a4dd10805f5685d66a0f,Juvenile Fiction
6989a4dd10805f5685d66a11,Fiction
6989a4dd10805f5685d66a13,Fiction
6989a4dd10805f5685d66a15,Fiction
6989a4dd10805f5685d66a16,Fiction
6989a4dd10805f5685d66a18,Juvenile Fiction
6989a4dd10805f5685d66a1a,Biography
6989a4dd10805f5685d66a1c,General
6989a4dd10805f5685d66a1d,General
6989a4dd10805f5685d66a1e,Travel
6989a4dd10805f5685d66a1f,Fiction
6989a4dd10805f5685d66a21,Fiction
6989a4dd10805f5685d66a23,Fiction
6989a4dd10805f5685d66a25,Fiction
6989a4dd10805f5685d66a27,Fiction
6989a4dd10805f5685d66a29,Juvenile Fiction
6989a4dd10805f5685d66a2b,Juvenile Fiction
6989a4dd10805f5685d66a2d,Fiction
6989a4dd10805f5685d66a2e,Fiction
6989a4dd10805f5685d66a30,Religion
6989a4dd10805f5685d66a31,Fiction
6989a4dd10805f5685d66a33,Medical
6989a4dd10805f5685d66a35,True Crime
6989a4dd10805f5685d66a37,Dragons
6989a4dd10805f5685d66a39,Fiction
6989a4dd10805f5685d66a3b,General
6989a4dd10805f5685d66a3c,Fiction
6989a4dd10805f5685d66a3e,Fiction
6989a4dd10805f5685d66a3f,Religion
6989a4dd10805f5685d66a41,Fiction
6989a4dd10805f5685d66a43,General
6989a4dd10805f5685d66a44,Performing Arts
6989a4dd10805f5685d66a46,Juvenile Fiction
6989a4dd10805f5685d66a48,General
6989a4dd10805f5685d66a49,General
6989a4dd10805f5685d66a4a,Fiction
6989a4dd10805f5685d66a4b,Fiction
6989a4dd10805f5685d66a4c,Young Adult Fiction
6989a4dd10805f5685d66a4e,Fiction
6989a4dd10805f5685d66a4f,Fiction
6989a4dd10805f5685d66a50,Fiction
6989a4dd10805f5685d66a52,Juvenile Fiction
6989a4dd10805f5685d66a54,Fiction
6989a4dd10805f5685d66a55,Fiction
6989a4dd10805f5685d66a57,General
6989a4dd10805f5685d66a58,Juvenile Fiction
6989a4dd10805f5685d66a5a,Science
6989a4dd10805f5685d66a5c,Life Skills
6989a4dd10805f5685d66a5e,Business
6989a4dd10805f5685d66a60,Fiction
6989a4dd10805f5685d66a62,Business
6989a4dd10805f5685d66a64,Fiction
6989a4dd10805f5685d66a66,General
6989a4dd10805f5685d66a67,Fiction
6989a4dd10805f5685d66a69,Fiction
6989a4dd10805f5685d66a6b,Fiction
6989a4dd10805f5685d66a6d,Fiction
6989a4dd10805f5685d66a6e,History
6989a4dd10805f5685d66a70,Fiction
6989a4dd10805f5685d66a72,General
6989a4dd10805f5685d66a74,Fiction
6989a4dd10805f5685d66a76,Fiction
6989a4dd10805f5685d66a78,Adventure And Adventurers
6989a4dd10805f5685d66a79,Fiction
6989a4dd10805f5685d66a7b,Biography
6989a4dd10805f5685d66a7d,Fiction
6989a4dd10805f5685d66a7e,Fiction
6989a4dd10805f5685d66a7f,Christian Life
6989a4dd10805f5685d66a80,Fiction
6989a4dd10805f5685d66a81,Humor
6989a4dd10805f5685d66a83,History
6989a4dd10805f5685d66a85,Fiction
6989a4dd10805f5685d66a87,Performing Arts
6989a4dd10805f5685d66a89,Fiction
6989a4dd10805f5685d66a8a,Fiction
6989a4dd10805f5685d66a8b,Fiction
6989a4dd10805f5685d66a8d,General
6989a4dd10805f5685d66a8e,General
6989a4dd10805f5685d66a90,Fiction
6989a4dd10805f5685d66a92,Fiction
6989a4dd10805f5685d66a93,Juvenile Fiction
6989a4dd10805f5685d66a95,Juvenile Fiction
6989a4dd10805f5685d66a97,Fiction
6989a4dd10805f5685d66a99,Fiction
6989a4dd10805f5685d66a9b,General
6989a4dd10805f5685d66a9c,Fiction
6989a4dd10805f5685d66a9d,Fiction
6989a4dd10805f5685d66a9f,Fiction
6989a4dd10805f5685d66aa0,Social Science
6989a4dd10805f5685d66aa1,General
6989a4dd10805f5685d66aa2,Fiction
6989a4dd10805f5685d66aa4,Fiction
6989a4dd10805f5685d66aa6,Fiction
6989a4dd10805f5685d66aa8,Fiction
6989a4dd10805f5685d66aaa,Comics
6989a4dd10805f5685d66aac,Juvenile Nonfiction
6989a4dd10805f5685d66aae,General
6989a4dd10805f5685d66aaf,Florida
6989a4dd10805f5685d66ab1,Fiction
6989a4dd10805f5685d66ab3,Biography
6989a4dd10805f5685d66ab5,Fiction
6989a4dd10805f5685d66ab6,Business
6989a4dd10805f5685d66ab8,Medical
6989a4dd10805f5685d66aba,Fiction
6989a4dd10805f5685d66abc,General
6989a4dd10805f5685d66abd,General
6989a4dd10805f5685d66abe,General
6989a4dd10805f5685d66abf,Fiction
6989a4dd10805f5685d66ac1,General
6989a4dd10805f5685d66ac2,Philosophy
6989a4dd10805f5685d66ac4,Humor
6989a4dd10805f5685d66ac6,Young Adult Fiction
6989a4dd10805f5685d66ac8,Fiction
6989a4dd10805f5685d66ac9,Fiction
6989a4dd10805f5685d66acb,General
6989a4dd10805f5685d66acc,General
6989a4dd10805f5685d66acd,General
6989a4dd10805f5685d66ace,Fiction
6989a4dd10805f5685d66acf,Fiction
6989a4dd10805f5685d66ad1,Fiction
6989a4dd10805f5685d66ad2,General
6989a4dd10805f5685d66ad3,Science Fiction
6989a4dd10805f5685d66ad3,American
6989a4dd10805f5685d66ad4,General
6989a4dd10805f5685d66ad5,History
6989a4dd10805f5685d66ad7,Biography
6989a4dd10805f5685d66ad9,Sports
6989a4dd10805f5685d66adb,Education
6989a4dd10805f5685d66add,Fiction
6989a4dd10805f5685d66adf,Fiction
6989a4dd10805f5685d66ae1,Fiction
6989a4dd10805f5685d66ae2,General
6989a4dd10805f5685d66ae3,General
6989a4dd10805f5685d66ae4,Fiction
6989a4dd10805f5685d66ae5,General
6989a4dd10805f5685d66ae6,Fiction
6989a4dd10805f5685d66ae8,School Districts
6989a4dd10805f5685d66ae9,Fiction
6989a4dd10805f5685d66aeb,Fiction
6989a4dd10805f5685d66aec,Fiction
6989a4dd10805f5685d66aee,Fiction
6989a4dd10805f5685d66af0,Fiction
6989a4dd10805f5685d66af2,Performing Arts
6989a4dd10805f5685d66af4,Fiction
6989a4dd10805f5685d66af5,Fiction
6989a4dd10805f5685d66af7,Fiction
6989a4dd10805f5685d66af9,General
6989a4dd10805f5685d66afa,Animal Behavior
6989a4dd10805f5685d66afb,Fiction
6989a4dd10805f5685d66afc,Hate Groups
6989a4dd10805f5685d66afe,Fiction
6989a4dd10805f5685d66b00,General
6989a4dd10805f5685d66b01,General
6989a4dd10805f5685d66b02,Juvenile Fiction
6989a4dd10805f5685d66b03,General
6989a4dd10805f5685d66b04,Fiction
6989a4dd10805f5685d66b05,Fiction
6989a4dd10805f5685d66b07,Religion
6989a4dd10805f5685d66b09,Fiction
6989a4dd10805f5685d66b0b,General
6989a4dd10805f5685d66b0c,Biography
6989a4dd10805f5685d66b0e,Religion
6989a4dd10805f5685d66b10,Fiction
6989a4dd10805f5685d66b11,Juvenile Fiction
6989a4dd10805f5685d66b13,Computers
6989a4dd10805f5685d66b15,Fiction
6989a4dd10805f5685d66b16,Fiction
6989a4dd10805f5685d66b18,Fiction
6989a4dd10805f5685d66b19,Fiction
6989a4dd10805f5685d66b1b,General
6989a4dd10805f5685d66b1c,Religion
6989a4dd10805f5685d66b1e,Fiction
6989a4dd10805f5685d66b20,Juvenile Fiction
6989a4dd10805f5685d66b21,Music
6989a4dd10805f5685d66b23,Religion
6989a4dd10805f5685d66b25,Juvenile Nonfiction
6989a4dd10805f5685d66b27,England
6989a4dd10805f5685d66b28,Juvenile Fiction
6989a4dd10805f5685d66b2a,Fiction
6989a4dd10805f5685d66b2c,General
6989a4dd10805f5685d66b2d,Musical Fiction
6989a4dd10805f5685d66b2f,Fiction
6989a4dd10805f5685d66b31,Fiction
6989a4dd10805f5685d66b32,History
6989a4dd10805f5685d66b34,Fiction
6989a4dd10805f5685d66b36,Fiction
6989a4dd10805f5685d66b38,Bridegrooms
6989a4dd10805f5685d66b3a,General
6989a4dd10805f5685d66b3c,Dragons
6989a4dd10805f5685d66b3d,Performing Arts
6989a4dd10805f5685d66b3f,Juvenile Nonfiction
6989a4dd10805f5685d66b41,Fiction
6989a4dd10805f5685d66b43,General
6989a4dd10805f5685d66b44,Fiction
6989a4dd10805f5685d66b45,Fiction
6989a4dd10805f5685d66b47,Humor
6989a4dd10805f5685d66b48,Fiction
6989a4dd10805f5685d66b4a,Fiction
6989a4dd10805f5685d66b4c,Religion
6989a4dd10805f5685d66b4e,Fiction
6989a4dd10805f5685d66b4f,General
6989a4dd10805f5685d66b50,Fiction
6989a4dd10805f5685d66b52,Fiction
6989a4dd10805f5685d66b54,Fiction
6989a4dd10805f5685d66b56,General
6989a4dd10805f5685d66b57,English Fiction
6989a4dd10805f5685d66b58,General
6989a4dd10805f5685d66b5a,Psychology
6989a4dd10805f5685d66b5c,Fiction
6989a4dd10805f5685d66b5d,Business
6989a4dd10805f5685d66b5f,Body
6989a4dd10805f5685d66b5f,Mind
6989a4dd10805f5685d66b61,Fiction
6989a4dd10805f5685d66b63,General
6989a4dd10805f5685d66b64,Juvenile Fiction
6989a4dd10805f5685d66b65,Foreign Language Study
6989a4dd10805f5685d66b66,Fiction
6989a4dd10805f5685d66b68,Fiction
6989a4dd10805f5685d66b69,Fiction
6989a4dd10805f5685d66b6b,Fiction
6989a4dd10805f5685d66b6d,Psychology
6989a4dd10805f5685d66b6f,Poetry
6989a4dd10805f5685d66b71,General
6989a4dd10805f5685d66b72,General
6989a4dd10805f5685d66b73,True Crime
6989a4dd10805f5685d66b74,Biography
6989a4dd10805f5685d66b76,Young Adult Fiction
6989a4dd10805f5685d66b78,Young Adult Fiction
6989a4dd10805f5685d66b7a,History
6989a4dd10805f5685d66b7c,Architecture
6989a4dd10805f5685d66b7e,General
6989a4dd10805f5685d66b7f,Fiction
6989a4dd10805f5685d66b80,France
6989a4dd10805f5685d66b82,Fiction
6989a4dd10805f5685d66b83,Humor
6989a4dd10805f5685d66b85,Pattern Perception
6989a4dd10805f5685d66b87,Fiction
6989a4dd10805f5685d66b89,Fiction
6989a4dd10805f5685d66b8b,Fiction
6989a4dd10805f5685d66b8c,Education
6989a4dd10805f5685d66b8e,Fiction
6989a4dd10805f5685d66b90,Fiction
6989a4dd10805f5685d66b92,Fiction
6989a4dd10805f5685d66b94,Fiction
6989a4dd10805f5685d66b96,Fiction
6989a4dd10805f5685d66b97,Juvenile Fiction
6989a4dd10805f5685d66b99,Young Adult Fiction
6989a4dd10805f5685d66b9b,Fiction
6989a4dd10805f5685d66b9d,Biography
6989a4dd10805f5685d66b9f,History
6989a4dd10805f5685d66ba1,Fiction
6989a4dd10805f5685d66ba3,Comics
6989a4dd10805f5685d66ba5,Juvenile Fiction
6989a4dd10805f5685d66ba7,General
6989a4dd10805f5685d66ba8,General
6989a4dd10805f5685d66ba9,Biography
6989a4dd10805f5685d66bab,Fiction
6989a4dd10805f5685d66bad,Business
6989a4dd10805f5685d66baf,Fiction
6989a4dd10805f5685d66bb0,Fiction
6989a4dd10805f5685d66bb1,Juvenile Fiction
6989a4dd10805f5685d66bb3,Fiction
6989a4dd10805f5685d66bb4,Biography
6989a4dd10805f5685d66bb6,Self-help
6989a4dd10805f5685d66bb7,Sports
6989a4dd10805f5685d66bb9,Young Adult Fiction
6989a4dd10805f5685d66bbb,Adultery
6989a4dd10805f5685d66bbc,Fiction
6989a4dd10805f5685d66bbe,Fiction
6989a4dd10805f5685d66bc0,General
6989a4dd10805f5685d66bc1,Fiction
6989a4dd10805f5685d66bc3,Fiction
6989a4dd10805f5685d66bc4,Juvenile Fiction
6989a4dd10805f5685d66bc6,General
6989a4dd10805f5685d66bc7,Fiction
6989a4dd10805f5685d66bc9,Fiction
6989a4dd10805f5685d66bcb,Fiction
6989a4dd10805f5685d66bcd,Fiction
6989a4dd10805f5685d66bcf,General
6989a4dd10805f5685d66bd0,Drama
6989a4dd10805f5685d66bd1,General
6989a4dd10805f5685d66bd2,Fiction
6989a4dd10805f5685d66bd4,Juvenile Fiction
6989a4dd10805f5685d66bd6,Fiction
6989a4dd10805f5685d66bd8,Social Science
6989a4dd10805f5685d66bda,Comics
6989a4dd10805f5685d66bdc,Juvenile Fiction
6989a4dd10805f5685d66bde,Hotels
6989a4dd10805f5685d66bde,Motels
6989a4dd10805f5685d66bde,Etc
6989a4dd10805f5685d66be0,General
6989a4dd10805f5685d66be2,Juvenile Fiction
6989a4dd10805f5685d66be3,General
6989a4dd10805f5685d66be4,Juvenile Fiction
6989a4dd10805f5685d66be6,Fiction
6989a4dd10805f5685d66be8,Fiction
6989a4dd10805f5685d66bea,Rug And Carpet Industry
6989a4dd10805f5685d66bec,Religion
6989a4dd10805f5685d66bee,Religion
6989a4dd10805f5685d66bf0,Juvenile Fiction
6989a4dd10805f5685d66bf2,Fiction
6989a4dd10805f5685d66bf4,Humor
6989a4dd10805f5685d66bf6,Fiction
6989a4dd10805f5685d66bf7,Business
6989a4dd10805f5685d66bf9,Fiction
6989a4dd10805f5685d66bfa,Families
6989a4dd10805f5685d66bfb,Fiction
6989a4dd10805f5685d66bfd,Fiction
6989a4dd10805f5685d66bff,Fiction
6989a4dd10805f5685d66c01,Fiction
6989a4dd10805f5685d66c03,Fiction
6989a4dd10805f5685d66c04,Self-help
6989a4dd10805f5685d66c05,Fiction
6989a4dd10805f5685d66c07,Fiction
6989a4dd10805f5685d66c08,Fiction
6989a4dd10805f5685d66c0a,Philosophy
6989a4dd10805f5685d66c0c,General
6989a4dd10805f5685d66c0d,Fiction
6989a4dd10805f5685d66c0f,Fiction
6989a4dd10805f5685d66c11,Fiction
6989a4dd10805f5685d66c12,Fiction
6989a4dd10805f5685d66c14,Drama
6989a4dd10805f5685d66c15,Juvenile Fiction
6989a4dd10805f5685d66c16,Fourth Dimension
6989a4dd10805f5685d66c17,Reference
6989a4dd10805f5685d66c19,Autobiographical Fiction
6989a4dd10805f5685d66c1a,Fiction
6989a4dd10805f5685d66c1b,High Interest-low Vocabulary Books
6989a4dd10805f5685d66c1d,Fiction
6989a4dd10805f5685d66c1f,Poetry
6989a4dd10805f5685d66c21,Women Astronauts
6989a4dd10805f5685d66c23,Fiction
6989a4dd10805f5685d66c25,Travel
6989a4dd10805f5685d66c27,American Literature
6989a4dd10805f5685d66c28,Body
6989a4dd10805f5685d66c28,Mind
6989a4dd10805f5685d66c2a,Fiction
6989a4dd10805f5685d66c2b,Juvenile Fiction
6989a4dd10805f5685d66c2d,Fiction
6989a4dd10805f5685d66c2f,Fiction
6989a4dd10805f5685d66c31,Fiction
6989a4dd10805f5685d66c33,General
6989a4dd10805f5685d66c34,General
6989a4dd10805f5685d66c35,Characters And Characteristics In Literature
6989a4dd10805f5685d66c36,General
6989a4dd10805f5685d66c37,Fiction
6989a4dd10805f5685d66c39,Dutch Fiction
6989a4dd10805f5685d66c3b,General
6989a4dd10805f5685d66c3c,Fiction
6989a4dd10805f5685d66c3d,Fiction
6989a4dd10805f5685d66c3e,Fiction
6989a4dd10805f5685d66c40,Biography
6989a4dd10805f5685d66c42,Fiction
6989a4dd10805f5685d66c44,Juvenile Nonfiction
6989a4dd10805f5685d66c46,Bibles
6989a4dd10805f5685d66c48,Body
6989a4dd10805f5685d66c48,Mind
6989a4dd10805f5685d66c4a,Excavations (archaeology)
6989a4dd10805f5685d66c4c,Juvenile Fiction
6989a4dd10805f5685d66c4e,General
6989a4dd10805f5685d66c4f,Forest Ecology
6989a4dd10805f5685d66c51,Fiction
6989a4dd10805f5685d66c53,General
6989a4dd10805f5685d66c55,Language Arts
6989a4dd10805f5685d66c57,General
6989a4dd10805f5685d66c58,Fiction
6989a4dd10805f5685d66c5a,Fiction
6989a4dd10805f5685d66c5b,Fiction
6989a4dd10805f5685d66c5d,Africa
6989a4dd10805f5685d66c5e,Fiction
6989a4dd10805f5685d66c5f,Fiction
6989a4dd10805f5685d66c61,General
6989a4dd10805f5685d66c62,Fiction
6989a4dd10805f5685d66c63,Self-help
6989a4dd10805f5685d66c65,Fiction
6989a4dd10805f5685d66c66,Fiction
6989a4dd10805f5685d66c68,Jewelers
6989a4dd10805f5685d66c6a,Fiction
6989a4dd10805f5685d66c6c,Biography
6989a4dd10805f5685d66c6e,Fiction In English
6989a4dd10805f5685d66c70,Fiction
6989a4dd10805f5685d66c72,Fiction
6989a4dd10805f5685d66c73,Fantasy Fiction
6989a4dd10805f5685d66c74,Fiction
6989a4dd10805f5685d66c75,Science
6989a4dd10805f5685d66c77,Amish
6989a4dd10805f5685d66c79,Fiction
6989a4dd10805f5685d66c7b,Fiction
6989a4dd10805f5685d66c7c,Fiction
6989a4dd10805f5685d66c7e,Juvenile Fiction
6989a4dd10805f5685d66c80,Psychology
6989a4dd10805f5685d66c82,Fiction
6989a4dd10805f5685d66c84,Fiction
6989a4dd10805f5685d66c86,Fiction
6989a4dd10805f5685d66c88,Language Arts
6989a4dd10805f5685d66c8a,History
6989a4dd10805f5685d66c8c,Science
6989a4dd10805f5685d66c8e,Fiction
6989a4dd10805f5685d66c8f,Fiction
6989a4dd10805f5685d66c90,Automobile Travel / United States
6989a4dd10805f5685d66c92,Fiction
6989a4dd10805f5685d66c93,Diners (restaurants)
6989a4dd10805f5685d66c94,General
6989a4dd10805f5685d66c95,Fiction
6989a4dd10805f5685d66c97,Fiction
6989a4dd10805f5685d66c98,Fiction
6989a4dd10805f5685d66c9a,Fiction
6989a4dd10805f5685d66c9c,Fiction
6989a4dd10805f5685d66c9e,Language Arts
6989a4dd10805f5685d66ca0,Fiction
6989a4dd10805f5685d66ca1,Fiction
6989a4dd10805f5685d66ca2,Juvenile Fiction
6989a4dd10805f5685d66ca4,History
6989a4dd10805f5685d66ca6,Fiction
6989a4dd10805f5685d66ca8,Juvenile Fiction
6989a4dd10805f5685d66ca9,Juvenile Fiction
6989a4dd10805f5685d66cab,General
6989a4dd10805f5685d66cac,Fiction
6989a4dd10805f5685d66cad,Fiction
6989a4dd10805f5685d66caf,Juvenile Fiction
6989a4dd10805f5685d66cb0,St. Albans (england)
6989a4dd10805f5685d66cb2,Fiction
6989a4dd10805f5685d66cb3,Fiction
6989a4dd10805f5685d66cb4,Fiction
6989a4dd10805f5685d66cb5,Political Science
6989a4dd10805f5685d66cb7,General
6989a4dd10805f5685d66cb8,Queens
6989a4dd10805f5685d66cba,Biography
6989a4dd10805f5685d66cbc,General
6989a4dd10805f5685d66cbd,Juvenile Fiction
6989a4dd10805f5685d66cbf,Fiction
6989a4dd10805f5685d66cc1,Nature
6989a4dd10805f5685d66cc3,Fiction
6989a4dd10805f5685d66cc4,Fiction
6989a4dd10805f5685d66cc6,Love Stories
6989a4dd10805f5685d66cc7,Fiction
6989a4dd10805f5685d66cc9,General
6989a4dd10805f5685d66cca,Poetry
6989a4dd10805f5685d66ccc,General
6989a4dd10805f5685d66ccd,Cooking
6989a4dd10805f5685d66ccf,Fiction
6989a4dd10805f5685d66cd1,Juvenile Fiction
6989a4dd10805f5685d66cd2,Fiction
6989a4dd10805f5685d66cd4,Merchant Marine
6989a4dd10805f5685d66cd6,History
6989a4dd10805f5685d66cd8,History
6989a4dd10805f5685d66cda,Fiction
6989a4dd10805f5685d66cdb,Aeronautics
6989a4dd10805f5685d66cdd,Photography
6989a4dd10805f5685d66cdf,Fiction
6989a4dd10805f5685d66ce0,Biography
6989a4dd10805f5685d66ce2,Fiction
6989a4dd10805f5685d66ce4,Fiction
6989a4dd10805f5685d66ce6,Literary Criticism
6989a4dd10805f5685d66ce8,Fiction
6989a4dd10805f5685d66ce9,Fiction
6989a4dd10805f5685d66ceb,Album
6989a4dd10805f5685d66ced,Juvenile Fiction
6989a4dd10805f5685d66cef,Fiction
6989a4dd10805f5685d66cf0,Fiction
6989a4dd10805f5685d66cf1,Social Science
6989a4dd10805f5685d66cf3,Europe
6989a4dd10805f5685d66cf5,Alienation (social Psychology)
6989a4dd10805f5685d66cf7,Fiction
6989a4dd10805f5685d66cf8,Fiction
6989a4dd10805f5685d66cf9,Religion
6989a4dd10805f5685d66cfb,Juvenile Fiction
6989a4dd10805f5685d66cfd,General
6989a4dd10805f5685d66cfe,Union Catalogs
6989a4dd10805f5685d66cff,Fiction
6989a4dd10805f5685d66d00,Juvenile Nonfiction
6989a4dd10805f5685d66d02,Fiction
6989a4dd10805f5685d66d04,History
6989a4dd10805f5685d66d06,Fiction
6989a4dd10805f5685d66d08,History
6989a4dd10805f5685d66d09,Fiction
6989a4dd10805f5685d66d0a,Juvenile Fiction
6989a4dd10805f5685d66d0b,Fiction
6989a4dd10805f5685d66d0c,Fiction
6989a4dd10805f5685d66d0d,Fiction
6989a4dd10805f5685d66d0e,General
6989a4dd10805f5685d66d0f,Religion
6989a4dd10805f5685d66d11,Fiction
6989a4dd10805f5685d66d13,History
6989a4dd10805f5685d66d15,Fiction
6989a4dd10805f5685d66d16,Fiction
6989a4dd10805f5685d66d18,Fiction
6989a4dd10805f5685d66d19,Study Aids
6989a4dd10805f5685d66d1b,Health
6989a4dd10805f5685d66d1d,Forensic Scientists
6989a4dd10805f5685d66d1f,Courtship
6989a4dd10805f5685d66d21,General
6989a4dd10805f5685d66d22,Body
6989a4dd10805f5685d66d22,Mind
6989a4dd10805f5685d66d24,Fiction
6989a4dd10805f5685d66d25,Avarice
6989a4dd10805f5685d66d26,Copenhagen (denmark)
6989a4dd10805f5685d66d27,Fiction
6989a4dd10805f5685d66d29,Fiction
6989a4dd10805f5685d66d2b,General
6989a4dd10805f5685d66d2c,Science
6989a4dd10805f5685d66d2e,Juvenile Nonfiction
6989a4dd10805f5685d66d30,Fiction
6989a4dd10805f5685d66d31,Fiction
6989a4dd10805f5685d66d33,Juvenile Fiction
6989a4dd10805f5685d66d34,Religion
6989a4dd10805f5685d66d36,Fiction
6989a4dd10805f5685d66d38,Transportation
6989a4dd10805f5685d66d3a,Photography
6989a4dd10805f5685d66d3a,Artistic
6989a4dd10805f5685d66d3c,Juvenile Fiction
6989a4dd10805f5685d66d3d,General
6989a4dd10805f5685d66d3f,Fiction
6989a4dd10805f5685d66d41,Alienation (social Psychology)
6989a4dd10805f5685d66d43,General
6989a4dd10805f5685d66d44,Fiction
6989a4dd10805f5685d66d46,Fiction
6989a4dd10805f5685d66d47,Characters And Characteristics In Literature
6989a4dd10805f5685d66d48,General
6989a4dd10805f5685d66d4a,Fiction
6989a4dd10805f5685d66d4b,Mysticism
6989a4dd10805f5685d66d4c,Psychology
6989a4dd10805f5685d66d4e,Religion
6989a4dd10805f5685d66d50,Fiction
6989a4dd10805f5685d66d52,Fiction
6989a4dd10805f5685d66d54,Fiction
6989a4dd10805f5685d66d55,General
6989a4dd10805f5685d66d56,Fiction
6989a4dd10805f5685d66d58,Social Science
6989a4dd10805f5685d66d5a,Fiction
6989a4dd10805f5685d66d5b,Fiction
6989a4dd10805f5685d66d5d,General
6989a4dd10805f5685d66d5e,Fiction
6989a4dd10805f5685d66d60,Fiction
6989a4dd10805f5685d66d62,Body
6989a4dd10805f5685d66d62,Mind
6989a4dd10805f5685d66d64,Fantasy Fiction
6989a4dd10805f5685d66d65,Fiction
6989a4dd10805f5685d66d66,Black Humor
6989a4dd10805f5685d66d68,History
6989a4dd10805f5685d66d6a,Cooking
6989a4dd10805f5685d66d6c,Juvenile Fiction
6989a4dd10805f5685d66d6e,Fiction
6989a4dd10805f5685d66d6f,Fiction
6989a4dd10805f5685d66d70,General
6989a4dd10805f5685d66d71,Fiction
6989a4dd10805f5685d66d73,General
6989a4dd10805f5685d66d75,General
6989a4dd10805f5685d66d76,Fiction
6989a4dd10805f5685d66d77,Atonement
6989a4dd10805f5685d66d78,Fiction
6989a4dd10805f5685d66d79,Adoptees
6989a4dd10805f5685d66d7a,Fiction
6989a4dd10805f5685d66d7c,Fiction
6989a4dd10805f5685d66d7e,General
6989a4dd10805f5685d66d7f,General
6989a4dd10805f5685d66d80,Juvenile Fiction
6989a4dd10805f5685d66d82,Fiction
6989a4dd10805f5685d66d84,Fiction
6989a4dd10805f5685d66d86,Fiction
6989a4dd10805f5685d66d88,Jewish Fiction
6989a4dd10805f5685d66d89,Fiction
6989a4dd10805f5685d66d8b,Biography
6989a4dd10805f5685d66d8d,Fiction
6989a4dd10805f5685d66d8f,Fiction
6989a4dd10805f5685d66d91,Biography
6989a4dd10805f5685d66d93,Fiction
6989a4dd10805f5685d66d94,Humor
6989a4dd10805f5685d66d96,General
6989a4dd10805f5685d66d98,General
6989a4dd10805f5685d66d99,Fiction
6989a4dd10805f5685d66d9b,Fiction
6989a4dd10805f5685d66d9c,Online Dating
6989a4dd10805f5685d66d9e,English Fiction
6989a4dd10805f5685d66da0,Fiction
6989a4dd10805f5685d66da1,Political Science
6989a4dd10805f5685d66da3,Fiction
6989a4dd10805f5685d66da5,Fiction
6989a4dd10805f5685d66da7,Sports
6989a4dd10805f5685d66da9,Fiction
6989a4dd10805f5685d66dab,Fiction
6989a4dd10805f5685d66dac,General
6989a4dd10805f5685d66dae,American Literature
6989a4dd10805f5685d66db0,General
6989a4dd10805f5685d66db1,Fiction
6989a4dd10805f5685d66db3,Religion
6989a4dd10805f5685d66db5,Documentary Photography
6989a4dd10805f5685d66db7,Administration Of Estates
6989a4dd10805f5685d66db9,Nature
6989a4dd10805f5685d66dbb,Good And Evil
6989a4dd10805f5685d66dbc,Fiction
6989a4dd10805f5685d66dbe,Fiction
6989a4dd10805f5685d66dc0,Psychology
6989a4dd10805f5685d66dc2,Social Science
6989a4dd10805f5685d66dc4,Science
6989a4dd10805f5685d66dc6,Fiction
6989a4dd10805f5685d66dc7,General
6989a4dd10805f5685d66dc8,Juvenile Fiction
6989a4dd10805f5685d66dca,Fiction
6989a4dd10805f5685d66dcc,Fiction
6989a4dd10805f5685d66dcd,General
6989a4dd10805f5685d66dce,Fiction
6989a4dd10805f5685d66dcf,Business
6989a4dd10805f5685d66dd1,Fiction
6989a4dd10805f5685d66dd3,Literary Collections
6989a4dd10805f5685d66dd5,Fiction
6989a4dd10805f5685d66dd7,Fiction
6989a4dd10805f5685d66dd8,Investments
6989a4dd10805f5685d66dda,Fiction
6989a4dd10805f5685d66ddb,Pets
6989a4dd10805f5685d66ddc,Tibet (china)
6989a4dd10805f5685d66dde,Fiction
6989a4dd10805f5685d66de0,Fiction
6989a4dd10805f5685d66de1,Fiction
6989a4dd10805f5685d66de2,General
6989a4dd10805f5685d66de4,Medical
6989a4dd10805f5685d66de5,Fiction
6989a4dd10805f5685d66de7,Drama
6989a4dd10805f5685d66de9,Fiction
6989a4dd10805f5685d66dea,Family
6989a4dd10805f5685d66dec,Literary Criticism
6989a4dd10805f5685d66dee,Fiction
6989a4dd10805f5685d66df0,Literary Criticism
6989a4dd10805f5685d66df2,General
6989a4dd10805f5685d66df4,General
6989a4dd10805f5685d66df5,Fiction
6989a4dd10805f5685d66df6,Fiction
6989a4dd10805f5685d66df7,Fiction
6989a4dd10805f5685d66df8,Biography
6989a4dd10805f5685d66dfa,Fiction
6989a4dd10805f5685d66dfb,Fiction
6989a4dd10805f5685d66dfc,Fiction
6989a4dd10805f5685d66dfe,History
6989a4dd10805f5685d66e00,Fiction
6989a4dd10805f5685d66e02,Body
6989a4dd10805f5685d66e02,Mind
6989a4dd10805f5685d66e04,Fiction
6989a4dd10805f5685d66e06,Fiction
6989a4dd10805f5685d66e07,Fiction
6989a4dd10805f5685d66e08,Fiction
6989a4dd10805f5685d66e09,Drama
6989a4dd10805f5685d66e0b,General
6989a4dd10805f5685d66e0c,General
6989a4dd10805f5685d66e0d,Government Investigators
6989a4dd10805f5685d66e0e,Fiction
6989a4dd10805f5685d66e0f,Fiction
6989a4dd10805f5685d66e11,Fiction
6989a4dd10805f5685d66e13,Fiction
6989a4dd10805f5685d66e14,Fiction
6989a4dd10805f5685d66e16,Fiction
6989a4dd10805f5685d66e18,Dating (social Customs)
6989a4dd10805f5685d66e1a,Humor
6989a4dd10805f5685d66e1b,Fiction
6989a4dd10805f5685d66e1c,Nature
6989a4dd10805f5685d66e1e,General
6989a4dd10805f5685d66e1f,Fiction
6989a4dd10805f5685d66e20,Body
6989a4dd10805f5685d66e20,Mind
6989a4dd10805f5685d66e22,Fiction
6989a4dd10805f5685d66e23,Literary Criticism
6989a4dd10805f5685d66e25,Fiction
6989a4dd10805f5685d66e27,Science Fiction
6989a4dd10805f5685d66e29,Fiction
6989a4dd10805f5685d66e2b,Religion
6989a4dd10805f5685d66e2d,Fiction
6989a4dd10805f5685d66e2f,Self-help
6989a4dd10805f5685d66e31,English Fiction
6989a4dd10805f5685d66e33,Fiction
6989a4dd10805f5685d66e35,Existential Psychotherapy
6989a4dd10805f5685d66e37,Performing Arts
6989a4dd10805f5685d66e39,Divorced People
6989a4dd10805f5685d66e3a,General
6989a4dd10805f5685d66e3b,Fiction
6989a4dd10805f5685d66e3c,Fiction
6989a4dd10805f5685d66e3d,Fiction
6989a4dd10805f5685d66e3e,Caulfield
6989a4dd10805f5685d66e3e,Holden (fictitious Character)
6989a4dd10805f5685d66e40,General
6989a4dd10805f5685d66e41,Fiction
6989a4dd10805f5685d66e43,Fiction
6989a4dd10805f5685d66e45,Social Science
6989a4dd10805f5685d66e47,General
6989a4dd10805f5685d66e48,Religion
6989a4dd10805f5685d66e49,Juvenile Fiction
6989a4dd10805f5685d66e4a,Biography
6989a4dd10805f5685d66e4c,Reference
6989a4dd10805f5685d66e4e,Fiction
6989a4dd10805f5685d66e50,Juvenile Fiction
6989a4dd10805f5685d66e51,General
6989a4dd10805f5685d66e52,Travel
6989a4dd10805f5685d66e53,Biography
6989a4dd10805f5685d66e55,Fiction
6989a4dd10805f5685d66e57,Fiction
6989a4dd10805f5685d66e58,Family
6989a4dd10805f5685d66e5a,Fiction
6989a4dd10805f5685d66e5c,Literary Criticism
6989a4dd10805f5685d66e5e,Fiction
6989a4dd10805f5685d66e60,History
6989a4dd10805f5685d66e62,Fiction
6989a4dd10805f5685d66e64,Fiction
6989a4dd10805f5685d66e65,Social Science
6989a4dd10805f5685d66e67,Health
6989a4dd10805f5685d66e69,Fiction
6989a4dd10805f5685d66e6a,Fiction
6989a4dd10805f5685d66e6c,Religion
6989a4dd10805f5685d66e6e,Missing Persons
6989a4dd10805f5685d66e70,Juvenile Fiction
6989a4dd10805f5685d66e72,Fiction
6989a4dd10805f5685d66e73,General
6989a4dd10805f5685d66e74,English Language
6989a4dd10805f5685d66e75,Business
6989a4dd10805f5685d66e77,Juvenile Nonfiction
6989a4dd10805f5685d66e79,Fiction
6989a4dd10805f5685d66e7b,General
6989a4dd10805f5685d66e7c,General
6989a4dd10805f5685d66e7d,Captain Underpants (fictitious Character)
6989a4dd10805f5685d66e7f,Juvenile Fiction
6989a4dd10805f5685d66e81,General
6989a4dd10805f5685d66e82,Juvenile Fiction
6989a4dd10805f5685d66e84,Design
6989a4dd10805f5685d66e86,General
6989a4dd10805f5685d66e87,Fiction
6989a4dd10805f5685d66e89,Fiction
6989a4dd10805f5685d66e8b,Fiction
6989a4dd10805f5685d66e8d,Fiction
6989a4dd10805f5685d66e8e,Fiction
6989a4dd10805f5685d66e90,Fiction
6989a4dd10805f5685d66e91,Fiction
6989a4dd10805f5685d66e92,Anthologies
6989a4dd10805f5685d66e93,Fiction
6989a4dd10805f5685d66e94,Education
6989a4dd10805f5685d66e96,Fiction
6989a4dd10805f5685d66e97,Fiction
6989a4dd10805f5685d66e98,Fiction
6989a4dd10805f5685d66e9a,Fiction
6989a4dd10805f5685d66e9b,Fiction
6989a4dd10805f5685d66e9c,Cooking
6989a4dd10805f5685d66e9e,General
6989a4dd10805f5685d66e9f,Fiction
6989a4dd10805f5685d66ea1,Fiction
6989a4dd10805f5685d66ea3,Fiction
6989a4dd10805f5685d66ea4,Fiction
6989a4dd10805f5685d66ea5,Fiction
6989a4dd10805f5685d66ea7,Detective And Mystery Stories
6989a4dd10805f5685d66ea9,Biography
6989a4dd10805f5685d66eab,General
6989a4dd10805f5685d66eac,General
6989a4dd10805f5685d66ead,General
6989a4dd10805f5685d66eae,Actors
6989a4dd10805f5685d66eaf,Fiction
6989a4dd10805f5685d66eb0,Electronic Books
6989a4dd10805f5685d66eb1,Biography
6989a4dd10805f5685d66eb3,History
6989a4dd10805f5685d66eb5,Fiction
6989a4dd10805f5685d66eb7,General
6989a4dd10805f5685d66eb9,General
6989a4dd10805f5685d66eba,Family
6989a4dd10805f5685d66ebc,Fiction
6989a4dd10805f5685d66ebe,Music
6989a4dd10805f5685d66ec0,Law
6989a4dd10805f5685d66ec1,Fiction
6989a4dd10805f5685d66ec3,General
6989a4dd10805f5685d66ec4,General
6989a4dd10805f5685d66ec6,Self-help
6989a4dd10805f5685d66ec8,History
6989a4dd10805f5685d66eca,General
6989a4dd10805f5685d66ecb,Fiction
6989a4dd10805f5685d66ecd,Fiction
6989a4dd10805f5685d66ecf,General
6989a4dd10805f5685d66ed1,Fiction
6989a4dd10805f5685d66ed3,Plants
6989a4dd10805f5685d66ed3,Cultivated
6989a4dd10805f5685d66ed5,General
6989a4dd10805f5685d66ed6,Religion
6989a4dd10805f5685d66ed7,General
6989a4dd10805f5685d66ed8,Ghost Stories
6989a4dd10805f5685d66ed8,American
6989a4dd10805f5685d66ed9,Fiction
6989a4dd10805f5685d66eda,Fiction
6989a4dd10805f5685d66edc,Performing Arts
6989a4dd10805f5685d66ede,History
6989a4dd10805f5685d66ee0,General
6989a4dd10805f5685d66ee2,Americanisms
6989a4dd10805f5685d66ee3,Diffusion Of Innovations
6989a4dd10805f5685d66ee5,General
6989a4dd10805f5685d66ee6,Fiction
6989a4dd10805f5685d66ee8,Fiction
6989a4dd10805f5685d66eea,Drugs
6989a4dd10805f5685d66eec,Body
6989a4dd10805f5685d66eec,Mind
6989a4dd10805f5685d66eee,Biography
6989a4dd10805f5685d66ef0,Fiction
6989a4dd10805f5685d66ef1,Fiction
6989a4dd10805f5685d66ef2,Body
6989a4dd10805f5685d66ef2,Mind
6989a4dd10805f5685d66ef4,Fiction
6989a4dd10805f5685d66ef5,Education
6989a4dd10805f5685d66ef7,Fiction
6989a4dd10805f5685d66ef8,Fiction
6989a4dd10805f5685d66efa,Family
6989a4dd10805f5685d66efc,Biography
6989a4dd10805f5685d66efe,Fiction
6989a4dd10805f5685d66f00,Fiction
6989a4dd10805f5685d66f01,Fiction
6989a4dd10805f5685d66f03,Domestic Fiction
6989a4dd10805f5685d66f05,American Dream
6989a4dd10805f5685d66f06,France
6989a4dd10805f5685d66f07,General
6989a4dd10805f5685d66f08,Manuscripts
6989a4dd10805f5685d66f08,Medieval
6989a4dd10805f5685d66f0a,Humorous Stories
6989a4dd10805f5685d66f0c,Juvenile Fiction
6989a4dd10805f5685d66f0e,General
6989a4dd10805f5685d66f0f,Businessmen
6989a4dd10805f5685d66f11,Animals
6989a4dd10805f5685d66f13,Characters And Characteristics In Literature
6989a4dd10805f5685d66f14,Juvenile Fiction
6989a4dd10805f5685d66f16,Babysitters
6989a4dd10805f5685d66f18,Fiction
6989a4dd10805f5685d66f1a,Juvenile Fiction
6989a4dd10805f5685d66f1c,Juvenile Fiction
6989a4dd10805f5685d66f1e,General
6989a4dd10805f5685d66f1f,History
6989a4dd10805f5685d66f21,Elves
6989a4dd10805f5685d66f22,General
6989a4dd10805f5685d66f23,Psychology
6989a4dd10805f5685d66f25,Fiction
6989a4dd10805f5685d66f27,Self-help
6989a4dd10805f5685d66f29,Young Adult Fiction
6989a4dd10805f5685d66f2a,Fiction
6989a4dd10805f5685d66f2c,Fiction
6989a4dd10805f5685d66f2e,Fiction
6989a4dd10805f5685d66f30,General
6989a4dd10805f5685d66f31,Comics
6989a4dd10805f5685d66f33,Fiction
6989a4dd10805f5685d66f34,Astronomy
6989a4dd10805f5685d66f36,Fiction
6989a4dd10805f5685d66f37,Fiction
6989a4dd10805f5685d66f39,Juvenile Fiction
6989a4dd10805f5685d66f3a,Literary Criticism
6989a4dd10805f5685d66f3c,General
6989a4dd10805f5685d66f3e,Technology
6989a4dd10805f5685d66f40,General
6989a4dd10805f5685d66f41,General
6989a4dd10805f5685d66f43,Juvenile Fiction
6989a4dd10805f5685d66f44,General
6989a4dd10805f5685d66f46,Fiction
6989a4dd10805f5685d66f47,Belgium
6989a4dd10805f5685d66f49,Fiction
6989a4dd10805f5685d66f4b,Fiction
6989a4dd10805f5685d66f4d,Fiction
6989a4dd10805f5685d66f4f,General
6989a4dd10805f5685d66f50,Fiction
6989a4dd10805f5685d66f52,Fiction
6989a4dd10805f5685d66f53,Spider-man (fictitious Character)
6989a4dd10805f5685d66f55,Biography
6989a4dd10805f5685d66f57,Fiction
6989a4dd10805f5685d66f58,Fiction
6989a4dd10805f5685d66f5a,Body
6989a4dd10805f5685d66f5a,Mind
6989a4dd10805f5685d66f5c,Fiction
6989a4dd10805f5685d66f5d,General
6989a4dd10805f5685d66f5f,Fiction
6989a4dd10805f5685d66f61,Biography
6989a4dd10805f5685d66f63,Fiction
6989a4dd10805f5685d66f65,Biography
6989a4dd10805f5685d66f67,General
6989a4dd10805f5685d66f69,Fiction
6989a4dd10805f5685d66f6b,Education
6989a4dd10805f5685d66f6d,Fiction
6989a4dd10805f5685d66f6e,Boats And Boating
6989a4dd10805f5685d66f70,Self-help
6989a4dd10805f5685d66f72,General
6989a4dd10805f5685d66f73,General
6989a4dd10805f5685d66f74,General
6989a4dd10805f5685d66f75,Children's Literature
6989a4dd10805f5685d66f76,Science
6989a4dd10805f5685d66f78,Juvenile Fiction
6989a4dd10805f5685d66f7a,Fiction
6989a4dd10805f5685d66f7b,Fiction
6989a4dd10805f5685d66f7c,Fiction
6989a4dd10805f5685d66f7e,Computers
6989a4dd10805f5685d66f80,Fiction
6989a4dd10805f5685d66f82,Fiction
6989a4dd10805f5685d66f83,Fiction
6989a4dd10805f5685d66f84,Fiction
6989a4dd10805f5685d66f85,Biography
6989a4dd10805f5685d66f87,Fiction
6989a4dd10805f5685d66f88,Literary Criticism
6989a4dd10805f5685d66f8a,Fiction
6989a4dd10805f5685d66f8b,General
6989a4dd10805f5685d66f8c,Actors
6989a4dd10805f5685d66f8e,Fiction
6989a4dd10805f5685d66f90,Cooking
6989a4dd10805f5685d66f92,Juvenile Fiction
6989a4dd10805f5685d66f93,Young Adult Fiction
6989a4dd10805f5685d66f95,Fiction
6989a4dd10805f5685d66f97,General
6989a4dd10805f5685d66f98,Fiction
6989a4dd10805f5685d66f99,Young Adult Fiction
6989a4dd10805f5685d66f9b,Fiction
6989a4dd10805f5685d66f9c,General
6989a4dd10805f5685d66f9d,China
6989a4dd10805f5685d66f9f,Fiction
6989a4dd10805f5685d66fa0,Fiction
6989a4dd10805f5685d66fa1,Fiction
6989a4dd10805f5685d66fa2,Humor
6989a4dd10805f5685d66fa4,Young Adult Fiction
6989a4dd10805f5685d66fa6,Fiction
6989a4dd10805f5685d66fa7,General
6989a4dd10805f5685d66fa8,Ghosts
6989a4dd10805f5685d66faa,Business
6989a4dd10805f5685d66fac,History
6989a4dd10805f5685d66fae,Fiction
6989a4dd10805f5685d66faf,General
6989a4dd10805f5685d66fb0,Fiction
6989a4dd10805f5685d66fb2,Self-help
6989a4dd10805f5685d66fb4,Fiction
6989a4dd10805f5685d66fb5,Biography
6989a4dd10805f5685d66fb7,Fiction
6989a4dd10805f5685d66fb9,Drama
6989a4dd10805f5685d66fbb,Seasons
6989a4dd10805f5685d66fbc,Juvenile Fiction
6989a4dd10805f5685d66fbe,General
6989a4dd10805f5685d66fbf,Chicago (ill.)
6989a4dd10805f5685d66fc1,Biography
6989a4dd10805f5685d66fc3,General
6989a4dd10805f5685d66fc4,Fiction
6989a4dd10805f5685d66fc6,Fiction
6989a4dd10805f5685d66fc8,General
6989a4dd10805f5685d66fc9,Fantasy In Art
6989a4dd10805f5685d66fcb,History
6989a4dd10805f5685d66fcd,Young Adult Fiction
6989a4dd10805f5685d66fcf,Fiction
6989a4dd10805f5685d66fd1,Reference
6989a4dd10805f5685d66fd3,Fiction
6989a4dd10805f5685d66fd4,Science
6989a4dd10805f5685d66fd6,Humor
6989a4dd10805f5685d66fd8,General
6989a4dd10805f5685d66fda,General
6989a4dd10805f5685d66fdb,Fiction
6989a4dd10805f5685d66fdc,Music
6989a4dd10805f5685d66fde,Fiction
6989a4dd10805f5685d66fe0,Fiction
6989a4dd10805f5685d66fe2,Juvenile Fiction
6989a4dd10805f5685d66fe4,Fiction
6989a4dd10805f5685d66fe5,General
6989a4dd10805f5685d66fe6,Psychology
6989a4dd10805f5685d66fe8,American Fiction
6989a4dd10805f5685d66fe9,Sports
6989a4dd10805f5685d66feb,Religion
6989a4dd10805f5685d66fed,Language Arts
6989a4dd10805f5685d66fef,Biography
6989a4dd10805f5685d66ff1,Young Adult Fiction
6989a4dd10805f5685d66ff3,Fiction
6989a4dd10805f5685d66ff5,Fiction
6989a4dd10805f5685d66ff7,Juvenile Fiction
6989a4dd10805f5685d66ff9,Fiction
6989a4dd10805f5685d66ffb,Gardening
6989a4dd10805f5685d66ffd,Juvenile Fiction
6989a4dd10805f5685d66fff,General
6989a4dd10805f5685d67000,Fiction
6989a4dd10805f5685d67002,Fiction
6989a4dd10805f5685d67004,Fiction
6989a4dd10805f5685d67006,Young Adult Fiction
6989a4dd10805f5685d67008,Poetry
6989a4dd10805f5685d6700a,Fiction
6989a4dd10805f5685d6700c,Biography
6989a4dd10805f5685d6700e,Biography
6989a4dd10805f5685d67010,Juvenile Fiction
6989a4dd10805f5685d67011,General
6989a4dd10805f5685d67013,Fantasy
6989a4dd10805f5685d67014,Fiction
6989a4dd10805f5685d67015,Fiction
6989a4dd10805f5685d67017,General
6989a4dd10805f5685d67018,General
6989a4dd10805f5685d67019,True Crime
6989a4dd10805f5685d6701a,Fiction
6989a4dd10805f5685d6701b,Juvenile Fiction
6989a4dd10805f5685d6701d,General
6989a4dd10805f5685d6701e,Fiction
6989a4dd10805f5685d6701f,Political Science
6989a4dd10805f5685d67021,Juvenile Fiction
6989a4dd10805f5685d67023,Fiction
6989a4dd10805f5685d67024,Psychology
6989a4dd10805f5685d67026,General
6989a4dd10805f5685d67027,Fiction
6989a4dd10805f5685d67029,General
6989a4dd10805f5685d6702a,Fiction
6989a4dd10805f5685d6702b,Fiction
6989a4dd10805f5685d6702d,Biography
6989a4dd10805f5685d6702f,Fiction
6989a4dd10805f5685d67031,Juvenile Fiction
6989a4dd10805f5685d67033,Fiction
6989a4dd10805f5685d67035,Fiction
6989a4dd10805f5685d67036,Juvenile Fiction
6989a4dd10805f5685d67038,Games
6989a4dd10805f5685d6703a,General
6989a4dd10805f5685d6703b,Juvenile Fiction
6989a4dd10805f5685d6703d,Fiction
6989a4dd10805f5685d6703e,General
6989a4dd10805f5685d67040,Fiction
6989a4dd10805f5685d67041,General
6989a4dd10805f5685d67042,Juvenile Fiction
6989a4dd10805f5685d67043,Fiction
6989a4dd10805f5685d67044,United States History Civil War
6989a4dd10805f5685d67044,1861-1865 Fiction
6989a4dd10805f5685d67046,Fiction
6989a4dd10805f5685d67048,History
6989a4dd10805f5685d67049,Juvenile Fiction
6989a4dd10805f5685d6704a,Performing Arts
6989a4dd10805f5685d6704c,Fiction
6989a4dd10805f5685d6704e,Erotic Stories
6989a4dd10805f5685d6704e,American.
6989a4dd10805f5685d67050,Books And Reading
6989a4dd10805f5685d67052,Biography
6989a4dd10805f5685d67054,Fiction
6989a4dd10805f5685d67056,Fiction
6989a4dd10805f5685d67057,Social Science
6989a4dd10805f5685d67059,Fiction
6989a4dd10805f5685d6705b,General
6989a4dd10805f5685d6705c,Fiction
6989a4dd10805f5685d6705e,Juvenile Fiction
6989a4dd10805f5685d6705f,Fiction
6989a4dd10805f5685d67061,General
6989a4dd10805f5685d67062,Biography
6989a4dd10805f5685d67063,Fiction
6989a4dd10805f5685d67064,Education
6989a4dd10805f5685d67065,Fiction
6989a4dd10805f5685d67067,Authors
6989a4dd10805f5685d67068,Fiction
6989a4dd10805f5685d6706a,General
6989a4dd10805f5685d6706c,Boys
6989a4dd10805f5685d6706e,Social Science
6989a4dd10805f5685d6706f,General
6989a4dd10805f5685d67070,Folklore
6989a4dd10805f5685d67072,Fiction
6989a4dd10805f5685d67074,Fiction
6989a4dd10805f5685d67075,General
6989a4dd10805f5685d67077,Fiction
6989a4dd10805f5685d67079,Fiction
6989a4dd10805f5685d6707b,Fiction
6989a4dd10805f5685d6707d,Fiction
6989a4dd10805f5685d6707f,Fiction
6989a4dd10805f5685d67080,True Crime
6989a4dd10805f5685d67082,Juvenile Nonfiction
6989a4dd10805f5685d67084,Fiction
6989a4dd10805f5685d67086,General
6989a4dd10805f5685d67087,Fiction
6989a4dd10805f5685d67088,General
6989a4dd10805f5685d67089,General
6989a4dd10805f5685d6708b,Fiction
6989a4dd10805f5685d6708d,Fiction
6989a4dd10805f5685d6708f,Family
6989a4dd10805f5685d67091,Fiction
6989a4dd10805f5685d67093,Children's Stories
6989a4dd10805f5685d67094,Fiction
6989a4dd10805f5685d67095,Nature
6989a4dd10805f5685d67097,Fiction
6989a4dd10805f5685d67099,Fiction
6989a4dd10805f5685d6709b,Fiction
6989a4dd10805f5685d6709c,Fiction
6989a4dd10805f5685d6709e,General
6989a4dd10805f5685d6709f,Biography
6989a4dd10805f5685d670a1,Fiction
6989a4dd10805f5685d670a3,General
6989a4dd10805f5685d670a4,Juvenile Fiction
6989a4dd10805f5685d670a6,Fiction
6989a4dd10805f5685d670a8,Fiction
6989a4dd10805f5685d670aa,Encyclopedias And Dictionaries
6989a4dd10805f5685d670ab,Detective And Mystery Stories
6989a4dd10805f5685d670ab,English
6989a4dd10805f5685d670ad,Fiction
6989a4dd10805f5685d670af,Juvenile Fiction
6989a4dd10805f5685d670b0,Comics
6989a4dd10805f5685d670b1,Biography
6989a4dd10805f5685d670b3,Fiction
6989a4dd10805f5685d670b5,Fiction
6989a4dd10805f5685d670b7,General
6989a4dd10805f5685d670b8,Fiction
6989a4dd10805f5685d670ba,Fiction
6989a4dd10805f5685d670bc,Fiction
6989a4dd10805f5685d670be,Fiction
6989a4dd10805f5685d670bf,Fiction
6989a4dd10805f5685d670c0,Language Arts
6989a4dd10805f5685d670c2,Fiction
6989a4dd10805f5685d670c3,Fiction
6989a4dd10805f5685d670c5,Fiction
6989a4dd10805f5685d670c6,Historical Fiction
6989a4dd10805f5685d670c8,Biography
6989a4dd10805f5685d670ca,History
6989a4dd10805f5685d670cc,Carter
6989a4dd10805f5685d670cc,Nick (fictitious Character)
6989a4dd10805f5685d670ce,Fiction
6989a4dd10805f5685d670d0,Family
6989a4dd10805f5685d670d2,Fiction
6989a4dd10805f5685d670d4,Fiction
6989a4dd10805f5685d670d6,General
6989a4dd10805f5685d670d7,Fiction
6989a4dd10805f5685d670d8,Business
6989a4dd10805f5685d670da,Fiction
6989a4dd10805f5685d670dc,Fiction
6989a4dd10805f5685d670de,Biography
6989a4dd10805f5685d670e0,General
6989a4dd10805f5685d670e1,Fiction
6989a4dd10805f5685d670e3,Fiction
6989a4dd10805f5685d670e5,Juvenile Fiction
6989a4dd10805f5685d670e6,General
6989a4dd10805f5685d670e7,Religion
6989a4dd10805f5685d670e9,Juvenile Nonfiction
6989a4dd10805f5685d670eb,General
6989a4dd10805f5685d670ec,General
6989a4dd10805f5685d670ed,Fiction
6989a4dd10805f5685d670ee,Juvenile Fiction
6989a4dd10805f5685d670f0,General
6989a4dd10805f5685d670f1,Fiction
6989a4dd10805f5685d670f3,Fiction
6989a4dd10805f5685d670f4,Blizzards
6989a4dd10805f5685d670f5,Fantasy Games
6989a4dd10805f5685d670f7,Juvenile Fiction
6989a4dd10805f5685d670f8,Biography
6989a4dd10805f5685d670fa,Fiction
6989a4dd10805f5685d670fb,Fiction
6989a4dd10805f5685d670fc,Fiction
6989a4dd10805f5685d670fd,History
6989a4dd10805f5685d670ff,Literary Criticism
6989a4dd10805f5685d67101,General
6989a4dd10805f5685d67102,Juvenile Nonfiction
6989a4dd10805f5685d67104,Health
6989a4dd10805f5685d67106,Fiction
6989a4dd10805f5685d67107,Social Science
6989a4dd10805f5685d67109,Music
6989a4dd10805f5685d6710b,General
6989a4dd10805f5685d6710d,Fiction
6989a4dd10805f5685d6710e,Fiction
6989a4dd10805f5685d6710f,Biography
6989a4dd10805f5685d67111,Fiction
6989a4dd10805f5685d67112,Fiction
6989a4dd10805f5685d67114,History
6989a4dd10805f5685d67116,Nature
6989a4dd10805f5685d67118,Social Science
6989a4dd10805f5685d6711a,Interpersonal Conflict
6989a4dd10805f5685d6711c,History
6989a4dd10805f5685d6711e,Biography
6989a4dd10805f5685d67120,Fiction
6989a4dd10805f5685d67122,Navajo Indians
6989a4dd10805f5685d67123,Fiction
6989a4dd10805f5685d67124,Fiction
6989a4dd10805f5685d67126,Fiction
6989a4dd10805f5685d67128,General
6989a4dd10805f5685d6712a,Fiction
6989a4dd10805f5685d6712c,Fiction
6989a4dd10805f5685d6712d,Detective And Mystery Stories
6989a4dd10805f5685d6712f,Psychology
6989a4dd10805f5685d67131,General
6989a4dd10805f5685d67132,Drama
6989a4dd10805f5685d67134,Fiction
6989a4dd10805f5685d67136,Fiction
6989a4dd10805f5685d67138,Body
6989a4dd10805f5685d67138,Mind
6989a4dd10805f5685d6713a,Fiction
6989a4dd10805f5685d6713b,Fiction
6989a4dd10805f5685d6713d,Fiction
6989a4dd10805f5685d6713e,Fiction
6989a4dd10805f5685d67140,Fiction
6989a4dd10805f5685d67141,Fiction
6989a4dd10805f5685d67142,Fiction
6989a4dd10805f5685d67143,Fiction
6989a4dd10805f5685d67144,African Wild Dog
6989a4dd10805f5685d67146,Juvenile Fiction
6989a4dd10805f5685d67148,Jeunesse - Usage Des Drogues - Californie
6989a4dd10805f5685d6714a,Fiction
6989a4dd10805f5685d6714c,Education
6989a4dd10805f5685d6714d,General
6989a4dd10805f5685d6714e,Juvenile Fiction
6989a4dd10805f5685d6714f,Fiction
6989a4dd10805f5685d67150,Chicago (ill.)
6989a4dd10805f5685d67152,General
6989a4dd10805f5685d67154,Religion
6989a4dd10805f5685d67156,General
6989a4dd10805f5685d67157,Fiction
6989a4dd10805f5685d67159,Fiction
6989a4dd10805f5685d6715a,Health
6989a4dd10805f5685d6715c,Fiction
6989a4dd10805f5685d6715d,General
6989a4dd10805f5685d6715e,Fiction
6989a4dd10805f5685d67160,General
6989a4dd10805f5685d67161,Fiction
6989a4dd10805f5685d67162,Fiction
6989a4dd10805f5685d67163,Biography
6989a4dd10805f5685d67165,Fiction
6989a4dd10805f5685d67166,Religion
6989a4dd10805f5685d67168,General
6989a4dd10805f5685d67169,General
6989a4dd10805f5685d6716b,General
6989a4dd10805f5685d6716c,Biography
6989a4dd10805f5685d6716e,Body
6989a4dd10805f5685d6716e,Mind
6989a4dd10805f5685d67170,Fiction
6989a4dd10805f5685d67171,Fiction
6989a4dd10805f5685d67173,Fiction
6989a4dd10805f5685d67175,General
6989a4dd10805f5685d67176,General
6989a4dd10805f5685d67177,General
6989a4dd10805f5685d67178,Fiction
6989a4dd10805f5685d67179,Juvenile Nonfiction
6989a4dd10805f5685d6717b,General
6989a4dd10805f5685d6717c,Fiction
6989a4dd10805f5685d6717d,Fiction
6989a4dd10805f5685d6717f,Fiction
6989a4dd10805f5685d67181,Interpersonal Relations.
6989a4dd10805f5685d67183,Fiction
6989a4dd10805f5685d67184,Fiction
6989a4dd10805f5685d67185,Young Adult Fiction
6989a4dd10805f5685d67187,Fiction
6989a4dd10805f5685d67189,English Drama
6989a4dd10805f5685d6718b,Fiction
6989a4dd10805f5685d6718c,Juvenile Nonfiction
6989a4dd10805f5685d6718e,Science Fiction
6989a4dd10805f5685d6718f,General
6989a4dd10805f5685d67190,Travel
6989a4dd10805f5685d67192,General
6989a4dd10805f5685d67193,Fiction
6989a4dd10805f5685d67194,Juvenile Nonfiction
6989a4dd10805f5685d67196,Biography
6989a4dd10805f5685d67198,Fiction
6989a4dd10805f5685d67199,Biography
6989a4dd10805f5685d6719b,Young Adult Fiction
6989a4dd10805f5685d6719d,Fiction
6989a4dd10805f5685d6719f,Juvenile Fiction
6989a4dd10805f5685d671a1,Social Science
6989a4dd10805f5685d671a3,Fiction
6989a4dd10805f5685d671a5,Fiction
6989a4dd10805f5685d671a7,Fiction
6989a4dd10805f5685d671a9,Fiction
6989a4dd10805f5685d671aa,Juvenile Fiction
6989a4dd10805f5685d671ac,Folklore
6989a4dd10805f5685d671ad,General
6989a4dd10805f5685d671ae,Fiction
6989a4dd10805f5685d671af,Domestic Fiction
6989a4dd10805f5685d671b0,Fiction
6989a4dd10805f5685d671b1,General
6989a4dd10805f5685d671b2,Fiction
6989a4dd10805f5685d671b4,General
6989a4dd10805f5685d671b5,General
6989a4dd10805f5685d671b6,Humor
6989a4dd10805f5685d671b7,Aging
6989a4dd10805f5685d671b8,Literary Criticism
6989a4dd10805f5685d671ba,Motion Picture Actors And Actresses
6989a4dd10805f5685d671bc,Fiction
6989a4dd10805f5685d671bd,Fiction
6989a4dd10805f5685d671be,Health
6989a4dd10805f5685d671c0,Games
6989a4dd10805f5685d671c2,Cooking
6989a4dd10805f5685d671c4,Fiction
6989a4dd10805f5685d671c6,Juvenile Fiction
6989a4dd10805f5685d671c8,Political Science
6989a4dd10805f5685d671ca,Poetry
6989a4dd10805f5685d671cc,Fiction
6989a4dd10805f5685d671cd,Fiction
6989a4dd10805f5685d671ce,Fiction
6989a4dd10805f5685d671d0,Music
6989a4dd10805f5685d671d2,American Literature
6989a4dd10805f5685d671d3,Juvenile Fiction
6989a4dd10805f5685d671d5,Juvenile Fiction
6989a4dd10805f5685d671d7,Biography
6989a4dd10805f5685d671d9,General
6989a4dd10805f5685d671da,Fiction
6989a4dd10805f5685d671db,Pets
6989a4dd10805f5685d671dd,Fiction
6989a4dd10805f5685d671df,Pets
6989a4dd10805f5685d671e0,General
6989a4dd10805f5685d671e1,Fiction
6989a4dd10805f5685d671e2,Chicago (ill.)
6989a4dd10805f5685d671e4,Fiction
6989a4dd10805f5685d671e5,Biography
6989a4dd10805f5685d671e7,Fiction
6989a4dd10805f5685d671e9,General
6989a4dd10805f5685d671ea,Fiction
6989a4dd10805f5685d671eb,General
6989a4dd10805f5685d671ec,Juvenile Fiction
6989a4dd10805f5685d671ed,Fiction
6989a4dd10805f5685d671ee,Fiction
6989a4dd10805f5685d671ef,Fiction
6989a4dd10805f5685d671f1,Art
6989a4dd10805f5685d671f3,American Literature
6989a4dd10805f5685d671f4,Fiction
6989a4dd10805f5685d671f5,Fiction
6989a4dd10805f5685d671f6,Fiction
6989a4dd10805f5685d671f8,Fiction
6989a4dd10805f5685d671f9,Fiction
6989a4dd10805f5685d671fb,Body
6989a4dd10805f5685d671fb,Mind
6989a4dd10805f5685d671fd,Juvenile Fiction
6989a4dd10805f5685d671ff,Festivals
6989a4dd10805f5685d67201,General
6989a4dd10805f5685d67202,Fiction
6989a4dd10805f5685d67204,General
6989a4dd10805f5685d67205,Family
6989a4dd10805f5685d67207,Fiction
6989a4dd10805f5685d67208,Fiction
6989a4dd10805f5685d67209,Fiction
6989a4dd10805f5685d6720b,Diary Fiction
6989a4dd10805f5685d6720d,General
6989a4dd10805f5685d6720e,General
6989a4dd10805f5685d6720f,Fiction
6989a4dd10805f5685d67211,Fiction
6989a4dd10805f5685d67212,Philosophy
6989a4dd10805f5685d67214,Political Science
6989a4dd10805f5685d67216,Performing Arts
6989a4dd10805f5685d67218,Fiction
6989a4dd10805f5685d67219,Fiction
6989a4dd10805f5685d6721b,Audiobooks
6989a4dd10805f5685d6721c,Performing Arts
6989a4dd10805f5685d6721e,Human-alien Encounters
6989a4dd10805f5685d67220,Fiction
6989a4dd10805f5685d67222,Comics
6989a4dd10805f5685d67224,Juvenile Nonfiction
6989a4dd10805f5685d67226,Fiction
6989a4dd10805f5685d67228,Fiction
6989a4dd10805f5685d67229,Fiction
6989a4dd10805f5685d6722b,Science
6989a4dd10805f5685d6722d,Fiction
6989a4dd10805f5685d6722f,Young Adult Fiction
6989a4dd10805f5685d67231,Fiction
6989a4dd10805f5685d67232,General
6989a4dd10805f5685d67233,Medical
6989a4dd10805f5685d67235,Fiction
6989a4dd10805f5685d67236,Fiction
6989a4dd10805f5685d67238,Young Adult Fiction
6989a4dd10805f5685d6723a,General
6989a4dd10805f5685d6723b,Religion
6989a4dd10805f5685d6723d,Fiction
6989a4dd10805f5685d6723e,True Crime
6989a4dd10805f5685d6723f,Education
6989a4dd10805f5685d67241,Fiction
6989a4dd10805f5685d67242,General
6989a4dd10805f5685d67244,General
6989a4dd10805f5685d67246,Juvenile Fiction
6989a4dd10805f5685d67248,Fiction
6989a4dd10805f5685d6724a,Fiction
6989a4dd10805f5685d6724b,Fiction
6989a4dd10805f5685d6724d,General
6989a4dd10805f5685d6724e,Fiction
6989a4dd10805f5685d6724f,Juvenile Fiction
6989a4dd10805f5685d67250,General
6989a4dd10805f5685d67251,Art
6989a4dd10805f5685d67253,Business
6989a4dd10805f5685d67255,Young Adult Fiction
6989a4dd10805f5685d67257,Fiction
6989a4dd10805f5685d67259,Juvenile Fiction
6989a4dd10805f5685d6725a,Fiction
6989a4dd10805f5685d6725c,Juvenile Fiction
6989a4dd10805f5685d6725e,Fiction In English
6989a4dd10805f5685d67260,Fiction
6989a4dd10805f5685d67262,Fiction
6989a4dd10805f5685d67263,Fiction
6989a4dd10805f5685d67265,Fiction
6989a4dd10805f5685d67267,Fiction
6989a4dd10805f5685d67269,General
6989a4dd10805f5685d6726a,Fiction
6989a4dd10805f5685d6726b,Social Science
6989a4dd10805f5685d6726d,Self-help
6989a4dd10805f5685d6726f,Fiction
6989a4dd10805f5685d67270,Juvenile Fiction
6989a4dd10805f5685d67272,Horror Films
6989a4dd10805f5685d67274,Young Adult Fiction
6989a4dd10805f5685d67276,Fiction
6989a4dd10805f5685d67278,General
6989a4dd10805f5685d67279,Fiction
6989a4dd10805f5685d6727b,Fiction
6989a4dd10805f5685d6727d,Body
6989a4dd10805f5685d6727d,Mind
6989a4dd10805f5685d6727f,Religion
6989a4dd10805f5685d67281,Fiction
6989a4dd10805f5685d67282,Fiction
6989a4dd10805f5685d67283,Fiction
6989a4dd10805f5685d67285,Fiction
6989a4dd10805f5685d67286,Fiction
6989a4dd10805f5685d67288,Nature
6989a4dd10805f5685d67289,General
6989a4dd10805f5685d6728a,Fiction
6989a4dd10805f5685d6728c,General
6989a4dd10805f5685d6728d,Drama
6989a4dd10805f5685d6728e,Juvenile Fiction
6989a4dd10805f5685d6728f,Music
6989a4dd10805f5685d67291,Children's Libraries
6989a4dd10805f5685d67292,Young Adult Fiction
6989a4dd10805f5685d67294,Fiction
6989a4dd10805f5685d67295,Biography
6989a4dd10805f5685d67297,Fiction
6989a4dd10805f5685d67298,Anti-clericalism
6989a4dd10805f5685d67299,General
6989a4dd10805f5685d6729a,Fiction
6989a4dd10805f5685d6729b,Political Science
6989a4dd10805f5685d6729d,Law
6989a4dd10805f5685d6729f,Fiction
6989a4dd10805f5685d672a1,Horror Tales
6989a4dd10805f5685d672a3,Fiction
6989a4dd10805f5685d672a5,Audiobooks
6989a4dd10805f5685d672a6,Art
6989a4dd10805f5685d672a8,Fiction
6989a4dd10805f5685d672a9,General
6989a4dd10805f5685d672aa,Fiction
6989a4dd10805f5685d672ac,Fiction
6989a4dd10805f5685d672ad,Fiction
6989a4dd10805f5685d672af,Nigeria
6989a4dd10805f5685d672b1,Fiction
6989a4dd10805f5685d672b2,Detective And Mystery Stories
6989a4dd10805f5685d672b3,Fiction
6989a4dd10805f5685d672b5,Social Science
6989a4dd10805f5685d672b7,Fiction
6989a4dd10805f5685d672b8,Fiction
6989a4dd10805f5685d672ba,Cooking
6989a4dd10805f5685d672bc,Fiction
6989a4dd10805f5685d672bd,Fiction
6989a4dd10805f5685d672be,Biography
6989a4dd10805f5685d672c0,Fiction
6989a4dd10805f5685d672c1,Bed And Breakfast Accommodations
6989a4dd10805f5685d672c3,General
6989a4dd10805f5685d672c4,Young Adult Fiction
6989a4dd10805f5685d672c6,Young Adult Fiction
6989a4dd10805f5685d672c8,Fiction
6989a4dd10805f5685d672ca,Humor
6989a4dd10805f5685d672cc,Political Science
6989a4dd10805f5685d672ce,General
6989a4dd10805f5685d672cf,Social Science
6989a4dd10805f5685d672d1,Fiction
6989a4dd10805f5685d672d3,Body
6989a4dd10805f5685d672d3,Mind
6989a4dd10805f5685d672d5,Fiction
6989a4dd10805f5685d672d6,Fiction
6989a4dd10805f5685d672d8,General
6989a4dd10805f5685d672d9,Fiction
6989a4dd10805f5685d672db,Fiction
6989a4dd10805f5685d672dd,Fiction
6989a4dd10805f5685d672df,Ghost Stories
6989a4dd10805f5685d672df,American
6989a4dd10805f5685d672e0,Fiction
6989a4dd10805f5685d672e2,General
6989a4dd10805f5685d672e3,General
6989a4dd10805f5685d672e4,Business
6989a4dd10805f5685d672e6,General
6989a4dd10805f5685d672e7,Fiction
6989a4dd10805f5685d672e9,General
6989a4dd10805f5685d672ea,General
6989a4dd10805f5685d672eb,General
6989a4dd10805f5685d672ec,General
6989a4dd10805f5685d672ee,France
6989a4dd10805f5685d672f0,Juvenile Nonfiction
6989a4dd10805f5685d672f2,Juvenile Fiction
6989a4dd10805f5685d672f3,Social Science
6989a4dd10805f5685d672f5,Children's Plays
6989a4dd10805f5685d672f7,Fiction
6989a4dd10805f5685d672f8,Fiction
6989a4dd10805f5685d672f9,History
6989a4dd10805f5685d672fb,Children's Stories
6989a4dd10805f5685d672fc,Fiction
6989a4dd10805f5685d672fe,Fiction
6989a4dd10805f5685d672ff,General
6989a4dd10805f5685d67300,General
6989a4dd10805f5685d67301,Cooking
6989a4dd10805f5685d67303,Religion
6989a4dd10805f5685d67305,Language Arts
6989a4dd10805f5685d67307,Fiction
6989a4dd10805f5685d67308,Fiction
6989a4dd10805f5685d6730a,Fiction
6989a4dd10805f5685d6730c,Fiction
6989a4dd10805f5685d6730d,Education
6989a4dd10805f5685d6730f,Fiction
6989a4dd10805f5685d67310,General
6989a4dd10805f5685d67312,Fiction
6989a4dd10805f5685d67314,General
6989a4dd10805f5685d67315,Body
6989a4dd10805f5685d67315,Mind
6989a4dd10805f5685d67316,Fiction
6989a4dd10805f5685d67317,General
6989a4dd10805f5685d67318,Juvenile Fiction
6989a4dd10805f5685d6731a,General
6989a4dd10805f5685d6731b,General
6989a4dd10805f5685d6731d,General
6989a4dd10805f5685d6731f,Humor
6989a4dd10805f5685d67320,Fiction
6989a4dd10805f5685d67321,Fiction
6989a4dd10805f5685d67323,Fiction
6989a4dd10805f5685d67325,Mathematics
6989a4dd10805f5685d67327,General
6989a4dd10805f5685d67328,Fiction
6989a4dd10805f5685d67329,Religion
6989a4dd10805f5685d6732b,General
6989a4dd10805f5685d6732c,General
6989a4dd10805f5685d6732e,Fiction
6989a4dd10805f5685d67330,Fiction
6989a4dd10805f5685d67331,Fiction
6989a4dd10805f5685d67333,Fiction
6989a4dd10805f5685d67335,Social Science
6989a4dd10805f5685d67337,General
6989a4dd10805f5685d67339,Biography
6989a4dd10805f5685d6733b,Fiction
6989a4dd10805f5685d6733d,Fiction
6989a4dd10805f5685d6733f,Diplomatic And Consular Service
6989a4dd10805f5685d67341,Bosch
6989a4dd10805f5685d67341,Harry (fictitious Character)
6989a4dd10805f5685d67343,Fiction
6989a4dd10805f5685d67345,Fiction
6989a4dd10805f5685d67346,Humor
6989a4dd10805f5685d67348,Fiction
6989a4dd10805f5685d67349,General
6989a4dd10805f5685d6734a,General
6989a4dd10805f5685d6734b,Fiction
6989a4dd10805f5685d6734d,Fiction
6989a4dd10805f5685d6734e,General
6989a4dd10805f5685d6734f,Highlands (scotland)
6989a4dd10805f5685d67351,Fiction
6989a4dd10805f5685d67353,General
6989a4dd10805f5685d67354,Americans
6989a4dd10805f5685d67355,Upper Class
6989a4dd10805f5685d67357,General
6989a4dd10805f5685d67359,Bibliography
6989a4dd10805f5685d67359,National
6989a4dd10805f5685d6735b,Fiction
6989a4dd10805f5685d6735c,General
6989a4dd10805f5685d6735d,Biography
6989a4dd10805f5685d6735f,Fiction
6989a4dd10805f5685d67361,General
6989a4dd10805f5685d67362,Fiction
6989a4dd10805f5685d67364,History
6989a4dd10805f5685d67366,Self-help
6989a4dd10805f5685d67368,Poetry
6989a4dd10805f5685d6736a,Fiction
6989a4dd10805f5685d6736c,Fiction
6989a4dd10805f5685d6736e,Biography
6989a4dd10805f5685d67370,Fiction
6989a4dd10805f5685d67371,General
6989a4dd10805f5685d67372,Fiction
6989a4dd10805f5685d67373,Fiction
6989a4dd10805f5685d67374,Social Science
6989a4dd10805f5685d67376,Juvenile Nonfiction
6989a4dd10805f5685d67378,Humor
6989a4dd10805f5685d67379,Fiction
6989a4dd10805f5685d6737b,Juvenile Fiction
6989a4dd10805f5685d6737d,History
6989a4dd10805f5685d6737f,Fiction
6989a4dd10805f5685d67381,Humor
6989a4dd10805f5685d67383,Social Science
6989a4dd10805f5685d67384,Fiction
6989a4dd10805f5685d67386,Biography
6989a4dd10805f5685d67388,Fiction
6989a4dd10805f5685d6738a,Religion
6989a4dd10805f5685d6738c,Juvenile Fiction
6989a4dd10805f5685d6738d,General
6989a4dd10805f5685d6738e,Fiction
6989a4dd10805f5685d6738f,Fiction
6989a4dd10805f5685d67391,Biography
6989a4dd10805f5685d67393,Juvenile Fiction
6989a4dd10805f5685d67395,General
6989a4dd10805f5685d67396,Fiction
6989a4dd10805f5685d67397,General
6989a4dd10805f5685d67398,Fiction
6989a4dd10805f5685d6739a,Political Science
6989a4dd10805f5685d6739c,Fiction
6989a4dd10805f5685d6739d,Fiction
6989a4dd10805f5685d6739e,Crafts
6989a4dd10805f5685d673a0,Fiction
6989a4dd10805f5685d673a1,General
6989a4dd10805f5685d673a3,Fiction
6989a4dd10805f5685d673a5,General
6989a4dd10805f5685d673a6,General
6989a4dd10805f5685d673a7,Psychology
6989a4dd10805f5685d673a9,Religion
6989a4dd10805f5685d673ab,General
6989a4dd10805f5685d673ad,Juvenile Fiction
6989a4dd10805f5685d673af,Fiction
6989a4dd10805f5685d673b1,General
6989a4dd10805f5685d673b2,Fiction
6989a4dd10805f5685d673b3,Fiction
6989a4dd10805f5685d673b4,Lutheran Church
6989a4dd10805f5685d673b6,Fiction
6989a4dd10805f5685d673b7,Fiction
6989a4dd10805f5685d673b9,Juvenile Fiction
6989a4dd10805f5685d673ba,Fiction
6989a4dd10805f5685d673bb,General
6989a4dd10805f5685d673bc,Fiction
6989a4dd10805f5685d673bd,Cadfael
6989a4dd10805f5685d673bd,Brother (fictitious Character)
6989a4dd10805f5685d673be,Fiction
6989a4dd10805f5685d673c0,Juvenile Fiction
6989a4dd10805f5685d673c1,Fiction
6989a4dd10805f5685d673c2,Fiction
6989a4dd10805f5685d673c3,Foreign Language Study
6989a4dd10805f5685d673c5,General
6989a4dd10805f5685d673c6,Fiction
6989a4dd10805f5685d673c8,Fiction
6989a4dd10805f5685d673c9,General
6989a4dd10805f5685d673ca,Juvenile Fiction
6989a4dd10805f5685d673cc,Self-help
6989a4dd10805f5685d673ce,Juvenile Fiction
6989a4dd10805f5685d673d0,Technology
6989a4dd10805f5685d673d2,Manners And Customs
6989a4dd10805f5685d673d3,Poetry
6989a4dd10805f5685d673d5,General
6989a4dd10805f5685d673d6,General
6989a4dd10805f5685d673d8,General
6989a4dd10805f5685d673da,General
6989a4dd10805f5685d673dc,Fiction
6989a4dd10805f5685d673dd,General
6989a4dd10805f5685d673de,Characters And Characteristics In Literature
6989a4dd10805f5685d673df,Fiction
6989a4dd10805f5685d673e0,Fiction
6989a4dd10805f5685d673e2,Juvenile Fiction
6989a4dd10805f5685d673e4,General
6989a4dd10805f5685d673e5,Fiction
6989a4dd10805f5685d673e6,General
6989a4dd10805f5685d673e7,General
6989a4dd10805f5685d673e8,Fiction
6989a4dd10805f5685d673ea,Fiction
6989a4dd10805f5685d673eb,Business
6989a4dd10805f5685d673ed,Fiction
6989a4dd10805f5685d673ef,Religion
6989a4dd10805f5685d673f1,Animals
6989a4dd10805f5685d673f3,Fiction
6989a4dd10805f5685d673f5,Fiction
6989a4dd10805f5685d673f7,Juvenile Fiction
6989a4dd10805f5685d673f9,Azerbaijan
6989a4dd10805f5685d673fb,Family
6989a4dd10805f5685d673fd,Juvenile Fiction
6989a4dd10805f5685d673ff,General
6989a4dd10805f5685d67400,Fiction
6989a4dd10805f5685d67401,Fiction
6989a4dd10805f5685d67403,Bears
6989a4dd10805f5685d67405,Business
6989a4dd10805f5685d67407,Australia
6989a4dd10805f5685d67408,Fiction
6989a4dd10805f5685d6740a,Fiction
6989a4dd10805f5685d6740c,General
6989a4dd10805f5685d6740d,Fiction
6989a4dd10805f5685d6740e,Juvenile Fiction
6989a4dd10805f5685d6740f,Union Catalogs
6989a4dd10805f5685d67410,History
6989a4dd10805f5685d67412,General
6989a4dd10805f5685d67414,Political Science
6989a4dd10805f5685d67416,General
6989a4dd10805f5685d67417,General
6989a4dd10805f5685d67419,General
6989a4dd10805f5685d6741a,Architecture
6989a4dd10805f5685d6741c,General
6989a4dd10805f5685d6741d,Fiction
6989a4dd10805f5685d6741f,Fiction In English
6989a4dd10805f5685d67421,General
6989a4dd10805f5685d67422,Fiction
6989a4dd10805f5685d67424,Fiction
6989a4dd10805f5685d67425,Fiction
6989a4dd10805f5685d67426,Religion
6989a4dd10805f5685d67428,Juvenile Nonfiction
6989a4dd10805f5685d6742a,Health
6989a4dd10805f5685d6742c,Fiction
6989a4dd10805f5685d6742d,Fiction
6989a4dd10805f5685d6742e,Business
6989a4dd10805f5685d67430,Fiction
6989a4dd10805f5685d67432,Literary Criticism
6989a4dd10805f5685d67433,Fiction
6989a4dd10805f5685d67434,Fiction
6989a4dd10805f5685d67436,Fiction
6989a4dd10805f5685d67438,Fiction
6989a4dd10805f5685d6743a,Fiction
6989a4dd10805f5685d6743c,Fiction
6989a4dd10805f5685d6743e,Fiction
6989a4dd10805f5685d6743f,Fiction
6989a4dd10805f5685d67441,Health
6989a4dd10805f5685d67443,Fiction
6989a4dd10805f5685d67444,Fiction
6989a4dd10805f5685d67446,Fiction
6989a4dd10805f5685d67448,General
6989a4dd10805f5685d6744a,Fiction
6989a4dd10805f5685d6744c,General
6989a4dd10805f5685d6744d,Fiction
6989a4dd10805f5685d6744e,Fiction
6989a4dd10805f5685d67450,Fiction
6989a4dd10805f5685d67451,Juvenile Fiction
6989a4dd10805f5685d67453,African American Families
6989a4dd10805f5685d67455,Biography
6989a4dd10805f5685d67457,Games
6989a4dd10805f5685d67459,Education
6989a4dd10805f5685d6745b,Fiction
6989a4dd10805f5685d6745c,Fiction
6989a4dd10805f5685d6745d,History
6989a4dd10805f5685d6745f,Political Science
6989a4dd10805f5685d67461,England
6989a4dd10805f5685d67462,Fiction
6989a4dd10805f5685d67463,Self-help
6989a4dd10805f5685d67465,Vietnam War
6989a4dd10805f5685d67465,1961-1975
6989a4dd10805f5685d67467,Juvenile Fiction
6989a4dd10805f5685d67469,General
6989a4dd10805f5685d6746a,Control (psychology)
6989a4dd10805f5685d6746c,Biography
6989a4dd10805f5685d6746e,Fiction
6989a4dd10805f5685d67470,Fiction
6989a4dd10805f5685d67471,Fiction
6989a4dd10805f5685d67472,Fiction
6989a4dd10805f5685d67473,Juvenile Nonfiction
6989a4dd10805f5685d67475,Fiction
6989a4dd10805f5685d67477,Fiction
6989a4dd10805f5685d67479,General
6989a4dd10805f5685d6747a,General
6989a4dd10805f5685d6747b,Fiction
6989a4dd10805f5685d6747d,General
6989a4dd10805f5685d6747f,Fiction
6989a4dd10805f5685d67481,Juvenile Fiction
6989a4dd10805f5685d67482,Fiction
6989a4dd10805f5685d67484,General
6989a4dd10805f5685d67485,Fiction
6989a4dd10805f5685d67486,Fiction
6989a4dd10805f5685d67488,Fiction
6989a4dd10805f5685d6748a,Detective And Mystery Stories
6989a4dd10805f5685d6748c,Drama
6989a4dd10805f5685d6748e,Fiction
6989a4dd10805f5685d67490,True Crime
6989a4dd10805f5685d67492,Fiction
6989a4dd10805f5685d67493,General
6989a4dd10805f5685d67494,Fiction
6989a4dd10805f5685d67495,General
6989a4dd10805f5685d67496,Fiction
6989a4dd10805f5685d67498,Philosophy
6989a4dd10805f5685d6749a,Fiction
6989a4dd10805f5685d6749c,Science
6989a4dd10805f5685d6749e,Young Adult Fiction
6989a4dd10805f5685d674a0,Fiction
6989a4dd10805f5685d674a1,Fiction
6989a4dd10805f5685d674a3,Fiction
6989a4dd10805f5685d674a5,Fiction
6989a4dd10805f5685d674a6,History
6989a4dd10805f5685d674a8,Fiction
6989a4dd10805f5685d674a9,Fiction
6989a4dd10805f5685d674aa,Androids
6989a4dd10805f5685d674ac,Fiction
6989a4dd10805f5685d674ad,Self-help
6989a4dd10805f5685d674af,Biography
6989a4dd10805f5685d674b1,General
6989a4dd10805f5685d674b2,Fiction
6989a4dd10805f5685d674b3,Fiction
6989a4dd10805f5685d674b4,Fiction
6989a4dd10805f5685d674b6,Young Adult Fiction
6989a4dd10805f5685d674b8,Juvenile Fiction
6989a4dd10805f5685d674b9,Fiction
6989a4dd10805f5685d674ba,General
6989a4dd10805f5685d674bb,Fiction
6989a4dd10805f5685d674bd,Young Adult Fiction
6989a4dd10805f5685d674bf,Government
6989a4dd10805f5685d674bf,Resistance To
6989a4dd10805f5685d674c0,Fiction
6989a4dd10805f5685d674c1,Fiction
6989a4dd10805f5685d674c2,Bewitched (television Program)
6989a4dd10805f5685d674c4,Biography
6989a4dd10805f5685d674c6,Juvenile Fiction
6989a4dd10805f5685d674c7,General
6989a4dd10805f5685d674c8,Fiction
6989a4dd10805f5685d674ca,Fiction
6989a4dd10805f5685d674cb,Religion
6989a4dd10805f5685d674cd,Psychology
6989a4dd10805f5685d674cf,Fiction
6989a4dd10805f5685d674d1,Fiction
6989a4dd10805f5685d674d3,Fiction
6989a4dd10805f5685d674d5,Fiction
6989a4dd10805f5685d674d6,General
6989a4dd10805f5685d674d7,Fiction
6989a4dd10805f5685d674d9,General
6989a4dd10805f5685d674da,Biography
6989a4dd10805f5685d674dc,Fiction
6989a4dd10805f5685d674de,General
6989a4dd10805f5685d674df,History
6989a4dd10805f5685d674e1,Fiction
6989a4dd10805f5685d674e2,Fiction
6989a4dd10805f5685d674e3,Fiction
6989a4dd10805f5685d674e5,Art
6989a4dd10805f5685d674e7,Fiction
6989a4dd10805f5685d674e8,Juvenile Fiction
6989a4dd10805f5685d674ea,Fiction
6989a4dd10805f5685d674eb,Juvenile Nonfiction
6989a4dd10805f5685d674ed,Fiction
6989a4dd10805f5685d674ef,Games
6989a4dd10805f5685d674f1,Fiction
6989a4dd10805f5685d674f3,Biography
6989a4dd10805f5685d674f5,Fiction
6989a4dd10805f5685d674f7,Cooking
6989a4dd10805f5685d674f9,Fiction
6989a4dd10805f5685d674fa,Evangelistic Sermons
6989a4dd10805f5685d674fc,Fiction
6989a4dd10805f5685d674fd,General
6989a4dd10805f5685d674fe,Cooking
6989a4dd10805f5685d67500,Literary Collections
6989a4dd10805f5685d67502,Fiction
6989a4dd10805f5685d67503,Fiction
6989a4dd10805f5685d67505,Authors
6989a4dd10805f5685d67505,German
6989a4dd10805f5685d67507,Fiction
6989a4dd10805f5685d67508,Business
6989a4dd10805f5685d6750a,Health
6989a4dd10805f5685d6750c,Juvenile Nonfiction
6989a4dd10805f5685d6750e,Biography
6989a4dd10805f5685d67510,Fiction
6989a4dd10805f5685d67511,Nobility
6989a4dd10805f5685d67513,Religion
6989a4dd10805f5685d67515,Juvenile Fiction
6989a4dd10805f5685d67516,General
6989a4dd10805f5685d67517,Religion
6989a4dd10805f5685d67519,General
6989a4dd10805f5685d6751b,Fiction
6989a4dd10805f5685d6751c,General
6989a4dd10805f5685d6751e,Family
6989a4dd10805f5685d67520,True Crime
6989a4dd10805f5685d67522,Fiction
6989a4dd10805f5685d67524,General
6989a4dd10805f5685d67525,Fiction
6989a4dd10805f5685d67526,Science
6989a4dd10805f5685d67528,General
6989a4dd10805f5685d67529,Juvenile Fiction
6989a4dd10805f5685d6752a,Fiction
6989a4dd10805f5685d6752b,Fiction
6989a4dd10805f5685d6752d,Fiction
6989a4dd10805f5685d6752f,Juvenile Fiction
6989a4dd10805f5685d67531,Fiction
6989a4dd10805f5685d67533,Biography
6989a4dd10805f5685d67535,Juvenile Fiction
6989a4dd10805f5685d67537,Drama
6989a4dd10805f5685d67539,Bible
6989a4dd10805f5685d6753a,Juvenile Fiction
6989a4dd10805f5685d6753c,Fiction
6989a4dd10805f5685d6753d,Fiction
6989a4dd10805f5685d6753f,Fiction
6989a4dd10805f5685d67540,Fiction
6989a4dd10805f5685d67541,History
6989a4dd10805f5685d67543,Fiction
6989a4dd10805f5685d67545,General
6989a4dd10805f5685d67546,General
6989a4dd10805f5685d67547,Biography
6989a4dd10805f5685d67549,Fiction
6989a4dd10805f5685d6754b,Abandoned Children
6989a4dd10805f5685d6754d,General
6989a4dd10805f5685d6754e,Humor
6989a4dd10805f5685d6754f,Social Science
6989a4dd10805f5685d67551,Fiction
6989a4dd10805f5685d67552,Family
6989a4dd10805f5685d67553,General
6989a4dd10805f5685d67554,General
6989a4dd10805f5685d67555,Fiction
6989a4dd10805f5685d67556,Fiction
6989a4dd10805f5685d67558,Young Adult Fiction
6989a4dd10805f5685d6755a,General
6989a4dd10805f5685d6755b,Comics
6989a4dd10805f5685d6755c,General
6989a4dd10805f5685d6755d,Fiction
6989a4dd10805f5685d6755e,Marriage
6989a4dd10805f5685d67560,Fiction
6989a4dd10805f5685d67561,Fiction
6989a4dd10805f5685d67563,House
6989a4dd10805f5685d67565,Fiction
6989a4dd10805f5685d67566,Mormons
6989a4dd10805f5685d67568,General
6989a4dd10805f5685d6756a,Fiction
6989a4dd10805f5685d6756c,Fiction
6989a4dd10805f5685d6756e,American Fiction
6989a4dd10805f5685d67570,Fiction
6989a4dd10805f5685d67571,Juvenile Fiction
6989a4dd10805f5685d67573,Fiction
6989a4dd10805f5685d67574,Fiction
6989a4dd10805f5685d67576,Fiction
6989a4dd10805f5685d67577,Fiction
6989a4dd10805f5685d67579,Fiction
6989a4dd10805f5685d6757b,Fiction
6989a4dd10805f5685d6757c,Fiction
6989a4dd10805f5685d6757d,Science Fiction In Art
6989a4dd10805f5685d6757f,General
6989a4dd10805f5685d67580,Fiction
6989a4dd10805f5685d67581,Performing Arts
6989a4dd10805f5685d67583,Fiction
6989a4dd10805f5685d67584,History
6989a4dd10805f5685d67586,General
6989a4dd10805f5685d67587,Fiction
6989a4dd10805f5685d67589,General
6989a4dd10805f5685d6758a,Fiction
6989a4dd10805f5685d6758c,Literary Collections
6989a4dd10805f5685d6758d,General
6989a4dd10805f5685d6758e,General
6989a4dd10805f5685d6758f,Social Science
6989a4dd10805f5685d67591,Fiction
6989a4dd10805f5685d67593,Body
6989a4dd10805f5685d67593,Mind
6989a4dd10805f5685d67595,Juvenile Nonfiction
6989a4dd10805f5685d67597,Fiction
6989a4dd10805f5685d67598,History
6989a4dd10805f5685d6759a,Fiction
6989a4dd10805f5685d6759c,Detective And Mystery Stories
6989a4dd10805f5685d6759d,Fiction
6989a4dd10805f5685d6759e,Fiction
6989a4dd10805f5685d675a0,Fiction
6989a4dd10805f5685d675a2,Fiction
6989a4dd10805f5685d675a3,Fiction
6989a4dd10805f5685d675a4,Social Science
6989a4dd10805f5685d675a6,Alcoholism
6989a4dd10805f5685d675a8,Poetry
6989a4dd10805f5685d675aa,Fiction
6989a4dd10805f5685d675ab,Juvenile Fiction
6989a4dd10805f5685d675ad,Biography
6989a4dd10805f5685d675af,Sports
6989a4dd10805f5685d675b1,Fiction
6989a4dd10805f5685d675b2,Fiction
6989a4dd10805f5685d675b4,Biography
6989a4dd10805f5685d675b6,Fiction
6989a4dd10805f5685d675b8,General
6989a4dd10805f5685d675b9,Biography
6989a4dd10805f5685d675bb,Fiction
6989a4dd10805f5685d675bc,Fiction
6989a4dd10805f5685d675bd,English Fiction
6989a4dd10805f5685d675be,Self-help
6989a4dd10805f5685d675c0,Religion
6989a4dd10805f5685d675c1,Fiction
6989a4dd10805f5685d675c3,Poetry
6989a4dd10805f5685d675c5,Fiction
6989a4dd10805f5685d675c7,General
6989a4dd10805f5685d675c8,Fiction
6989a4dd10805f5685d675c9,Business
6989a4dd10805f5685d675cb,Fiction
6989a4dd10805f5685d675cc,Religion
6989a4dd10805f5685d675ce,Juvenile Fiction
6989a4dd10805f5685d675cf,General
6989a4dd10805f5685d675d0,General
6989a4dd10805f5685d675d1,Bondage (sexual Behavior)
6989a4dd10805f5685d675d3,Fiction
6989a4dd10805f5685d675d4,Audiobooks
6989a4dd10805f5685d675d5,Fiction
6989a4dd10805f5685d675d7,Fiction
6989a4dd10805f5685d675d9,Language Arts
6989a4dd10805f5685d675db,Fiction
6989a4dd10805f5685d675dd,General
6989a4dd10805f5685d675df,Fiction
6989a4dd10805f5685d675e0,Fiction
6989a4dd10805f5685d675e2,Fiction
6989a4dd10805f5685d675e4,Travel
6989a4dd10805f5685d675e5,General
6989a4dd10805f5685d675e7,Fiction
6989a4dd10805f5685d675e9,History
6989a4dd10805f5685d675eb,Literary Criticism
6989a4dd10805f5685d675ed,Fiction
6989a4dd10805f5685d675ef,Juvenile Fiction
6989a4dd10805f5685d675f0,General
6989a4dd10805f5685d675f1,Fiction
6989a4dd10805f5685d675f3,Fiction
6989a4dd10805f5685d675f5,General
6989a4dd10805f5685d675f7,Performing Arts
6989a4dd10805f5685d675f9,Fiction
6989a4dd10805f5685d675fb,General
6989a4dd10805f5685d675fd,Body
6989a4dd10805f5685d675fd,Mind
6989a4dd10805f5685d675ff,Fiction
6989a4dd10805f5685d67600,Health
6989a4dd10805f5685d67602,Fiction
6989a4dd10805f5685d67603,Child Prostitution
6989a4dd10805f5685d67605,Biography
6989a4dd10805f5685d67607,Fiction
6989a4dd10805f5685d67608,General
6989a4dd10805f5685d67609,Fiction
6989a4dd10805f5685d6760a,Fiction
6989a4dd10805f5685d6760c,Fiction
6989a4dd10805f5685d6760e,Fiction
6989a4dd10805f5685d67610,Biography
6989a4dd10805f5685d67612,Fiction
6989a4dd10805f5685d67614,Juvenile Nonfiction
6989a4dd10805f5685d67615,Fiction
6989a4dd10805f5685d67616,Social Science
6989a4dd10805f5685d67618,Audiobooks
6989a4dd10805f5685d67619,Music
6989a4dd10805f5685d6761b,Political Science
6989a4dd10805f5685d6761d,Yoga
6989a4dd10805f5685d6761f,History
6989a4dd10805f5685d67621,Medical
6989a4dd10805f5685d67623,Religion
6989a4dd10805f5685d67625,Young Adult Fiction
6989a4dd10805f5685d67627,Fiction
6989a4dd10805f5685d67628,General
6989a4dd10805f5685d6762a,Self-help
6989a4dd10805f5685d6762c,Fiction
6989a4dd10805f5685d6762d,Fiction
6989a4dd10805f5685d6762e,Technology
6989a4dd10805f5685d67630,General
6989a4dd10805f5685d67631,Fiction
6989a4dd10805f5685d67632,History
6989a4dd10805f5685d67634,Citation Of Legal Authorities
6989a4dd10805f5685d67636,General
6989a4dd10805f5685d67637,Fiction
6989a4dd10805f5685d67638,Animals
6989a4dd10805f5685d6763a,Fiction
6989a4dd10805f5685d6763c,Biography
6989a4dd10805f5685d6763d,True Crime
6989a4dd10805f5685d6763f,General
6989a4dd10805f5685d67640,Sex
6989a4dd10805f5685d67642,General
6989a4dd10805f5685d67643,Christian Pilgrims And Pilgrimages
6989a4dd10805f5685d67645,Art
6989a4dd10805f5685d67647,Philosophy
6989a4dd10805f5685d67649,Poetry
6989a4dd10805f5685d6764b,Computers
6989a4dd10805f5685d6764d,General
6989a4dd10805f5685d6764f,Fiction
6989a4dd10805f5685d67651,General
6989a4dd10805f5685d67652,Fiction
6989a4dd10805f5685d67654,Women
6989a4dd10805f5685d67656,Travel
6989a4dd10805f5685d67658,Fiction
6989a4dd10805f5685d67659,Travel
6989a4dd10805f5685d6765a,General
6989a4dd10805f5685d6765c,Fiction
6989a4dd10805f5685d6765d,Juvenile Fiction
6989a4dd10805f5685d6765e,Juvenile Fiction
6989a4dd10805f5685d6765f,Fiction
6989a4dd10805f5685d67661,Psychology
6989a4dd10805f5685d67663,Fiction
6989a4dd10805f5685d67665,Dramatists
6989a4dd10805f5685d67665,English
6989a4dd10805f5685d67666,Bones
6989a4dd10805f5685d67668,Self-help
6989a4dd10805f5685d6766a,Biography
6989a4dd10805f5685d6766c,Travel
6989a4dd10805f5685d6766e,History
6989a4dd10805f5685d67670,Biography
6989a4dd10805f5685d67671,History
6989a4dd10805f5685d67672,American Literature
6989a4dd10805f5685d67673,Fiction
6989a4dd10805f5685d67675,General
6989a4dd10805f5685d67676,Child Abuse
6989a4dd10805f5685d67678,Serial Murderers
6989a4dd10805f5685d67679,Fiction
6989a4dd10805f5685d6767b,Social Science
6989a4dd10805f5685d6767d,General
6989a4dd10805f5685d6767f,Family
6989a4dd10805f5685d67681,Business
6989a4dd10805f5685d67683,Political Science
6989a4dd10805f5685d67685,General
6989a4dd10805f5685d67687,Juvenile Fiction
6989a4dd10805f5685d67689,Juvenile Fiction
6989a4dd10805f5685d6768b,Detective And Mystery Stories
6989a4dd10805f5685d6768d,Fiction
6989a4dd10805f5685d6768e,Fiction
6989a4dd10805f5685d6768f,Biography
6989a4dd10805f5685d67691,Fiction
6989a4dd10805f5685d67693,Fiction
6989a4dd10805f5685d67695,Cooking
6989a4dd10805f5685d67697,General
6989a4dd10805f5685d67698,Young Adult Fiction
6989a4dd10805f5685d6769a,Juvenile Fiction
6989a4dd10805f5685d6769c,Fiction
6989a4dd10805f5685d6769d,Fiction
6989a4dd10805f5685d6769e,Fiction
6989a4dd10805f5685d6769f,Fiction
6989a4dd10805f5685d676a1,History
6989a4dd10805f5685d676a3,Fiction
6989a4dd10805f5685d676a4,Fiction
6989a4dd10805f5685d676a5,Foreign Language Study
6989a4dd10805f5685d676a7,Biography
6989a4dd10805f5685d676a8,General
6989a4dd10805f5685d676a9,Biography
6989a4dd10805f5685d676ab,Business
6989a4dd10805f5685d676ad,Fiction
6989a4dd10805f5685d676ae,History
6989a4dd10805f5685d676b0,Fiction
6989a4dd10805f5685d676b2,General
6989a4dd10805f5685d676b4,Humor
6989a4dd10805f5685d676b6,Language Arts
6989a4dd10805f5685d676b8,History
6989a4dd10805f5685d676ba,Young Adult Fiction
6989a4dd10805f5685d676bc,Consumption (economics)
6989a4dd10805f5685d676be,Juvenile Fiction
6989a4dd10805f5685d676c0,Fiction
6989a4dd10805f5685d676c2,Fiction
6989a4dd10805f5685d676c4,Fiction
6989a4dd10805f5685d676c6,Fiction
6989a4dd10805f5685d676c8,Young Adult Fiction
6989a4dd10805f5685d676ca,General
6989a4dd10805f5685d676cb,Large Type Books
6989a4dd10805f5685d676cc,Bibles
6989a4dd10805f5685d676ce,Biography
6989a4dd10805f5685d676d0,History
6989a4dd10805f5685d676d2,Travel
6989a4dd10805f5685d676d4,Fiction
6989a4dd10805f5685d676d6,Fiction
6989a4dd10805f5685d676d7,Fiction
6989a4dd10805f5685d676d8,Fiction
6989a4dd10805f5685d676da,Fiction
6989a4dd10805f5685d676db,Fiction
6989a4dd10805f5685d676dc,Fiction
6989a4dd10805f5685d676de,Fiction
6989a4dd10805f5685d676e0,Family
6989a4dd10805f5685d676e2,Fiction
6989a4dd10805f5685d676e4,General
6989a4dd10805f5685d676e5,Humor
6989a4dd10805f5685d676e7,Fiction
6989a4dd10805f5685d676e9,Fiction
6989a4dd10805f5685d676ea,Fiction
6989a4dd10805f5685d676ec,Short Stories
6989a4dd10805f5685d676ec,Austrian
6989a4dd10805f5685d676ed,Agriculture
6989a4dd10805f5685d676ef,Language Arts
6989a4dd10805f5685d676f1,Fiction
6989a4dd10805f5685d676f3,General
6989a4dd10805f5685d676f4,Large Type Books
6989a4dd10805f5685d676f5,Fiction
6989a4dd10805f5685d676f7,Audiobooks
6989a4dd10805f5685d676f8,Religion
6989a4dd10805f5685d676fa,History
6989a4dd10805f5685d676fb,Fiction
6989a4dd10805f5685d676fc,General
6989a4dd10805f5685d676fe,Fiction
6989a4dd10805f5685d676ff,Political Science
6989a4dd10805f5685d67701,Sports
6989a4dd10805f5685d67703,Fiction
6989a4dd10805f5685d67705,Fiction
6989a4dd10805f5685d67706,Fiction
6989a4dd10805f5685d67707,General
6989a4dd10805f5685d67708,General
6989a4dd10805f5685d67709,Travel
6989a4dd10805f5685d6770b,Juvenile Fiction
6989a4dd10805f5685d6770c,General
6989a4dd10805f5685d6770d,Fiction
6989a4dd10805f5685d6770e,General
6989a4dd10805f5685d67710,American Literature
6989a4dd10805f5685d67711,Fiction
6989a4dd10805f5685d67712,Fiction
6989a4dd10805f5685d67714,Fiction
6989a4dd10805f5685d67716,Social Science
6989a4dd10805f5685d67718,Fiction
6989a4dd10805f5685d67719,Fiction
6989a4dd10805f5685d6771b,Boys
6989a4dd10805f5685d6771d,Large Type Books
6989a4dd10805f5685d6771f,General
6989a4dd10805f5685d67720,Fiction
6989a4dd10805f5685d67722,Fiction
6989a4dd10805f5685d67723,American Literature
6989a4dd10805f5685d67724,Fiction
6989a4dd10805f5685d67726,Young Adult Fiction
6989a4dd10805f5685d67728,Fiction
6989a4dd10805f5685d67729,Fiction
6989a4dd10805f5685d6772a,General
6989a4dd10805f5685d6772c,Fiction
6989a4dd10805f5685d6772d,General
6989a4dd10805f5685d6772e,Accidents
6989a4dd10805f5685d67730,Biography
6989a4dd10805f5685d67732,Juvenile Fiction
6989a4dd10805f5685d67734,Fiction
6989a4dd10805f5685d67735,House
6989a4dd10805f5685d67737,Fiction
6989a4dd10805f5685d67739,Juvenile Fiction
6989a4dd10805f5685d6773a,Fiction
6989a4dd10805f5685d6773c,General
6989a4dd10805f5685d6773d,General
6989a4dd10805f5685d6773e,Fiction
6989a4dd10805f5685d67740,Juvenile Fiction
6989a4dd10805f5685d67742,Fiction
6989a4dd10805f5685d67744,General
6989a4dd10805f5685d67745,Fiction
6989a4dd10805f5685d67746,Fiction
6989a4dd10805f5685d67748,Juvenile Fiction
6989a4dd10805f5685d67749,Alligators
6989a4dd10805f5685d6774a,History
6989a4dd10805f5685d6774c,Birds
6989a4dd10805f5685d6774e,Juvenile Fiction
6989a4dd10805f5685d6774f,Fiction
6989a4dd10805f5685d67751,Fiction
6989a4dd10805f5685d67753,History
6989a4dd10805f5685d67755,Fiction
6989a4dd10805f5685d67756,General
6989a4dd10805f5685d67758,Drama
6989a4dd10805f5685d67759,Psychology
6989a4dd10805f5685d6775b,History
6989a4dd10805f5685d6775d,Courts And Courtiers
6989a4dd10805f5685d6775f,Religion
6989a4dd10805f5685d67761,Fiction
6989a4dd10805f5685d67762,Biography
6989a4dd10805f5685d67764,Fiction
6989a4dd10805f5685d67765,Biography
6989a4dd10805f5685d67767,College Students
6989a4dd10805f5685d67768,Family
6989a4dd10805f5685d67769,Fiction
6989a4dd10805f5685d6776b,Juvenile Fiction
6989a4dd10805f5685d6776d,Fiction
6989a4dd10805f5685d6776f,Fiction
6989a4dd10805f5685d67771,Juvenile Fiction
6989a4dd10805f5685d67772,Family
6989a4dd10805f5685d67774,Fiction
6989a4dd10805f5685d67775,General
6989a4dd10805f5685d67776,Intimacy (psychology)
6989a4dd10805f5685d67778,Honor
6989a4dd10805f5685d6777a,Humor
6989a4dd10805f5685d6777b,Biography
6989a4dd10805f5685d6777d,Fiction
6989a4dd10805f5685d6777e,Fiction
6989a4dd10805f5685d6777f,Juvenile Fiction
6989a4dd10805f5685d67781,Fiction
6989a4dd10805f5685d67783,Fiction
6989a4dd10805f5685d67785,Fiction
6989a4dd10805f5685d67787,Fiction
6989a4dd10805f5685d67789,General
6989a4dd10805f5685d6778b,Fiction
6989a4dd10805f5685d6778d,Fiction
6989a4dd10805f5685d6778f,Juvenile Fiction
6989a4dd10805f5685d67790,Fiction
6989a4dd10805f5685d67792,Fiction
6989a4dd10805f5685d67794,Literary Collections
6989a4dd10805f5685d67796,Fiction
6989a4dd10805f5685d67797,Health
6989a4dd10805f5685d67799,General
6989a4dd10805f5685d6779a,Fiction
6989a4dd10805f5685d6779b,General
6989a4dd10805f5685d6779c,Biography
6989a4dd10805f5685d6779e,General
6989a4dd10805f5685d6779f,Religion
6989a4dd10805f5685d677a1,Young Adult Fiction
6989a4dd10805f5685d677a3,General
6989a4dd10805f5685d677a4,Fiction
6989a4dd10805f5685d677a5,Juvenile Fiction
6989a4dd10805f5685d677a6,Juvenile Nonfiction
6989a4dd10805f5685d677a8,General
6989a4dd10805f5685d677aa,American Literature
6989a4dd10805f5685d677ab,General
6989a4dd10805f5685d677ac,Fiction
6989a4dd10805f5685d677ae,Fiction
6989a4dd10805f5685d677b0,General
6989a4dd10805f5685d677b1,Fiction
6989a4dd10805f5685d677b2,Sports
6989a4dd10805f5685d677b4,Biography
6989a4dd10805f5685d677b6,England
6989a4dd10805f5685d677b8,Fiction
6989a4dd10805f5685d677ba,Drama
6989a4dd10805f5685d677bb,Sports
6989a4dd10805f5685d677bd,Religion
6989a4dd10805f5685d677bf,Fiction
6989a4dd10805f5685d677c0,General
6989a4dd10805f5685d677c1,Fiction
6989a4dd10805f5685d677c3,True Crime
6989a4dd10805f5685d677c4,Body
6989a4dd10805f5685d677c4,Mind
6989a4dd10805f5685d677c6,Biography
6989a4dd10805f5685d677c8,Fiction
6989a4dd10805f5685d677ca,Fiction
6989a4dd10805f5685d677cb,Biography
6989a4dd10805f5685d677cd,Fiction
6989a4dd10805f5685d677ce,General
6989a4dd10805f5685d677cf,Biography
6989a4dd10805f5685d677d1,Literary Criticism
6989a4dd10805f5685d677d3,Young Adult Fiction
6989a4dd10805f5685d677d5,General
6989a4dd10805f5685d677d6,Basketball For Women
6989a4dd10805f5685d677d8,General
6989a4dd10805f5685d677d9,Fiction
6989a4dd10805f5685d677db,Fiction
6989a4dd10805f5685d677dd,Fiction
6989a4dd10805f5685d677de,General
6989a4dd10805f5685d677df,General
6989a4dd10805f5685d677e0,Fiction
6989a4dd10805f5685d677e2,General
6989a4dd10805f5685d677e3,Drama
6989a4dd10805f5685d677e5,Fiction
6989a4dd10805f5685d677e7,Fiction
6989a4dd10805f5685d677e8,Juvenile Fiction
6989a4dd10805f5685d677e9,Comics
6989a4dd10805f5685d677eb,Nature
6989a4dd10805f5685d677ed,General
6989a4dd10805f5685d677ef,Science
6989a4dd10805f5685d677f1,General
6989a4dd10805f5685d677f2,Fiction
6989a4dd10805f5685d677f3,Fiction
6989a4dd10805f5685d677f5,General
6989a4dd10805f5685d677f7,Fiction
6989a4dd10805f5685d677f9,Fiction
6989a4dd10805f5685d677fb,General
6989a4dd10805f5685d677fc,Libraries
6989a4dd10805f5685d677fd,Fiction
6989a4dd10805f5685d677ff,Business
6989a4dd10805f5685d67801,General
6989a4dd10805f5685d67803,Espionage
6989a4dd10805f5685d67805,Young Adult Fiction
6989a4dd10805f5685d67807,Fiction
6989a4dd10805f5685d67809,Fiction
6989a4dd10805f5685d6780a,Fiction
6989a4dd10805f5685d6780c,General
6989a4dd10805f5685d6780d,Fiction
6989a4dd10805f5685d6780f,Biography
6989a4dd10805f5685d67811,History
6989a4dd10805f5685d67813,Canada Imprints
6989a4dd10805f5685d67814,Fiction
6989a4dd10805f5685d67816,Fiction
6989a4dd10805f5685d67818,Fiction
6989a4dd10805f5685d67819,Fiction
6989a4dd10805f5685d6781a,Fiction
6989a4dd10805f5685d6781c,Fiction
6989a4dd10805f5685d6781e,Fiction
6989a4dd10805f5685d6781f,Juvenile Fiction
6989a4dd10805f5685d67821,General
6989a4dd10805f5685d67822,Biography
6989a4dd10805f5685d67823,Fiction
6989a4dd10805f5685d67824,Literary Collections
6989a4dd10805f5685d67825,General
6989a4dd10805f5685d67826,Fiction
6989a4dd10805f5685d67827,Juvenile Fiction
6989a4dd10805f5685d67829,Fiction
6989a4dd10805f5685d6782a,General
6989a4dd10805f5685d6782b,Fiction
6989a4dd10805f5685d6782d,General
6989a4dd10805f5685d6782e,Fiction
6989a4dd10805f5685d6782f,Fiction
6989a4dd10805f5685d67830,Fiction
6989a4dd10805f5685d67831,Language Arts
6989a4dd10805f5685d67833,General
6989a4dd10805f5685d67834,Fiction
6989a4dd10805f5685d67836,Fiction
6989a4dd10805f5685d67838,Drama
6989a4dd10805f5685d67839,Fiction
6989a4dd10805f5685d6783b,Fiction
6989a4dd10805f5685d6783d,General
6989a4dd10805f5685d6783e,General
6989a4dd10805f5685d6783f,Fiction
6989a4dd10805f5685d67841,Horror Tales
6989a4dd10805f5685d67841,American.
6989a4dd10805f5685d67843,General
6989a4dd10805f5685d67845,General
6989a4dd10805f5685d67846,General
6989a4dd10805f5685d67847,General
6989a4dd10805f5685d67849,General
6989a4dd10805f5685d6784a,Fiction
6989a4dd10805f5685d6784b,Fiction
6989a4dd10805f5685d6784d,Fiction
6989a4dd10805f5685d6784e,Fiction
6989a4dd10805f5685d6784f,History
6989a4dd10805f5685d67851,Fiction
6989a4dd10805f5685d67852,Fiction
6989a4dd10805f5685d67854,Juvenile Fiction
6989a4dd10805f5685d67856,Fiction
6989a4dd10805f5685d67857,General
6989a4dd10805f5685d67858,Fiction
6989a4dd10805f5685d67859,General
6989a4dd10805f5685d6785a,Fiction
6989a4dd10805f5685d6785c,Fiction
6989a4dd10805f5685d6785e,Religion
6989a4dd10805f5685d67860,Kidnapping
6989a4dd10805f5685d67861,General
6989a4dd10805f5685d67862,Fiction
6989a4dd10805f5685d67864,Fiction
6989a4dd10805f5685d67865,Juvenile Fiction
6989a4dd10805f5685d67867,Fiction
6989a4dd10805f5685d67868,Young Adult Fiction
6989a4dd10805f5685d67869,Juvenile Fiction
6989a4dd10805f5685d6786b,Fiction
6989a4dd10805f5685d6786d,Fiction
6989a4dd10805f5685d6786e,General
6989a4dd10805f5685d6786f,Marine Pollution
6989a4dd10805f5685d67870,General
6989a4dd10805f5685d67871,Juvenile Fiction
6989a4dd10805f5685d67872,Juvenile Fiction
6989a4dd10805f5685d67874,Biography
6989a4dd10805f5685d67876,Juvenile Fiction
6989a4dd10805f5685d67878,Juvenile Fiction
6989a4dd10805f5685d6787a,Juvenile Fiction
6989a4dd10805f5685d6787c,Political Science
6989a4dd10805f5685d6787e,Religion
6989a4dd10805f5685d67880,Fiction
6989a4dd10805f5685d67882,Fiction
6989a4dd10805f5685d67883,Income Distribution
6989a4dd10805f5685d67885,Body
6989a4dd10805f5685d67885,Mind
6989a4dd10805f5685d67887,Europe
6989a4dd10805f5685d67889,Poetry
6989a4dd10805f5685d6788b,Juvenile Fiction
6989a4dd10805f5685d6788c,Fiction
6989a4dd10805f5685d6788e,Fiction
6989a4dd10805f5685d67890,Nature
6989a4dd10805f5685d67892,Biography
6989a4dd10805f5685d67894,Biography
6989a4dd10805f5685d67896,Fiction
6989a4dd10805f5685d67897,Drama
6989a4dd10805f5685d67898,Fiction
6989a4dd10805f5685d6789a,Juvenile Fiction
6989a4dd10805f5685d6789c,Coal Miners
6989a4dd10805f5685d6789e,Juvenile Fiction
6989a4dd10805f5685d678a0,Performing Arts
6989a4dd10805f5685d678a2,Religion
6989a4dd10805f5685d678a4,Fiction
6989a4dd10805f5685d678a6,Fiction
6989a4dd10805f5685d678a8,Bible
6989a4dd10805f5685d678a9,Fiction
6989a4dd10805f5685d678aa,Political Science
6989a4dd10805f5685d678ac,Fiction
6989a4dd10805f5685d678ae,General
6989a4dd10805f5685d678af,Philosophy
6989a4dd10805f5685d678b1,General
6989a4dd10805f5685d678b2,Fiction
6989a4dd10805f5685d678b3,Fiction
6989a4dd10805f5685d678b5,Humor
6989a4dd10805f5685d678b7,Continental Drift
6989a4dd10805f5685d678b9,Fiction
6989a4dd10805f5685d678ba,Social Science
6989a4dd10805f5685d678bc,Fiction
6989a4dd10805f5685d678bd,Psychology
6989a4dd10805f5685d678bf,General
6989a4dd10805f5685d678c1,Fiction
6989a4dd10805f5685d678c3,Fiction
6989a4dd10805f5685d678c5,Fiction
6989a4dd10805f5685d678c6,Fiction
6989a4dd10805f5685d678c8,Bible
6989a4dd10805f5685d678ca,Electronic Books
6989a4dd10805f5685d678cb,Religion
6989a4dd10805f5685d678cd,Juvenile Nonfiction
6989a4dd10805f5685d678cf,General
6989a4dd10805f5685d678d1,Fiction
6989a4dd10805f5685d678d2,Fiction
6989a4dd10805f5685d678d3,Fiction
6989a4dd10805f5685d678d4,Biography
6989a4dd10805f5685d678d6,Biography
6989a4dd10805f5685d678d8,Fiction
6989a4dd10805f5685d678da,Fiction
6989a4dd10805f5685d678db,Fiction
6989a4dd10805f5685d678dd,Fiction
6989a4dd10805f5685d678de,Juvenile Fiction
6989a4dd10805f5685d678e0,Cotswold Hills (england)
6989a4dd10805f5685d678e2,Fiction
6989a4dd10805f5685d678e4,Juvenile Fiction
6989a4dd10805f5685d678e5,General
6989a4dd10805f5685d678e7,Fiction
6989a4dd10805f5685d678e9,Juvenile Fiction
6989a4dd10805f5685d678eb,Fiction
6989a4dd10805f5685d678ec,Fiction
6989a4dd10805f5685d678ed,Fiction
6989a4dd10805f5685d678ee,Fiction
6989a4dd10805f5685d678f0,Rodents
6989a4dd10805f5685d678f2,General
6989a4dd10805f5685d678f4,Fiction
6989a4dd10805f5685d678f5,Biography
6989a4dd10805f5685d678f7,Philosophy
6989a4dd10805f5685d678f9,General
6989a4dd10805f5685d678fa,Fiction
6989a4dd10805f5685d678fc,Fiction
6989a4dd10805f5685d678fe,Fiction
6989a4dd10805f5685d678ff,History
6989a4dd10805f5685d67901,Fiction
6989a4dd10805f5685d67903,General
6989a4dd10805f5685d67905,Literary Criticism
6989a4dd10805f5685d67907,Fiction
6989a4dd10805f5685d67908,Biography
6989a4dd10805f5685d6790a,Literary Criticism
6989a4dd10805f5685d6790c,Business
6989a4dd10805f5685d6790e,History
6989a4dd10805f5685d67910,History
6989a4dd10805f5685d67912,Law
6989a4dd10805f5685d67914,History
6989a4dd10805f5685d67916,General
6989a4dd10805f5685d67917,General
6989a4dd10805f5685d67918,Fiction
6989a4dd10805f5685d6791a,Fiction
6989a4dd10805f5685d6791b,Fiction
6989a4dd10805f5685d6791c,General
6989a4dd10805f5685d6791d,Fiction
6989a4dd10805f5685d6791e,Fiction
6989a4dd10805f5685d6791f,Fiction
6989a4dd10805f5685d67920,Fiction
6989a4dd10805f5685d67922,General
6989a4dd10805f5685d67923,Hannay
6989a4dd10805f5685d67923,Richard (fictitious Character)
6989a4dd10805f5685d67924,General
6989a4dd10805f5685d67925,Self-help
6989a4dd10805f5685d67926,Humor
6989a4dd10805f5685d67928,Fiction
6989a4dd10805f5685d6792a,Juvenile Fiction
6989a4dd10805f5685d6792c,Religion
6989a4dd10805f5685d6792e,Serial Murderers
6989a4dd10805f5685d67930,Fiction
6989a4dd10805f5685d67931,General
6989a4dd10805f5685d67932,Brigands And Robbers
6989a4dd10805f5685d67934,General
6989a4dd10805f5685d67936,Fiction
6989a4dd10805f5685d67938,Religion
6989a4dd10805f5685d6793a,Americans
6989a4dd10805f5685d6793c,General
6989a4dd10805f5685d6793e,Fiction
6989a4dd10805f5685d67940,Philosophy
6989a4dd10805f5685d67942,Literary Collections
6989a4dd10805f5685d67943,Biography
6989a4dd10805f5685d67945,General
6989a4dd10805f5685d67946,Fiction
6989a4dd10805f5685d67948,General
6989a4dd10805f5685d67949,American Poetry
6989a4dd10805f5685d6794b,Religion
6989a4dd10805f5685d6794d,General
6989a4dd10805f5685d6794e,Fiction
6989a4dd10805f5685d67950,Fiction
6989a4dd10805f5685d67952,Fiction
6989a4dd10805f5685d67953,Religion
6989a4dd10805f5685d67955,Fiction
6989a4dd10805f5685d67956,Fiction
6989a4dd10805f5685d67958,Fiction
6989a4dd10805f5685d6795a,Self-help
6989a4dd10805f5685d6795c,Body
6989a4dd10805f5685d6795c,Mind
6989a4dd10805f5685d6795e,Fiction
6989a4dd10805f5685d67960,Fiction
6989a4dd10805f5685d67962,Fiction
6989a4dd10805f5685d67963,True Crime
6989a4dd10805f5685d67965,Religion
6989a4dd10805f5685d67967,Young Adult Fiction
6989a4dd10805f5685d67968,Fiction
6989a4dd10805f5685d6796a,General
6989a4dd10805f5685d6796b,General
6989a4dd10805f5685d6796c,Fiction
6989a4dd10805f5685d6796e,Fiction
6989a4dd10805f5685d67970,History
6989a4dd10805f5685d67972,Music
6989a4dd10805f5685d67974,Family
6989a4dd10805f5685d67976,General
6989a4dd10805f5685d67977,Juvenile Fiction
6989a4dd10805f5685d67979,Fiction
6989a4dd10805f5685d6797a,Juvenile Fiction
6989a4dd10805f5685d6797c,Herbs
6989a4dd10805f5685d6797e,Juvenile Fiction
6989a4dd10805f5685d67980,Sports
6989a4dd10805f5685d67982,Families
6989a4dd10805f5685d67983,General
6989a4dd10805f5685d67984,Psychology
6989a4dd10805f5685d67986,Education
6989a4dd10805f5685d67988,Fiction
6989a4dd10805f5685d6798a,Fiction
6989a4dd10805f5685d6798b,Fiction
6989a4dd10805f5685d6798c,General
6989a4dd10805f5685d6798d,Juvenile Fiction
6989a4dd10805f5685d6798f,Juvenile Fiction
6989a4dd10805f5685d67990,Fiction
6989a4dd10805f5685d67992,General
6989a4dd10805f5685d67993,General
6989a4dd10805f5685d67995,Fiction
6989a4dd10805f5685d67997,Technology
6989a4dd10805f5685d67999,General
6989a4dd10805f5685d6799a,Technology
6989a4dd10805f5685d6799b,Historical Fiction
6989a4dd10805f5685d6799d,Biography
6989a4dd10805f5685d6799f,General
6989a4dd10805f5685d679a1,Large Type Books
6989a4dd10805f5685d679a3,Fiction
6989a4dd10805f5685d679a5,Photography
6989a4dd10805f5685d679a5,Erotic
6989a4dd10805f5685d679a7,Juvenile Fiction
6989a4dd10805f5685d679a9,Performing Arts
6989a4dd10805f5685d679ab,Games
6989a4dd10805f5685d679ad,Fiction
6989a4dd10805f5685d679af,Fiction
6989a4dd10805f5685d679b0,Fiction
6989a4dd10805f5685d679b1,Fiction
6989a4dd10805f5685d679b3,General
6989a4dd10805f5685d679b4,General
6989a4dd10805f5685d679b5,Biography
6989a4dd10805f5685d679b7,Fiction
6989a4dd10805f5685d679b9,Communities
6989a4dd10805f5685d679bb,Battle
6989a4dd10805f5685d679bb,Superintendent (fictitious Character)
6989a4dd10805f5685d679bc,Fiction
6989a4dd10805f5685d679bd,Cooking
6989a4dd10805f5685d679bf,General
6989a4dd10805f5685d679c1,History
6989a4dd10805f5685d679c3,Fiction
6989a4dd10805f5685d679c4,Religion
6989a4dd10805f5685d679c6,Fiction
6989a4dd10805f5685d679c8,Computers
6989a4dd10805f5685d679ca,Fiction
6989a4dd10805f5685d679cc,Love Stories
6989a4dd10805f5685d679cd,Child Rearing
6989a4dd10805f5685d679cf,Poetry
6989a4dd10805f5685d679d1,Juvenile Fiction
6989a4dd10805f5685d679d2,General
6989a4dd10805f5685d679d3,General
6989a4dd10805f5685d679d5,Antinuclear Movement
6989a4dd10805f5685d679d7,Fiction
6989a4dd10805f5685d679d8,Humor
6989a4dd10805f5685d679d9,Young Adult Fiction
6989a4dd10805f5685d679db,Fiction
6989a4dd10805f5685d679dc,Literary Collections
6989a4dd10805f5685d679de,Antiques
6989a4dd10805f5685d679e0,General
6989a4dd10805f5685d679e1,Fiction
6989a4dd10805f5685d679e3,General
6989a4dd10805f5685d679e4,General
6989a4dd10805f5685d679e5,Fiction
6989a4dd10805f5685d679e6,Fiction
6989a4dd10805f5685d679e8,Fiction
6989a4dd10805f5685d679ea,Fiction
6989a4dd10805f5685d679eb,Fiction
6989a4dd10805f5685d679ed,General
6989a4dd10805f5685d679ee,Juvenile Nonfiction
6989a4dd10805f5685d679f0,Fiction
6989a4dd10805f5685d679f1,Fiction
6989a4dd10805f5685d679f3,Juvenile Fiction
6989a4dd10805f5685d679f5,History
6989a4dd10805f5685d679f7,General
6989a4dd10805f5685d679f9,Fiction
6989a4dd10805f5685d679fb,General
6989a4dd10805f5685d679fc,Fiction
6989a4dd10805f5685d679fd,Biography
6989a4dd10805f5685d679ff,Fiction
6989a4dd10805f5685d67a01,Fiction
6989a4dd10805f5685d67a03,General
6989a4dd10805f5685d67a04,Fiction
6989a4dd10805f5685d67a06,Diana (roman Deity)
6989a4dd10805f5685d67a08,Literary Criticism
6989a4dd10805f5685d67a0a,Young Adult Fiction
6989a4dd10805f5685d67a0c,Music
6989a4dd10805f5685d67a0e,Fiction
6989a4dd10805f5685d67a10,Fiction
6989a4dd10805f5685d67a12,Juvenile Fiction
6989a4dd10805f5685d67a14,Music
6989a4dd10805f5685d67a16,General
6989a4dd10805f5685d67a18,Juvenile Fiction
6989a4dd10805f5685d67a1a,Fiction
6989a4dd10805f5685d67a1b,General
6989a4dd10805f5685d67a1c,Fiction
6989a4dd10805f5685d67a1e,Juvenile Nonfiction
6989a4dd10805f5685d67a20,Fiction
6989a4dd10805f5685d67a22,General
6989a4dd10805f5685d67a23,Fiction
6989a4dd10805f5685d67a24,Business
6989a4dd10805f5685d67a26,Fiction
6989a4dd10805f5685d67a27,Social Science
6989a4dd10805f5685d67a29,Fiction
6989a4dd10805f5685d67a2b,General
6989a4dd10805f5685d67a2c,General
6989a4dd10805f5685d67a2d,Fiction
6989a4dd10805f5685d67a2f,Fiction
6989a4dd10805f5685d67a31,Religion
6989a4dd10805f5685d67a33,Juvenile Fiction
6989a4dd10805f5685d67a35,Art
6989a4dd10805f5685d67a37,Juvenile Fiction
6989a4dd10805f5685d67a39,Fiction
6989a4dd10805f5685d67a3b,Religion
6989a4dd10805f5685d67a3c,Fiction
6989a4dd10805f5685d67a3d,Fairy Tales
6989a4dd10805f5685d67a3f,Fiction
6989a4dd10805f5685d67a41,Arabs
6989a4dd10805f5685d67a43,Self-actualization (psychology)
6989a4dd10805f5685d67a45,Juvenile Fiction
6989a4dd10805f5685d67a46,General
6989a4dd10805f5685d67a47,Friendship
6989a4dd10805f5685d67a49,Fiction
6989a4dd10805f5685d67a4b,Holocaust
6989a4dd10805f5685d67a4b,Jewish (1939-1945)
6989a4dd10805f5685d67a4d,Fiction
6989a4dd10805f5685d67a4f,Fiction
6989a4dd10805f5685d67a50,Fiction
6989a4dd10805f5685d67a52,General
6989a4dd10805f5685d67a54,Biography
6989a4dd10805f5685d67a56,Fiction
6989a4dd10805f5685d67a57,Medical
6989a4dd10805f5685d67a59,Political Science
6989a4dd10805f5685d67a5b,Fiction
6989a4dd10805f5685d67a5d,Fiction
6989a4dd10805f5685d67a5f,Biography
6989a4dd10805f5685d67a61,Fiction
6989a4dd10805f5685d67a62,Fiction
6989a4dd10805f5685d67a63,General
6989a4dd10805f5685d67a64,General
6989a4dd10805f5685d67a65,Fiction
6989a4dd10805f5685d67a67,Fiction
6989a4dd10805f5685d67a69,Health
6989a4dd10805f5685d67a6b,Czech Fiction
6989a4dd10805f5685d67a6c,History
6989a4dd10805f5685d67a6e,Games
6989a4dd10805f5685d67a70,Antiques
6989a4dd10805f5685d67a72,Fiction
6989a4dd10805f5685d67a73,Fiction
6989a4dd10805f5685d67a75,General
6989a4dd10805f5685d67a76,Fiction
6989a4dd10805f5685d67a77,Fiction
6989a4dd10805f5685d67a78,Self-help
6989a4dd10805f5685d67a7a,Fiction
6989a4dd10805f5685d67a7b,Fiction
6989a4dd10805f5685d67a7c,General
6989a4dd10805f5685d67a7d,Fiction
6989a4dd10805f5685d67a7f,Fiction
6989a4dd10805f5685d67a81,Literary Criticism
6989a4dd10805f5685d67a83,Religion
6989a4dd10805f5685d67a85,Fiction
6989a4dd10805f5685d67a86,Fiction
6989a4dd10805f5685d67a88,Science Fiction
6989a4dd10805f5685d67a88,French
6989a4dd10805f5685d67a8a,Fiction
6989a4dd10805f5685d67a8c,Fiction
6989a4dd10805f5685d67a8d,Social Science
6989a4dd10805f5685d67a8f,Biography
6989a4dd10805f5685d67a91,Self-help
6989a4dd10805f5685d67a93,Business
6989a4dd10805f5685d67a95,Juvenile Fiction
6989a4dd10805f5685d67a97,Fiction
6989a4dd10805f5685d67a98,Fiction
6989a4dd10805f5685d67a9a,Fiction
6989a4dd10805f5685d67a9b,General
6989a4dd10805f5685d67a9c,Humor
6989a4dd10805f5685d67a9d,Fiction
6989a4dd10805f5685d67a9f,Fiction
6989a4dd10805f5685d67aa1,Social Science
6989a4dd10805f5685d67aa3,General
6989a4dd10805f5685d67aa5,General
6989a4dd10805f5685d67aa6,Fiction
6989a4dd10805f5685d67aa7,Fiction
6989a4dd10805f5685d67aa8,History
6989a4dd10805f5685d67aa9,Fiction
6989a4dd10805f5685d67aab,Biography
6989a4dd10805f5685d67aad,Religion
6989a4dd10805f5685d67aaf,Body
6989a4dd10805f5685d67aaf,Mind
6989a4dd10805f5685d67ab1,Fiction
6989a4dd10805f5685d67ab2,Biography
6989a4dd10805f5685d67ab4,Poetry
6989a4dd10805f5685d67ab5,General
6989a4dd10805f5685d67ab6,Religion
6989a4dd10805f5685d67ab8,General
6989a4dd10805f5685d67ab9,Philosophy
6989a4dd10805f5685d67abb,Social Science
6989a4dd10805f5685d67abd,General
6989a4dd10805f5685d67abe,Generals
6989a4dd10805f5685d67ac0,Fiction
6989a4dd10805f5685d67ac1,General
6989a4dd10805f5685d67ac2,General
6989a4dd10805f5685d67ac3,Computers
6989a4dd10805f5685d67ac4,General
6989a4dd10805f5685d67ac5,Juvenile Fiction
6989a4dd10805f5685d67ac7,Fantasy Fiction
6989a4dd10805f5685d67ac8,Fiction
6989a4dd10805f5685d67ac9,Fiction
6989a4dd10805f5685d67acb,Brain
6989a4dd10805f5685d67acd,Fiction
6989a4dd10805f5685d67acf,General
6989a4dd10805f5685d67ad0,General
6989a4dd10805f5685d67ad1,Education
6989a4dd10805f5685d67ad3,General
6989a4dd10805f5685d67ad4,General
6989a4dd10805f5685d67ad5,Aunts
6989a4dd10805f5685d67ad6,Fiction
6989a4dd10805f5685d67ad8,Fiction
6989a4dd10805f5685d67ada,Self-help
6989a4dd10805f5685d67adc,Civilization
6989a4dd10805f5685d67adc,Medieval
6989a4dd10805f5685d67add,Fiction
6989a4dd10805f5685d67adf,Good And Evil
6989a4dd10805f5685d67ae1,Social Science
6989a4dd10805f5685d67ae3,General
6989a4dd10805f5685d67ae4,General
6989a4dd10805f5685d67ae5,Fiction
6989a4dd10805f5685d67ae7,Fiction
6989a4dd10805f5685d67ae9,General
6989a4dd10805f5685d67aea,Fiction
6989a4dd10805f5685d67aec,Fiction
6989a4dd10805f5685d67aed,Social Science
6989a4dd10805f5685d67aee,Juvenile Fiction
6989a4dd10805f5685d67af0,Experience
6989a4dd10805f5685d67af2,Juvenile Fiction
6989a4dd10805f5685d67af4,Biography
6989a4dd10805f5685d67af6,General
6989a4dd10805f5685d67af7,Fiction
6989a4dd10805f5685d67af9,Fiction
6989a4dd10805f5685d67afb,Literary Collections
6989a4dd10805f5685d67afd,Biography
6989a4dd10805f5685d67aff,Religion
6989a4dd10805f5685d67b01,General
6989a4dd10805f5685d67b02,College Students
6989a4dd10805f5685d67b04,General
6989a4dd10805f5685d67b05,Fiction
6989a4dd10805f5685d67b07,Bible
6989a4dd10805f5685d67b09,Business
6989a4dd10805f5685d67b0b,General
6989a4dd10805f5685d67b0c,Comics
6989a4dd10805f5685d67b0e,Jamestown (va.)
6989a4dd10805f5685d67b10,Self-help
6989a4dd10805f5685d67b11,General
6989a4dd10805f5685d67b12,Fiction
6989a4dd10805f5685d67b13,Fiction
6989a4dd10805f5685d67b15,Fiction
6989a4dd10805f5685d67b17,Authors
6989a4dd10805f5685d67b17,American
6989a4dd10805f5685d67b19,Fiction
6989a4dd10805f5685d67b1b,Family
6989a4dd10805f5685d67b1c,Religion
6989a4dd10805f5685d67b1e,History
6989a4dd10805f5685d67b20,Biography
6989a4dd10805f5685d67b22,Fiction
6989a4dd10805f5685d67b24,Fiction
6989a4dd10805f5685d67b26,Fiction
6989a4dd10805f5685d67b27,Fiction
6989a4dd10805f5685d67b29,Juvenile Fiction
6989a4dd10805f5685d67b2a,Fiction
6989a4dd10805f5685d67b2c,General
6989a4dd10805f5685d67b2d,Fiction
6989a4dd10805f5685d67b2f,Fiction
6989a4dd10805f5685d67b30,Fiction
6989a4dd10805f5685d67b31,Social Science
6989a4dd10805f5685d67b33,Young Adult Fiction
6989a4dd10805f5685d67b34,Juvenile Fiction
6989a4dd10805f5685d67b36,Fiction
6989a4dd10805f5685d67b38,Education
6989a4dd10805f5685d67b3a,Fiction
6989a4dd10805f5685d67b3c,Fiction
6989a4dd10805f5685d67b3e,Fiction
6989a4dd10805f5685d67b3f,Fiction
6989a4dd10805f5685d67b40,General
6989a4dd10805f5685d67b41,Electronic Books
6989a4dd10805f5685d67b43,General
6989a4dd10805f5685d67b44,Russia
6989a4dd10805f5685d67b46,Fiction
6989a4dd10805f5685d67b47,Juvenile Fiction
6989a4dd10805f5685d67b49,Fiction
6989a4dd10805f5685d67b4b,General
6989a4dd10805f5685d67b4d,Fiction
6989a4dd10805f5685d67b4f,Juvenile Fiction
6989a4dd10805f5685d67b51,Pets
6989a4dd10805f5685d67b52,Adventure Stories
6989a4dd10805f5685d67b53,Fiction
6989a4dd10805f5685d67b54,English Poetry
6989a4dd10805f5685d67b56,Fiction
6989a4dd10805f5685d67b58,General
6989a4dd10805f5685d67b5a,Fiction
6989a4dd10805f5685d67b5b,Juvenile Nonfiction
6989a4dd10805f5685d67b5d,General
6989a4dd10805f5685d67b5f,Fiction
6989a4dd10805f5685d67b61,Fiction
6989a4dd10805f5685d67b62,Juvenile Fiction
6989a4dd10805f5685d67b63,General
6989a4dd10805f5685d67b64,General
6989a4dd10805f5685d67b65,Pets
6989a4dd10805f5685d67b67,History
6989a4dd10805f5685d67b69,General
6989a4dd10805f5685d67b6b,Fiction
6989a4dd10805f5685d67b6c,General
6989a4dd10805f5685d67b6d,Fiction
6989a4dd10805f5685d67b6f,General
6989a4dd10805f5685d67b70,Biography
6989a4dd10805f5685d67b71,Fiction
6989a4dd10805f5685d67b73,Fiction
6989a4dd10805f5685d67b75,Rome
6989a4dd10805f5685d67b77,True Crime
6989a4dd10805f5685d67b78,Fiction
6989a4dd10805f5685d67b7a,Fiction
6989a4dd10805f5685d67b7b,Fiction
6989a4dd10805f5685d67b7d,Common Interest Ownership Communities
6989a4dd10805f5685d67b7f,Juvenile Fiction
6989a4dd10805f5685d67b81,Fiction
6989a4dd10805f5685d67b82,General
6989a4dd10805f5685d67b83,General
6989a4dd10805f5685d67b84,Dream Interpretation
6989a4dd10805f5685d67b86,General
6989a4dd10805f5685d67b88,Fiction
6989a4dd10805f5685d67b8a,General
6989a4dd10805f5685d67b8b,General
6989a4dd10805f5685d67b8d,Family
6989a4dd10805f5685d67b8f,Juvenile Fiction
6989a4dd10805f5685d67b90,Fiction
6989a4dd10805f5685d67b91,Fiction
6989a4dd10805f5685d67b93,Humor
6989a4dd10805f5685d67b95,General
6989a4dd10805f5685d67b97,General
6989a4dd10805f5685d67b98,Fiction
6989a4dd10805f5685d67b9a,Germany
6989a4dd10805f5685d67b9c,Foreign Language Study
6989a4dd10805f5685d67b9d,Fiction
6989a4dd10805f5685d67b9f,Juvenile Fiction
6989a4dd10805f5685d67ba1,Fiction
6989a4dd10805f5685d67ba2,General
6989a4dd10805f5685d67ba3,Religion
6989a4dd10805f5685d67ba4,Social Science
6989a4dd10805f5685d67ba6,Australian Fiction
6989a4dd10805f5685d67ba7,History
6989a4dd10805f5685d67ba9,Fiction
6989a4dd10805f5685d67bab,Family
6989a4dd10805f5685d67bad,General
6989a4dd10805f5685d67bae,Juvenile Fiction
6989a4dd10805f5685d67bb0,Biography
6989a4dd10805f5685d67bb2,Biography
6989a4dd10805f5685d67bb4,Biography
6989a4dd10805f5685d67bb6,Technology
6989a4dd10805f5685d67bb8,Fiction
6989a4dd10805f5685d67bb9,Biography
6989a4dd10805f5685d67bbb,Fiction
6989a4dd10805f5685d67bbd,Fiction
6989a4dd10805f5685d67bbe,General
6989a4dd10805f5685d67bc0,Humor
6989a4dd10805f5685d67bc2,Crime
6989a4dd10805f5685d67bc4,Fiction
6989a4dd10805f5685d67bc5,General
6989a4dd10805f5685d67bc7,Fiction
6989a4dd10805f5685d67bc8,British
6989a4dd10805f5685d67bca,History
6989a4dd10805f5685d67bcc,General
6989a4dd10805f5685d67bcd,Music
6989a4dd10805f5685d67bcf,England
6989a4dd10805f5685d67bd1,Fiction
6989a4dd10805f5685d67bd3,Fiction
6989a4dd10805f5685d67bd5,General
6989a4dd10805f5685d67bd6,Fiction
6989a4dd10805f5685d67bd8,Fiction
6989a4dd10805f5685d67bd9,Fiction
6989a4dd10805f5685d67bda,General
6989a4dd10805f5685d67bdb,Body
6989a4dd10805f5685d67bdb,Mind
6989a4dd10805f5685d67bdd,General
6989a4dd10805f5685d67bde,Fiction
6989a4dd10805f5685d67be0,Fiction
6989a4dd10805f5685d67be2,Fiction
6989a4dd10805f5685d67be3,Fiction
6989a4dd10805f5685d67be5,Fiction
6989a4dd10805f5685d67be7,Fiction
6989a4dd10805f5685d67be8,Fiction
6989a4dd10805f5685d67bea,Biography
6989a4dd10805f5685d67bec,Fiction
6989a4dd10805f5685d67bed,General
6989a4dd10805f5685d67bee,Business
6989a4dd10805f5685d67bf0,General
6989a4dd10805f5685d67bf1,Fiction
6989a4dd10805f5685d67bf2,Religion
6989a4dd10805f5685d67bf4,General
6989a4dd10805f5685d67bf5,Back Bay (boston
6989a4dd10805f5685d67bf5,Mass.)
6989a4dd10805f5685d67bf7,General
6989a4dd10805f5685d67bf9,Fiction
6989a4dd10805f5685d67bfb,Fiction
6989a4dd10805f5685d67bfc,World War
6989a4dd10805f5685d67bfc,1939-1945
6989a4dd10805f5685d67bfd,Fiction
6989a4dd10805f5685d67bfe,Fiction
6989a4dd10805f5685d67c00,Fiction
6989a4dd10805f5685d67c01,Fiction
6989a4dd10805f5685d67c03,Brooklyn (new York
6989a4dd10805f5685d67c03,N.y.)
6989a4dd10805f5685d67c05,Fiction
6989a4dd10805f5685d67c07,Biography
6989a4dd10805f5685d67c09,Fiction
6989a4dd10805f5685d67c0a,Fiction
6989a4dd10805f5685d67c0c,Fiction
6989a4dd10805f5685d67c0e,Fiction
6989a4dd10805f5685d67c0f,Fiction
6989a4dd10805f5685d67c10,Fiction
6989a4dd10805f5685d67c12,Health
6989a4dd10805f5685d67c14,Horses
6989a4dd10805f5685d67c15,Fiction
6989a4dd10805f5685d67c17,Crawford
6989a4dd10805f5685d67c17,Francis (fictitious Character)
6989a4dd10805f5685d67c19,Body
6989a4dd10805f5685d67c19,Mind
6989a4dd10805f5685d67c1b,Juvenile Fiction
6989a4dd10805f5685d67c1d,Fiction
6989a4dd10805f5685d67c1e,History
6989a4dd10805f5685d67c20,Intelligence Service
6989a4dd10805f5685d67c21,Friendship
6989a4dd10805f5685d67c22,Performing Arts
6989a4dd10805f5685d67c24,Body
6989a4dd10805f5685d67c24,Mind
6989a4dd10805f5685d67c26,History
6989a4dd10805f5685d67c27,Fiction
6989a4dd10805f5685d67c28,Alcoholics
6989a4dd10805f5685d67c2a,General
6989a4dd10805f5685d67c2b,True Crime
6989a4dd10805f5685d67c2d,Fiction
6989a4dd10805f5685d67c2f,Fiction
6989a4dd10805f5685d67c30,Social Science
6989a4dd10805f5685d67c32,Fiction
6989a4dd10805f5685d67c33,Social Science
6989a4dd10805f5685d67c35,Clergy
6989a4dd10805f5685d67c37,Fiction
6989a4dd10805f5685d67c39,Fiction
6989a4dd10805f5685d67c3a,Fiction
6989a4dd10805f5685d67c3c,General
6989a4dd10805f5685d67c3d,Juvenile Fiction
6989a4dd10805f5685d67c3f,General
6989a4dd10805f5685d67c40,Juvenile Fiction
6989a4dd10805f5685d67c42,Fiction
6989a4dd10805f5685d67c44,History
6989a4dd10805f5685d67c46,General
6989a4dd10805f5685d67c47,Poetry
6989a4dd10805f5685d67c49,Conversation Analysis
6989a4dd10805f5685d67c4b,Fiction
6989a4dd10805f5685d67c4c,Conduct Of Life
6989a4dd10805f5685d67c4e,Fiction
6989a4dd10805f5685d67c4f,Fiction
6989a4dd10805f5685d67c51,Fiction
6989a4dd10805f5685d67c53,Self-help
6989a4dd10805f5685d67c54,Juvenile Fiction
6989a4dd10805f5685d67c55,Fiction
6989a4dd10805f5685d67c57,Fiction
6989a4dd10805f5685d67c58,Fiction
6989a4dd10805f5685d67c5a,True Crime
6989a4dd10805f5685d67c5c,General
6989a4dd10805f5685d67c5d,Biography
6989a4dd10805f5685d67c5e,Literary Criticism
6989a4dd10805f5685d67c60,Fiction
6989a4dd10805f5685d67c61,Science
6989a4dd10805f5685d67c63,Fiction
6989a4dd10805f5685d67c64,Religion
6989a4dd10805f5685d67c66,Language Arts
6989a4dd10805f5685d67c68,General
6989a4dd10805f5685d67c69,Fiction
6989a4dd10805f5685d67c6b,Family
6989a4dd10805f5685d67c6d,Fiction
6989a4dd10805f5685d67c6f,Fiction
6989a4dd10805f5685d67c70,Mythology
6989a4dd10805f5685d67c72,General
6989a4dd10805f5685d67c73,Comics
6989a4dd10805f5685d67c75,Young Adult Fiction
6989a4dd10805f5685d67c76,Medical
6989a4dd10805f5685d67c77,General
6989a4dd10805f5685d67c78,General
6989a4dd10805f5685d67c79,Fiction
6989a4dd10805f5685d67c7b,Psychology
6989a4dd10805f5685d67c7d,Juvenile Fiction
6989a4dd10805f5685d67c7f,General
6989a4dd10805f5685d67c80,Detective And Mystery Stories
6989a4dd10805f5685d67c81,Fiction
6989a4dd10805f5685d67c83,General
6989a4dd10805f5685d67c84,Religion
6989a4dd10805f5685d67c86,General
6989a4dd10805f5685d67c87,Fiction
6989a4dd10805f5685d67c88,Biography
6989a4dd10805f5685d67c8a,Social Science
6989a4dd10805f5685d67c8c,Philosophy
6989a4dd10805f5685d67c8e,Fiction
6989a4dd10805f5685d67c8f,Fiction
6989a4dd10805f5685d67c90,Biography
6989a4dd10805f5685d67c92,Travel
6989a4dd10805f5685d67c93,Fiction
6989a4dd10805f5685d67c95,Fiction
6989a4dd10805f5685d67c96,Nature
6989a4dd10805f5685d67c97,Juvenile Fiction
6989a4dd10805f5685d67c98,Comics
6989a4dd10805f5685d67c9a,Biography
6989a4dd10805f5685d67c9c,Poetry
6989a4dd10805f5685d67c9e,Business
6989a4dd10805f5685d67ca0,Arizona
6989a4dd10805f5685d67ca1,True Crime
6989a4dd10805f5685d67ca3,General
6989a4dd10805f5685d67ca4,Children's Stories
6989a4dd10805f5685d67ca6,Social Science
6989a4dd10805f5685d67ca8,Fiction
6989a4dd10805f5685d67ca9,Fiction
6989a4dd10805f5685d67cab,Nature
6989a4dd10805f5685d67cad,Language Arts
6989a4dd10805f5685d67caf,Juvenile Fiction
6989a4dd10805f5685d67cb0,History
6989a4dd10805f5685d67cb2,Hercules (roman Mythology)
6989a4dd10805f5685d67cb4,Fiction
6989a4dd10805f5685d67cb6,General
6989a4dd10805f5685d67cb7,Fiction
6989a4dd10805f5685d67cb8,Fiction
6989a4dd10805f5685d67cba,Fiction
6989a4dd10805f5685d67cbc,Political Science
6989a4dd10805f5685d67cbe,Fiction
6989a4dd10805f5685d67cc0,Fiction
6989a4dd10805f5685d67cc2,Religion
6989a4dd10805f5685d67cc4,True Crime
6989a4dd10805f5685d67cc5,Self-help
6989a4dd10805f5685d67cc7,Fiction
6989a4dd10805f5685d67cc9,Fiction
6989a4dd10805f5685d67ccb,Young Adult Nonfiction
6989a4dd10805f5685d67ccd,General
6989a4dd10805f5685d67cce,Fiction
6989a4dd10805f5685d67ccf,General
6989a4dd10805f5685d67cd0,English Language
6989a4dd10805f5685d67cd2,Young Adult Fiction
6989a4dd10805f5685d67cd4,Games
6989a4dd10805f5685d67cd6,Political Science
6989a4dd10805f5685d67cd8,General
6989a4dd10805f5685d67cd9,Fiction
6989a4dd10805f5685d67cdb,General
6989a4dd10805f5685d67cdc,General
6989a4dd10805f5685d67cdd,Fiction
6989a4dd10805f5685d67cde,Fiction
6989a4dd10805f5685d67cdf,Ice Skaters.
6989a4dd10805f5685d67ce1,Literary Criticism
6989a4dd10805f5685d67ce3,Fiction
6989a4dd10805f5685d67ce4,Fiction
6989a4dd10805f5685d67ce5,Fiction
6989a4dd10805f5685d67ce7,Entertainers
6989a4dd10805f5685d67ce9,English Fiction
6989a4dd10805f5685d67cea,Fiction
6989a4dd10805f5685d67cec,Biography
6989a4dd10805f5685d67cee,General
6989a4dd10805f5685d67cef,Fiction
6989a4dd10805f5685d67cf1,Young Adult Fiction
6989a4dd10805f5685d67cf3,Juvenile Fiction
6989a4dd10805f5685d67cf4,Biography
6989a4dd10805f5685d67cf6,Fiction
6989a4dd10805f5685d67cf8,Music
6989a4dd10805f5685d67cfa,Great Britain
6989a4dd10805f5685d67cfc,General
6989a4dd10805f5685d67cfd,True Crime
6989a4dd10805f5685d67cff,Comics
6989a4dd10805f5685d67d01,History
6989a4dd10805f5685d67d03,General
6989a4dd10805f5685d67d04,Literary Criticism
6989a4dd10805f5685d67d05,Reference
6989a4dd10805f5685d67d07,General
6989a4dd10805f5685d67d08,Fiction
6989a4dd10805f5685d67d0a,Law
6989a4dd10805f5685d67d0c,Biography
6989a4dd10805f5685d67d0e,Poetry
6989a4dd10805f5685d67d10,Biography
6989a4dd10805f5685d67d12,Juvenile Nonfiction
6989a4dd10805f5685d67d14,Juvenile Fiction
6989a4dd10805f5685d67d16,Humor
6989a4dd10805f5685d67d17,Fiction
6989a4dd10805f5685d67d18,Escort Services
6989a4dd10805f5685d67d1a,Fiction
6989a4dd10805f5685d67d1c,Fiction
6989a4dd10805f5685d67d1d,General
6989a4dd10805f5685d67d1e,Fiction
6989a4dd10805f5685d67d1f,Fiction
6989a4dd10805f5685d67d20,Children's Literature
6989a4dd10805f5685d67d21,Philosophy
6989a4dd10805f5685d67d23,Fiction
6989a4dd10805f5685d67d25,Fiction
6989a4dd10805f5685d67d26,General
6989a4dd10805f5685d67d28,Fiction
6989a4dd10805f5685d67d29,History
6989a4dd10805f5685d67d2b,Juvenile Fiction
6989a4dd10805f5685d67d2d,Business
6989a4dd10805f5685d67d2f,Juvenile Fiction
6989a4dd10805f5685d67d31,Fiction
6989a4dd10805f5685d67d32,Law
6989a4dd10805f5685d67d34,Fiction
6989a4dd10805f5685d67d36,General
6989a4dd10805f5685d67d38,Nature
6989a4dd10805f5685d67d3a,Fiction
6989a4dd10805f5685d67d3c,Juvenile Fiction
6989a4dd10805f5685d67d3e,Fiction
6989a4dd10805f5685d67d40,Drama
6989a4dd10805f5685d67d42,Self-help
6989a4dd10805f5685d67d44,Fiction
6989a4dd10805f5685d67d45,History
6989a4dd10805f5685d67d47,Fiction
6989a4dd10805f5685d67d49,Fiction
6989a4dd10805f5685d67d4a,Travel
6989a4dd10805f5685d67d4c,Social Science
6989a4dd10805f5685d67d4e,General
6989a4dd10805f5685d67d50,Fiction
6989a4dd10805f5685d67d52,General
6989a4dd10805f5685d67d53,Fiction
6989a4dd10805f5685d67d55,Biography
6989a4dd10805f5685d67d57,Fiction
6989a4dd10805f5685d67d59,Philosophy
6989a4dd10805f5685d67d5b,Fiction
6989a4dd10805f5685d67d5c,Fiction
6989a4dd10805f5685d67d5d,Young Adult Fiction
6989a4dd10805f5685d67d5e,General
6989a4dd10805f5685d67d5f,Juvenile Fiction
6989a4dd10805f5685d67d61,Fiction
6989a4dd10805f5685d67d62,Courage
6989a4dd10805f5685d67d64,General
6989a4dd10805f5685d67d66,History
6989a4dd10805f5685d67d68,General
6989a4dd10805f5685d67d69,Fiction
6989a4dd10805f5685d67d6b,Drama
6989a4dd10805f5685d67d6d,Fiction
6989a4dd10805f5685d67d6f,Psychology
6989a4dd10805f5685d67d71,Fiction
6989a4dd10805f5685d67d73,Fiction
6989a4dd10805f5685d67d74,Fiction
6989a4dd10805f5685d67d75,Young Adult Fiction
6989a4dd10805f5685d67d77,Fiction
6989a4dd10805f5685d67d78,General
6989a4dd10805f5685d67d79,Comics
6989a4dd10805f5685d67d7b,Fiction
6989a4dd10805f5685d67d7c,Fiction
6989a4dd10805f5685d67d7d,Juvenile Fiction
6989a4dd10805f5685d67d7e,Fiction
6989a4dd10805f5685d67d7f,Fiction
6989a4dd10805f5685d67d80,Family
6989a4dd10805f5685d67d82,Social Science
6989a4dd10805f5685d67d84,Self-help
6989a4dd10805f5685d67d86,Fiction
6989a4dd10805f5685d67d87,Poetry
6989a4dd10805f5685d67d89,Fiction
6989a4dd10805f5685d67d8b,General
6989a4dd10805f5685d67d8c,General
6989a4dd10805f5685d67d8e,Psychology
6989a4dd10805f5685d67d90,Juvenile Fiction
6989a4dd10805f5685d67d92,Fiction
6989a4dd10805f5685d67d93,Education
6989a4dd10805f5685d67d95,Fiction
6989a4dd10805f5685d67d96,General
6989a4dd10805f5685d67d97,Fiction
6989a4dd10805f5685d67d98,Biography
6989a4dd10805f5685d67d9a,Fiction
6989a4dd10805f5685d67d9c,Fiction
6989a4dd10805f5685d67d9d,Biography
6989a4dd10805f5685d67d9f,Fiction
6989a4dd10805f5685d67da0,Biography
6989a4dd10805f5685d67da2,Fiction
6989a4dd10805f5685d67da3,General
6989a4dd10805f5685d67da4,Fiction
6989a4dd10805f5685d67da5,Fiction
6989a4dd10805f5685d67da7,Biography
6989a4dd10805f5685d67da9,Language Arts
6989a4dd10805f5685d67dab,Foreign Language Study
6989a4dd10805f5685d67dad,Fiction
6989a4dd10805f5685d67daf,Fiction
6989a4dd10805f5685d67db0,General
6989a4dd10805f5685d67db1,General
6989a4dd10805f5685d67db2,General
6989a4dd10805f5685d67db3,Fiction
6989a4dd10805f5685d67db5,Fairy Tales
6989a4dd10805f5685d67db7,Fathers And Sons
6989a4dd10805f5685d67db9,Fiction
6989a4dd10805f5685d67dba,Juvenile Nonfiction
6989a4dd10805f5685d67dbc,Psychology
6989a4dd10805f5685d67dbe,Fiction
6989a4dd10805f5685d67dc0,Fiction
6989a4dd10805f5685d67dc1,General
6989a4dd10805f5685d67dc2,Fiction
6989a4dd10805f5685d67dc4,American Poetry
6989a4dd10805f5685d67dc6,Fiction
6989a4dd10805f5685d67dc7,Conspiracies
6989a4dd10805f5685d67dc9,Self-help
6989a4dd10805f5685d67dcb,Pets
6989a4dd10805f5685d67dcd,Fiction
6989a4dd10805f5685d67dce,Juvenile Fiction
6989a4dd10805f5685d67dd0,Fiction
6989a4dd10805f5685d67dd1,General
6989a4dd10805f5685d67dd2,Fiction
6989a4dd10805f5685d67dd4,Fiction
6989a4dd10805f5685d67dd5,Fiction
6989a4dd10805f5685d67dd7,General
6989a4dd10805f5685d67dd9,Juvenile Fiction
6989a4dd10805f5685d67dda,Fiction
6989a4dd10805f5685d67ddc,Fiction
6989a4dd10805f5685d67ddd,Fiction
6989a4dd10805f5685d67dde,History
6989a4dd10805f5685d67de0,Emigration And Immigration
6989a4dd10805f5685d67de2,Fiction
6989a4dd10805f5685d67de3,American Literature
6989a4dd10805f5685d67de4,Fiction
6989a4dd10805f5685d67de6,Fiction
6989a4dd10805f5685d67de7,Technology
6989a4dd10805f5685d67de8,Fiction
6989a4dd10805f5685d67de9,Biography
6989a4dd10805f5685d67deb,True Crime
6989a4dd10805f5685d67ded,Fiction
6989a4dd10805f5685d67dee,Body
6989a4dd10805f5685d67dee,Mind
6989a4dd10805f5685d67df0,Juvenile Fiction
6989a4dd10805f5685d67df1,Russian Poetry
6989a4dd10805f5685d67df3,Juvenile Fiction
6989a4dd10805f5685d67df5,Fiction
6989a4dd10805f5685d67df7,Fiction
6989a4dd10805f5685d67df9,Fiction
6989a4dd10805f5685d67dfb,Education
6989a4dd10805f5685d67dfd,General
6989a4dd10805f5685d67dff,History
6989a4dd10805f5685d67e01,General
6989a4dd10805f5685d67e02,Poetry
6989a4dd10805f5685d67e04,History
6989a4dd10805f5685d67e06,General
6989a4dd10805f5685d67e07,Fiction
6989a4dd10805f5685d67e09,General
6989a4dd10805f5685d67e0b,Adolescence
6989a4dd10805f5685d67e0c,Poetry
6989a4dd10805f5685d67e0e,Biography
6989a4dd10805f5685d67e10,Family
6989a4dd10805f5685d67e12,Juvenile Fiction
6989a4dd10805f5685d67e14,Self-help
6989a4dd10805f5685d67e16,Performing Arts
6989a4dd10805f5685d67e18,General
6989a4dd10805f5685d67e19,Business
6989a4dd10805f5685d67e1b,Cooking
6989a4dd10805f5685d67e1d,Fiction
6989a4dd10805f5685d67e1f,Juvenile Fiction
6989a4dd10805f5685d67e21,Fiction
6989a4dd10805f5685d67e23,General
6989a4dd10805f5685d67e24,History
6989a4dd10805f5685d67e26,Adventure Stories
6989a4dd10805f5685d67e28,Fiction
6989a4dd10805f5685d67e2a,Biography
6989a4dd10805f5685d67e2c,Fiction
6989a4dd10805f5685d67e2e,Political Science
6989a4dd10805f5685d67e30,Fiction
6989a4dd10805f5685d67e32,Juvenile Fiction
6989a4dd10805f5685d67e34,Fiction
6989a4dd10805f5685d67e36,Literary Criticism
6989a4dd10805f5685d67e38,Fiction
6989a4dd10805f5685d67e39,Games
6989a4dd10805f5685d67e3b,General
6989a4dd10805f5685d67e3c,Fiction
6989a4dd10805f5685d67e3d,General
6989a4dd10805f5685d67e3f,Art
6989a4dd10805f5685d67e41,Life On Other Planets
6989a4dd10805f5685d67e43,Fiction
6989a4dd10805f5685d67e44,Fiction
6989a4dd10805f5685d67e46,General
6989a4dd10805f5685d67e47,Biography
6989a4dd10805f5685d67e49,General
6989a4dd10805f5685d67e4a,Education
6989a4dd10805f5685d67e4c,Religion
6989a4dd10805f5685d67e4e,Juvenile Fiction
6989a4dd10805f5685d67e50,Hay Fever
6989a4dd10805f5685d67e52,Fiction
6989a4dd10805f5685d67e53,Fiction
6989a4dd10805f5685d67e54,Fiction
6989a4dd10805f5685d67e56,Fiction
6989a4dd10805f5685d67e58,Fiction
6989a4dd10805f5685d67e59,General
6989a4dd10805f5685d67e5a,Biography
6989a4dd10805f5685d67e5c,Fiction
6989a4dd10805f5685d67e5d,Self-help
6989a4dd10805f5685d67e5f,Young Adult Fiction
6989a4dd10805f5685d67e61,Architecture
6989a4dd10805f5685d67e63,Fiction
6989a4dd10805f5685d67e65,Fiction
6989a4dd10805f5685d67e67,General
6989a4dd10805f5685d67e69,Body
6989a4dd10805f5685d67e69,Mind
6989a4dd10805f5685d67e6b,Family
6989a4dd10805f5685d67e6d,Fiction
6989a4dd10805f5685d67e6e,Humor
6989a4dd10805f5685d67e6f,Fiction
6989a4dd10805f5685d67e71,Fiction
6989a4dd10805f5685d67e72,General
6989a4dd10805f5685d67e74,Fiction
6989a4dd10805f5685d67e76,Science
6989a4dd10805f5685d67e78,General
6989a4dd10805f5685d67e79,Fiction
6989a4dd10805f5685d67e7b,General
6989a4dd10805f5685d67e7d,History
6989a4dd10805f5685d67e7f,Aberystwyth (wales)
6989a4dd10805f5685d67e81,General
6989a4dd10805f5685d67e83,General
6989a4dd10805f5685d67e84,Law
6989a4dd10805f5685d67e86,Detective And Mystery Stories
6989a4dd10805f5685d67e87,Fiction
6989a4dd10805f5685d67e89,Biography
6989a4dd10805f5685d67e8b,Fiction
6989a4dd10805f5685d67e8c,Biography
6989a4dd10805f5685d67e8e,Fiction
6989a4dd10805f5685d67e90,Fiction
6989a4dd10805f5685d67e91,General
6989a4dd10805f5685d67e93,Short Stories
6989a4dd10805f5685d67e93,English
6989a4dd10805f5685d67e94,Pets
6989a4dd10805f5685d67e96,Fiction
6989a4dd10805f5685d67e98,Juvenile Fiction
6989a4dd10805f5685d67e99,Juvenile Fiction
6989a4dd10805f5685d67e9b,Health
6989a4dd10805f5685d67e9d,General
6989a4dd10805f5685d67e9f,Fiction
6989a4dd10805f5685d67ea1,General
6989a4dd10805f5685d67ea2,American Literature
6989a4dd10805f5685d67ea3,Children's Stories
6989a4dd10805f5685d67ea5,Fiction
6989a4dd10805f5685d67ea7,Political Science
6989a4dd10805f5685d67ea9,Performing Arts
6989a4dd10805f5685d67eab,Cats
6989a4dd10805f5685d67ead,Reference
6989a4dd10805f5685d67eaf,Juvenile Fiction
6989a4dd10805f5685d67eb1,American Drama
6989a4dd10805f5685d67eb2,General
6989a4dd10805f5685d67eb3,Fiction
6989a4dd10805f5685d67eb4,Fiction
6989a4dd10805f5685d67eb5,Fiction
6989a4dd10805f5685d67eb7,Fiction
6989a4dd10805f5685d67eb9,Humor
6989a4dd10805f5685d67ebb,Performing Arts
6989a4dd10805f5685d67ebd,Fiction
6989a4dd10805f5685d67ebf,Fiction
6989a4dd10805f5685d67ec0,General
6989a4dd10805f5685d67ec2,Fiction
6989a4dd10805f5685d67ec4,General
6989a4dd10805f5685d67ec5,General
6989a4dd10805f5685d67ec6,General
6989a4dd10805f5685d67ec7,English Language
6989a4dd10805f5685d67ec9,Juvenile Nonfiction
6989a4dd10805f5685d67ecb,Fiction
6989a4dd10805f5685d67ecd,Fiction
6989a4dd10805f5685d67ecf,Picaresque Literature
6989a4dd10805f5685d67ed1,True Crime
6989a4dd10805f5685d67ed3,Reincarnation
6989a4dd10805f5685d67ed4,Fiction
6989a4dd10805f5685d67ed6,Fiction
6989a4dd10805f5685d67ed8,Fiction
6989a4dd10805f5685d67eda,Humor
6989a4dd10805f5685d67edc,Travel
6989a4dd10805f5685d67ede,Humor
6989a4dd10805f5685d67edf,Juvenile Fiction
6989a4dd10805f5685d67ee1,General
6989a4dd10805f5685d67ee2,Crime And Criminals
6989a4dd10805f5685d67ee4,Juvenile Fiction
6989a4dd10805f5685d67ee6,Fiction
6989a4dd10805f5685d67ee8,Gay Men
6989a4dd10805f5685d67eea,Fiction
6989a4dd10805f5685d67eeb,Juvenile Fiction
6989a4dd10805f5685d67eec,Fiction
6989a4dd10805f5685d67eee,Fiction
6989a4dd10805f5685d67eef,Man-woman Relationships
6989a4dd10805f5685d67ef1,Self-help
6989a4dd10805f5685d67ef3,Juvenile Nonfiction
6989a4dd10805f5685d67ef5,Juvenile Nonfiction
6989a4dd10805f5685d67ef7,Fiction
6989a4dd10805f5685d67ef8,Juvenile Nonfiction
6989a4dd10805f5685d67efa,African American Women
6989a4dd10805f5685d67efc,Juvenile Fiction
6989a4dd10805f5685d67efe,Fiction
6989a4dd10805f5685d67eff,Fiction
6989a4dd10805f5685d67f00,Fiction
6989a4dd10805f5685d67f02,Philosophy
6989a4dd10805f5685d67f03,Philosophy
6989a4dd10805f5685d67f04,Juvenile Fiction
6989a4dd10805f5685d67f06,Fiction
6989a4dd10805f5685d67f08,Biography
6989a4dd10805f5685d67f0a,Humor
6989a4dd10805f5685d67f0c,Fiction
6989a4dd10805f5685d67f0e,Fiction
6989a4dd10805f5685d67f0f,Juvenile Fiction
6989a4dd10805f5685d67f10,Dinosaurs
6989a4dd10805f5685d67f12,Pets
6989a4dd10805f5685d67f14,General
6989a4dd10805f5685d67f15,Canada
6989a4dd10805f5685d67f16,Cosmetics Industry
6989a4dd10805f5685d67f18,General
6989a4dd10805f5685d67f1a,Fiction
6989a4dd10805f5685d67f1c,Fiction
6989a4dd10805f5685d67f1e,History
6989a4dd10805f5685d67f20,Fiction
6989a4dd10805f5685d67f21,Juvenile Fiction
6989a4dd10805f5685d67f23,General
6989a4dd10805f5685d67f24,Fiction
6989a4dd10805f5685d67f25,Juvenile Fiction
6989a4dd10805f5685d67f26,Business
6989a4dd10805f5685d67f28,Fiction
6989a4dd10805f5685d67f2a,Fiction
6989a4dd10805f5685d67f2c,Family
6989a4dd10805f5685d67f2e,Humor
6989a4dd10805f5685d67f30,Fiction
6989a4dd10805f5685d67f31,Adventure And Adventurers
6989a4dd10805f5685d67f33,Juvenile Fiction
6989a4dd10805f5685d67f35,Fiction
6989a4dd10805f5685d67f36,Fiction
6989a4dd10805f5685d67f38,Piano Music
6989a4dd10805f5685d67f3a,Health
6989a4dd10805f5685d67f3c,Fiction
6989a4dd10805f5685d67f3d,Fiction
6989a4dd10805f5685d67f3f,General
6989a4dd10805f5685d67f40,Political Science
6989a4dd10805f5685d67f42,Conduct Of Life
6989a4dd10805f5685d67f44,Fiction
6989a4dd10805f5685d67f46,General
6989a4dd10805f5685d67f47,General
6989a4dd10805f5685d67f49,Fiction
6989a4dd10805f5685d67f4b,Religion
6989a4dd10805f5685d67f4d,Fiction
6989a4dd10805f5685d67f4f,Biography
6989a4dd10805f5685d67f51,Political Science
6989a4dd10805f5685d67f53,Drama
6989a4dd10805f5685d67f54,Fiction
6989a4dd10805f5685d67f55,Law
6989a4dd10805f5685d67f57,American Fiction
6989a4dd10805f5685d67f58,Biography
6989a4dd10805f5685d67f5a,Fiction
6989a4dd10805f5685d67f5c,Drummers (musicians)
6989a4dd10805f5685d67f5e,Fiction
6989a4dd10805f5685d67f60,Young Adult Fiction
6989a4dd10805f5685d67f62,Fiction
6989a4dd10805f5685d67f64,Fiction
6989a4dd10805f5685d67f65,Fiction
6989a4dd10805f5685d67f67,Fiction
6989a4dd10805f5685d67f69,Travel
6989a4dd10805f5685d67f6b,Fiction
6989a4dd10805f5685d67f6d,Fiction
6989a4dd10805f5685d67f6e,General
6989a4dd10805f5685d67f6f,Fiction
6989a4dd10805f5685d67f71,Fiction
6989a4dd10805f5685d67f72,True Crime
6989a4dd10805f5685d67f73,Fiction
6989a4dd10805f5685d67f74,General
6989a4dd10805f5685d67f76,Transportation
6989a4dd10805f5685d67f77,Fiction
6989a4dd10805f5685d67f78,Travel
6989a4dd10805f5685d67f7a,General
6989a4dd10805f5685d67f7b,Juvenile Fiction
6989a4dd10805f5685d67f7d,History
6989a4dd10805f5685d67f7f,Fiction
6989a4dd10805f5685d67f80,Juvenile Fiction
6989a4dd10805f5685d67f82,Juvenile Fiction
6989a4dd10805f5685d67f84,General
6989a4dd10805f5685d67f85,Juvenile Fiction
6989a4dd10805f5685d67f87,Self-help
6989a4dd10805f5685d67f88,Fiction
6989a4dd10805f5685d67f8a,Drama
6989a4dd10805f5685d67f8b,Family
6989a4dd10805f5685d67f8d,General
6989a4dd10805f5685d67f8e,Juvenile Fiction
6989a4dd10805f5685d67f90,Fiction
6989a4dd10805f5685d67f91,Fiction
6989a4dd10805f5685d67f92,Fiction
6989a4dd10805f5685d67f94,Fiction
6989a4dd10805f5685d67f95,Schools
6989a4dd10805f5685d67f97,Body
6989a4dd10805f5685d67f97,Mind
6989a4dd10805f5685d67f99,General
6989a4dd10805f5685d67f9a,Family
6989a4dd10805f5685d67f9c,General
6989a4dd10805f5685d67f9d,Biography
6989a4dd10805f5685d67f9f,Businesswomen
6989a4dd10805f5685d67fa0,Biography
6989a4dd10805f5685d67fa2,True Crime
6989a4dd10805f5685d67fa4,History
6989a4dd10805f5685d67fa5,Popular Music
6989a4dd10805f5685d67fa7,Fiction
6989a4dd10805f5685d67fa8,Social Science
6989a4dd10805f5685d67faa,Biography
6989a4dd10805f5685d67fac,Assassination
6989a4dd10805f5685d67fae,Humor
6989a4dd10805f5685d67fb0,Archaeology
6989a4dd10805f5685d67fb2,Fiction
6989a4dd10805f5685d67fb3,Fiction
6989a4dd10805f5685d67fb4,Fiction
6989a4dd10805f5685d67fb6,Fiction
6989a4dd10805f5685d67fb7,Fiction
6989a4dd10805f5685d67fb9,African American Musicians
6989a4dd10805f5685d67fbb,Body
6989a4dd10805f5685d67fbb,Mind
6989a4dd10805f5685d67fbc,Juvenile Fiction
6989a4dd10805f5685d67fbe,Fiction
6989a4dd10805f5685d67fc0,Medical
6989a4dd10805f5685d67fc2,Fiction
6989a4dd10805f5685d67fc3,Fiction
6989a4dd10805f5685d67fc4,Arthurian Romances
6989a4dd10805f5685d67fc6,Drama
6989a4dd10805f5685d67fc7,Fiction
6989a4dd10805f5685d67fc9,Fiction
6989a4dd10805f5685d67fcb,General
6989a4dd10805f5685d67fcd,General
6989a4dd10805f5685d67fce,General
6989a4dd10805f5685d67fcf,Fiction
6989a4dd10805f5685d67fd1,Juvenile Fiction
6989a4dd10805f5685d67fd3,Fiction
6989a4dd10805f5685d67fd5,Fiction
6989a4dd10805f5685d67fd7,General
6989a4dd10805f5685d67fd9,African Americans
6989a4dd10805f5685d67fdb,Fiction
6989a4dd10805f5685d67fdd,Fiction
6989a4dd10805f5685d67fdf,Religion
6989a4dd10805f5685d67fe0,Political Science
6989a4dd10805f5685d67fe2,Children's Stories
6989a4dd10805f5685d67fe2,American
6989a4dd10805f5685d67fe4,Fiction
6989a4dd10805f5685d67fe6,Travel
6989a4dd10805f5685d67fe8,Biography
6989a4dd10805f5685d67fea,General
6989a4dd10805f5685d67fec,Fiction
6989a4dd10805f5685d67fed,Fiction
6989a4dd10805f5685d67fef,Fiction
6989a4dd10805f5685d67ff1,General
6989a4dd10805f5685d67ff2,Juvenile Nonfiction
6989a4dd10805f5685d67ff4,General
6989a4dd10805f5685d67ff5,Fiction
6989a4dd10805f5685d67ff6,Juvenile Fiction
6989a4dd10805f5685d67ff8,Psychology
6989a4dd10805f5685d67ffa,Fiction
6989a4dd10805f5685d67ffb,Fiction
6989a4dd10805f5685d67ffd,Fiction
6989a4dd10805f5685d67ffe,Fiction
6989a4dd10805f5685d67fff,Fiction
6989a4dd10805f5685d68001,Fiction
6989a4dd10805f5685d68003,General
6989a4dd10805f5685d68004,Fiction
6989a4dd10805f5685d68005,Fiction
6989a4dd10805f5685d68007,General
6989a4dd10805f5685d68008,Political Science
6989a4dd10805f5685d6800a,Juvenile Nonfiction
6989a4dd10805f5685d6800c,Fiction
6989a4dd10805f5685d6800d,Social Science
6989a4dd10805f5685d6800f,Fiction
6989a4dd10805f5685d68011,Fiction
6989a4dd10805f5685d68012,Fiction
6989a4dd10805f5685d68014,Biography
6989a4dd10805f5685d68016,Admirals
6989a4dd10805f5685d68018,General
6989a4dd10805f5685d6801a,Juvenile Fiction
6989a4dd10805f5685d6801c,Accelerated Readers
6989a4dd10805f5685d6801e,Fiction
6989a4dd10805f5685d6801f,Fiction
6989a4dd10805f5685d68021,Businessmen
6989a4dd10805f5685d68022,History
6989a4dd10805f5685d68024,Juvenile Fiction
6989a4dd10805f5685d68026,Fiction
6989a4dd10805f5685d68028,Fiction
6989a4dd10805f5685d68029,History
6989a4dd10805f5685d6802b,Fiction
6989a4dd10805f5685d6802c,Games
6989a4dd10805f5685d6802e,Eating Disorders
6989a4dd10805f5685d68030,Fiction
6989a4dd10805f5685d68031,General
6989a4dd10805f5685d68032,Fiction
6989a4dd10805f5685d68033,Fiction
6989a4dd10805f5685d68035,Biography
6989a4dd10805f5685d68036,Social Science
6989a4dd10805f5685d68038,Nature
6989a4dd10805f5685d6803a,Fiction
6989a4dd10805f5685d6803c,Fiction
6989a4dd10805f5685d6803e,Juvenile Fiction
6989a4dd10805f5685d6803f,Fairy Tales
6989a4dd10805f5685d68040,Fiction
6989a4dd10805f5685d68042,Nature
6989a4dd10805f5685d68044,Biography
6989a4dd10805f5685d68046,Juvenile Fiction
6989a4dd10805f5685d68048,Biography
6989a4dd10805f5685d6804a,Political Science
6989a4dd10805f5685d6804c,Biography
6989a4dd10805f5685d6804e,Fiction
6989a4dd10805f5685d6804f,Fiction
6989a4dd10805f5685d68050,General
6989a4dd10805f5685d68051,Fiction
6989a4dd10805f5685d68052,Fiction
6989a4dd10805f5685d68054,Travel
6989a4dd10805f5685d68055,Fiction
6989a4dd10805f5685d68056,Fiction
6989a4dd10805f5685d68057,Fiction
6989a4dd10805f5685d68059,Fiction
6989a4dd10805f5685d6805b,Humor
6989a4dd10805f5685d6805d,Fiction
6989a4dd10805f5685d6805f,Fiction
6989a4dd10805f5685d68060,Fiction
6989a4dd10805f5685d68061,Fiction
6989a4dd10805f5685d68062,General
6989a4dd10805f5685d68063,General
6989a4dd10805f5685d68064,Fiction
6989a4dd10805f5685d68065,Fiction
6989a4dd10805f5685d68066,General
6989a4dd10805f5685d68067,Fiction
6989a4dd10805f5685d68068,Blair Witch Project (motion Picture)
6989a4dd10805f5685d6806a,Fiction
6989a4dd10805f5685d6806b,General
6989a4dd10805f5685d6806d,Young Adult Fiction
6989a4dd10805f5685d6806f,Religion
6989a4dd10805f5685d68071,Trials (murder)
6989a4dd10805f5685d68073,Adventure
6989a4dd10805f5685d68074,Religion
6989a4dd10805f5685d68076,Science
6989a4dd10805f5685d68078,Humor
6989a4dd10805f5685d6807a,Fiction
6989a4dd10805f5685d6807b,General
6989a4dd10805f5685d6807c,Fiction
6989a4dd10805f5685d6807d,General
6989a4dd10805f5685d6807e,Fiction
6989a4dd10805f5685d6807f,General
6989a4dd10805f5685d68080,Fiction
6989a4dd10805f5685d68082,Fiction
6989a4dd10805f5685d68083,Fiction
6989a4dd10805f5685d68084,Authors
6989a4dd10805f5685d68084,New Zealand
6989a4dd10805f5685d68086,Juvenile Fiction
6989a4dd10805f5685d68088,General
6989a4dd10805f5685d68089,Fiction
6989a4dd10805f5685d6808b,Nature
6989a4dd10805f5685d6808d,Fiction
6989a4dd10805f5685d6808f,Fiction
6989a4dd10805f5685d68090,American Literature
6989a4dd10805f5685d68091,Psychology
6989a4dd10805f5685d68092,Fiction
6989a4dd10805f5685d68094,Comics
6989a4dd10805f5685d68096,Photography
6989a4dd10805f5685d68098,Literary Criticism
6989a4dd10805f5685d6809a,Young Adult Fiction
6989a4dd10805f5685d6809c,Fiction
6989a4dd10805f5685d6809e,Bean
6989a4dd10805f5685d6809e,Madeline (fictitious Character)
6989a4dd10805f5685d680a0,Body
6989a4dd10805f5685d680a0,Mind
6989a4dd10805f5685d680a2,Cooking
6989a4dd10805f5685d680a4,Fiction
6989a4dd10805f5685d680a6,Family
6989a4dd10805f5685d680a8,General
6989a4dd10805f5685d680a9,Foreign Language Study
6989a4dd10805f5685d680aa,Fiction
6989a4dd10805f5685d680ab,Fiction
6989a4dd10805f5685d680ad,Social Science
6989a4dd10805f5685d680af,General
6989a4dd10805f5685d680b0,Fiction
6989a4dd10805f5685d680b2,Fiction
6989a4dd10805f5685d680b3,Fiction
6989a4dd10805f5685d680b5,Fiction
6989a4dd10805f5685d680b6,General
6989a4dd10805f5685d680b7,Fiction
6989a4dd10805f5685d680b9,Fiction
6989a4dd10805f5685d680bb,Literary Collections
6989a4dd10805f5685d680bd,Crafts
6989a4dd10805f5685d680bf,General
6989a4dd10805f5685d680c0,Fiction
6989a4dd10805f5685d680c1,Fiction
6989a4dd10805f5685d680c3,Science
6989a4dd10805f5685d680c5,Games
6989a4dd10805f5685d680c7,War Stories
6989a4dd10805f5685d680c9,History
6989a4dd10805f5685d680cb,Fiction
6989a4dd10805f5685d680cc,Religion
6989a4dd10805f5685d680ce,Examination Of Witnesses
6989a4dd10805f5685d680d0,Health
6989a4dd10805f5685d680d2,Fiction
6989a4dd10805f5685d680d3,General
6989a4dd10805f5685d680d5,Fiction
6989a4dd10805f5685d680d7,Fiction
6989a4dd10805f5685d680d9,General
6989a4dd10805f5685d680da,Biography
6989a4dd10805f5685d680dc,Fiction
6989a4dd10805f5685d680dd,Earp
6989a4dd10805f5685d680dd,Wyatt
6989a4dd10805f5685d680df,Fiction
6989a4dd10805f5685d680e1,Fiction
6989a4dd10805f5685d680e2,Drama
6989a4dd10805f5685d680e4,Fiction
6989a4dd10805f5685d680e5,Nature
6989a4dd10805f5685d680e7,Juvenile Fiction
6989a4dd10805f5685d680e9,General
6989a4dd10805f5685d680ea,General
6989a4dd10805f5685d680eb,Fiction
6989a4dd10805f5685d680ec,Fiction
6989a4dd10805f5685d680ee,General
6989a4dd10805f5685d680ef,Fiction
6989a4dd10805f5685d680f1,Drama
6989a4dd10805f5685d680f3,Nature
6989a4dd10805f5685d680f5,General
6989a4dd10805f5685d680f6,Biography
6989a4dd10805f5685d680f8,Juvenile Fiction
6989a4dd10805f5685d680f9,Art
6989a4dd10805f5685d680fb,Religion
6989a4dd10805f5685d680fd,Fiction
6989a4dd10805f5685d680ff,House
6989a4dd10805f5685d68101,Nature
6989a4dd10805f5685d68103,General
6989a4dd10805f5685d68104,Science
6989a4dd10805f5685d68106,Fiction
6989a4dd10805f5685d68107,Juvenile Fiction
6989a4dd10805f5685d68109,Business
6989a4dd10805f5685d6810b,General
6989a4dd10805f5685d6810d,Fiction
6989a4dd10805f5685d6810f,General
6989a4dd10805f5685d68110,Juvenile Fiction
6989a4dd10805f5685d68111,General
6989a4dd10805f5685d68112,Developing Countries
6989a4dd10805f5685d68114,Fiction
6989a4dd10805f5685d68116,Fiction
6989a4dd10805f5685d68117,General
6989a4dd10805f5685d68118,Juvenile Fiction
6989a4dd10805f5685d6811a,Fiction
6989a4dd10805f5685d6811c,Fiction
6989a4dd10805f5685d6811d,Photography
6989a4dd10805f5685d6811f,Fiction
6989a4dd10805f5685d68121,General
6989a4dd10805f5685d68122,True Crime
6989a4dd10805f5685d68124,Fiction
6989a4dd10805f5685d68125,Fiction
6989a4dd10805f5685d68126,General
6989a4dd10805f5685d68128,Biography
6989a4dd10805f5685d6812a,Fiction
6989a4dd10805f5685d6812c,Fiction
6989a4dd10805f5685d6812d,Fiction
6989a4dd10805f5685d6812f,Juvenile Fiction
6989a4dd10805f5685d68131,Juvenile Fiction
6989a4dd10805f5685d68132,Literary Criticism
6989a4dd10805f5685d68134,General
6989a4dd10805f5685d68135,Drama
6989a4dd10805f5685d68137,Fiction
6989a4dd10805f5685d68138,Fiction
6989a4dd10805f5685d6813a,Religion
6989a4dd10805f5685d6813c,General
6989a4dd10805f5685d6813d,General
6989a4dd10805f5685d6813e,Fiction
6989a4dd10805f5685d6813f,General
6989a4dd10805f5685d68140,Fiction
6989a4dd10805f5685d68142,Epic Poetry
6989a4dd10805f5685d68142,English (old)
6989a4dd10805f5685d68144,Fiction
6989a4dd10805f5685d68145,Fiction
6989a4dd10805f5685d68146,Drama
6989a4dd10805f5685d68147,Juvenile Fiction
6989a4dd10805f5685d68149,General
6989a4dd10805f5685d6814b,General
6989a4dd10805f5685d6814c,General
6989a4dd10805f5685d6814d,General
6989a4dd10805f5685d6814e,Fiction
6989a4dd10805f5685d68150,Poetry
6989a4dd10805f5685d68151,Fiction
6989a4dd10805f5685d68153,Fiction
6989a4dd10805f5685d68154,General
6989a4dd10805f5685d68156,Fiction
6989a4dd10805f5685d68158,Fiction
6989a4dd10805f5685d6815a,General
6989a4dd10805f5685d6815b,Biography
6989a4dd10805f5685d6815c,General
6989a4dd10805f5685d6815d,Self-help
6989a4dd10805f5685d6815f,General
6989a4dd10805f5685d68160,General
6989a4dd10805f5685d68161,Beauty And The Beast (tale)
6989a4dd10805f5685d68163,Fiction
6989a4dd10805f5685d68164,Fiction
6989a4dd10805f5685d68165,Fiction
6989a4dd10805f5685d68167,Social Science
6989a4dd10805f5685d68169,Literary Criticism
6989a4dd10805f5685d6816b,Music
6989a4dd10805f5685d6816d,Music
6989a4dd10805f5685d6816e,General
6989a4dd10805f5685d6816f,General
6989a4dd10805f5685d68170,General
6989a4dd10805f5685d68171,Fiction
6989a4dd10805f5685d68173,Philosophy
6989a4dd10805f5685d68175,Self-help
6989a4dd10805f5685d68177,Fiction
6989a4dd10805f5685d68178,Fiction
6989a4dd10805f5685d6817a,Fiction
6989a4dd10805f5685d6817c,Family
6989a4dd10805f5685d6817e,General
6989a4dd10805f5685d68180,Juvenile Fiction
6989a4dd10805f5685d68182,Fiction
6989a4dd10805f5685d68184,History
6989a4dd10805f5685d68186,Law
6989a4dd10805f5685d68188,Young Adult Fiction
6989a4dd10805f5685d68189,General
6989a4dd10805f5685d6818a,Fiction
6989a4dd10805f5685d6818c,Fiction
6989a4dd10805f5685d6818e,Biography
6989a4dd10805f5685d6818f,General
6989a4dd10805f5685d68190,Fiction
6989a4dd10805f5685d68191,General
6989a4dd10805f5685d68193,Academic Writing
6989a4dd10805f5685d68195,Fiction
6989a4dd10805f5685d68197,Fiction
6989a4dd10805f5685d68198,Health
6989a4dd10805f5685d6819a,General
6989a4dd10805f5685d6819b,General
6989a4dd10805f5685d6819c,Health
6989a4dd10805f5685d6819e,Body
6989a4dd10805f5685d6819e,Mind
6989a4dd10805f5685d681a0,Fiction
6989a4dd10805f5685d681a2,Religion
6989a4dd10805f5685d681a4,Fiction
6989a4dd10805f5685d681a5,Juvenile Fiction
6989a4dd10805f5685d681a7,Self-help
6989a4dd10805f5685d681a9,Businessmen
6989a4dd10805f5685d681aa,Fiction
6989a4dd10805f5685d681ac,Fiction
6989a4dd10805f5685d681ae,Juvenile Nonfiction
6989a4dd10805f5685d681b0,History
6989a4dd10805f5685d681b2,Fiction
6989a4dd10805f5685d681b4,Fiction
6989a4dd10805f5685d681b6,History
6989a4dd10805f5685d681b8,History
6989a4dd10805f5685d681ba,Browne
6989a4dd10805f5685d681ba,Agnes (fictitious Character)
6989a4dd10805f5685d681bc,Juvenile Nonfiction
6989a4dd10805f5685d681be,Fiction
6989a4dd10805f5685d681c0,General
6989a4dd10805f5685d681c2,Fiction
6989a4dd10805f5685d681c4,Biography
6989a4dd10805f5685d681c6,General
6989a4dd10805f5685d681c7,Science
6989a4dd10805f5685d681c9,Fiction
6989a4dd10805f5685d681ca,Fiction
6989a4dd10805f5685d681cc,Fiction
6989a4dd10805f5685d681ce,Fiction
6989a4dd10805f5685d681cf,General
6989a4dd10805f5685d681d0,United States
6989a4dd10805f5685d681d2,Fiction
6989a4dd10805f5685d681d4,Juvenile Fiction
6989a4dd10805f5685d681d5,Fiction
6989a4dd10805f5685d681d6,Poetry
6989a4dd10805f5685d681d8,Fiction
6989a4dd10805f5685d681da,Family
6989a4dd10805f5685d681dc,Fiction
6989a4dd10805f5685d681dd,Fiction
6989a4dd10805f5685d681de,Sign Language
6989a4dd10805f5685d681df,Biography
6989a4dd10805f5685d681e1,Juvenile Fiction
6989a4dd10805f5685d681e3,Reference
6989a4dd10805f5685d681e5,Fiction
6989a4dd10805f5685d681e7,Biology
6989a4dd10805f5685d681e9,Literary Criticism
6989a4dd10805f5685d681eb,Fiction
6989a4dd10805f5685d681ec,General
6989a4dd10805f5685d681ed,General
6989a4dd10805f5685d681ee,Education
6989a4dd10805f5685d681f0,Foreign Language Study
6989a4dd10805f5685d681f2,Fiction
6989a4dd10805f5685d681f3,Fiction
6989a4dd10805f5685d681f4,Nature
6989a4dd10805f5685d681f6,General
6989a4dd10805f5685d681f7,History
6989a4dd10805f5685d681f9,Poetry
6989a4dd10805f5685d681fb,Fiction
6989a4dd10805f5685d681fc,Fiction
6989a4dd10805f5685d681fd,History
6989a4dd10805f5685d681ff,Vietnam War
6989a4dd10805f5685d681ff,1961-1975
6989a4dd10805f5685d68201,Social Science
6989a4dd10805f5685d68203,General
6989a4dd10805f5685d68204,General
6989a4dd10805f5685d68205,General
6989a4dd10805f5685d68207,Psychology
6989a4dd10805f5685d68209,Fiction
6989a4dd10805f5685d6820b,Political Science
6989a4dd10805f5685d6820d,Fiction
6989a4dd10805f5685d6820f,Family
6989a4dd10805f5685d68211,Psychology
6989a4dd10805f5685d68213,Fiction
6989a4dd10805f5685d68215,Social Science
6989a4dd10805f5685d68217,Juvenile Fiction
6989a4dd10805f5685d68219,Fiction
6989a4dd10805f5685d6821b,Fiction
6989a4dd10805f5685d6821c,Gardening
6989a4dd10805f5685d6821e,Drama
6989a4dd10805f5685d68220,Fiction
6989a4dd10805f5685d68222,Applications For Positions
6989a4dd10805f5685d68224,General
6989a4dd10805f5685d68225,Language Arts
6989a4dd10805f5685d68226,Fiction
6989a4dd10805f5685d68227,General
6989a4dd10805f5685d68229,Fiction
6989a4dd10805f5685d6822a,Juvenile Fiction
6989a4dd10805f5685d6822b,General
6989a4dd10805f5685d6822c,Juvenile Fiction
6989a4dd10805f5685d6822d,Fiction
6989a4dd10805f5685d6822f,Animals
6989a4dd10805f5685d68230,General
6989a4dd10805f5685d68232,Juvenile Fiction
6989a4dd10805f5685d68233,Fiction
6989a4dd10805f5685d68234,Fiction
6989a4dd10805f5685d68235,General
6989a4dd10805f5685d68237,Motion Pictures
6989a4dd10805f5685d68239,Comics
6989a4dd10805f5685d6823b,General
6989a4dd10805f5685d6823d,Literary Collections
6989a4dd10805f5685d6823e,General
6989a4dd10805f5685d68240,General
6989a4dd10805f5685d68242,Biography
6989a4dd10805f5685d68244,General
6989a4dd10805f5685d68245,Religion
6989a4dd10805f5685d68247,Poetry
6989a4dd10805f5685d68249,Autographs
6989a4dd10805f5685d6824b,History
6989a4dd10805f5685d6824d,Self-help
6989a4dd10805f5685d6824f,Fiction
6989a4dd10805f5685d68251,Body
6989a4dd10805f5685d68251,Mind
6989a4dd10805f5685d68253,Fiction
6989a4dd10805f5685d68254,Religion
6989a4dd10805f5685d68256,History
6989a4dd10805f5685d68258,General
6989a4dd10805f5685d68259,House
6989a4dd10805f5685d6825b,Fiction
6989a4dd10805f5685d6825c,Child Psychology
6989a4dd10805f5685d6825e,Nature
6989a4dd10805f5685d68260,Fiction
6989a4dd10805f5685d68261,Juvenile Fiction
6989a4dd10805f5685d68262,Juvenile Fiction
6989a4dd10805f5685d68264,Young Adult Fiction
6989a4dd10805f5685d68266,Buddhism
6989a4dd10805f5685d68268,Juvenile Fiction
6989a4dd10805f5685d6826a,Brothers
6989a4dd10805f5685d6826b,Fiction
6989a4dd10805f5685d6826c,Language Arts
6989a4dd10805f5685d6826d,Religion
6989a4dd10805f5685d6826f,Self-help
6989a4dd10805f5685d68271,Romantic Suspense Fiction
6989a4dd10805f5685d68272,Factories
6989a4dd10805f5685d68274,Fiction
6989a4dd10805f5685d68276,Assertiveness (psychology)
6989a4dd10805f5685d68277,General
6989a4dd10805f5685d68278,Juvenile Fiction
6989a4dd10805f5685d68279,Juvenile Fiction
6989a4dd10805f5685d6827b,Fiction
6989a4dd10805f5685d6827d,Biography
6989a4dd10805f5685d6827f,Historical Fiction
6989a4dd10805f5685d68281,History
6989a4dd10805f5685d68283,Education
6989a4dd10805f5685d68285,Motion Picture Plays
6989a4dd10805f5685d68287,History
6989a4dd10805f5685d68289,Business
6989a4dd10805f5685d6828b,Fiction
6989a4dd10805f5685d6828c,History
6989a4dd10805f5685d6828e,Fiction
6989a4dd10805f5685d68290,General
6989a4dd10805f5685d68291,Juvenile Fiction
6989a4dd10805f5685d68293,Fiction
6989a4dd10805f5685d68295,General
6989a4dd10805f5685d68296,True Crime
6989a4dd10805f5685d68298,General
6989a4dd10805f5685d68299,Fiction
6989a4dd10805f5685d6829b,Music
6989a4dd10805f5685d6829d,Fiction
6989a4dd10805f5685d6829e,Gardening
6989a4dd10805f5685d682a0,General
6989a4dd10805f5685d682a1,Fiction
6989a4dd10805f5685d682a3,Fiction
6989a4dd10805f5685d682a5,Biography
6989a4dd10805f5685d682a7,Social Science
6989a4dd10805f5685d682a9,Fiction
6989a4dd10805f5685d682ab,Libraries
6989a4dd10805f5685d682ac,History
6989a4dd10805f5685d682ae,Gothic Novels
6989a4dd10805f5685d682af,Fiction
6989a4dd10805f5685d682b0,General
6989a4dd10805f5685d682b2,Social Science
6989a4dd10805f5685d682b4,Juvenile Nonfiction
6989a4dd10805f5685d682b6,Juvenile Nonfiction
6989a4dd10805f5685d682b8,General
6989a4dd10805f5685d682b9,General
6989a4dd10805f5685d682ba,General
6989a4dd10805f5685d682bb,Fiction
6989a4dd10805f5685d682bd,Fiction
6989a4dd10805f5685d682bf,Fiction
6989a4dd10805f5685d682c0,Body
6989a4dd10805f5685d682c0,Mind
6989a4dd10805f5685d682c2,Fiction
6989a4dd10805f5685d682c3,Fiction
6989a4dd10805f5685d682c5,Psychology
6989a4dd10805f5685d682c7,Fiction
6989a4dd10805f5685d682c8,Fiction
6989a4dd10805f5685d682ca,General
6989a4dd10805f5685d682cb,General
6989a4dd10805f5685d682cc,General
6989a4dd10805f5685d682cd,Fiction
6989a4dd10805f5685d682cf,Science
6989a4dd10805f5685d682d1,Biography
6989a4dd10805f5685d682d3,Fiction
6989a4dd10805f5685d682d4,Religion
6989a4dd10805f5685d682d6,Juvenile Fiction
6989a4dd10805f5685d682d7,General
6989a4dd10805f5685d682d9,Fiction
6989a4dd10805f5685d682da,General
6989a4dd10805f5685d682dc,Fiction
6989a4dd10805f5685d682de,General
6989a4dd10805f5685d682df,General
6989a4dd10805f5685d682e0,Fiction
6989a4dd10805f5685d682e1,General
6989a4dd10805f5685d682e2,Religion
6989a4dd10805f5685d682e4,Fiction
6989a4dd10805f5685d682e6,Juvenile Fiction
6989a4dd10805f5685d682e8,Fiction
6989a4dd10805f5685d682ea,Young Adult Fiction
6989a4dd10805f5685d682eb,Fiction
6989a4dd10805f5685d682ec,Social Science
6989a4dd10805f5685d682ee,Self-help
6989a4dd10805f5685d682ef,Fiction
6989a4dd10805f5685d682f1,Fiction
6989a4dd10805f5685d682f3,General
6989a4dd10805f5685d682f4,Humor
6989a4dd10805f5685d682f5,English Drama
6989a4dd10805f5685d682f7,Fiction
6989a4dd10805f5685d682f9,General
6989a4dd10805f5685d682fa,Fiction
6989a4dd10805f5685d682fc,Juvenile Fiction
6989a4dd10805f5685d682fe,Fiction
6989a4dd10805f5685d68300,Insurgency
6989a4dd10805f5685d68301,General
6989a4dd10805f5685d68302,Religion
6989a4dd10805f5685d68304,General
6989a4dd10805f5685d68305,General
6989a4dd10805f5685d68306,Fiction
6989a4dd10805f5685d68308,Biography
6989a4dd10805f5685d6830a,Self-help
6989a4dd10805f5685d6830b,Fiction
6989a4dd10805f5685d6830c,Fiction
6989a4dd10805f5685d6830e,Children's Stories
6989a4dd10805f5685d68310,Religion
6989a4dd10805f5685d68312,English Poetry
6989a4dd10805f5685d68314,Religion
6989a4dd10805f5685d68316,Fiction
6989a4dd10805f5685d68317,Juvenile Fiction
6989a4dd10805f5685d68319,General
6989a4dd10805f5685d6831b,Islam
6989a4dd10805f5685d6831d,Fiction
6989a4dd10805f5685d6831f,Biography
6989a4dd10805f5685d68321,Language Arts
6989a4dd10805f5685d68323,Fiction
6989a4dd10805f5685d68325,Fiction
6989a4dd10805f5685d68326,Religion
6989a4dd10805f5685d68327,Fiction
6989a4dd10805f5685d68329,Fiction
6989a4dd10805f5685d6832b,Fantastic Literature
6989a4dd10805f5685d6832b,American
6989a4dd10805f5685d6832c,General
6989a4dd10805f5685d6832d,Horror Tales
6989a4dd10805f5685d6832e,Political Science
6989a4dd10805f5685d68330,General
6989a4dd10805f5685d68331,Fiction
6989a4dd10805f5685d68332,Fiction
6989a4dd10805f5685d68334,Religion
6989a4dd10805f5685d68336,Fiction
6989a4dd10805f5685d68338,Fiction
6989a4dd10805f5685d68339,Fiction
6989a4dd10805f5685d6833a,General
6989a4dd10805f5685d6833b,Fiction
6989a4dd10805f5685d6833d,History
6989a4dd10805f5685d6833f,Nuns
6989a4dd10805f5685d68341,Religion
6989a4dd10805f5685d68343,General
6989a4dd10805f5685d68344,General
6989a4dd10805f5685d68346,Literary Collections
6989a4dd10805f5685d68347,Agricultural Price Supports
6989a4dd10805f5685d68348,Humor
6989a4dd10805f5685d6834a,Fiction
6989a4dd10805f5685d6834c,Fiction
6989a4dd10805f5685d6834e,General
6989a4dd10805f5685d68350,Fiction
6989a4dd10805f5685d68352,Fiction
6989a4dd10805f5685d68354,Fiction
6989a4dd10805f5685d68356,Fiction
6989a4dd10805f5685d68358,Juvenile Fiction
6989a4dd10805f5685d6835a,Fiction
6989a4dd10805f5685d6835b,Self-help
6989a4dd10805f5685d6835d,General
6989a4dd10805f5685d6835e,General
6989a4dd10805f5685d6835f,Fiction
6989a4dd10805f5685d68360,Fiction
6989a4dd10805f5685d68362,Relativity (physics)
6989a4dd10805f5685d68364,General
6989a4dd10805f5685d68366,Fiction
6989a4dd10805f5685d68367,Social Science
6989a4dd10805f5685d68369,Fiction
6989a4dd10805f5685d6836b,Body
6989a4dd10805f5685d6836b,Mind
6989a4dd10805f5685d6836c,Fiction
6989a4dd10805f5685d6836d,Business
6989a4dd10805f5685d6836f,Fiction
6989a4dd10805f5685d68370,Juvenile Fiction
6989a4dd10805f5685d68371,Poetry
6989a4dd10805f5685d68372,Fiction
6989a4dd10805f5685d68373,House
6989a4dd10805f5685d68375,Fiction
6989a4dd10805f5685d68377,Alleyn
6989a4dd10805f5685d68377,Roderick (fictitious Character)
6989a4dd10805f5685d68379,Confucianism
6989a4dd10805f5685d6837b,Fiction
6989a4dd10805f5685d6837c,Fiction
6989a4dd10805f5685d6837e,Business
6989a4dd10805f5685d68380,Pets
6989a4dd10805f5685d68382,Fiction
6989a4dd10805f5685d68383,Chicago (ill.)
6989a4dd10805f5685d68384,Biography
6989a4dd10805f5685d68386,General
6989a4dd10805f5685d68387,General
6989a4dd10805f5685d68389,Juvenile Fiction
6989a4dd10805f5685d6838b,History
6989a4dd10805f5685d6838d,Young Adult Fiction
6989a4dd10805f5685d6838f,Fiction
6989a4dd10805f5685d68391,Fiction
6989a4dd10805f5685d68392,Fiction
6989a4dd10805f5685d68394,Juvenile Fiction
6989a4dd10805f5685d68396,Fiction
6989a4dd10805f5685d68398,Fiction
6989a4dd10805f5685d6839a,Fiction
6989a4dd10805f5685d6839c,Fiction
6989a4dd10805f5685d6839e,Biography
6989a4dd10805f5685d683a0,Literary Collections
6989a4dd10805f5685d683a1,Performing Arts
6989a4dd10805f5685d683a3,General
6989a4dd10805f5685d683a4,Fiction
6989a4dd10805f5685d683a5,General
6989a4dd10805f5685d683a6,Fiction
6989a4dd10805f5685d683a8,Fiction
6989a4dd10805f5685d683aa,Philosophy
6989a4dd10805f5685d683ac,General
6989a4dd10805f5685d683ad,Travel
6989a4dd10805f5685d683af,Fiction
6989a4dd10805f5685d683b0,Juvenile Fiction
6989a4dd10805f5685d683b2,Barges
6989a4dd10805f5685d683b3,Music
6989a4dd10805f5685d683b5,Fiction
6989a4dd10805f5685d683b7,General
6989a4dd10805f5685d683b8,Drama
6989a4dd10805f5685d683b9,Courage
6989a4dd10805f5685d683ba,Fiction
6989a4dd10805f5685d683bb,History
6989a4dd10805f5685d683bd,Computer Science
6989a4dd10805f5685d683bf,Biography
6989a4dd10805f5685d683c1,General
6989a4dd10805f5685d683c2,Body
6989a4dd10805f5685d683c2,Mind
6989a4dd10805f5685d683c4,Fiction
6989a4dd10805f5685d683c5,Fiction
6989a4dd10805f5685d683c7,Young Adult Fiction
6989a4dd10805f5685d683c9,Fiction
6989a4dd10805f5685d683cb,Biography
6989a4dd10805f5685d683cc,Fiction
6989a4dd10805f5685d683cd,Fiction
6989a4dd10805f5685d683cf,Drama
6989a4dd10805f5685d683d1,Fiction
6989a4dd10805f5685d683d2,Fiction
6989a4dd10805f5685d683d4,Fiction
6989a4dd10805f5685d683d5,Fiction
6989a4dd10805f5685d683d6,Juvenile Fiction
6989a4dd10805f5685d683d7,Fiction
6989a4dd10805f5685d683d9,Control (psychology)
6989a4dd10805f5685d683db,Poetry
6989a4dd10805f5685d683dd,Fiction
6989a4dd10805f5685d683df,General
6989a4dd10805f5685d683e0,Fiction
6989a4dd10805f5685d683e2,Biography
6989a4dd10805f5685d683e4,Fiction
6989a4dd10805f5685d683e6,General
6989a4dd10805f5685d683e7,Fiction
6989a4dd10805f5685d683e9,General
6989a4dd10805f5685d683ea,Dog Attacks
6989a4dd10805f5685d683ec,Fiction
6989a4dd10805f5685d683ed,General
6989a4dd10805f5685d683ee,Fiction
6989a4dd10805f5685d683f0,German Americans
6989a4dd10805f5685d683f2,Fiction
6989a4dd10805f5685d683f4,Juvenile Fiction
6989a4dd10805f5685d683f5,Fiction
6989a4dd10805f5685d683f7,General
6989a4dd10805f5685d683f8,Fiction
6989a4dd10805f5685d683f9,Biography
6989a4dd10805f5685d683fb,Fiction
6989a4dd10805f5685d683fd,Fiction
6989a4dd10805f5685d683ff,General
6989a4dd10805f5685d68401,Communication
6989a4dd10805f5685d68403,Science
6989a4dd10805f5685d68405,Fiction
6989a4dd10805f5685d68407,Juvenile Fiction
6989a4dd10805f5685d68408,Recycling
6989a4dd10805f5685d68409,Juvenile Fiction
6989a4dd10805f5685d6840b,Fiction
6989a4dd10805f5685d6840d,Fiction
6989a4dd10805f5685d6840f,Fiction
6989a4dd10805f5685d68411,Fiction
6989a4dd10805f5685d68413,General
6989a4dd10805f5685d68414,Fiction
6989a4dd10805f5685d68415,Fiction
6989a4dd10805f5685d68417,Fiction
6989a4dd10805f5685d68418,General
6989a4dd10805f5685d68419,Fiction
6989a4dd10805f5685d6841b,Fiction
6989a4dd10805f5685d6841c,Fiction
6989a4dd10805f5685d6841e,Fiction
6989a4dd10805f5685d68420,Computers
6989a4dd10805f5685d68422,Drivers' Licenses
6989a4dd10805f5685d68424,Political Science
6989a4dd10805f5685d68426,General
6989a4dd10805f5685d68427,General
6989a4dd10805f5685d68429,Fiction
6989a4dd10805f5685d6842b,Fiction
6989a4dd10805f5685d6842d,Biography
6989a4dd10805f5685d6842f,Catalogs
6989a4dd10805f5685d6842f,Union
6989a4dd10805f5685d68431,Religion
6989a4dd10805f5685d68433,Fiction
6989a4dd10805f5685d68434,English Literature
6989a4dd10805f5685d68435,Executive Power.
6989a4dd10805f5685d68437,Biography
6989a4dd10805f5685d68439,Drug Abuse And Crime
6989a4dd10805f5685d6843b,Religion
6989a4dd10805f5685d6843d,Fiction
6989a4dd10805f5685d6843f,Fiction
6989a4dd10805f5685d68440,Fiction
6989a4dd10805f5685d68442,Business
6989a4dd10805f5685d68444,Biography
6989a4dd10805f5685d68446,Poetry
6989a4dd10805f5685d68448,Juvenile Fiction
6989a4dd10805f5685d68449,Fiction
6989a4dd10805f5685d6844b,Fiction
6989a4dd10805f5685d6844c,Fiction
6989a4dd10805f5685d6844e,Children's Stories
6989a4dd10805f5685d6844f,General
6989a4dd10805f5685d68451,Fiction
6989a4dd10805f5685d68452,Young Adult Fiction
6989a4dd10805f5685d68454,Fiction
6989a4dd10805f5685d68455,Fiction
6989a4dd10805f5685d68456,General
6989a4dd10805f5685d68457,Fiction
6989a4dd10805f5685d68459,Family
6989a4dd10805f5685d6845b,Fiction
6989a4dd10805f5685d6845d,Juvenile Fiction
6989a4dd10805f5685d6845f,True Crime
6989a4dd10805f5685d68461,Blood Substitutes
6989a4dd10805f5685d68463,Music
6989a4dd10805f5685d68465,Fiction
6989a4dd10805f5685d68467,Social Science
6989a4dd10805f5685d68469,General
6989a4dd10805f5685d6846a,Fiction
6989a4dd10805f5685d6846c,Fiction
6989a4dd10805f5685d6846e,Biography
6989a4dd10805f5685d68470,American Literature
6989a4dd10805f5685d68471,Adult Children
6989a4dd10805f5685d68473,Juvenile Nonfiction
6989a4dd10805f5685d68474,Fiction
6989a4dd10805f5685d68476,Juvenile Fiction
6989a4dd10805f5685d68478,General
6989a4dd10805f5685d6847a,Cassidy
6989a4dd10805f5685d6847a,Hopalong (fictitious Character)
6989a4dd10805f5685d6847c,History
6989a4dd10805f5685d6847e,Fiction
6989a4dd10805f5685d6847f,Astrology.
6989a4dd10805f5685d68481,Fiction
6989a4dd10805f5685d68482,Fiction
6989a4dd10805f5685d68483,Radio Broadcasting
6989a4dd10805f5685d68485,Body
6989a4dd10805f5685d68485,Mind
6989a4dd10805f5685d68487,Business
6989a4dd10805f5685d68489,Technical Assistance
6989a4dd10805f5685d68489,American
6989a4dd10805f5685d6848b,Humor
6989a4dd10805f5685d6848d,Self-help
6989a4dd10805f5685d6848e,Fiction
6989a4dd10805f5685d68490,Literary Criticism
6989a4dd10805f5685d68491,Fiction
6989a4dd10805f5685d68492,Fiction
6989a4dd10805f5685d68494,Religion
6989a4dd10805f5685d68496,Audiobooks
6989a4dd10805f5685d68497,Poetry
6989a4dd10805f5685d68499,Religion
6989a4dd10805f5685d6849a,General
6989a4dd10805f5685d6849b,Self-help
6989a4dd10805f5685d6849d,Business
6989a4dd10805f5685d6849f,General
6989a4dd10805f5685d684a0,Juvenile Fiction
6989a4dd10805f5685d684a1,Fiction
6989a4dd10805f5685d684a2,General
6989a4dd10805f5685d684a3,Fiction
6989a4dd10805f5685d684a4,History
6989a4dd10805f5685d684a6,Fiction
6989a4dd10805f5685d684a7,General
6989a4dd10805f5685d684a9,Fiction
6989a4dd10805f5685d684ab,History
6989a4dd10805f5685d684ad,Fiction
6989a4dd10805f5685d684af,Fiction
6989a4dd10805f5685d684b0,Young Adult Fiction
6989a4dd10805f5685d684b1,General
6989a4dd10805f5685d684b3,Performing Arts
6989a4dd10805f5685d684b5,Family
6989a4dd10805f5685d684b7,General
6989a4dd10805f5685d684b8,General
6989a4dd10805f5685d684b9,Juvenile Nonfiction
6989a4dd10805f5685d684bb,Family
6989a4dd10805f5685d684bd,Fiction
6989a4dd10805f5685d684bf,Fiction
6989a4dd10805f5685d684c0,Social Science
6989a4dd10805f5685d684c2,Juvenile Fiction
6989a4dd10805f5685d684c4,Performing Arts
6989a4dd10805f5685d684c6,Juvenile Fiction
6989a4dd10805f5685d684c7,Fiction
6989a4dd10805f5685d684c8,General
6989a4dd10805f5685d684c9,Juvenile Fiction
6989a4dd10805f5685d684ca,Alaska
6989a4dd10805f5685d684cc,Fiction
6989a4dd10805f5685d684cd,Fiction
6989a4dd10805f5685d684cf,Sports
6989a4dd10805f5685d684d1,Biography
6989a4dd10805f5685d684d3,Juvenile Fiction
6989a4dd10805f5685d684d5,General
6989a4dd10805f5685d684d6,Humor
6989a4dd10805f5685d684d7,Comics
6989a4dd10805f5685d684d9,Fiction
6989a4dd10805f5685d684db,Fiction
6989a4dd10805f5685d684dd,Fiction
6989a4dd10805f5685d684de,Great Britain
6989a4dd10805f5685d684e0,Fiction
6989a4dd10805f5685d684e1,General
6989a4dd10805f5685d684e3,General
6989a4dd10805f5685d684e4,Biography
6989a4dd10805f5685d684e6,Fiction
6989a4dd10805f5685d684e7,Fiction
6989a4dd10805f5685d684e9,Fiction
6989a4dd10805f5685d684ea,Self-help
6989a4dd10805f5685d684ec,Biography
6989a4dd10805f5685d684ed,Fiction
6989a4dd10805f5685d684ef,General
6989a4dd10805f5685d684f0,Juvenile Fiction
6989a4dd10805f5685d684f2,Self-help
6989a4dd10805f5685d684f3,General
6989a4dd10805f5685d684f4,Fiction
6989a4dd10805f5685d684f6,Fiction
6989a4dd10805f5685d684f8,Fiction
6989a4dd10805f5685d684f9,Biography
6989a4dd10805f5685d684fb,General
6989a4dd10805f5685d684fc,Fiction
6989a4dd10805f5685d684fe,General
6989a4dd10805f5685d684ff,General
6989a4dd10805f5685d68500,Drama
6989a4dd10805f5685d68502,Fiction
6989a4dd10805f5685d68504,Cooking
6989a4dd10805f5685d68506,Fiction
6989a4dd10805f5685d68507,Children's Stories
6989a4dd10805f5685d68509,Fiction
6989a4dd10805f5685d6850b,Fiction
6989a4dd10805f5685d6850c,Sports
6989a4dd10805f5685d6850e,General
6989a4dd10805f5685d6850f,Fiction
6989a4dd10805f5685d68511,Fiction
6989a4dd10805f5685d68513,Sports
6989a4dd10805f5685d68515,Behavior
6989a4dd10805f5685d68516,Fiction
6989a4dd10805f5685d68518,Fiction
6989a4dd10805f5685d68519,General
6989a4dd10805f5685d6851a,General
6989a4dd10805f5685d6851b,General
6989a4dd10805f5685d6851c,Bellehaven (wash. : Imaginary Place)
6989a4dd10805f5685d6851e,Fiction
6989a4dd10805f5685d6851f,Biography
6989a4dd10805f5685d68521,Fiction
6989a4dd10805f5685d68523,Fiction
6989a4dd10805f5685d68524,Young Adult Fiction
6989a4dd10805f5685d68526,General
6989a4dd10805f5685d68527,Fiction
6989a4dd10805f5685d68528,Social Science
6989a4dd10805f5685d6852a,Fiction
6989a4dd10805f5685d6852b,Fiction
6989a4dd10805f5685d6852c,History
6989a4dd10805f5685d6852e,Fiction
6989a4dd10805f5685d68530,Fiction
6989a4dd10805f5685d68532,Fiction
6989a4dd10805f5685d68534,Fiction
6989a4dd10805f5685d68535,Fiction
6989a4dd10805f5685d68537,Fiction
6989a4dd10805f5685d68539,Fiction
6989a4dd10805f5685d6853a,General
6989a4dd10805f5685d6853b,General
6989a4dd10805f5685d6853c,General
6989a4dd10805f5685d6853d,Charles
6989a4dd10805f5685d6853d,Nick (fictitious Character)
6989a4dd10805f5685d6853e,Fiction
6989a4dd10805f5685d6853f,Fiction
6989a4dd10805f5685d68540,Canadian Literature
6989a4dd10805f5685d68541,Fiction
6989a4dd10805f5685d68543,Art
6989a4dd10805f5685d68545,Juvenile Nonfiction
6989a4dd10805f5685d68547,Fiction
6989a4dd10805f5685d68549,Fiction
6989a4dd10805f5685d6854a,General
6989a4dd10805f5685d6854c,Blind
6989a4dd10805f5685d6854d,Young Adult Fiction
6989a4dd10805f5685d6854f,Fiction
6989a4dd10805f5685d68551,Religion
6989a4dd10805f5685d68552,Biography
6989a4dd10805f5685d68554,Children's Literature
6989a4dd10805f5685d68556,Fiction
6989a4dd10805f5685d68557,Netherlands
6989a4dd10805f5685d68559,Fiction
6989a4dd10805f5685d6855b,General
6989a4dd10805f5685d6855c,Drama
6989a4dd10805f5685d6855d,Literary Criticism
6989a4dd10805f5685d6855f,General
6989a4dd10805f5685d68560,Nature
6989a4dd10805f5685d68561,Poetry
6989a4dd10805f5685d68563,Fiction
6989a4dd10805f5685d68565,History
6989a4dd10805f5685d68567,General
6989a4dd10805f5685d68568,Juvenile Nonfiction
6989a4dd10805f5685d6856a,General
6989a4dd10805f5685d6856b,Juvenile Fiction
6989a4dd10805f5685d6856d,Fiction
6989a4dd10805f5685d6856f,Reference
6989a4dd10805f5685d68571,General
6989a4dd10805f5685d68573,Fiction
6989a4dd10805f5685d68574,Impressionism (art)
6989a4dd10805f5685d68576,Self-help
6989a4dd10805f5685d68578,Biography
6989a4dd10805f5685d68579,Fiction
6989a4dd10805f5685d6857a,Religion
6989a4dd10805f5685d6857c,Fiction
6989a4dd10805f5685d6857d,Science
6989a4dd10805f5685d6857f,Social Science
6989a4dd10805f5685d68581,Cats
6989a4dd10805f5685d68582,Medical
6989a4dd10805f5685d68584,Social Science
6989a4dd10805f5685d68586,Juvenile Fiction
6989a4dd10805f5685d68588,Fiction
6989a4dd10805f5685d6858a,Juvenile Fiction
6989a4dd10805f5685d6858c,Juvenile Fiction
6989a4dd10805f5685d6858e,Fiction
6989a4dd10805f5685d68590,Humor
6989a4dd10805f5685d68592,Religion
6989a4dd10805f5685d68594,General
6989a4dd10805f5685d68595,Fiction
6989a4dd10805f5685d68597,Nature
6989a4dd10805f5685d68599,Singers
6989a4dd10805f5685d6859b,Juvenile Fiction
6989a4dd10805f5685d6859d,General
6989a4dd10805f5685d6859e,General
6989a4dd10805f5685d6859f,Poetry
6989a4dd10805f5685d685a1,Fiction
6989a4dd10805f5685d685a2,Young Adult Fiction
6989a4dd10805f5685d685a4,Fiction
6989a4dd10805f5685d685a6,Fiction
6989a4dd10805f5685d685a7,General
6989a4dd10805f5685d685a9,Juvenile Fiction
6989a4dd10805f5685d685ab,Science
6989a4dd10805f5685d685ad,General
6989a4dd10805f5685d685ae,Cooking
6989a4dd10805f5685d685b0,General
6989a4dd10805f5685d685b2,Bibliography
6989a4dd10805f5685d685b3,Fiction
6989a4dd10805f5685d685b4,General
6989a4dd10805f5685d685b5,Characters And Characteristics In Literature
6989a4dd10805f5685d685b6,General
6989a4dd10805f5685d685b8,Art
6989a4dd10805f5685d685ba,Fiction
6989a4dd10805f5685d685bc,Business
6989a4dd10805f5685d685be,Fiction
6989a4dd10805f5685d685bf,Fiction
6989a4dd10805f5685d685c1,Cats
6989a4dd10805f5685d685c2,General
6989a4dd10805f5685d685c4,General
6989a4dd10805f5685d685c5,Campion
6989a4dd10805f5685d685c5,Albert (fictitious Character)
6989a4dd10805f5685d685c7,Music
6989a4dd10805f5685d685c9,General
6989a4dd10805f5685d685ca,Law
6989a4dd10805f5685d685cc,General
6989a4dd10805f5685d685cd,Fiction
6989a4dd10805f5685d685cf,Education
6989a4dd10805f5685d685d1,Fiction
6989a4dd10805f5685d685d3,Fiction
6989a4dd10805f5685d685d5,Juvenile Fiction
6989a4dd10805f5685d685d7,Science
6989a4dd10805f5685d685d9,General
6989a4dd10805f5685d685da,General
6989a4dd10805f5685d685db,Fiction
6989a4dd10805f5685d685dd,History
6989a4dd10805f5685d685df,Science
6989a4dd10805f5685d685e1,Health
6989a4dd10805f5685d685e3,Fiction
6989a4dd10805f5685d685e4,Music
6989a4dd10805f5685d685e6,Literary Collections
6989a4dd10805f5685d685e8,General
6989a4dd10805f5685d685e9,Crimes Without Victims
6989a4dd10805f5685d685ea,General
6989a4dd10805f5685d685ec,Comics
6989a4dd10805f5685d685ee,Fiction
6989a4dd10805f5685d685f0,Religion
6989a4dd10805f5685d685f2,Fiction
6989a4dd10805f5685d685f4,General
6989a4dd10805f5685d685f5,Religion
6989a4dd10805f5685d685f7,Bibles
6989a4dd10805f5685d685f9,Social Science
6989a4dd10805f5685d685fb,General
6989a4dd10805f5685d685fc,Fiction
6989a4dd10805f5685d685fe,Fiction
6989a4dd10805f5685d68600,Fiction
6989a4dd10805f5685d68601,Self-help
6989a4dd10805f5685d68603,Fiction
6989a4dd10805f5685d68604,Fiction
6989a4dd10805f5685d68606,Fiction
6989a4dd10805f5685d68608,Fiction
6989a4dd10805f5685d6860a,General
6989a4dd10805f5685d6860b,Fiction
6989a4dd10805f5685d6860d,Corbett
6989a4dd10805f5685d6860d,Hugh (fictitious Character)
6989a4dd10805f5685d6860f,Humor
6989a4dd10805f5685d68611,Social Science
6989a4dd10805f5685d68613,Juvenile Fiction
6989a4dd10805f5685d68615,Fiction
6989a4dd10805f5685d68617,General
6989a4dd10805f5685d68618,General
6989a4dd10805f5685d68619,General
6989a4dd10805f5685d6861a,Fiction
6989a4dd10805f5685d6861c,General
6989a4dd10805f5685d6861d,Fiction
6989a4dd10805f5685d6861f,General
6989a4dd10805f5685d68620,Wrestlers
6989a4dd10805f5685d68622,Fiction
6989a4dd10805f5685d68623,American Literature
6989a4dd10805f5685d68624,Humor
6989a4dd10805f5685d68626,Fiction
6989a4dd10805f5685d68627,General
6989a4dd10805f5685d68628,General
6989a4dd10805f5685d68629,Fiction
6989a4dd10805f5685d6862a,Drama
6989a4dd10805f5685d6862b,General
6989a4dd10805f5685d6862c,Humor
6989a4dd10805f5685d6862d,Fiction
6989a4dd10805f5685d6862e,Fiction
6989a4dd10805f5685d6862f,Fiction
6989a4dd10805f5685d68631,Cadfael
6989a4dd10805f5685d68631,Brother (fictitious Character)
6989a4dd10805f5685d68632,Fiction
6989a4dd10805f5685d68634,General
6989a4dd10805f5685d68635,Social Science
6989a4dd10805f5685d68637,Fiction
6989a4dd10805f5685d68639,Reference
6989a4dd10805f5685d6863b,Psychology
6989a4dd10805f5685d6863c,Juvenile Fiction
6989a4dd10805f5685d6863e,Juvenile Fiction
6989a4dd10805f5685d6863f,Sniping (military Science)
6989a4dd10805f5685d68641,Juvenile Fiction
6989a4dd10805f5685d68643,Juvenile Fiction
6989a4dd10805f5685d68645,General
6989a4dd10805f5685d68646,Biography
6989a4dd10805f5685d68648,General
6989a4dd10805f5685d68649,General
6989a4dd10805f5685d6864a,Games
6989a4dd10805f5685d6864c,Philosophy
6989a4dd10805f5685d6864e,Juvenile Fiction
6989a4dd10805f5685d6864f,Technology
6989a4dd10805f5685d68650,History
6989a4dd10805f5685d68652,General
6989a4dd10805f5685d68653,General
6989a4dd10805f5685d68654,Fiction
6989a4dd10805f5685d68656,Law
6989a4dd10805f5685d68658,Fiction
6989a4dd10805f5685d68659,Fiction
6989a4dd10805f5685d6865b,General
6989a4dd10805f5685d6865c,Juvenile Fiction
6989a4dd10805f5685d6865d,General
6989a4dd10805f5685d6865e,Fiction
6989a4dd10805f5685d68660,Fiction
6989a4dd10805f5685d68662,Medical
6989a4dd10805f5685d68664,Humor
6989a4dd10805f5685d68666,Social Science
6989a4dd10805f5685d68668,Juvenile Fiction
6989a4dd10805f5685d68669,Humor
6989a4dd10805f5685d6866a,Fiction
6989a4dd10805f5685d6866b,Fiction
6989a4dd10805f5685d6866d,Political Science
6989a4dd10805f5685d6866f,Fiction
6989a4dd10805f5685d68671,Fiction
6989a4dd10805f5685d68672,Juvenile Fiction
6989a4dd10805f5685d68674,Biography
6989a4dd10805f5685d68676,Fiction
6989a4dd10805f5685d68678,Fiction
6989a4dd10805f5685d6867a,General
6989a4dd10805f5685d6867b,Self-actualization (psychology)
6989a4dd10805f5685d6867d,General
6989a4dd10805f5685d6867e,Fiction
6989a4dd10805f5685d6867f,Young Adult Fiction
6989a4dd10805f5685d68681,General
6989a4dd10805f5685d68682,Juvenile Fiction
6989a4dd10805f5685d68683,Fiction
6989a4dd10805f5685d68685,Biography
6989a4dd10805f5685d68687,Self-help
6989a4dd10805f5685d68689,General
6989a4dd10805f5685d6868a,Authors
6989a4dd10805f5685d6868a,English
6989a4dd10805f5685d6868b,Fiction
6989a4dd10805f5685d6868c,True Crime
6989a4dd10805f5685d6868e,Fiction
6989a4dd10805f5685d68690,Brothers And Sisters
6989a4dd10805f5685d68692,Juvenile Fiction
6989a4dd10805f5685d68694,Psychology
6989a4dd10805f5685d68695,Fiction
6989a4dd10805f5685d68697,Fiction
6989a4dd10805f5685d68698,Biography
6989a4dd10805f5685d68699,Fiction
6989a4dd10805f5685d6869a,Business
6989a4dd10805f5685d6869b,Fiction
6989a4dd10805f5685d6869c,General
6989a4dd10805f5685d6869d,Love Spell Historical Romance
6989a4dd10805f5685d6869e,General
6989a4dd10805f5685d6869f,Fiction
6989a4dd10805f5685d686a1,Fiction
6989a4dd10805f5685d686a3,Drama
6989a4dd10805f5685d686a4,Fiction
6989a4dd10805f5685d686a6,Fiction
6989a4dd10805f5685d686a8,Intercountry Adoption
6989a4dd10805f5685d686aa,Self-help
6989a4dd10805f5685d686ac,Fiction
6989a4dd10805f5685d686ad,Fantasy Fiction
6989a4dd10805f5685d686ae,Juvenile Fiction
6989a4dd10805f5685d686b0,Fiction
6989a4dd10805f5685d686b1,Literary Criticism
6989a4dd10805f5685d686b3,Juvenile Fiction
6989a4dd10805f5685d686b5,Juvenile Fiction
6989a4dd10805f5685d686b7,Fiction
6989a4dd10805f5685d686b9,Antiques
6989a4dd10805f5685d686bb,General
6989a4dd10805f5685d686bc,General
6989a4dd10805f5685d686be,General
6989a4dd10805f5685d686bf,Fiction
6989a4dd10805f5685d686c1,General
6989a4dd10805f5685d686c2,Juvenile Fiction
6989a4dd10805f5685d686c3,Ho Chi Minh City (vietnam)
6989a4dd10805f5685d686c5,Juvenile Fiction
6989a4dd10805f5685d686c7,Fiction
6989a4dd10805f5685d686c9,Fiction
6989a4dd10805f5685d686cb,Health
6989a4dd10805f5685d686cd,General
6989a4dd10805f5685d686ce,Fiction
6989a4dd10805f5685d686cf,Fiction
6989a4dd10805f5685d686d1,Poetry
6989a4dd10805f5685d686d2,Biography
6989a4dd10805f5685d686d4,Law
6989a4dd10805f5685d686d6,Fiction
6989a4dd10805f5685d686d7,General
6989a4dd10805f5685d686d8,Fiction
6989a4dd10805f5685d686da,Biography
6989a4dd10805f5685d686dc,History
6989a4dd10805f5685d686de,Fiction
6989a4dd10805f5685d686df,Fiction
6989a4dd10805f5685d686e0,Performing Arts
6989a4dd10805f5685d686e2,Fiction
6989a4dd10805f5685d686e3,General
6989a4dd10805f5685d686e5,Fiction
6989a4dd10805f5685d686e7,Pets
6989a4dd10805f5685d686e9,General
6989a4dd10805f5685d686ea,General
6989a4dd10805f5685d686eb,Fiction
6989a4dd10805f5685d686ec,Fiction
6989a4dd10805f5685d686ee,Fiction
6989a4dd10805f5685d686ef,Fiction
6989a4dd10805f5685d686f1,Juvenile Nonfiction
6989a4dd10805f5685d686f3,Fiction
6989a4dd10805f5685d686f4,General
6989a4dd10805f5685d686f5,General
6989a4dd10805f5685d686f6,Fiction
6989a4dd10805f5685d686f8,Comics
6989a4dd10805f5685d686fa,General
6989a4dd10805f5685d686fb,Fiction
6989a4dd10805f5685d686fd,Social Science
6989a4dd10805f5685d686fe,Fiction
6989a4dd10805f5685d68700,Literary Collections
6989a4dd10805f5685d68702,Fiction
6989a4dd10805f5685d68703,Juvenile Fiction
6989a4dd10805f5685d68705,Fiction
6989a4dd10805f5685d68707,Fiction
6989a4dd10805f5685d68709,Family
6989a4dd10805f5685d6870b,General
6989a4dd10805f5685d6870c,Fiction
6989a4dd10805f5685d6870d,General
6989a4dd10805f5685d6870f,Social Science
6989a4dd10805f5685d68710,Art
6989a4dd10805f5685d68710,Colombian
6989a4dd10805f5685d68711,Fiction
6989a4dd10805f5685d68713,Religion
6989a4dd10805f5685d68715,Fiction
6989a4dd10805f5685d68717,Fiction
6989a4dd10805f5685d68718,Family
6989a4dd10805f5685d6871a,Fiction
6989a4dd10805f5685d6871b,Religion
6989a4dd10805f5685d6871c,Self-help
6989a4dd10805f5685d6871e,General
6989a4dd10805f5685d6871f,Sports
6989a4dd10805f5685d68721,Adultery
6989a4dd10805f5685d68722,General
6989a4dd10805f5685d68723,Fiction
6989a4dd10805f5685d68725,Fiction
6989a4dd10805f5685d68727,Fiction
6989a4dd10805f5685d68729,Fiction
6989a4dd10805f5685d6872b,Fiction
6989a4dd10805f5685d6872d,Science
6989a4dd10805f5685d6872e,Fiction
6989a4dd10805f5685d68730,General
6989a4dd10805f5685d68731,General
6989a4dd10805f5685d68732,Psychology
6989a4dd10805f5685d68734,Fiction
6989a4dd10805f5685d68736,Aristocracy (social Class)
6989a4dd10805f5685d68738,Fiction
6989a4dd10805f5685d6873a,Fiction
6989a4dd10805f5685d6873c,Fiction
6989a4dd10805f5685d6873d,Literary Collections
6989a4dd10805f5685d6873f,Fiction
6989a4dd10805f5685d68740,Fiction
6989a4dd10805f5685d68741,Fiction
6989a4dd10805f5685d68743,Fiction
6989a4dd10805f5685d68744,Philosophy
6989a4dd10805f5685d68746,Fantasy Literature
6989a4dd10805f5685d68746,English
6989a4dd10805f5685d68747,America
6989a4dd10805f5685d68749,Fiction
6989a4dd10805f5685d6874a,Pets
6989a4dd10805f5685d6874c,Fiction
6989a4dd10805f5685d6874e,Juvenile Fiction
6989a4dd10805f5685d6874f,Fiction
6989a4dd10805f5685d68751,Fiction
6989a4dd10805f5685d68752,General
6989a4dd10805f5685d68753,Fiction
6989a4dd10805f5685d68755,Biography
6989a4dd10805f5685d68757,Religion
6989a4dd10805f5685d68759,General
6989a4dd10805f5685d6875a,Psychology
6989a4dd10805f5685d6875c,Fiction
6989a4dd10805f5685d6875e,Fiction
6989a4dd10805f5685d68760,Fiction
6989a4dd10805f5685d68761,Biography
6989a4dd10805f5685d68763,Business
6989a4dd10805f5685d68765,Fiction
6989a4dd10805f5685d68767,Biography
6989a4dd10805f5685d68769,Fiction
6989a4dd10805f5685d6876b,Fiction
6989a4dd10805f5685d6876d,Fiction
6989a4dd10805f5685d6876e,Humor
6989a4dd10805f5685d68770,Biography
6989a4dd10805f5685d68772,Juvenile Fiction
6989a4dd10805f5685d68774,Children's Stories
6989a4dd10805f5685d68776,Fiction
6989a4dd10805f5685d68777,General
6989a4dd10805f5685d68778,General
6989a4dd10805f5685d68779,Juvenile Fiction
6989a4dd10805f5685d6877b,Sports
6989a4dd10805f5685d6877d,Fiction
6989a4dd10805f5685d6877f,Fiction
6989a4dd10805f5685d68780,Juvenile Fiction
6989a4dd10805f5685d68782,Fiction
6989a4dd10805f5685d68784,Fiction
6989a4dd10805f5685d68785,Detective And Mystery Stories
6989a4dd10805f5685d68785,English
6989a4dd10805f5685d68786,General
6989a4dd10805f5685d68788,General
6989a4dd10805f5685d68789,Fiction
6989a4dd10805f5685d6878b,Fiction
6989a4dd10805f5685d6878c,Fiction
6989a4dd10805f5685d6878d,Fiction
6989a4dd10805f5685d6878f,Fiction
6989a4dd10805f5685d68791,Science
6989a4dd10805f5685d68793,Fiction
6989a4dd10805f5685d68794,Fiction
6989a4dd10805f5685d68795,Christmas Stories
6989a4dd10805f5685d68797,Biography
6989a4dd10805f5685d68799,Humor
6989a4dd10805f5685d6879a,Family
6989a4dd10805f5685d6879c,Fiction
6989a4dd10805f5685d6879e,Fiction
6989a4dd10805f5685d687a0,Fiction
6989a4dd10805f5685d687a2,Fiction
6989a4dd10805f5685d687a4,Famines
6989a4dd10805f5685d687a6,General
6989a4dd10805f5685d687a8,Psychology
6989a4dd10805f5685d687aa,Fiction
6989a4dd10805f5685d687ab,General
6989a4dd10805f5685d687ac,Fiction
6989a4dd10805f5685d687ae,General
6989a4dd10805f5685d687af,Fiction
6989a4dd10805f5685d687b1,Fiction
6989a4dd10805f5685d687b3,Religion
6989a4dd10805f5685d687b5,Aran Islands (ireland)
6989a4dd10805f5685d687b7,Body
6989a4dd10805f5685d687b7,Mind
6989a4dd10805f5685d687b8,General
6989a4dd10805f5685d687b9,Fiction
6989a4dd10805f5685d687ba,Fiction
6989a4dd10805f5685d687bc,Religion
6989a4dd10805f5685d687be,Literary Collections
6989a4dd10805f5685d687bf,Fiction
6989a4dd10805f5685d687c0,Fiction
6989a4dd10805f5685d687c2,Fiction
6989a4dd10805f5685d687c3,Business
6989a4dd10805f5685d687c5,Fiction
6989a4dd10805f5685d687c7,History
6989a4dd10805f5685d687c9,General
6989a4dd10805f5685d687ca,History
6989a4dd10805f5685d687cc,Political Science
6989a4dd10805f5685d687ce,Fiction
6989a4dd10805f5685d687d0,Social Science
6989a4dd10805f5685d687d1,General
6989a4dd10805f5685d687d2,Fiction
6989a4dd10805f5685d687d4,Americans
6989a4dd10805f5685d687d5,Philosophy
6989a4dd10805f5685d687d7,Biography
6989a4dd10805f5685d687d9,Stream Measurements
6989a4dd10805f5685d687da,Juvenile Fiction
6989a4dd10805f5685d687dc,Knights And Knighthood
6989a4dd10805f5685d687de,Fiction
6989a4dd10805f5685d687e0,Bibles
6989a4dd10805f5685d687e1,Fiction
6989a4dd10805f5685d687e2,Juvenile Nonfiction
6989a4dd10805f5685d687e4,Fiction
6989a4dd10805f5685d687e6,Body
6989a4dd10805f5685d687e6,Mind
6989a4dd10805f5685d687e8,Juvenile Fiction
6989a4dd10805f5685d687ea,Fiction
6989a4dd10805f5685d687ec,Fiction
6989a4dd10805f5685d687ee,Fiction
6989a4dd10805f5685d687f0,Fiction
6989a4dd10805f5685d687f2,Fiction
6989a4dd10805f5685d687f3,Fiction
6989a4dd10805f5685d687f4,Pets
6989a4dd10805f5685d687f6,Fiction
6989a4dd10805f5685d687f7,Fiction
6989a4dd10805f5685d687f8,Health
6989a4dd10805f5685d687fa,General
6989a4dd10805f5685d687fb,Fiction
6989a4dd10805f5685d687fc,Biography
6989a4dd10805f5685d687fe,General
6989a4dd10805f5685d687ff,Fiction
6989a4dd10805f5685d68801,Science
6989a4dd10805f5685d68803,Fiction
6989a4dd10805f5685d68804,Fiction
6989a4dd10805f5685d68806,General
6989a4dd10805f5685d68807,Religion
6989a4dd10805f5685d68809,Civilization
6989a4dd10805f5685d6880b,General
6989a4dd10805f5685d6880c,Fiction
6989a4dd10805f5685d6880e,General
6989a4dd10805f5685d6880f,Philosophy
6989a4dd10805f5685d68811,General
6989a4dd10805f5685d68812,Marriage
6989a4dd10805f5685d68814,True Crime
6989a4dd10805f5685d68816,Fiction
6989a4dd10805f5685d68817,Philosophy
6989a4dd10805f5685d68818,Fiction
6989a4dd10805f5685d6881a,Comics
6989a4dd10805f5685d6881c,Social Science
6989a4dd10805f5685d6881e,General
6989a4dd10805f5685d6881f,Juvenile Nonfiction
6989a4dd10805f5685d68821,Biography
6989a4dd10805f5685d68823,Education
6989a4dd10805f5685d68825,Juvenile Nonfiction
6989a4dd10805f5685d68827,Fiction
6989a4dd10805f5685d68828,Cooking
6989a4dd10805f5685d6882a,Fiction
6989a4dd10805f5685d6882c,Wizards
6989a4dd10805f5685d6882d,General
6989a4dd10805f5685d6882f,History
6989a4dd10805f5685d68831,Comics
6989a4dd10805f5685d68832,Religion
6989a4dd10805f5685d68834,Fiction
6989a4dd10805f5685d68835,Juvenile Fiction
6989a4dd10805f5685d68837,Crafts
6989a4dd10805f5685d68839,Fiction
6989a4dd10805f5685d6883b,Fiction
6989a4dd10805f5685d6883d,Fiction
6989a4dd10805f5685d6883e,Fiction
6989a4dd10805f5685d68840,Humor
6989a4dd10805f5685d68841,Fiction
6989a4dd10805f5685d68843,Fiction
6989a4dd10805f5685d68844,Fiction
6989a4dd10805f5685d68846,Psychology
6989a4dd10805f5685d68848,Biography
6989a4dd10805f5685d6884a,Fiction
6989a4dd10805f5685d6884c,Juvenile Fiction
6989a4dd10805f5685d6884e,United States
6989a4dd10805f5685d68850,General
6989a4dd10805f5685d68852,General
6989a4dd10805f5685d68853,General
6989a4dd10805f5685d68855,Business
6989a4dd10805f5685d68857,Fiction
6989a4dd10805f5685d68858,Religion
6989a4dd10805f5685d6885a,Fiction
6989a4dd10805f5685d6885b,Juvenile Fiction
6989a4dd10805f5685d6885d,Juvenile Fiction
6989a4dd10805f5685d6885f,Biography
6989a4dd10805f5685d68861,Fiction
6989a4dd10805f5685d68863,Fiction
6989a4dd10805f5685d68864,Fiction
6989a4dd10805f5685d68866,Fiction
6989a4dd10805f5685d68868,Fiction
6989a4dd10805f5685d68869,Fiction
6989a4dd10805f5685d6886a,History
6989a4dd10805f5685d6886c,Language Arts
6989a4dd10805f5685d6886e,Juvenile Fiction
6989a4dd10805f5685d68870,Popular Music
6989a4dd10805f5685d68872,Fantasy Games
6989a4dd10805f5685d68873,Fiction
6989a4dd10805f5685d68875,Religion
6989a4dd10805f5685d68877,Connecticut
6989a4dd10805f5685d68879,Fiction
6989a4dd10805f5685d6887b,General
6989a4dd10805f5685d6887c,Fiction
6989a4dd10805f5685d6887d,Fiction
6989a4dd10805f5685d6887e,Vampires
6989a4dd10805f5685d68880,General
6989a4dd10805f5685d68881,Fiction
6989a4dd10805f5685d68882,Fiction In English
6989a4dd10805f5685d68883,Fiction
6989a4dd10805f5685d68885,Fiction
6989a4dd10805f5685d68887,Characters And Characteristics In Literature
6989a4dd10805f5685d68888,General
6989a4dd10805f5685d68889,Fairy Tales
6989a4dd10805f5685d6888b,Fiction
6989a4dd10805f5685d6888d,Fiction
6989a4dd10805f5685d6888f,Fiction
6989a4dd10805f5685d68891,Science
6989a4dd10805f5685d68893,General
6989a4dd10805f5685d68895,General
6989a4dd10805f5685d68896,American Wit And Humor
6989a4dd10805f5685d68896,Pictorial
6989a4dd10805f5685d68898,English Wit And Humor
6989a4dd10805f5685d68899,Fiction
6989a4dd10805f5685d6889a,Fiction
6989a4dd10805f5685d6889c,Fiction
6989a4dd10805f5685d6889d,Health
6989a4dd10805f5685d6889f,General
6989a4dd10805f5685d688a0,General
6989a4dd10805f5685d688a2,Self-help
6989a4dd10805f5685d688a4,Religion
6989a4dd10805f5685d688a6,Self-help
6989a4dd10805f5685d688a8,Juvenile Fiction
6989a4dd10805f5685d688aa,Fiction
6989a4dd10805f5685d688ac,Fiction
6989a4dd10805f5685d688ae,Philosophy
6989a4dd10805f5685d688b0,Fiction
6989a4dd10805f5685d688b2,Fiction
6989a4dd10805f5685d688b4,History
6989a4dd10805f5685d688b6,Book Of Mormon
6989a4dd10805f5685d688b8,Education
6989a4dd10805f5685d688ba,Fiction
6989a4dd10805f5685d688bc,True Crime
6989a4dd10805f5685d688be,Indic Fiction (english)
6989a4dd10805f5685d688c0,Campion
6989a4dd10805f5685d688c0,Albert (fictitious Character)
6989a4dd10805f5685d688c1,History
6989a4dd10805f5685d688c3,Nature
6989a4dd10805f5685d688c5,General
6989a4dd10805f5685d688c7,Juvenile Fiction
6989a4dd10805f5685d688c9,Fiction
6989a4dd10805f5685d688ca,Philosophy
6989a4dd10805f5685d688cc,Fiction
6989a4dd10805f5685d688cd,Fiction
6989a4dd10805f5685d688ce,African Americans
6989a4dd10805f5685d688cf,Sports
6989a4dd10805f5685d688d1,Religion
6989a4dd10805f5685d688d2,Business
6989a4dd10805f5685d688d4,Fiction
6989a4dd10805f5685d688d6,Fiction
6989a4dd10805f5685d688d7,Fiction
6989a4dd10805f5685d688d9,Science
6989a4dd10805f5685d688db,Fiction
6989a4dd10805f5685d688dc,Adventure Stories
6989a4dd10805f5685d688dc,American
6989a4dd10805f5685d688dd,Religion
6989a4dd10805f5685d688df,Social Science
6989a4dd10805f5685d688e1,Fiction
6989a4dd10805f5685d688e3,Sports
6989a4dd10805f5685d688e5,General
6989a4dd10805f5685d688e7,Drama
6989a4dd10805f5685d688e9,Juvenile Fiction
6989a4dd10805f5685d688ea,Science
6989a4dd10805f5685d688ec,Juvenile Nonfiction
6989a4dd10805f5685d688ee,General
6989a4dd10805f5685d688ef,Foreign Language Study
6989a4dd10805f5685d688f1,Biography
6989a4dd10805f5685d688f3,General
6989a4dd10805f5685d688f4,Juvenile Fiction
6989a4dd10805f5685d688f6,Juvenile Fiction
6989a4dd10805f5685d688f7,Business
6989a4dd10805f5685d688f9,Detective And Mystery Stories
6989a4dd10805f5685d688fa,General
6989a4dd10805f5685d688fb,Juvenile Fiction
6989a4dd10805f5685d688fd,General
6989a4dd10805f5685d688fe,General
6989a4dd10805f5685d68900,Family
6989a4dd10805f5685d68902,Survival
6989a4dd10805f5685d68904,Fiction
6989a4dd10805f5685d68906,Fiction
6989a4dd10805f5685d68908,Fiction
6989a4dd10805f5685d68909,Fiction
6989a4dd10805f5685d6890b,General
6989a4dd10805f5685d6890c,Social Science
6989a4dd10805f5685d6890e,General
6989a4dd10805f5685d68910,Fiction
6989a4dd10805f5685d68912,Economics
6989a4dd10805f5685d68914,Biography
6989a4dd10805f5685d68916,Political Science
6989a4dd10805f5685d68918,Body
6989a4dd10805f5685d68918,Mind
6989a4dd10805f5685d6891a,Religion
6989a4dd10805f5685d6891c,General
6989a4dd10805f5685d6891d,General
6989a4dd10805f5685d6891f,Drama
6989a4dd10805f5685d68921,General
6989a4dd10805f5685d68922,Fiction
6989a4dd10805f5685d68924,Fiction
6989a4dd10805f5685d68925,Fiction
6989a4dd10805f5685d68927,Fiction
6989a4dd10805f5685d68929,General
6989a4dd10805f5685d6892a,Social Science
6989a4dd10805f5685d6892c,Fiction
6989a4dd10805f5685d6892e,Fiction
6989a4dd10805f5685d68930,Taiwan
6989a4dd10805f5685d68932,Fiction
6989a4dd10805f5685d68934,Biography
6989a4dd10805f5685d68935,Fiction
6989a4dd10805f5685d68936,Cooking
6989a4dd10805f5685d68938,Meditations
6989a4dd10805f5685d6893a,General
6989a4dd10805f5685d6893b,Fiction
6989a4dd10805f5685d6893d,General
6989a4dd10805f5685d6893e,Fiction
6989a4dd10805f5685d6893f,History
6989a4dd10805f5685d68941,Social Science
6989a4dd10805f5685d68942,Fiction
6989a4dd10805f5685d68944,Medical
6989a4dd10805f5685d68946,Fiction
6989a4dd10805f5685d68948,Fiction
6989a4dd10805f5685d68949,Fiction
6989a4dd10805f5685d6894b,General
6989a4dd10805f5685d6894c,Juvenile Fiction
6989a4dd10805f5685d6894d,Psychology
6989a4dd10805f5685d6894f,Astronomy
6989a4dd10805f5685d68951,Performing Arts
6989a4dd10805f5685d68953,General
6989a4dd10805f5685d68954,Fiction
6989a4dd10805f5685d68955,Fiction
6989a4dd10805f5685d68956,Biography
6989a4dd10805f5685d68958,Fiction
6989a4dd10805f5685d6895a,Fiction
6989a4dd10805f5685d6895b,Fiction
6989a4dd10805f5685d6895c,Fiction
6989a4dd10805f5685d6895e,Social Science
6989a4dd10805f5685d68960,Philosophy
6989a4dd10805f5685d68962,Body
6989a4dd10805f5685d68962,Mind
6989a4dd10805f5685d68963,Fiction
6989a4dd10805f5685d68964,Fiction
6989a4dd10805f5685d68965,Fiction
6989a4dd10805f5685d68967,Fiction
6989a4dd10805f5685d68969,General
6989a4dd10805f5685d6896a,Health
6989a4dd10805f5685d6896c,Business
6989a4dd10805f5685d6896e,Anglican Converts
6989a4dd10805f5685d6896f,Literary Criticism
6989a4dd10805f5685d68971,Political Science
6989a4dd10805f5685d68973,Fiction
6989a4dd10805f5685d68974,General
6989a4dd10805f5685d68975,Juvenile Nonfiction
6989a4dd10805f5685d68976,Fiction
6989a4dd10805f5685d68978,Fiction
6989a4dd10805f5685d68979,General
6989a4dd10805f5685d6897a,Humor
6989a4dd10805f5685d6897c,Juvenile Fiction
6989a4dd10805f5685d6897e,Fiction
6989a4dd10805f5685d68980,Dutch Fiction
6989a4dd10805f5685d68982,Fiction
6989a4dd10805f5685d68984,Fiction
6989a4dd10805f5685d68985,General
6989a4dd10805f5685d68986,Australia
6989a4dd10805f5685d68987,Technology
6989a4dd10805f5685d68989,General
6989a4dd10805f5685d6898a,Business
6989a4dd10805f5685d6898c,Fiction
6989a4dd10805f5685d6898d,National Characteristics
6989a4dd10805f5685d6898d,American
6989a4dd10805f5685d6898e,Fiction
6989a4dd10805f5685d68990,Family
6989a4dd10805f5685d68992,Fiction
6989a4dd10805f5685d68994,Fiction
6989a4dd10805f5685d68996,Religion
6989a4dd10805f5685d68998,General
6989a4dd10805f5685d68999,General
6989a4dd10805f5685d6899a,Juvenile Nonfiction
6989a4dd10805f5685d6899b,Adoption
6989a4dd10805f5685d6899d,Fiction
6989a4dd10805f5685d6899e,Juvenile Fiction
6989a4dd10805f5685d689a0,General
6989a4dd10805f5685d689a2,General
6989a4dd10805f5685d689a3,Fiction
6989a4dd10805f5685d689a5,Fiction
6989a4dd10805f5685d689a7,Fiction
6989a4dd10805f5685d689a9,Fiction
6989a4dd10805f5685d689ab,Juvenile Fiction
6989a4dd10805f5685d689ad,Fiction
6989a4dd10805f5685d689af,Biography
6989a4dd10805f5685d689b0,Art
6989a4dd10805f5685d689b2,Fiction
6989a4dd10805f5685d689b4,True Crime
6989a4dd10805f5685d689b5,General
6989a4dd10805f5685d689b7,Fiction
6989a4dd10805f5685d689b9,Body
6989a4dd10805f5685d689b9,Mind
6989a4dd10805f5685d689bb,Fiction
6989a4dd10805f5685d689bc,Fiction
6989a4dd10805f5685d689be,Performing Arts
6989a4dd10805f5685d689c0,Fiction
6989a4dd10805f5685d689c1,Audiobooks
6989a4dd10805f5685d689c2,Fiction
6989a4dd10805f5685d689c3,Nature
6989a4dd10805f5685d689c4,Fiction
6989a4dd10805f5685d689c5,Fiction
6989a4dd10805f5685d689c7,Performing Arts
6989a4dd10805f5685d689c9,Sex (psychology)
6989a4dd10805f5685d689cb,General
6989a4dd10805f5685d689cc,General
6989a4dd10805f5685d689cd,Juvenile Nonfiction
6989a4dd10805f5685d689cf,Reference
6989a4dd10805f5685d689d1,General
6989a4dd10805f5685d689d2,General
6989a4dd10805f5685d689d3,True Crime
6989a4dd10805f5685d689d5,Fiction
6989a4dd10805f5685d689d6,Philosophy
6989a4dd10805f5685d689d7,General
6989a4dd10805f5685d689d9,Fiction
6989a4dd10805f5685d689db,Fiction
6989a4dd10805f5685d689dd,Fiction
6989a4dd10805f5685d689df,Self-help
6989a4dd10805f5685d689e1,Fiction
6989a4dd10805f5685d689e3,History
6989a4dd10805f5685d689e5,General
6989a4dd10805f5685d689e6,Fiction
6989a4dd10805f5685d689e7,Fiction
6989a4dd10805f5685d689e8,Law
6989a4dd10805f5685d689ea,General
6989a4dd10805f5685d689eb,Fiction
6989a4dd10805f5685d689ec,Literary Criticism
6989a4dd10805f5685d689ee,Fiction
6989a4dd10805f5685d689f0,Juvenile Fiction
6989a4dd10805f5685d689f2,Psychology
6989a4dd10805f5685d689f4,General
6989a4dd10805f5685d689f6,General
6989a4dd10805f5685d689f8,Body
6989a4dd10805f5685d689f8,Mind
6989a4dd10805f5685d689fa,Social Science
6989a4dd10805f5685d689fc,General
6989a4dd10805f5685d689fd,History
6989a4dd10805f5685d689ff,Fiction
6989a4dd10805f5685d68a00,Fiction
6989a4dd10805f5685d68a01,Fiction
6989a4dd10805f5685d68a02,Fiction
6989a4dd10805f5685d68a03,Biography
6989a4dd10805f5685d68a04,Fiction
6989a4dd10805f5685d68a06,General
6989a4dd10805f5685d68a07,Biography
6989a4dd10805f5685d68a09,Religion
6989a4dd10805f5685d68a0a,Fiction
6989a4dd10805f5685d68a0b,General
6989a4dd10805f5685d68a0d,Fiction
6989a4dd10805f5685d68a0e,Fiction
6989a4dd10805f5685d68a10,Fiction
6989a4dd10805f5685d68a12,Fiction
6989a4dd10805f5685d68a14,Fiction
6989a4dd10805f5685d68a16,Travel
6989a4dd10805f5685d68a17,Fiction
6989a4dd10805f5685d68a19,Fiction
6989a4dd10805f5685d68a1b,Social Science
6989a4dd10805f5685d68a1d,Travel
6989a4dd10805f5685d68a1e,Fiction
6989a4dd10805f5685d68a20,Fiction
6989a4dd10805f5685d68a22,Fiction
6989a4dd10805f5685d68a23,Murder
6989a4dd10805f5685d68a24,Childbirth
6989a4dd10805f5685d68a26,Games
6989a4dd10805f5685d68a28,Biography
6989a4dd10805f5685d68a29,Social Science
6989a4dd10805f5685d68a2b,History
6989a4dd10805f5685d68a2d,Biography
6989a4dd10805f5685d68a2f,Biography
6989a4dd10805f5685d68a30,Fiction
6989a4dd10805f5685d68a32,Fiction
6989a4dd10805f5685d68a34,History
6989a4dd10805f5685d68a35,Young Adult Fiction
6989a4dd10805f5685d68a37,General
6989a4dd10805f5685d68a38,Fiction
6989a4dd10805f5685d68a3a,Fiction
6989a4dd10805f5685d68a3c,Juvenile Fiction
6989a4dd10805f5685d68a3d,Juvenile Fiction
6989a4dd10805f5685d68a3e,Computers
6989a4dd10805f5685d68a40,Biography
6989a4dd10805f5685d68a41,Biography
6989a4dd10805f5685d68a42,General
6989a4dd10805f5685d68a43,General
6989a4dd10805f5685d68a44,Bereavement
6989a4dd10805f5685d68a46,Fiction
6989a4dd10805f5685d68a47,Fiction
6989a4dd10805f5685d68a49,Cadfael
6989a4dd10805f5685d68a49,Brother (fictitious Character)
6989a4dd10805f5685d68a4a,Fiction
6989a4dd10805f5685d68a4b,General
6989a4dd10805f5685d68a4c,Performing Arts
6989a4dd10805f5685d68a4d,Family
6989a4dd10805f5685d68a4f,General
6989a4dd10805f5685d68a50,Fiction
6989a4dd10805f5685d68a52,Fiction
6989a4dd10805f5685d68a53,Humor
6989a4dd10805f5685d68a54,Law
6989a4dd10805f5685d68a56,Fiction
6989a4dd10805f5685d68a58,Fiction
6989a4dd10805f5685d68a5a,General
6989a4dd10805f5685d68a5b,General
6989a4dd10805f5685d68a5c,Juvenile Fiction
6989a4dd10805f5685d68a5e,General
6989a4dd10805f5685d68a5f,Fiction
6989a4dd10805f5685d68a61,Fiction
6989a4dd10805f5685d68a63,Comics
6989a4dd10805f5685d68a65,Psychology
6989a4dd10805f5685d68a66,Fiction
6989a4dd10805f5685d68a68,Biography
6989a4dd10805f5685d68a6a,General
6989a4dd10805f5685d68a6b,Education
6989a4dd10805f5685d68a6c,Self-actualization (psychology)
6989a4dd10805f5685d68a6e,General
6989a4dd10805f5685d68a70,General
6989a4dd10805f5685d68a71,Fiction
6989a4dd10805f5685d68a73,General
6989a4dd10805f5685d68a75,General
6989a4dd10805f5685d68a76,Body Language
6989a4dd10805f5685d68a78,General
6989a4dd10805f5685d68a79,Fiction
6989a4dd10805f5685d68a7a,Biography
6989a4dd10805f5685d68a7c,Poetry
6989a4dd10805f5685d68a7e,Cooking
6989a4dd10805f5685d68a80,General
6989a4dd10805f5685d68a81,Fiction
6989a4dd10805f5685d68a82,Fiction
6989a4dd10805f5685d68a84,Biography
6989a4dd10805f5685d68a86,General
6989a4dd10805f5685d68a88,Biography
6989a4dd10805f5685d68a8a,Fiction
6989a4dd10805f5685d68a8c,General
6989a4dd10805f5685d68a8d,Fiction
6989a4dd10805f5685d68a8e,Fiction
6989a4dd10805f5685d68a90,Reference
6989a4dd10805f5685d68a92,Fiction
6989a4dd10805f5685d68a94,General
6989a4dd10805f5685d68a95,Large Type Books
6989a4dd10805f5685d68a97,General
6989a4dd10805f5685d68a98,Bashfulness
6989a4dd10805f5685d68a99,Fiction
6989a4dd10805f5685d68a9b,Juvenile Fiction
6989a4dd10805f5685d68a9d,Juvenile Fiction
6989a4dd10805f5685d68a9f,Fiction
6989a4dd10805f5685d68aa1,Psychology
6989a4dd10805f5685d68aa3,Self-help
6989a4dd10805f5685d68aa5,Fiction
6989a4dd10805f5685d68aa7,Belgians
6989a4dd10805f5685d68aa8,General
6989a4dd10805f5685d68aa9,History
6989a4dd10805f5685d68aab,Fiction
6989a4dd10805f5685d68aad,Biography
6989a4dd10805f5685d68aaf,Fiction
6989a4dd10805f5685d68ab1,Fiction
6989a4dd10805f5685d68ab3,General
6989a4dd10805f5685d68ab4,Fiction
6989a4dd10805f5685d68ab6,Biography
6989a4dd10805f5685d68ab8,Fiction
6989a4dd10805f5685d68ab9,Fiction
6989a4dd10805f5685d68abb,Family
6989a4dd10805f5685d68abc,History
6989a4dd10805f5685d68abe,Young Adult Fiction
6989a4dd10805f5685d68ac0,Psychology
6989a4dd10805f5685d68ac2,Fiction
6989a4dd10805f5685d68ac3,Fiction
6989a4dd10805f5685d68ac5,Reference
6989a4dd10805f5685d68ac7,Fiction
6989a4dd10805f5685d68ac8,Fiction
6989a4dd10805f5685d68aca,Fiction
6989a4dd10805f5685d68acc,Women And Religion
6989a4dd10805f5685d68ace,Fiction
6989a4dd10805f5685d68acf,Fiction
6989a4dd10805f5685d68ad1,True Crime
6989a4dd10805f5685d68ad3,Fiction
6989a4dd10805f5685d68ad5,Encyclopedias And Dictionaries
6989a4dd10805f5685d68ad6,History
6989a4dd10805f5685d68ad8,Fiction
6989a4dd10805f5685d68ada,General
6989a4dd10805f5685d68adb,Fiction
6989a4dd10805f5685d68adc,Epic Poetry
6989a4dd10805f5685d68adc,Greek
6989a4dd10805f5685d68ade,Fiction
6989a4dd10805f5685d68adf,Juvenile Fiction
6989a4dd10805f5685d68ae0,General
6989a4dd10805f5685d68ae2,History
6989a4dd10805f5685d68ae4,Horror Tales
6989a4dd10805f5685d68ae4,American
6989a4dd10805f5685d68ae6,General
6989a4dd10805f5685d68ae7,Social Science
6989a4dd10805f5685d68ae9,Fiction
6989a4dd10805f5685d68aeb,History
6989a4dd10805f5685d68aed,General
6989a4dd10805f5685d68aee,Tristan (legend)
6989a4dd10805f5685d68af0,Biography
6989a4dd10805f5685d68af2,General
6989a4dd10805f5685d68af3,Fiction
6989a4dd10805f5685d68af4,General
6989a4dd10805f5685d68af5,Fiction
6989a4dd10805f5685d68af7,Juvenile Fiction
6989a4dd10805f5685d68af9,Fiction
6989a4dd10805f5685d68afb,Religion
6989a4dd10805f5685d68afd,Fiction
6989a4dd10805f5685d68afe,Cats
6989a4dd10805f5685d68aff,Mexican American Tales
6989a4dd10805f5685d68b01,General
6989a4dd10805f5685d68b02,Fiction
6989a4dd10805f5685d68b04,Fiction
6989a4dd10805f5685d68b06,General
6989a4dd10805f5685d68b07,Fiction
6989a4dd10805f5685d68b09,Juvenile Fiction
6989a4dd10805f5685d68b0b,Fiction
6989a4dd10805f5685d68b0d,General
6989a4dd10805f5685d68b0f,Children's Poetry
6989a4dd10805f5685d68b10,General
6989a4dd10805f5685d68b11,Religion
6989a4dd10805f5685d68b13,Biography
6989a4dd10805f5685d68b15,Science
6989a4dd10805f5685d68b17,Poetry
6989a4dd10805f5685d68b19,Fiction
6989a4dd10805f5685d68b1a,Music
6989a4dd10805f5685d68b1c,Religion
6989a4dd10805f5685d68b1e,Fiction
6989a4dd10805f5685d68b20,Comics
6989a4dd10805f5685d68b22,Fiction
6989a4dd10805f5685d68b24,Science
6989a4dd10805f5685d68b25,Fiction
6989a4dd10805f5685d68b27,Juvenile Fiction
6989a4dd10805f5685d68b28,Creative Ability
6989a4dd10805f5685d68b2a,Fiction
6989a4dd10805f5685d68b2c,Dakota Territory
6989a4dd10805f5685d68b2e,Behavior Therapy
6989a4dd10805f5685d68b30,Fiction
6989a4dd10805f5685d68b32,Religion
6989a4dd10805f5685d68b33,Donahue (television Program)
6989a4dd10805f5685d68b35,Biography
6989a4dd10805f5685d68b37,Idaho
6989a4dd10805f5685d68b39,Fiction
6989a4dd10805f5685d68b3b,General
6989a4dd10805f5685d68b3c,Fiction
6989a4dd10805f5685d68b3e,Fiction
6989a4dd10805f5685d68b40,Biography
6989a4dd10805f5685d68b41,Fiction
6989a4dd10805f5685d68b43,Fiction
6989a4dd10805f5685d68b45,Fiction
6989a4dd10805f5685d68b46,Fiction
6989a4dd10805f5685d68b47,History
6989a4dd10805f5685d68b49,Body
6989a4dd10805f5685d68b49,Mind
6989a4dd10805f5685d68b4b,Penis
6989a4dd10805f5685d68b4d,Juvenile Fiction
6989a4dd10805f5685d68b4f,Literary Collections
6989a4dd10805f5685d68b50,Drama
6989a4dd10805f5685d68b51,Fiction
6989a4dd10805f5685d68b53,General
6989a4dd10805f5685d68b54,Fiction
6989a4dd10805f5685d68b56,Humor
6989a4dd10805f5685d68b58,Brothers And Sisters
6989a4dd10805f5685d68b59,Fiction
6989a4dd10805f5685d68b5a,Fiction
6989a4dd10805f5685d68b5b,Architecture
6989a4dd10805f5685d68b5c,Fiction
6989a4dd10805f5685d68b5e,Biography
6989a4dd10805f5685d68b60,General
6989a4dd10805f5685d68b61,General
6989a4dd10805f5685d68b63,Travel
6989a4dd10805f5685d68b65,Computers
6989a4dd10805f5685d68b67,Political Science
6989a4dd10805f5685d68b69,Fiction
6989a4dd10805f5685d68b6a,Biography
6989a4dd10805f5685d68b6c,Fiction
6989a4dd10805f5685d68b6e,Business
6989a4dd10805f5685d68b70,Juvenile Fiction
6989a4dd10805f5685d68b71,Art
6989a4dd10805f5685d68b73,Fiction
6989a4dd10805f5685d68b75,Photography
6989a4dd10805f5685d68b77,Fiction
6989a4dd10805f5685d68b79,General
6989a4dd10805f5685d68b7a,Fiction
6989a4dd10805f5685d68b7b,Sinclair Symposium
6989a4dd10805f5685d68b7d,Biography
6989a4dd10805f5685d68b7f,Fiction
6989a4dd10805f5685d68b80,Political Science
6989a4dd10805f5685d68b82,General
6989a4dd10805f5685d68b83,Fiction
6989a4dd10805f5685d68b84,Humor
6989a4dd10805f5685d68b86,American Fiction
6989a4dd10805f5685d68b87,General
6989a4dd10805f5685d68b88,Fiction
6989a4dd10805f5685d68b8a,Fiction
6989a4dd10805f5685d68b8b,Fiction
6989a4dd10805f5685d68b8c,Biography
6989a4dd10805f5685d68b8e,Fiction
6989a4dd10805f5685d68b8f,Fiction
6989a4dd10805f5685d68b90,Crafts
6989a4dd10805f5685d68b92,Fiction
6989a4dd10805f5685d68b93,History
6989a4dd10805f5685d68b95,Fiction
6989a4dd10805f5685d68b96,Fiction
6989a4dd10805f5685d68b98,Social Science
6989a4dd10805f5685d68b9a,Humor
6989a4dd10805f5685d68b9c,Religion
6989a4dd10805f5685d68b9e,Biography
6989a4dd10805f5685d68ba0,Fiction
6989a4dd10805f5685d68ba1,Juvenile Nonfiction
6989a4dd10805f5685d68ba3,Art
6989a4dd10805f5685d68ba5,Juvenile Fiction
6989a4dd10805f5685d68ba7,Religion
6989a4dd10805f5685d68ba8,Fiction
6989a4dd10805f5685d68baa,Fiction
6989a4dd10805f5685d68bac,Fiction
6989a4dd10805f5685d68bad,Fiction
6989a4dd10805f5685d68bae,Fiction
6989a4dd10805f5685d68bb0,Fiction
6989a4dd10805f5685d68bb2,Fiction
6989a4dd10805f5685d68bb3,Fiction
6989a4dd10805f5685d68bb5,General
6989a4dd10805f5685d68bb6,Tugboats
6989a4dd10805f5685d68bb8,Juvenile Fiction
6989a4dd10805f5685d68bb9,Biography
6989a4dd10805f5685d68bbb,Fiction
6989a4dd10805f5685d68bbc,Fiction
6989a4dd10805f5685d68bbd,Human-computer Interaction
6989a4dd10805f5685d68bbf,Fiction
6989a4dd10805f5685d68bc1,General
6989a4dd10805f5685d68bc2,Biography
6989a4dd10805f5685d68bc4,General
6989a4dd10805f5685d68bc5,Fiction
6989a4dd10805f5685d68bc6,Fiction
6989a4dd10805f5685d68bc7,True Crime
6989a4dd10805f5685d68bc8,Religion
6989a4dd10805f5685d68bca,Fiction
6989a4dd10805f5685d68bcb,Juvenile Fiction
6989a4dd10805f5685d68bcd,General
6989a4dd10805f5685d68bce,Adjustment (psychology)
6989a4dd10805f5685d68bd0,Fiction
6989a4dd10805f5685d68bd2,Young Adult Fiction
6989a4dd10805f5685d68bd3,Juvenile Fiction
6989a4dd10805f5685d68bd4,Family
6989a4dd10805f5685d68bd6,Asia
6989a4dd10805f5685d68bd8,Biography
6989a4dd10805f5685d68bda,Fiction
6989a4dd10805f5685d68bdc,Fiction
6989a4dd10805f5685d68bde,Photography
6989a4dd10805f5685d68be0,Fiction
6989a4dd10805f5685d68be1,General
6989a4dd10805f5685d68be2,History
6989a4dd10805f5685d68be4,Large Type Books
6989a4dd10805f5685d68be5,History
6989a4dd10805f5685d68be7,Social Science
6989a4dd10805f5685d68be9,Fiction
6989a4dd10805f5685d68bea,Horses
6989a4dd10805f5685d68beb,Religion
6989a4dd10805f5685d68bed,General
6989a4dd10805f5685d68bef,Young Adult Fiction
6989a4dd10805f5685d68bf1,Fiction
6989a4dd10805f5685d68bf2,Fiction
6989a4dd10805f5685d68bf4,Juvenile Fiction
6989a4dd10805f5685d68bf6,Juvenile Fiction
6989a4dd10805f5685d68bf8,Literary Criticism
6989a4dd10805f5685d68bfa,Fiction
6989a4dd10805f5685d68bfb,Fiction
6989a4dd10805f5685d68bfd,Fiction
6989a4dd10805f5685d68bff,Juvenile Fiction
6989a4dd10805f5685d68c01,Christian Life
6989a4dd10805f5685d68c03,Securities
6989a4dd10805f5685d68c05,Young Adult Fiction
6989a4dd10805f5685d68c06,Fiction
6989a4dd10805f5685d68c08,Fiction
6989a4dd10805f5685d68c0a,American Literature
6989a4dd10805f5685d68c0b,Fiction
6989a4dd10805f5685d68c0d,Territorial Waters
6989a4dd10805f5685d68c0f,Fiction
6989a4dd10805f5685d68c11,Nature
6989a4dd10805f5685d68c13,Fiction
6989a4dd10805f5685d68c14,Fiction
6989a4dd10805f5685d68c15,General
6989a4dd10805f5685d68c17,General
6989a4dd10805f5685d68c18,Biography
6989a4dd10805f5685d68c1a,General
6989a4dd10805f5685d68c1b,General
6989a4dd10805f5685d68c1c,Comics
6989a4dd10805f5685d68c1e,Education
6989a4dd10805f5685d68c20,Fiction
6989a4dd10805f5685d68c22,Fiction
6989a4dd10805f5685d68c23,Biography
6989a4dd10805f5685d68c25,Detective And Mystery Stories
6989a4dd10805f5685d68c26,Fiction
6989a4dd10805f5685d68c27,Body
6989a4dd10805f5685d68c27,Mind
6989a4dd10805f5685d68c29,Fiction
6989a4dd10805f5685d68c2b,Drama
6989a4dd10805f5685d68c2d,Fiction
6989a4dd10805f5685d68c2e,Fiction
6989a4dd10805f5685d68c2f,Juvenile Fiction
6989a4dd10805f5685d68c31,General
6989a4dd10805f5685d68c33,General
6989a4dd10805f5685d68c34,Children's Stories
6989a4dd10805f5685d68c36,Travel
6989a4dd10805f5685d68c37,Fiction
6989a4dd10805f5685d68c39,Art
6989a4dd10805f5685d68c3b,Psychology
6989a4dd10805f5685d68c3d,Language Arts
6989a4dd10805f5685d68c3e,Bibles
6989a4dd10805f5685d68c3f,Fiction
6989a4dd10805f5685d68c41,Fiction
6989a4dd10805f5685d68c42,General
6989a4dd10805f5685d68c44,General
6989a4dd10805f5685d68c45,Fiction
6989a4dd10805f5685d68c47,Comics
6989a4dd10805f5685d68c48,History
6989a4dd10805f5685d68c4a,Fiction
6989a4dd10805f5685d68c4b,Sports
6989a4dd10805f5685d68c4d,General
6989a4dd10805f5685d68c4e,General
6989a4dd10805f5685d68c50,General
6989a4dd10805f5685d68c51,Fiction
6989a4dd10805f5685d68c53,Family
6989a4dd10805f5685d68c55,General
6989a4dd10805f5685d68c56,Biography
6989a4dd10805f5685d68c58,Computers
6989a4dd10805f5685d68c5a,Psychology
6989a4dd10805f5685d68c5c,Juvenile Fiction
6989a4dd10805f5685d68c5d,General
6989a4dd10805f5685d68c5f,General
6989a4dd10805f5685d68c60,Juvenile Fiction
6989a4dd10805f5685d68c62,General
6989a4dd10805f5685d68c64,England
6989a4dd10805f5685d68c66,Social Science
6989a4dd10805f5685d68c68,Biography
6989a4dd10805f5685d68c6a,Biography
6989a4dd10805f5685d68c6c,Fiction
6989a4dd10805f5685d68c6d,General
6989a4dd10805f5685d68c6e,Political Science
6989a4dd10805f5685d68c70,Country Life
6989a4dd10805f5685d68c72,Juvenile Fiction
6989a4dd10805f5685d68c74,Bolan
6989a4dd10805f5685d68c74,Mack (fictitious Character)
6989a4dd10805f5685d68c75,Biography
6989a4dd10805f5685d68c76,General
6989a4dd10805f5685d68c78,Fiction
6989a4dd10805f5685d68c7a,Fiction
6989a4dd10805f5685d68c7c,Fiction
6989a4dd10805f5685d68c7e,Biography
6989a4dd10805f5685d68c80,Juvenile Fiction
6989a4dd10805f5685d68c81,Fiction
6989a4dd10805f5685d68c82,Fiction
6989a4dd10805f5685d68c84,Fiction
6989a4dd10805f5685d68c86,Behavior
6989a4dd10805f5685d68c87,Fiction
6989a4dd10805f5685d68c88,Fiction
6989a4dd10805f5685d68c89,General
6989a4dd10805f5685d68c8a,General
6989a4dd10805f5685d68c8b,Business
6989a4dd10805f5685d68c8d,General
6989a4dd10805f5685d68c8e,Juvenile Fiction
6989a4dd10805f5685d68c8f,Literary Collections
6989a4dd10805f5685d68c90,Family
6989a4dd10805f5685d68c92,Fiction
6989a4dd10805f5685d68c94,General
6989a4dd10805f5685d68c95,Biography
6989a4dd10805f5685d68c97,Fiction
6989a4dd10805f5685d68c99,Fiction
6989a4dd10805f5685d68c9b,Poetry
6989a4dd10805f5685d68c9d,Juvenile Fiction
6989a4dd10805f5685d68c9f,High Schools
6989a4dd10805f5685d68ca0,Fiction
6989a4dd10805f5685d68ca2,Fiction
6989a4dd10805f5685d68ca4,General
6989a4dd10805f5685d68ca5,General
6989a4dd10805f5685d68ca6,Fiction
6989a4dd10805f5685d68ca8,Family
6989a4dd10805f5685d68caa,Fiction
6989a4dd10805f5685d68cab,General
6989a4dd10805f5685d68cac,Fiction
6989a4dd10805f5685d68cad,General
6989a4dd10805f5685d68cae,General
6989a4dd10805f5685d68caf,Fiction
6989a4dd10805f5685d68cb0,Fiction
6989a4dd10805f5685d68cb2,Humor
6989a4dd10805f5685d68cb4,Psychology
6989a4dd10805f5685d68cb6,Fiction
6989a4dd10805f5685d68cb7,General
6989a4dd10805f5685d68cb8,General
6989a4dd10805f5685d68cba,General
6989a4dd10805f5685d68cbb,General
6989a4dd10805f5685d68cbd,Baseball
6989a4dd10805f5685d68cbf,Juvenile Fiction
6989a4dd10805f5685d68cc1,Fiction
6989a4dd10805f5685d68cc3,Fiction
6989a4dd10805f5685d68cc4,Biography
6989a4dd10805f5685d68cc6,Biography
6989a4dd10805f5685d68cc8,Fiction
6989a4dd10805f5685d68cc9,True Crime
6989a4dd10805f5685d68ccb,Fiction
6989a4dd10805f5685d68ccd,General
6989a4dd10805f5685d68cce,Biography
6989a4dd10805f5685d68cd0,Young Adult Fiction
6989a4dd10805f5685d68cd1,Fiction
6989a4dd10805f5685d68cd3,Family
6989a4dd10805f5685d68cd5,Kidnapping
6989a4dd10805f5685d68cd6,General
6989a4dd10805f5685d68cd7,Fiction
6989a4dd10805f5685d68cd8,Fiction
6989a4dd10805f5685d68cda,History
6989a4dd10805f5685d68cdc,General
6989a4dd10805f5685d68cdd,Juvenile Fiction
6989a4dd10805f5685d68cdf,Biography
6989a4dd10805f5685d68ce1,Juvenile Fiction
6989a4dd10805f5685d68ce3,General
6989a4dd10805f5685d68ce4,Juvenile Fiction
6989a4dd10805f5685d68ce6,Business
6989a4dd10805f5685d68ce8,Intimacy (psychology)
6989a4dd10805f5685d68cea,General
6989a4dd10805f5685d68ceb,General
6989a4dd10805f5685d68cec,Birth Control
6989a4dd10805f5685d68cee,Biography
6989a4dd10805f5685d68cf0,Carbohydrates
6989a4dd10805f5685d68cf0,Refined
6989a4dd10805f5685d68cf2,Juvenile Fiction
6989a4dd10805f5685d68cf4,Fiction
6989a4dd10805f5685d68cf5,Fiction
6989a4dd10805f5685d68cf6,Saint Paul (minn.)
6989a4dd10805f5685d68cf8,Electronic Books
6989a4dd10805f5685d68cf9,Travel
6989a4dd10805f5685d68cfa,Fiction
6989a4dd10805f5685d68cfc,Juvenile Fiction
6989a4dd10805f5685d68cfd,Juvenile Fiction
6989a4dd10805f5685d68cfe,Fiction
6989a4dd10805f5685d68d00,Fiction
6989a4dd10805f5685d68d01,Biography
6989a4dd10805f5685d68d03,General
6989a4dd10805f5685d68d05,Fiction
6989a4dd10805f5685d68d06,Juvenile Fiction
6989a4dd10805f5685d68d07,Fiction
6989a4dd10805f5685d68d09,General
6989a4dd10805f5685d68d0a,United States
6989a4dd10805f5685d68d0b,Juvenile Fiction
6989a4dd10805f5685d68d0c,General
6989a4dd10805f5685d68d0d,Birthmothers
6989a4dd10805f5685d68d0f,Biography
6989a4dd10805f5685d68d10,Biography
6989a4dd10805f5685d68d12,Religion
6989a4dd10805f5685d68d14,General
6989a4dd10805f5685d68d16,Drama
6989a4dd10805f5685d68d18,Fiction
6989a4dd10805f5685d68d1a,Fiction
6989a4dd10805f5685d68d1b,American Literature
6989a4dd10805f5685d68d1c,Fiction
6989a4dd10805f5685d68d1e,Fiction
6989a4dd10805f5685d68d1f,Self-help
6989a4dd10805f5685d68d21,History
6989a4dd10805f5685d68d23,Juvenile Fiction
6989a4dd10805f5685d68d25,Fiction
6989a4dd10805f5685d68d26,Biography
6989a4dd10805f5685d68d28,General
6989a4dd10805f5685d68d29,Fiction
6989a4dd10805f5685d68d2b,Board Books
6989a4dd10805f5685d68d2c,Felse
6989a4dd10805f5685d68d2c,George (fictitious Character)
6989a4dd10805f5685d68d2d,Fiction
6989a4dd10805f5685d68d2f,Art
6989a4dd10805f5685d68d31,General
6989a4dd10805f5685d68d32,Fiction
6989a4dd10805f5685d68d33,Escort Automobile
6989a4dd10805f5685d68d34,General
6989a4dd10805f5685d68d35,Body Language
6989a4dd10805f5685d68d37,General
6989a4dd10805f5685d68d39,Fiction
6989a4dd10805f5685d68d3a,Fiction
6989a4dd10805f5685d68d3c,Juvenile Fiction
6989a4dd10805f5685d68d3d,Religion
6989a4dd10805f5685d68d3e,Pets
6989a4dd10805f5685d68d40,Fiction
6989a4dd10805f5685d68d42,Clowns
6989a4dd10805f5685d68d44,Fiction
6989a4dd10805f5685d68d45,Literary Criticism
6989a4dd10805f5685d68d47,Fiction
6989a4dd10805f5685d68d49,Fiction
6989a4dd10805f5685d68d4b,Fiction
6989a4dd10805f5685d68d4c,Common Fallacies
6989a4dd10805f5685d68d4e,Fiction
6989a4dd10805f5685d68d4f,Fiction
6989a4dd10805f5685d68d50,General
6989a4dd10805f5685d68d51,Audiotapes
6989a4dd10805f5685d68d52,Fiction
6989a4dd10805f5685d68d54,Nature
6989a4dd10805f5685d68d56,Religion
6989a4dd10805f5685d68d58,Fiction
6989a4dd10805f5685d68d59,Sports
6989a4dd10805f5685d68d5b,Fiction
6989a4dd10805f5685d68d5c,General
6989a4dd10805f5685d68d5e,General
6989a4dd10805f5685d68d5f,Characters And Characteristics In Literature
6989a4dd10805f5685d68d60,Drama
6989a4dd10805f5685d68d61,Fiction
6989a4dd10805f5685d68d63,Science
6989a4dd10805f5685d68d65,Fiction
6989a4dd10805f5685d68d67,Young Adult Fiction
6989a4dd10805f5685d68d69,Fiction
6989a4dd10805f5685d68d6a,Fiction
6989a4dd10805f5685d68d6b,Fiction
6989a4dd10805f5685d68d6c,Fiction
6989a4dd10805f5685d68d6e,Music
6989a4dd10805f5685d68d6f,General
6989a4dd10805f5685d68d70,Fiction
6989a4dd10805f5685d68d72,General
6989a4dd10805f5685d68d73,Fiction
6989a4dd10805f5685d68d75,English Drama (comedy)
6989a4dd10805f5685d68d76,Colombia
6989a4dd10805f5685d68d77,Fiction
6989a4dd10805f5685d68d78,Fiction
6989a4dd10805f5685d68d79,Fiction
6989a4dd10805f5685d68d7a,Reference
6989a4dd10805f5685d68d7c,General
6989a4dd10805f5685d68d7d,Juvenile Nonfiction
6989a4dd10805f5685d68d7f,Juvenile Fiction
6989a4dd10805f5685d68d80,Literature And Society
6989a4dd10805f5685d68d82,Hellenism
6989a4dd10805f5685d68d84,General
6989a4dd10805f5685d68d85,True Crime
6989a4dd10805f5685d68d87,Juvenile Nonfiction
6989a4dd10805f5685d68d89,Fiction
6989a4dd10805f5685d68d8a,Fiction
6989a4dd10805f5685d68d8c,Cooking
6989a4dd10805f5685d68d8e,Fiction
6989a4dd10805f5685d68d8f,Young Adult Nonfiction
6989a4dd10805f5685d68d91,Fiction
6989a4dd10805f5685d68d92,Fiction
6989a4dd10805f5685d68d94,Fiction
6989a4dd10805f5685d68d96,General
6989a4dd10805f5685d68d98,Fiction
6989a4dd10805f5685d68d9a,Detective And Mystery Stories
6989a4dd10805f5685d68d9b,Fiction
6989a4dd10805f5685d68d9d,Fiction
6989a4dd10805f5685d68d9e,General
6989a4dd10805f5685d68d9f,Fiction
6989a4dd10805f5685d68da1,General
6989a4dd10805f5685d68da2,Travel
6989a4dd10805f5685d68da3,Juvenile Fiction
6989a4dd10805f5685d68da5,Religion
6989a4dd10805f5685d68da7,Fiction
6989a4dd10805f5685d68da9,Mathematics
6989a4dd10805f5685d68dab,Fiction
6989a4dd10805f5685d68dac,General
6989a4dd10805f5685d68dad,Philosophy
6989a4dd10805f5685d68daf,General
6989a4dd10805f5685d68db0,Fiction
6989a4dd10805f5685d68db2,General
6989a4dd10805f5685d68db3,Fiction
6989a4dd10805f5685d68db5,Union Catalogs
6989a4dd10805f5685d68db6,History
6989a4dd10805f5685d68db8,Young Adult Fiction
6989a4dd10805f5685d68dba,General
6989a4dd10805f5685d68dbb,General
6989a4dd10805f5685d68dbd,Acculturation
6989a4dd10805f5685d68dbe,Fiction
6989a4dd10805f5685d68dc0,General
6989a4dd10805f5685d68dc1,True Crime
6989a4dd10805f5685d68dc3,Rock Music
6989a4dd10805f5685d68dc5,Travel
6989a4dd10805f5685d68dc7,Fiction
6989a4dd10805f5685d68dc8,General
6989a4dd10805f5685d68dc9,Fiction
6989a4dd10805f5685d68dca,General
6989a4dd10805f5685d68dcb,Mathematics
6989a4dd10805f5685d68dcd,Drama
6989a4dd10805f5685d68dce,Ranchers
6989a4dd10805f5685d68dcf,General
6989a4dd10805f5685d68dd0,Fiction
6989a4dd10805f5685d68dd1,Dentists
6989a4dd10805f5685d68dd2,Psychology
6989a4dd10805f5685d68dd3,Fiction
6989a4dd10805f5685d68dd5,Social Science
6989a4dd10805f5685d68dd7,Science
6989a4dd10805f5685d68dd9,General
6989a4dd10805f5685d68dda,Fiction
6989a4dd10805f5685d68ddc,Body
6989a4dd10805f5685d68ddc,Mind
6989a4dd10805f5685d68dde,Juvenile Fiction
6989a4dd10805f5685d68ddf,General
6989a4dd10805f5685d68de0,Fiction
6989a4dd10805f5685d68de1,General
6989a4dd10805f5685d68de3,Atlanta (ga.)
6989a4dd10805f5685d68de4,Religion
6989a4dd10805f5685d68de6,Labor Day
6989a4dd10805f5685d68de7,Fiction
6989a4dd10805f5685d68de8,Humor
6989a4dd10805f5685d68dea,Fiction
6989a4dd10805f5685d68dec,Photography
6989a4dd10805f5685d68dee,Juvenile Fiction
6989a4dd10805f5685d68df0,Juvenile Fiction
6989a4dd10805f5685d68df2,General
6989a4dd10805f5685d68df3,History
6989a4dd10805f5685d68df5,General
6989a4dd10805f5685d68df6,Language Arts
6989a4dd10805f5685d68df8,Fiction
6989a4dd10805f5685d68df9,Fiction
6989a4dd10805f5685d68dfb,Business
6989a4dd10805f5685d68dfd,Animals
6989a4dd10805f5685d68dfe,General
6989a4dd10805f5685d68dff,Religion
6989a4dd10805f5685d68e00,Fiction
6989a4dd10805f5685d68e02,Biography
6989a4dd10805f5685d68e04,Reference
6989a4dd10805f5685d68e05,Religion
6989a4dd10805f5685d68e07,Fiction
6989a4dd10805f5685d68e09,Fiction
6989a4dd10805f5685d68e0b,Cooking
6989a4dd10805f5685d68e0d,Poodles
6989a4dd10805f5685d68e0f,Fiction
6989a4dd10805f5685d68e11,Biography
6989a4dd10805f5685d68e13,Fiction
6989a4dd10805f5685d68e14,General
6989a4dd10805f5685d68e15,Fiction
6989a4dd10805f5685d68e16,General
6989a4dd10805f5685d68e17,Fiction
6989a4dd10805f5685d68e19,Fiction
6989a4dd10805f5685d68e1b,Detective And Mystery Stories
6989a4dd10805f5685d68e1c,Philosophy
6989a4dd10805f5685d68e1e,Fiction
6989a4dd10805f5685d68e1f,Fiction
6989a4dd10805f5685d68e20,Religion
6989a4dd10805f5685d68e22,Fiction
6989a4dd10805f5685d68e24,Fiction
6989a4dd10805f5685d68e25,General
6989a4dd10805f5685d68e26,Fiction
6989a4dd10805f5685d68e27,Fiction
6989a4dd10805f5685d68e29,Fiction
6989a4dd10805f5685d68e2a,Fiction
6989a4dd10805f5685d68e2b,General
6989a4dd10805f5685d68e2c,Reference
6989a4dd10805f5685d68e2e,Fiction
6989a4dd10805f5685d68e30,Humor
6989a4dd10805f5685d68e32,Body
6989a4dd10805f5685d68e32,Mind
6989a4dd10805f5685d68e34,True Crime
6989a4dd10805f5685d68e36,Fansler
6989a4dd10805f5685d68e36,Kate (fictitious Character)
6989a4dd10805f5685d68e37,Fiction
6989a4dd10805f5685d68e38,Business
6989a4dd10805f5685d68e3a,General
6989a4dd10805f5685d68e3b,Fiction
6989a4dd10805f5685d68e3d,Juvenile Fiction
6989a4dd10805f5685d68e3e,Body
6989a4dd10805f5685d68e3e,Mind
6989a4dd10805f5685d68e40,Nuns
6989a4dd10805f5685d68e42,Juvenile Fiction
6989a4dd10805f5685d68e43,Fiction
6989a4dd10805f5685d68e45,Juvenile Nonfiction
6989a4dd10805f5685d68e47,Fiction
6989a4dd10805f5685d68e49,History
6989a4dd10805f5685d68e4b,Fiction
6989a4dd10805f5685d68e4d,Biography
6989a4dd10805f5685d68e4f,General
6989a4dd10805f5685d68e50,Fiction
6989a4dd10805f5685d68e52,Literary Criticism
6989a4dd10805f5685d68e54,Religion
6989a4dd10805f5685d68e56,Diazepam
6989a4dd10805f5685d68e58,History
6989a4dd10805f5685d68e5a,Fiction
6989a4dd10805f5685d68e5b,Fiction
6989a4dd10805f5685d68e5d,Fiction
6989a4dd10805f5685d68e5e,Health
6989a4dd10805f5685d68e60,Fiction
6989a4dd10805f5685d68e61,General
6989a4dd10805f5685d68e62,Psychology
6989a4dd10805f5685d68e64,Biography
6989a4dd10805f5685d68e66,General
6989a4dd10805f5685d68e67,Fiction
6989a4dd10805f5685d68e68,Biography
6989a4dd10805f5685d68e6a,Christmas
6989a4dd10805f5685d68e6b,Photography
6989a4dd10805f5685d68e6d,Juvenile Fiction
6989a4dd10805f5685d68e6e,Reference
6989a4dd10805f5685d68e6f,Juvenile Nonfiction
6989a4dd10805f5685d68e71,Fiction
6989a4dd10805f5685d68e72,General
6989a4dd10805f5685d68e73,Social Science
6989a4dd10805f5685d68e75,Love Stories
6989a4dd10805f5685d68e77,Fiction
6989a4dd10805f5685d68e79,Psychology
6989a4dd10805f5685d68e7b,Fiction
6989a4dd10805f5685d68e7d,General
6989a4dd10805f5685d68e7e,Biography
6989a4dd10805f5685d68e80,Sports
6989a4dd10805f5685d68e82,Biography
6989a4dd10805f5685d68e84,Biography
6989a4dd10805f5685d68e86,General
6989a4dd10805f5685d68e88,Chivalry
6989a4dd10805f5685d68e8a,General
6989a4dd10805f5685d68e8c,Frontier And Pioneer Life
6989a4dd10805f5685d68e8e,Fiction
6989a4dd10805f5685d68e90,General
6989a4dd10805f5685d68e92,History
6989a4dd10805f5685d68e94,Biography
6989a4dd10805f5685d68e96,Fiction
6989a4dd10805f5685d68e98,Fiction
6989a4dd10805f5685d68e9a,Health
6989a4dd10805f5685d68e9b,Fiction
6989a4dd10805f5685d68e9d,Philosophy
6989a4dd10805f5685d68e9f,American Literature
6989a4dd10805f5685d68ea0,Fiction
6989a4dd10805f5685d68ea2,Fiction
6989a4dd10805f5685d68ea4,Religion
6989a4dd10805f5685d68ea6,Biography
6989a4dd10805f5685d68ea8,Juvenile Fiction
6989a4dd10805f5685d68eaa,Juvenile Fiction
6989a4dd10805f5685d68eab,Fiction
6989a4dd10805f5685d68eac,Fiction
6989a4dd10805f5685d68ead,Fiction
6989a4dd10805f5685d68eaf,Fiction
6989a4dd10805f5685d68eb1,Beagle Expedition
6989a4dd10805f5685d68eb2,Fiction
6989a4dd10805f5685d68eb4,History
6989a4dd10805f5685d68eb6,Fiction
6989a4dd10805f5685d68eb8,Health
6989a4dd10805f5685d68eba,History
6989a4dd10805f5685d68ebc,Comics
6989a4dd10805f5685d68ebe,General
6989a4dd10805f5685d68ebf,Poetry
6989a4dd10805f5685d68ec1,Fiction
6989a4dd10805f5685d68ec2,Family
6989a4dd10805f5685d68ec4,Games
6989a4dd10805f5685d68ec6,General
6989a4dd10805f5685d68ec8,History
6989a4dd10805f5685d68eca,Fiction
6989a4dd10805f5685d68ecc,Fiction
6989a4dd10805f5685d68ecd,Fiction
6989a4dd10805f5685d68ecf,Fiction
6989a4dd10805f5685d68ed1,Juvenile Fiction
6989a4dd10805f5685d68ed3,General
6989a4dd10805f5685d68ed4,Science
6989a4dd10805f5685d68ed6,Juvenile Fiction
6989a4dd10805f5685d68ed7,Medical
6989a4dd10805f5685d68ed9,Fiction
6989a4dd10805f5685d68edb,Fiction
6989a4dd10805f5685d68edd,General
6989a4dd10805f5685d68ede,Young Adult Fiction
6989a4dd10805f5685d68ee0,Fiction
6989a4dd10805f5685d68ee2,Fiction
6989a4dd10805f5685d68ee4,Fiction
6989a4dd10805f5685d68ee5,Fiction
6989a4dd10805f5685d68ee7,Fiction
6989a4dd10805f5685d68ee8,Moore
6989a4dd10805f5685d68ee8,Gaia (fictitious Character)
6989a4dd10805f5685d68ee9,History
6989a4dd10805f5685d68eeb,Fiction
6989a4dd10805f5685d68eed,Fiction
6989a4dd10805f5685d68eef,Fiction
6989a4dd10805f5685d68ef0,History
6989a4dd10805f5685d68ef2,Fiction
6989a4dd10805f5685d68ef3,General
6989a4dd10805f5685d68ef4,True Crime
6989a4dd10805f5685d68ef6,General
6989a4dd10805f5685d68ef7,Health
6989a4dd10805f5685d68ef9,Fiction
6989a4dd10805f5685d68efb,Fiction
6989a4dd10805f5685d68efd,Spiritual Life
6989a4dd10805f5685d68eff,Fiction
6989a4dd10805f5685d68f00,Fiction
6989a4dd10805f5685d68f02,Social Science
6989a4dd10805f5685d68f04,Computers
6989a4dd10805f5685d68f06,Fiction
6989a4dd10805f5685d68f07,Fiction
6989a4dd10805f5685d68f09,Fiction
6989a4dd10805f5685d68f0b,Fiction
6989a4dd10805f5685d68f0d,Fiction
6989a4dd10805f5685d68f0f,Fiction
6989a4dd10805f5685d68f11,Fiction
6989a4dd10805f5685d68f13,Fiction
6989a4dd10805f5685d68f14,General
6989a4dd10805f5685d68f15,General
6989a4dd10805f5685d68f16,Fiction
6989a4dd10805f5685d68f18,Biography
6989a4dd10805f5685d68f1a,Fiction
6989a4dd10805f5685d68f1c,Bible
6989a4dd10805f5685d68f1e,General
6989a4dd10805f5685d68f1f,Biography
6989a4dd10805f5685d68f21,Sex Instruction For Men
6989a4dd10805f5685d68f23,Young Adult Fiction
6989a4dd10805f5685d68f25,Business
6989a4dd10805f5685d68f27,Music
6989a4dd10805f5685d68f29,Religion
6989a4dd10805f5685d68f2b,General
6989a4dd10805f5685d68f2c,English Fiction
6989a4dd10805f5685d68f2e,General
6989a4dd10805f5685d68f30,Fiction
6989a4dd10805f5685d68f32,Fiction
6989a4dd10805f5685d68f33,Family
6989a4dd10805f5685d68f35,General
6989a4dd10805f5685d68f37,Fiction
6989a4dd10805f5685d68f39,Church And State
6989a4dd10805f5685d68f3b,Fiction
6989a4dd10805f5685d68f3d,Nature
6989a4dd10805f5685d68f3f,Fiction
6989a4dd10805f5685d68f41,Fiction
6989a4dd10805f5685d68f42,General
6989a4dd10805f5685d68f43,General
6989a4dd10805f5685d68f44,Poetry
6989a4dd10805f5685d68f46,History
6989a4dd10805f5685d68f47,Business
6989a4dd10805f5685d68f49,General
6989a4dd10805f5685d68f4b,Fiction
6989a4dd10805f5685d68f4c,General
6989a4dd10805f5685d68f4d,Fiction
6989a4dd10805f5685d68f4f,Juvenile Fiction
6989a4dd10805f5685d68f50,Fiction
6989a4dd10805f5685d68f51,Fiction
6989a4dd10805f5685d68f53,Business
6989a4dd10805f5685d68f55,Juvenile Fiction
6989a4dd10805f5685d68f56,Italian Fiction
6989a4dd10805f5685d68f58,Biography
6989a4dd10805f5685d68f59,General
6989a4dd10805f5685d68f5a,Fiction
6989a4dd10805f5685d68f5b,General
6989a4dd10805f5685d68f5c,Fiction
6989a4dd10805f5685d68f5e,Humor
6989a4dd10805f5685d68f5f,Fiction
6989a4dd10805f5685d68f60,Fiction
6989a4dd10805f5685d68f62,Health
6989a4dd10805f5685d68f64,Fiction
6989a4dd10805f5685d68f65,General
6989a4dd10805f5685d68f66,Religion
6989a4dd10805f5685d68f68,Business
6989a4dd10805f5685d68f6a,Juvenile Fiction
6989a4dd10805f5685d68f6c,Fiction
6989a4dd10805f5685d68f6d,Fiction
6989a4dd10805f5685d68f6f,Social Science
6989a4dd10805f5685d68f71,General
6989a4dd10805f5685d68f72,Fiction
6989a4dd10805f5685d68f74,General
6989a4dd10805f5685d68f75,Art
6989a4dd10805f5685d68f77,Governesses
6989a4dd10805f5685d68f78,General
6989a4dd10805f5685d68f79,Art
6989a4dd10805f5685d68f7b,Juvenile Fiction
6989a4dd10805f5685d68f7d,Fiction
6989a4dd10805f5685d68f7e,Juvenile Fiction
6989a4dd10805f5685d68f7f,Fiction
6989a4dd10805f5685d68f80,Fiction
6989a4dd10805f5685d68f82,Fiction
6989a4dd10805f5685d68f84,Detective And Mystery Stories
6989a4dd10805f5685d68f85,Fiction
6989a4dd10805f5685d68f87,History
6989a4dd10805f5685d68f89,Fiction
6989a4dd10805f5685d68f8a,General
6989a4dd10805f5685d68f8b,Fiction
6989a4dd10805f5685d68f8c,Juvenile Nonfiction
6989a4dd10805f5685d68f8d,Fiction
6989a4dd10805f5685d68f8f,Comic Fantasy
6989a4dd10805f5685d68f90,Sports
6989a4dd10805f5685d68f92,Fiction
6989a4dd10805f5685d68f94,Jerusalem
6989a4dd10805f5685d68f96,General
6989a4dd10805f5685d68f97,Biography
6989a4dd10805f5685d68f99,Fiction
6989a4dd10805f5685d68f9b,Fiction
6989a4dd10805f5685d68f9d,Fiction
6989a4dd10805f5685d68f9e,General
6989a4dd10805f5685d68f9f,Fiction
6989a4dd10805f5685d68fa0,Poetry
6989a4dd10805f5685d68fa1,Fiction
6989a4dd10805f5685d68fa2,Fiction
6989a4dd10805f5685d68fa3,Fiction
6989a4dd10805f5685d68fa5,Fiction
6989a4dd10805f5685d68fa6,General
6989a4dd10805f5685d68fa8,General
6989a4dd10805f5685d68faa,Fiction
6989a4dd10805f5685d68fab,Drama
6989a4dd10805f5685d68fad,Fiction
6989a4dd10805f5685d68faf,Fiction
6989a4dd10805f5685d68fb1,Fiction
6989a4dd10805f5685d68fb2,History
6989a4dd10805f5685d68fb4,Performing Arts
6989a4dd10805f5685d68fb6,Fiction
6989a4dd10805f5685d68fb8,Arthurian Romances
6989a4dd10805f5685d68fba,Fiction
6989a4dd10805f5685d68fbc,Fiction
6989a4dd10805f5685d68fbe,General
6989a4dd10805f5685d68fbf,General
6989a4dd10805f5685d68fc1,Fiction
6989a4dd10805f5685d68fc3,Fiction
6989a4dd10805f5685d68fc5,Sports
6989a4dd10805f5685d68fc7,Fiction
6989a4dd10805f5685d68fc8,Pets
6989a4dd10805f5685d68fca,Social Science
6989a4dd10805f5685d68fcc,General
6989a4dd10805f5685d68fce,True Crime
6989a4dd10805f5685d68fd0,Fiction
6989a4dd10805f5685d68fd1,Social Science
6989a4dd10805f5685d68fd3,Fiction
6989a4dd10805f5685d68fd5,General
6989a4dd10805f5685d68fd6,Fiction
6989a4dd10805f5685d68fd7,General
6989a4dd10805f5685d68fd8,American Literature
6989a4dd10805f5685d68fd9,History
6989a4dd10805f5685d68fdb,Business
6989a4dd10805f5685d68fdc,General
6989a4dd10805f5685d68fdd,Family
6989a4dd10805f5685d68fdf,History
6989a4dd10805f5685d68fe1,General
6989a4dd10805f5685d68fe2,Family
6989a4dd10805f5685d68fe4,Fiction
6989a4dd10805f5685d68fe6,Fiction
6989a4dd10805f5685d68fe7,True Crime
6989a4dd10805f5685d68fe9,Drama
6989a4dd10805f5685d68feb,General
6989a4dd10805f5685d68fed,Fiction
6989a4dd10805f5685d68fee,Fiction
6989a4dd10805f5685d68fef,General
6989a4dd10805f5685d68ff0,General
6989a4dd10805f5685d68ff2,Fiction
6989a4dd10805f5685d68ff3,Religion
6989a4dd10805f5685d68ff4,General
6989a4dd10805f5685d68ff5,Comics
6989a4dd10805f5685d68ff7,Juvenile Fiction
6989a4dd10805f5685d68ff9,Fiction
6989a4dd10805f5685d68ffb,Fiction
6989a4dd10805f5685d68ffd,Fiction
6989a4dd10805f5685d68fff,Science Fiction
6989a4dd10805f5685d69001,Fiction
6989a4dd10805f5685d69002,Postpartum Depression
6989a4dd10805f5685d69004,General
6989a4dd10805f5685d69006,General
6989a4dd10805f5685d69007,General
6989a4dd10805f5685d69009,Poetry
6989a4dd10805f5685d6900b,Fiction
6989a4dd10805f5685d6900d,General
6989a4dd10805f5685d6900e,English Poetry
6989a4dd10805f5685d69010,General
6989a4dd10805f5685d69011,Fiction
6989a4dd10805f5685d69013,American Literature
6989a4dd10805f5685d69014,Fiction
6989a4dd10805f5685d69015,Fiction
6989a4dd10805f5685d69016,General
6989a4dd10805f5685d69017,General
6989a4dd10805f5685d69018,General
6989a4dd10805f5685d69019,Fiction
6989a4dd10805f5685d6901b,General
6989a4dd10805f5685d6901c,Juvenile Fiction
6989a4dd10805f5685d6901e,Poetry
6989a4dd10805f5685d69020,Fiction
6989a4dd10805f5685d69022,General
6989a4dd10805f5685d69024,Religion
6989a4dd10805f5685d69026,Social Science
6989a4dd10805f5685d69028,Fiction
6989a4dd10805f5685d6902a,General
6989a4dd10805f5685d6902b,Juvenile Fiction
6989a4dd10805f5685d6902d,Fiction
6989a4dd10805f5685d6902e,General
6989a4dd10805f5685d6902f,General
6989a4dd10805f5685d69030,Family
6989a4dd10805f5685d69032,Social Science
6989a4dd10805f5685d69034,Fiction
6989a4dd10805f5685d69035,Social Science
6989a4dd10805f5685d69037,General
6989a4dd10805f5685d69038,Nature
6989a4dd10805f5685d6903a,Fiction
6989a4dd10805f5685d6903c,Animal Rights Activists
6989a4dd10805f5685d6903e,General
6989a4dd10805f5685d6903f,Children Of Celebrities
6989a4dd10805f5685d69040,Fiction
6989a4dd10805f5685d69041,Juvenile Fiction
6989a4dd10805f5685d69042,Boys
6989a4dd10805f5685d69044,Fiction
6989a4dd10805f5685d69046,Science
6989a4dd10805f5685d69048,Fiction
6989a4dd10805f5685d69049,Juvenile Fiction
6989a4dd10805f5685d6904a,Fiction
6989a4dd10805f5685d6904b,Religion
6989a4dd10805f5685d6904d,Fiction
6989a4dd10805f5685d6904f,Social Science
6989a4dd10805f5685d69051,Performing Arts
6989a4dd10805f5685d69053,General
6989a4dd10805f5685d69054,Fiction
6989a4dd10805f5685d69056,Fiction
6989a4dd10805f5685d69058,Fiction
6989a4dd10805f5685d6905a,Juvenile Nonfiction
6989a4dd10805f5685d6905c,Fiction
6989a4dd10805f5685d6905e,Fiction
6989a4dd10805f5685d6905f,Social Science
6989a4dd10805f5685d69061,Fiction
6989a4dd10805f5685d69062,General
6989a4dd10805f5685d69063,General
6989a4dd10805f5685d69064,Cooking
6989a4dd10805f5685d69066,Performing Arts
6989a4dd10805f5685d69068,History
6989a4dd10805f5685d6906a,Humor
6989a4dd10805f5685d6906b,Fiction
6989a4dd10805f5685d6906c,Young Adult Fiction
6989a4dd10805f5685d6906d,Fiction
6989a4dd10805f5685d6906f,Drama
6989a4dd10805f5685d69071,General
6989a4dd10805f5685d69072,Fiction
6989a4dd10805f5685d69074,True Crime
6989a4dd10805f5685d69076,Fiction
6989a4dd10805f5685d69077,Fiction
6989a4dd10805f5685d69078,Juvenile Fiction
6989a4dd10805f5685d69079,Fiction
6989a4dd10805f5685d6907b,General
6989a4dd10805f5685d6907c,Juvenile Fiction
6989a4dd10805f5685d6907d,Fiction
6989a4dd10805f5685d6907e,Fiction
6989a4dd10805f5685d69080,Biography
6989a4dd10805f5685d69081,Fiction
6989a4dd10805f5685d69082,Fiction
6989a4dd10805f5685d69084,History
6989a4dd10805f5685d69086,Political Science
6989a4dd10805f5685d69088,Fiction
6989a4dd10805f5685d69089,Fiction
6989a4dd10805f5685d6908a,Fiction
6989a4dd10805f5685d6908c,Fiction
6989a4dd10805f5685d6908d,Fiction
6989a4dd10805f5685d6908e,General
6989a4dd10805f5685d6908f,Fiction
6989a4dd10805f5685d69090,Education
6989a4dd10805f5685d69092,Fiction
6989a4dd10805f5685d69094,Fiction
6989a4dd10805f5685d69096,Juvenile Fiction
6989a4dd10805f5685d69098,Fiction
6989a4dd10805f5685d6909a,Biography
6989a4dd10805f5685d6909c,Fiction
6989a4dd10805f5685d6909d,General
6989a4dd10805f5685d6909e,Drama
6989a4dd10805f5685d690a0,Fiction
6989a4dd10805f5685d690a2,Fiction
6989a4dd10805f5685d690a4,General
6989a4dd10805f5685d690a5,Fiction
6989a4dd10805f5685d690a7,Juvenile Nonfiction
6989a4dd10805f5685d690a9,House
6989a4dd10805f5685d690ab,Nature
6989a4dd10805f5685d690ad,Education
6989a4dd10805f5685d690af,Fiction
6989a4dd10805f5685d690b1,Juvenile Fiction
6989a4dd10805f5685d690b3,General
6989a4dd10805f5685d690b4,Copyright
6989a4dd10805f5685d690b6,Fiction
6989a4dd10805f5685d690b7,Sports
6989a4dd10805f5685d690b9,Performing Arts
6989a4dd10805f5685d690bb,Fiction
6989a4dd10805f5685d690bd,Juvenile Fiction
6989a4dd10805f5685d690be,Fiction
6989a4dd10805f5685d690bf,Fiction
6989a4dd10805f5685d690c0,Family
6989a4dd10805f5685d690c1,Arapaho Indians
6989a4dd10805f5685d690c3,Dungeons And Dragons (game)
6989a4dd10805f5685d690c4,General
6989a4dd10805f5685d690c5,Agriculture
6989a4dd10805f5685d690c6,Fiction
6989a4dd10805f5685d690c7,Fiction
6989a4dd10805f5685d690c9,Fiction
6989a4dd10805f5685d690ca,Astral Projection
6989a4dd10805f5685d690cc,Young Adult Fiction
6989a4dd10805f5685d690ce,Young Adult Fiction
6989a4dd10805f5685d690cf,Fiction
6989a4dd10805f5685d690d1,Poetry
6989a4dd10805f5685d690d2,Religion
6989a4dd10805f5685d690d4,Fiction
6989a4dd10805f5685d690d6,Electronic Books
6989a4dd10805f5685d690d8,Fiction
6989a4dd10805f5685d690da,Sports
6989a4dd10805f5685d690dc,Fiction
6989a4dd10805f5685d690dd,Fiction
6989a4dd10805f5685d690de,History
6989a4dd10805f5685d690e0,American Literature
6989a4dd10805f5685d690e1,Fiction
6989a4dd10805f5685d690e2,Fiction
6989a4dd10805f5685d690e4,History
6989a4dd10805f5685d690e6,Poetry
6989a4dd10805f5685d690e7,Fiction
6989a4dd10805f5685d690e8,Biography
6989a4dd10805f5685d690ea,Fiction
6989a4dd10805f5685d690eb,Fiction
6989a4dd10805f5685d690ed,Fiction
6989a4dd10805f5685d690ee,Fiction
6989a4dd10805f5685d690ef,General
6989a4dd10805f5685d690f0,Music
6989a4dd10805f5685d690f2,Self-help
6989a4dd10805f5685d690f4,General
6989a4dd10805f5685d690f5,Juvenile Nonfiction
6989a4dd10805f5685d690f7,Science
6989a4dd10805f5685d690f9,History
6989a4dd10805f5685d690fb,History
6989a4dd10805f5685d690fd,Fiction
6989a4dd10805f5685d690ff,Fiction
6989a4dd10805f5685d69100,Fiction
6989a4dd10805f5685d69102,Buddhism
6989a4dd10805f5685d69103,Social Science
6989a4dd10805f5685d69105,Fiction
6989a4dd10805f5685d69106,General
6989a4dd10805f5685d69107,Fiction
6989a4dd10805f5685d69109,Fiction
6989a4dd10805f5685d6910b,African Americans
6989a4dd10805f5685d6910d,Nature
6989a4dd10805f5685d6910f,General
6989a4dd10805f5685d69110,Québec (province)
6989a4dd10805f5685d69111,Graphic Novels
6989a4dd10805f5685d69113,General
6989a4dd10805f5685d69114,Fiction
6989a4dd10805f5685d69115,Authors
6989a4dd10805f5685d69115,American
6989a4dd10805f5685d69117,Juvenile Fiction
6989a4dd10805f5685d69119,Fiction
6989a4dd10805f5685d6911b,Biography
6989a4dd10805f5685d6911d,Badgers
6989a4dd10805f5685d6911f,General
6989a4dd10805f5685d69121,Art
6989a4dd10805f5685d69123,Biography
6989a4dd10805f5685d69124,Juvenile Fiction
6989a4dd10805f5685d69125,Religion
6989a4dd10805f5685d69127,Drama
6989a4dd10805f5685d69128,Reference
6989a4dd10805f5685d6912a,History
6989a4dd10805f5685d6912c,Music
6989a4dd10805f5685d6912e,General
6989a4dd10805f5685d6912f,Fiction
6989a4dd10805f5685d69131,Religion
6989a4dd10805f5685d69132,General
6989a4dd10805f5685d69133,Sports
6989a4dd10805f5685d69134,Language Arts
6989a4dd10805f5685d69136,General
6989a4dd10805f5685d69137,Fiction
6989a4dd10805f5685d69139,History
6989a4dd10805f5685d6913b,Marquesas Islands (french Polynesia)
6989a4dd10805f5685d6913c,Fiction
6989a4dd10805f5685d6913d,Education
6989a4dd10805f5685d6913f,History
6989a4dd10805f5685d69141,Religion
6989a4dd10805f5685d69142,Fiction
6989a4dd10805f5685d69143,Family
6989a4dd10805f5685d69145,Body
6989a4dd10805f5685d69145,Mind
6989a4dd10805f5685d69147,Fiction
6989a4dd10805f5685d69148,Biography
6989a4dd10805f5685d6914a,Fiction
6989a4dd10805f5685d6914c,Debates And Debating
6989a4dd10805f5685d6914e,History
6989a4dd10805f5685d69150,Family
6989a4dd10805f5685d69152,History
6989a4dd10805f5685d69154,African American Authors
6989a4dd10805f5685d69155,Medical
6989a4dd10805f5685d69157,Libraries
6989a4dd10805f5685d69158,Juvenile Fiction
6989a4dd10805f5685d6915a,General
6989a4dd10805f5685d6915b,General
6989a4dd10805f5685d6915d,Juvenile Nonfiction
6989a4dd10805f5685d6915f,Fiction
6989a4dd10805f5685d69161,Games
6989a4dd10805f5685d69163,General
6989a4dd10805f5685d69164,Fiction
6989a4dd10805f5685d69165,General
6989a4dd10805f5685d69166,Juvenile Fiction
6989a4dd10805f5685d69168,Fiction
6989a4dd10805f5685d6916a,Children's Stories
6989a4dd10805f5685d6916c,Fiction
6989a4dd10805f5685d6916e,Fiction
6989a4dd10805f5685d69170,General
6989a4dd10805f5685d69171,Social Science
6989a4dd10805f5685d69173,General
6989a4dd10805f5685d69174,Family
6989a4dd10805f5685d69176,Fiction
6989a4dd10805f5685d69177,Juvenile Fiction
6989a4dd10805f5685d69178,Fiction
6989a4dd10805f5685d6917a,Juvenile Nonfiction
6989a4dd10805f5685d6917c,Juvenile Fiction
6989a4dd10805f5685d6917e,Ethics
6989a4dd10805f5685d69180,Education
6989a4dd10805f5685d69182,Landscapes
6989a4dd10805f5685d69184,Fiction
6989a4dd10805f5685d69185,General
6989a4dd10805f5685d69186,General
6989a4dd10805f5685d69187,Fiction
6989a4dd10805f5685d69189,Fiction
6989a4dd10805f5685d6918b,Fiction
6989a4dd10805f5685d6918c,General
6989a4dd10805f5685d6918e,Juvenile Fiction
6989a4dd10805f5685d69190,General
6989a4dd10805f5685d69191,Psychology
6989a4dd10805f5685d69193,Fiction
6989a4dd10805f5685d69194,Germany
6989a4dd10805f5685d69196,General
6989a4dd10805f5685d69198,Juvenile Fiction
6989a4dd10805f5685d6919a,Man-woman Relationships
6989a4dd10805f5685d6919b,General
6989a4dd10805f5685d6919c,General
6989a4dd10805f5685d6919d,General
6989a4dd10805f5685d6919e,History
6989a4dd10805f5685d691a0,General
6989a4dd10805f5685d691a1,Fiction
6989a4dd10805f5685d691a3,Biography
6989a4dd10805f5685d691a5,Fiction
6989a4dd10805f5685d691a7,Body
6989a4dd10805f5685d691a7,Mind
6989a4dd10805f5685d691a9,General
6989a4dd10805f5685d691aa,Self-help
6989a4dd10805f5685d691ac,Juvenile Fiction
6989a4dd10805f5685d691ad,Fiction
6989a4dd10805f5685d691ae,Health
6989a4dd10805f5685d691b0,History
6989a4dd10805f5685d691b2,Fiction
6989a4dd10805f5685d691b3,Fiction
6989a4dd10805f5685d691b5,Fiction
6989a4dd10805f5685d691b7,Fiction
6989a4dd10805f5685d691b8,Social Science
6989a4dd10805f5685d691b9,History
6989a4dd10805f5685d691bb,Short Stories
6989a4dd10805f5685d691bc,General
6989a4dd10805f5685d691bd,Literary Collections
6989a4dd10805f5685d691be,General
6989a4dd10805f5685d691bf,Art
6989a4dd10805f5685d691c1,American Poetry
6989a4dd10805f5685d691c3,Fiction
6989a4dd10805f5685d691c4,Fiction
6989a4dd10805f5685d691c5,Fiction
6989a4dd10805f5685d691c7,Fiction
6989a4dd10805f5685d691c9,Religion
6989a4dd10805f5685d691cb,General
6989a4dd10805f5685d691cc,Fiction
6989a4dd10805f5685d691ce,General
6989a4dd10805f5685d691d0,Menopause
6989a4dd10805f5685d691d2,General
6989a4dd10805f5685d691d3,General
6989a4dd10805f5685d691d5,Fiction
6989a4dd10805f5685d691d6,Poetry
6989a4dd10805f5685d691d8,Fiction
6989a4dd10805f5685d691d9,Reference
6989a4dd10805f5685d691db,General
6989a4dd10805f5685d691dc,Household Ecology
6989a4dd10805f5685d691de,Fiction
6989a4dd10805f5685d691e0,Fiction
6989a4dd10805f5685d691e1,Cooking
6989a4dd10805f5685d691e3,Fiction
6989a4dd10805f5685d691e4,Family
6989a4dd10805f5685d691e6,General
6989a4dd10805f5685d691e7,English Language
6989a4dd10805f5685d691e9,Fiction
6989a4dd10805f5685d691eb,Social Science
6989a4dd10805f5685d691ed,Fiction
6989a4dd10805f5685d691ee,Fiction
6989a4dd10805f5685d691f0,Fiction
6989a4dd10805f5685d691f2,Juvenile Fiction
6989a4dd10805f5685d691f3,General
6989a4dd10805f5685d691f4,Juvenile Fiction
6989a4dd10805f5685d691f6,Photography
6989a4dd10805f5685d691f8,Inheritance And Succession
6989a4dd10805f5685d691fa,Fiction
6989a4dd10805f5685d691fc,History
6989a4dd10805f5685d691fe,Fiction
6989a4dd10805f5685d69200,Fiction
6989a4dd10805f5685d69201,Fiction
6989a4dd10805f5685d69203,Juvenile Nonfiction
6989a4dd10805f5685d69204,General
6989a4dd10805f5685d69205,Fiction
6989a4dd10805f5685d69207,Nature
6989a4dd10805f5685d69208,Fiction
6989a4dd10805f5685d69209,Fiction
6989a4dd10805f5685d6920b,Language Arts
6989a4dd10805f5685d6920d,Comics
6989a4dd10805f5685d6920e,Biography
6989a4dd10805f5685d69210,Fiction
6989a4dd10805f5685d69212,Oglala Indians
6989a4dd10805f5685d69213,Fiction
6989a4dd10805f5685d69215,Fiction
6989a4dd10805f5685d69216,Literary Criticism
6989a4dd10805f5685d69218,General
6989a4dd10805f5685d69219,Juvenile Fiction
6989a4dd10805f5685d6921b,Comics
6989a4dd10805f5685d6921d,Children
6989a4dd10805f5685d6921e,Fiction
6989a4dd10805f5685d69220,Juvenile Fiction
6989a4dd10805f5685d69222,Business
6989a4dd10805f5685d69224,General
6989a4dd10805f5685d69226,Social Science
6989a4dd10805f5685d69228,United States
6989a4dd10805f5685d6922a,Juvenile Fiction
6989a4dd10805f5685d6922b,Fiction
6989a4dd10805f5685d6922c,Religion
6989a4dd10805f5685d6922e,General
6989a4dd10805f5685d6922f,Body
6989a4dd10805f5685d6922f,Mind
6989a4dd10805f5685d69231,General
6989a4dd10805f5685d69233,Fiction
6989a4dd10805f5685d69235,Fiction
6989a4dd10805f5685d69237,English Poetry
6989a4dd10805f5685d69239,Fiction
6989a4dd10805f5685d6923a,Fiction
6989a4dd10805f5685d6923c,General
6989a4dd10805f5685d6923d,True Crime
6989a4dd10805f5685d6923f,General
6989a4dd10805f5685d69240,Social Science
6989a4dd10805f5685d69242,General
6989a4dd10805f5685d69243,Religion
6989a4dd10805f5685d69244,Fiction
6989a4dd10805f5685d69246,Fiction
6989a4dd10805f5685d69247,General
6989a4dd10805f5685d69248,General
6989a4dd10805f5685d69249,Western Stories
6989a4dd10805f5685d6924b,Fiction
6989a4dd10805f5685d6924d,Juvenile Fiction
6989a4dd10805f5685d6924e,Juvenile Fiction
6989a4dd10805f5685d6924f,Fiction
6989a4dd10805f5685d69250,Body
6989a4dd10805f5685d69250,Mind
6989a4dd10805f5685d69252,Fiction
6989a4dd10805f5685d69254,Humor
6989a4dd10805f5685d69256,Science
6989a4dd10805f5685d69257,Fiction
6989a4dd10805f5685d69259,General
6989a4dd10805f5685d6925a,Fiction
6989a4dd10805f5685d6925c,Health
6989a4dd10805f5685d6925e,Social Science
6989a4dd10805f5685d69260,Fiction
6989a4dd10805f5685d69262,Rourke
6989a4dd10805f5685d69262,John Thomas (fictitious Character)
6989a4dd10805f5685d69263,Juvenile Fiction
6989a4dd10805f5685d69264,Fiction
6989a4dd10805f5685d69266,Fiction
6989a4dd10805f5685d69268,Education
6989a4dd10805f5685d69269,New Thought
6989a4dd10805f5685d6926b,Fiction
6989a4dd10805f5685d6926d,Comics
6989a4dd10805f5685d6926f,Manners And Customs
6989a4dd10805f5685d69271,Bibles
6989a4dd10805f5685d69272,General
6989a4dd10805f5685d69274,General
6989a4dd10805f5685d69276,General
6989a4dd10805f5685d69277,Fiction
6989a4dd10805f5685d69279,History
6989a4dd10805f5685d6927b,General
6989a4dd10805f5685d6927d,Fiction
6989a4dd10805f5685d6927f,Fiction
6989a4dd10805f5685d69281,Political Science
6989a4dd10805f5685d69283,Social Science
6989a4dd10805f5685d69285,Monographic Series
6989a4dd10805f5685d69286,Fiction
6989a4dd10805f5685d69288,Science
6989a4dd10805f5685d6928a,Fiction
6989a4dd10805f5685d6928b,Fiction
6989a4dd10805f5685d6928d,Comics
6989a4dd10805f5685d6928f,Music
6989a4dd10805f5685d69291,Fiction
6989a4dd10805f5685d69292,Biography
6989a4dd10805f5685d69294,Humor
6989a4dd10805f5685d69296,Fiction
6989a4dd10805f5685d69298,General
6989a4dd10805f5685d69299,Juvenile Fiction
6989a4dd10805f5685d6929a,Fiction
6989a4dd10805f5685d6929c,Booksellers And Bookselling
6989a4dd10805f5685d6929e,Self-help
6989a4dd10805f5685d692a0,Family
6989a4dd10805f5685d692a2,Fiction
6989a4dd10805f5685d692a3,Fiction
6989a4dd10805f5685d692a5,Fiction
6989a4dd10805f5685d692a6,Statues
6989a4dd10805f5685d692a8,Psychology
6989a4dd10805f5685d692aa,Detective And Mystery Stories
6989a4dd10805f5685d692aa,American
6989a4dd10805f5685d692ab,Fiction
6989a4dd10805f5685d692ad,Science Fiction
6989a4dd10805f5685d692ae,Reference
6989a4dd10805f5685d692b0,Fiction
6989a4dd10805f5685d692b2,Travel
6989a4dd10805f5685d692b4,General
6989a4dd10805f5685d692b6,Poetry
6989a4dd10805f5685d692b7,History
6989a4dd10805f5685d692b9,Fiction
6989a4dd10805f5685d692bb,General
6989a4dd10805f5685d692bc,Role Playing
6989a4dd10805f5685d692be,Group Reading
6989a4dd10805f5685d692c0,Health
6989a4dd10805f5685d692c2,Juvenile Fiction
6989a4dd10805f5685d692c4,Fiction
6989a4dd10805f5685d692c6,Drama
6989a4dd10805f5685d692c8,Comics
6989a4dd10805f5685d692c9,Science
6989a4dd10805f5685d692cb,General
6989a4dd10805f5685d692cd,History
6989a4dd10805f5685d692cf,Large Print Books
6989a4dd10805f5685d692d1,Biography
6989a4dd10805f5685d692d3,Fiction
6989a4dd10805f5685d692d4,Fiction
6989a4dd10805f5685d692d6,Fiction
6989a4dd10805f5685d692d7,Literary Criticism
6989a4dd10805f5685d692d8,Biography
6989a4dd10805f5685d692da,Fiction
6989a4dd10805f5685d692db,General
6989a4dd10805f5685d692dc,Fiction
6989a4dd10805f5685d692de,General
6989a4dd10805f5685d692df,Juvenile Fiction
6989a4dd10805f5685d692e0,Fiction
6989a4dd10805f5685d692e2,Fiction
6989a4dd10805f5685d692e4,Fiction
6989a4dd10805f5685d692e6,General
6989a4dd10805f5685d692e7,Fiction
6989a4dd10805f5685d692e9,Fiction
6989a4dd10805f5685d692ea,Fiction
6989a4dd10805f5685d692eb,General
6989a4dd10805f5685d692ec,Juvenile Fiction
6989a4dd10805f5685d692ed,Self-help
6989a4dd10805f5685d692ef,Fiction
6989a4dd10805f5685d692f0,History
6989a4dd10805f5685d692f2,Fiction
6989a4dd10805f5685d692f4,Fiction
6989a4dd10805f5685d692f5,Biography
6989a4dd10805f5685d692f7,General
6989a4dd10805f5685d692f8,Biography
6989a4dd10805f5685d692fa,Juvenile Fiction
6989a4dd10805f5685d692fc,Brothers
6989a4dd10805f5685d692fe,General
6989a4dd10805f5685d69300,Juvenile Fiction
6989a4dd10805f5685d69301,Fiction
6989a4dd10805f5685d69303,Sermons
6989a4dd10805f5685d69303,American
6989a4dd10805f5685d69305,Country Life
6989a4dd10805f5685d69307,General
6989a4dd10805f5685d69308,Biography
6989a4dd10805f5685d6930a,General
6989a4dd10805f5685d6930b,Fiction
6989a4dd10805f5685d6930d,Historical Fiction
6989a4dd10805f5685d6930e,Creative Writing
6989a4dd10805f5685d69310,Inspiration
6989a4dd10805f5685d69312,General
6989a4dd10805f5685d69314,Fiction
6989a4dd10805f5685d69316,Juvenile Fiction
6989a4dd10805f5685d69317,General
6989a4dd10805f5685d69318,Fiction
6989a4dd10805f5685d6931a,Fiction
6989a4dd10805f5685d6931b,Fiction
6989a4dd10805f5685d6931d,Scotland
6989a4dd10805f5685d6931f,History
6989a4dd10805f5685d69321,Biography
6989a4dd10805f5685d69323,Juvenile Nonfiction
6989a4dd10805f5685d69325,General
6989a4dd10805f5685d69327,General
6989a4dd10805f5685d69328,Private Investigators
6989a4dd10805f5685d69329,General
6989a4dd10805f5685d6932a,Bolan
6989a4dd10805f5685d6932a,Mack (fictitious Character)
6989a4dd10805f5685d6932b,General
6989a4dd10805f5685d6932c,Celts
6989a4dd10805f5685d6932e,General
6989a4dd10805f5685d6932f,Juvenile Fiction
6989a4dd10805f5685d69331,General
6989a4dd10805f5685d69332,Fiction
6989a4dd10805f5685d69334,Fiction
6989a4dd10805f5685d69335,Fiction
6989a4dd10805f5685d69337,Abusive Men
6989a4dd10805f5685d69338,Fiction
6989a4dd10805f5685d69339,Biography
6989a4dd10805f5685d6933b,General
6989a4dd10805f5685d6933c,Biography
6989a4dd10805f5685d6933e,Biography
6989a4dd10805f5685d69340,Forest Ecology
6989a4dd10805f5685d69342,Fiction
6989a4dd10805f5685d69344,Juvenile Fiction
6989a4dd10805f5685d69345,Fiction
6989a4dd10805f5685d69346,Fiction
6989a4dd10805f5685d69348,Fiction
6989a4dd10805f5685d69349,Fiction
6989a4dd10805f5685d6934b,Foreign Language Study
6989a4dd10805f5685d6934d,Fiction
6989a4dd10805f5685d6934e,Drama
6989a4dd10805f5685d6934f,Biography
6989a4dd10805f5685d69351,Education
6989a4dd10805f5685d69353,Young Adult Fiction
6989a4dd10805f5685d69354,Fiction
6989a4dd10805f5685d69355,Fiction
6989a4dd10805f5685d69356,Fiction
6989a4dd10805f5685d69357,Wales
6989a4dd10805f5685d69359,Science
6989a4dd10805f5685d6935b,Fiction
6989a4dd10805f5685d6935d,Fiction
6989a4dd10805f5685d6935e,Fiction
6989a4dd10805f5685d6935f,Fiction
6989a4dd10805f5685d69360,Fiction
6989a4dd10805f5685d69362,Fiction
6989a4dd10805f5685d69363,Pets
6989a4dd10805f5685d69365,Fiction
6989a4dd10805f5685d69366,General
6989a4dd10805f5685d69367,General
6989a4dd10805f5685d69369,Fiction
6989a4dd10805f5685d6936b,General
6989a4dd10805f5685d6936c,General
6989a4dd10805f5685d6936d,Fiction
6989a4dd10805f5685d6936e,Juvenile Fiction
6989a4dd10805f5685d69370,Juvenile Fiction
6989a4dd10805f5685d69372,Biography
6989a4dd10805f5685d69374,History
6989a4dd10805f5685d69376,Fiction
6989a4dd10805f5685d69377,Fiction
6989a4dd10805f5685d69379,Family
6989a4dd10805f5685d6937b,Self-help
6989a4dd10805f5685d6937c,Fiction
6989a4dd10805f5685d6937d,Reference
6989a4dd10805f5685d6937f,Biography
6989a4dd10805f5685d69381,Cooking
6989a4dd10805f5685d69383,Fiction
6989a4dd10805f5685d69384,Spanish Language
6989a4dd10805f5685d69386,Fiction
6989a4dd10805f5685d69388,Ghosts
6989a4dd10805f5685d6938a,Escapes
6989a4dd10805f5685d6938c,General
6989a4dd10805f5685d6938d,Philosophy
6989a4dd10805f5685d6938f,Artists
6989a4dd10805f5685d69391,Family
6989a4dd10805f5685d69393,Fiction
6989a4dd10805f5685d69395,Fiction
6989a4dd10805f5685d69397,Fiction
6989a4dd10805f5685d69399,General
6989a4dd10805f5685d6939b,Social Science
6989a4dd10805f5685d6939d,Young Adult Fiction
6989a4dd10805f5685d6939f,History
6989a4dd10805f5685d693a1,Business
6989a4dd10805f5685d693a3,Love Stories
6989a4dd10805f5685d693a4,Business
6989a4dd10805f5685d693a6,Self-help
6989a4dd10805f5685d693a8,Fiction
6989a4dd10805f5685d693aa,Cooking
6989a4dd10805f5685d693ab,Social Science
6989a4dd10805f5685d693ac,Fiction
6989a4dd10805f5685d693ae,Juvenile Fiction
6989a4dd10805f5685d693af,Fiction
6989a4dd10805f5685d693b0,Fiction
6989a4dd10805f5685d693b2,History
6989a4dd10805f5685d693b4,Psychology
6989a4dd10805f5685d693b6,General
6989a4dd10805f5685d693b7,Photography
6989a4dd10805f5685d693b9,General
6989a4dd10805f5685d693ba,Fiction
6989a4dd10805f5685d693bc,Religion
6989a4dd10805f5685d693be,Juvenile Fiction
6989a4dd10805f5685d693c0,Fiction
6989a4dd10805f5685d693c2,Fiction
6989a4dd10805f5685d693c4,Juvenile Fiction
6989a4dd10805f5685d693c5,Fiction
6989a4dd10805f5685d693c7,General
6989a4dd10805f5685d693c8,General
6989a4dd10805f5685d693c9,General
6989a4dd10805f5685d693ca,Juvenile Fiction
6989a4dd10805f5685d693cc,Fiction
6989a4dd10805f5685d693ce,Literary Criticism
6989a4dd10805f5685d693d0,Fiction
6989a4dd10805f5685d693d1,Fiction
6989a4dd10805f5685d693d2,Dragons In Literature
6989a4dd10805f5685d693d4,General
6989a4dd10805f5685d693d5,Self-help
6989a4dd10805f5685d693d6,Fiction
6989a4dd10805f5685d693d7,General
6989a4dd10805f5685d693d8,Fiction
6989a4dd10805f5685d693da,Fiction
6989a4dd10805f5685d693db,Sports
6989a4dd10805f5685d693dd,Juvenile Fiction
6989a4dd10805f5685d693de,Literary Criticism
6989a4dd10805f5685d693e0,General
6989a4dd10805f5685d693e2,Fiction
6989a4dd10805f5685d693e3,General
6989a4dd10805f5685d693e4,Fiction
6989a4dd10805f5685d693e5,General
6989a4dd10805f5685d693e6,Fiction
6989a4dd10805f5685d693e7,Fiction
6989a4dd10805f5685d693e8,Technology
6989a4dd10805f5685d693ea,Juvenile Fiction
6989a4dd10805f5685d693eb,Fiction
6989a4dd10805f5685d693ec,Fiction
6989a4dd10805f5685d693ed,Fiction
6989a4dd10805f5685d693ee,Fiction
6989a4dd10805f5685d693f0,General
6989a4dd10805f5685d693f1,Biography
6989a4dd10805f5685d693f3,Fiction
6989a4dd10805f5685d693f4,Anarchists
6989a4dd10805f5685d693f6,Fiction
6989a4dd10805f5685d693f7,Fiction
6989a4dd10805f5685d693f9,Sports
6989a4dd10805f5685d693fb,Juvenile Fiction
6989a4dd10805f5685d693fd,Fiction
6989a4dd10805f5685d693ff,Education
6989a4dd10805f5685d69401,Gardening
6989a4dd10805f5685d69402,Statesmen
6989a4dd10805f5685d69404,Fiction
6989a4dd10805f5685d69406,Drama
6989a4dd10805f5685d69408,Biography
6989a4dd10805f5685d6940a,Business
6989a4dd10805f5685d6940c,Fiction
6989a4dd10805f5685d6940e,Fiction
6989a4dd10805f5685d6940f,Humor
6989a4dd10805f5685d69411,General
6989a4dd10805f5685d69412,Education
6989a4dd10805f5685d69414,Fiction
6989a4dd10805f5685d69416,Fiction
6989a4dd10805f5685d69417,General
6989a4dd10805f5685d69418,Fiction
6989a4dd10805f5685d6941a,Fiction
6989a4dd10805f5685d6941b,Biography
6989a4dd10805f5685d6941d,General
6989a4dd10805f5685d6941e,Fiction
6989a4dd10805f5685d6941f,Fiction
6989a4dd10805f5685d69420,Political Science
6989a4dd10805f5685d69422,True Crime
6989a4dd10805f5685d69423,Fiction
6989a4dd10805f5685d69425,Fiction
6989a4dd10805f5685d69426,Humor
6989a4dd10805f5685d69428,Best Books
6989a4dd10805f5685d69429,Spy Stories
6989a4dd10805f5685d6942b,History
6989a4dd10805f5685d6942d,Business
6989a4dd10805f5685d6942f,Fiction
6989a4dd10805f5685d69431,Biography
6989a4dd10805f5685d69433,Fiction
6989a4dd10805f5685d69435,Fiction
6989a4dd10805f5685d69436,Humor
6989a4dd10805f5685d69438,Nature
6989a4dd10805f5685d6943a,Fiction
6989a4dd10805f5685d6943b,General
6989a4dd10805f5685d6943c,Americans
6989a4dd10805f5685d6943e,Malone
6989a4dd10805f5685d6943e,Beany (fictitious Character)
6989a4dd10805f5685d69440,Fiction
6989a4dd10805f5685d69442,Fiction
6989a4dd10805f5685d69443,Historical Romance
6989a4dd10805f5685d69445,Family
6989a4dd10805f5685d69447,Body
6989a4dd10805f5685d69447,Mind
6989a4dd10805f5685d69449,Fiction
6989a4dd10805f5685d6944a,Fiction
6989a4dd10805f5685d6944b,Fiction
6989a4dd10805f5685d6944d,Fiction
6989a4dd10805f5685d6944f,General
6989a4dd10805f5685d69450,Fiction
6989a4dd10805f5685d69452,International Organization
6989a4dd10805f5685d69454,Political Science
6989a4dd10805f5685d69456,Fiction
6989a4dd10805f5685d69458,History
6989a4dd10805f5685d69459,Humor
6989a4dd10805f5685d6945a,Mythology
6989a4dd10805f5685d6945a,Greek
6989a4dd10805f5685d6945c,Endangered Species
6989a4dd10805f5685d6945e,Fiction
6989a4dd10805f5685d6945f,Fiction
6989a4dd10805f5685d69461,General
6989a4dd10805f5685d69462,Fiction
6989a4dd10805f5685d69464,Religion
6989a4dd10805f5685d69466,Fiction
6989a4dd10805f5685d69468,General
6989a4dd10805f5685d69469,General
6989a4dd10805f5685d6946a,Fiction
6989a4dd10805f5685d6946b,Fiction
6989a4dd10805f5685d6946d,Fiction
6989a4dd10805f5685d6946e,General
6989a4dd10805f5685d6946f,Fiction
6989a4dd10805f5685d69471,General
6989a4dd10805f5685d69472,Body
6989a4dd10805f5685d69472,Mind
6989a4dd10805f5685d69474,Juvenile Fiction
6989a4dd10805f5685d69476,Fiction
6989a4dd10805f5685d69477,Games
6989a4dd10805f5685d69479,Fiction
6989a4dd10805f5685d6947a,Psychology
6989a4dd10805f5685d6947c,Juvenile Fiction
6989a4dd10805f5685d6947d,Social Science
6989a4dd10805f5685d6947f,General
6989a4dd10805f5685d69481,Customer Services
6989a4dd10805f5685d69483,English Fiction
6989a4dd10805f5685d69485,Fiction
6989a4dd10805f5685d69486,Fiction
6989a4dd10805f5685d69488,Fiction
6989a4dd10805f5685d69489,General
6989a4dd10805f5685d6948a,Juvenile Fiction
6989a4dd10805f5685d6948b,Fiction
6989a4dd10805f5685d6948c,Juvenile Fiction
6989a4dd10805f5685d6948d,Fiction
6989a4dd10805f5685d6948f,General
6989a4dd10805f5685d69490,Fiction
6989a4dd10805f5685d69492,General
6989a4dd10805f5685d69493,Young Adult Fiction
6989a4dd10805f5685d69494,Readers
6989a4dd10805f5685d69496,House
6989a4dd10805f5685d69498,Fiction
6989a4dd10805f5685d6949a,Biography
6989a4dd10805f5685d6949c,Fiction
6989a4dd10805f5685d6949e,History
6989a4dd10805f5685d694a0,General
6989a4dd10805f5685d694a2,General
6989a4dd10805f5685d694a3,Fiction
6989a4dd10805f5685d694a5,Fiction
6989a4dd10805f5685d694a6,Pets
6989a4dd10805f5685d694a8,Fiction
6989a4dd10805f5685d694a9,Family
6989a4dd10805f5685d694ab,Fiction
6989a4dd10805f5685d694ad,Fiction
6989a4dd10805f5685d694af,General
6989a4dd10805f5685d694b0,Juvenile Fiction
6989a4dd10805f5685d694b2,Fiction
6989a4dd10805f5685d694b4,Political Science
6989a4dd10805f5685d694b6,General
6989a4dd10805f5685d694b7,Fiction
6989a4dd10805f5685d694b9,Biography
6989a4dd10805f5685d694bb,Children's Stories
6989a4dd10805f5685d694bc,Poetry
6989a4dd10805f5685d694be,Juvenile Fiction
6989a4dd10805f5685d694c0,Religion
6989a4dd10805f5685d694c2,Social Science
6989a4dd10805f5685d694c4,Domestic Fiction
6989a4dd10805f5685d694c6,Alleyn
6989a4dd10805f5685d694c6,Roderick (fictitious Character)
6989a4dd10805f5685d694c7,Travel
6989a4dd10805f5685d694c8,Literary Collections
6989a4dd10805f5685d694ca,Fiction
6989a4dd10805f5685d694cc,Biography
6989a4dd10805f5685d694ce,General
6989a4dd10805f5685d694cf,Religion
6989a4dd10805f5685d694d0,Young Adult Fiction
6989a4dd10805f5685d694d2,Motion Picture Actors And Actresses
6989a4dd10805f5685d694d4,Humor
6989a4dd10805f5685d694d6,Religion
6989a4dd10805f5685d694d8,Fiction
6989a4dd10805f5685d694da,Fiction
6989a4dd10805f5685d694dc,Psychology
6989a4dd10805f5685d694de,Fiction
6989a4dd10805f5685d694e0,General
6989a4dd10805f5685d694e1,Fiction
6989a4dd10805f5685d694e3,Fiction
6989a4dd10805f5685d694e5,Biography
6989a4dd10805f5685d694e7,Fiction
6989a4dd10805f5685d694e8,Fiction
6989a4dd10805f5685d694e9,Fiction
6989a4dd10805f5685d694ea,Country Life
6989a4dd10805f5685d694eb,Fiction
6989a4dd10805f5685d694ed,Fiction
6989a4dd10805f5685d694ef,Librarians
6989a4dd10805f5685d694f0,Fiction
6989a4dd10805f5685d694f2,General
6989a4dd10805f5685d694f3,Europe
6989a4dd10805f5685d694f4,Biography
6989a4dd10805f5685d694f6,Travel
6989a4dd10805f5685d694f7,Fiction
6989a4dd10805f5685d694f8,General
6989a4dd10805f5685d694f9,Fiction
6989a4dd10805f5685d694fa,Compost
6989a4dd10805f5685d694fc,General
6989a4dd10805f5685d694fd,Family
6989a4dd10805f5685d694ff,True Crime
6989a4dd10805f5685d69500,General
6989a4dd10805f5685d69501,General
6989a4dd10805f5685d69502,General
6989a4dd10805f5685d69503,Fiction
6989a4dd10805f5685d69504,Fiction
6989a4dd10805f5685d69506,Biography
6989a4dd10805f5685d69508,Biography
6989a4dd10805f5685d69509,Guinea Pigs
6989a4dd10805f5685d6950b,Fiction
6989a4dd10805f5685d6950c,Biography
6989a4dd10805f5685d6950e,Fiction
6989a4dd10805f5685d6950f,Literary Criticism
6989a4dd10805f5685d69511,Indians Of North America
6989a4dd10805f5685d69513,Cooking
6989a4dd10805f5685d69515,General
6989a4dd10805f5685d69517,Fiction
6989a4dd10805f5685d69519,Literary Criticism
6989a4dd10805f5685d6951b,Juvenile Fiction
6989a4dd10805f5685d6951c,Erotic Stories
6989a4dd10805f5685d6951c,Australian
6989a4dd10805f5685d6951e,Areproductive Health
6989a4dd10805f5685d69520,Juvenile Nonfiction
6989a4dd10805f5685d69522,Art
6989a4dd10805f5685d69524,General
6989a4dd10805f5685d69525,General
6989a4dd10805f5685d69527,Fiction
6989a4dd10805f5685d69529,General
6989a4dd10805f5685d6952a,Juvenile Fiction
6989a4dd10805f5685d6952b,Family
6989a4dd10805f5685d6952d,Fiction
6989a4dd10805f5685d6952f,General
6989a4dd10805f5685d69530,General
6989a4dd10805f5685d69531,General
6989a4dd10805f5685d69533,General
6989a4dd10805f5685d69535,Social Science
6989a4dd10805f5685d69537,Religion
6989a4dd10805f5685d69538,Fiction
6989a4dd10805f5685d69539,Architecture
6989a4dd10805f5685d6953b,Juvenile Fiction
6989a4dd10805f5685d6953c,Health
6989a4dd10805f5685d6953e,General
6989a4dd10805f5685d6953f,General
6989a4dd10805f5685d69540,Music
6989a4dd10805f5685d69542,Juvenile Nonfiction
6989a4dd10805f5685d69544,Fiction
6989a4dd10805f5685d69545,Fiction
6989a4dd10805f5685d69546,Conduct Of Life
6989a4dd10805f5685d69548,Religion
6989a4dd10805f5685d6954a,Juvenile Nonfiction
6989a4dd10805f5685d6954c,General
6989a4dd10805f5685d6954d,Literary Criticism
6989a4dd10805f5685d6954f,Religion
6989a4dd10805f5685d69551,Fiction
6989a4dd10805f5685d69553,Juvenile Fiction
6989a4dd10805f5685d69555,Crafts
6989a4dd10805f5685d69557,Science
6989a4dd10805f5685d69559,Fiction
6989a4dd10805f5685d6955a,Fiction
6989a4dd10805f5685d6955c,Business
6989a4dd10805f5685d6955e,Biography
6989a4dd10805f5685d69560,Fiction
6989a4dd10805f5685d69562,Fiction
6989a4dd10805f5685d69564,General
6989a4dd10805f5685d69565,American Wit And Humor
6989a4dd10805f5685d69567,Juvenile Fiction
6989a4dd10805f5685d69568,Social Science
6989a4dd10805f5685d6956a,Children's Literature
6989a4dd10805f5685d6956b,Fiction
6989a4dd10805f5685d6956d,Literary Collections
6989a4dd10805f5685d6956f,Fiction
6989a4dd10805f5685d69570,Fiction
6989a4dd10805f5685d69571,Religion
6989a4dd10805f5685d69573,Fiction
6989a4dd10805f5685d69574,General
6989a4dd10805f5685d69575,Juvenile Fiction
6989a4dd10805f5685d69577,Juvenile Fiction
6989a4dd10805f5685d69579,Biography
6989a4dd10805f5685d6957b,General
6989a4dd10805f5685d6957d,General
6989a4dd10805f5685d6957f,History
6989a4dd10805f5685d69581,General
6989a4dd10805f5685d69582,Literary Collections
6989a4dd10805f5685d69584,Fiction
6989a4dd10805f5685d69585,Biography
6989a4dd10805f5685d69587,Religion
6989a4dd10805f5685d69589,Pets
6989a4dd10805f5685d6958b,General
6989a4dd10805f5685d6958c,Juvenile Fiction
6989a4dd10805f5685d6958e,Fiction
6989a4dd10805f5685d69590,Fiction
6989a4dd10805f5685d69592,Fiction
6989a4dd10805f5685d69594,Fiction
6989a4dd10805f5685d69595,General
6989a4dd10805f5685d69596,United States
6989a4dd10805f5685d69598,Fiction
6989a4dd10805f5685d6959a,Fiction
6989a4dd10805f5685d6959c,Fiction
6989a4dd10805f5685d6959e,Fiction
6989a4dd10805f5685d695a0,General
6989a4dd10805f5685d695a1,Fiction
6989a4dd10805f5685d695a2,General
6989a4dd10805f5685d695a3,Literary Criticism
6989a4dd10805f5685d695a5,Travel
6989a4dd10805f5685d695a6,History
6989a4dd10805f5685d695a8,General
6989a4dd10805f5685d695a9,General
6989a4dd10805f5685d695aa,Singers
6989a4dd10805f5685d695ac,Bellehaven (wash. : Imaginary Place)
6989a4dd10805f5685d695ad,General
6989a4dd10805f5685d695ae,Juvenile Fiction
6989a4dd10805f5685d695b0,Biography
6989a4dd10805f5685d695b2,Fiction
6989a4dd10805f5685d695b4,People With Disabilities
6989a4dd10805f5685d695b6,General
6989a4dd10805f5685d695b7,Fiction
6989a4dd10805f5685d695b9,Fiction
6989a4dd10805f5685d695ba,Fiction
6989a4dd10805f5685d695bb,Juvenile Fiction
6989a4dd10805f5685d695bc,Self-help
6989a4dd10805f5685d695be,Buffy The Vampire Slayer (fictitious Character)
6989a4dd10805f5685d695c0,General
6989a4dd10805f5685d695c1,Family
6989a4dd10805f5685d695c3,General
6989a4dd10805f5685d695c4,Fiction
6989a4dd10805f5685d695c6,General
6989a4dd10805f5685d695c7,Religion
6989a4dd10805f5685d695c9,General
6989a4dd10805f5685d695ca,Historians
6989a4dd10805f5685d695cc,Statesmen
6989a4dd10805f5685d695cc,American
6989a4dd10805f5685d695ce,Biography
6989a4dd10805f5685d695d0,Young Adult Fiction
6989a4dd10805f5685d695d2,General
6989a4dd10805f5685d695d3,Religion
6989a4dd10805f5685d695d5,Humor
6989a4dd10805f5685d695d7,Fiction
6989a4dd10805f5685d695d8,Biography
6989a4dd10805f5685d695da,General
6989a4dd10805f5685d695db,Fiction
6989a4dd10805f5685d695dc,General
6989a4dd10805f5685d695de,General
6989a4dd10805f5685d695df,Juvenile Fiction
6989a4dd10805f5685d695e0,Fiction
6989a4dd10805f5685d695e2,Time Management
6989a4dd10805f5685d695e4,Fiction
6989a4dd10805f5685d695e5,Religion
6989a4dd10805f5685d695e7,Fiction
6989a4dd10805f5685d695e9,Fiction
6989a4dd10805f5685d695ea,Religion
6989a4dd10805f5685d695eb,General
6989a4dd10805f5685d695ed,Law
6989a4dd10805f5685d695ef,Fiction
6989a4dd10805f5685d695f1,Fiction
6989a4dd10805f5685d695f2,Juvenile Nonfiction
6989a4dd10805f5685d695f4,Science
6989a4dd10805f5685d695f6,Fiction
6989a4dd10805f5685d695f8,Gay Men
6989a4dd10805f5685d695fa,Fiction
6989a4dd10805f5685d695fb,Fiction
6989a4dd10805f5685d695fd,Campion
6989a4dd10805f5685d695fd,Albert (fictitious Character)
6989a4dd10805f5685d695fe,Fiction
6989a4dd10805f5685d695ff,Fiction
6989a4dd10805f5685d69600,General
6989a4dd10805f5685d69601,General
6989a4dd10805f5685d69602,Religion
6989a4dd10805f5685d69604,General
6989a4dd10805f5685d69606,Humor
6989a4dd10805f5685d69608,Biography
6989a4dd10805f5685d6960a,Future Life
6989a4dd10805f5685d6960b,Religion
6989a4dd10805f5685d6960c,Foreign Language Study
6989a4dd10805f5685d6960e,Performing Arts
6989a4dd10805f5685d69610,Health
6989a4dd10805f5685d69612,Austria
6989a4dd10805f5685d69613,Fiction
6989a4dd10805f5685d69614,Detective And Mystery Stories
6989a4dd10805f5685d69615,General
6989a4dd10805f5685d69616,Fiction
6989a4dd10805f5685d69617,General
6989a4dd10805f5685d69618,Fiction
6989a4dd10805f5685d69619,Fiction
6989a4dd10805f5685d6961a,Fiction
6989a4dd10805f5685d6961c,Biography
6989a4dd10805f5685d6961d,Medical
6989a4dd10805f5685d6961f,Juvenile Fiction
6989a4dd10805f5685d69621,American Fiction
6989a4dd10805f5685d69622,Adventure Stories
6989a4dd10805f5685d69622,English
6989a4dd10805f5685d69623,Fiction
6989a4dd10805f5685d69624,Fiction
6989a4dd10805f5685d69626,Biography
6989a4dd10805f5685d69628,Fiction
6989a4dd10805f5685d6962a,Biography
6989a4dd10805f5685d6962c,Religion
6989a4dd10805f5685d6962e,General
6989a4dd10805f5685d6962f,General
6989a4dd10805f5685d69631,Young Adult Fiction
6989a4dd10805f5685d69633,Language Arts
6989a4dd10805f5685d69635,General
6989a4dd10805f5685d69637,General
6989a4dd10805f5685d69638,Fiction
6989a4dd10805f5685d6963a,General
6989a4dd10805f5685d6963b,General
6989a4dd10805f5685d6963c,Fiction
6989a4dd10805f5685d6963e,Juvenile Fiction
6989a4dd10805f5685d69640,Psychology
6989a4dd10805f5685d69642,Detective And Mystery Stories
6989a4dd10805f5685d69644,Juvenile Fiction
6989a4dd10805f5685d69645,Fiction
6989a4dd10805f5685d69647,Juvenile Fiction
6989a4dd10805f5685d69648,General
6989a4dd10805f5685d69649,African American Women Artists
6989a4dd10805f5685d6964b,Fiction
6989a4dd10805f5685d6964c,Biography
6989a4dd10805f5685d6964e,Fiction
6989a4dd10805f5685d69650,Business
6989a4dd10805f5685d69652,Fiction
6989a4dd10805f5685d69654,General
6989a4dd10805f5685d69655,Nature
6989a4dd10805f5685d69656,History
6989a4dd10805f5685d69658,Fiction
6989a4dd10805f5685d6965a,General
6989a4dd10805f5685d6965b,Body
6989a4dd10805f5685d6965b,Mind
6989a4dd10805f5685d6965d,Juvenile Fiction
6989a4dd10805f5685d6965e,Fiction
6989a4dd10805f5685d69660,Fiction
6989a4dd10805f5685d69662,Fiction
6989a4dd10805f5685d69663,Juvenile Fiction
6989a4dd10805f5685d69665,General
6989a4dd10805f5685d69666,Fiction
6989a4dd10805f5685d69667,Fiction
6989a4dd10805f5685d69669,Fantasy Fiction
6989a4dd10805f5685d6966a,Fiction
6989a4dd10805f5685d6966c,Fiction
6989a4dd10805f5685d6966d,History
6989a4dd10805f5685d6966f,Young Adult Nonfiction
6989a4dd10805f5685d69671,Religion
6989a4dd10805f5685d69673,Copyright
6989a4dd10805f5685d69674,Fiction
6989a4dd10805f5685d69676,Large Type Books
6989a4dd10805f5685d69678,Self-help
6989a4dd10805f5685d6967a,Fiction
6989a4dd10805f5685d6967b,Mathematics
6989a4dd10805f5685d6967d,General
6989a4dd10805f5685d6967e,Law
6989a4dd10805f5685d69680,Fiction
6989a4dd10805f5685d69681,Literary Criticism
6989a4dd10805f5685d69682,Fiction
6989a4dd10805f5685d69683,Foreign Language Study
6989a4dd10805f5685d69685,Drama
6989a4dd10805f5685d69686,History
6989a4dd10805f5685d69688,General
6989a4dd10805f5685d6968a,General
6989a4dd10805f5685d6968b,Human-alien Encounters
6989a4dd10805f5685d6968d,Fiction
6989a4dd10805f5685d6968e,General
6989a4dd10805f5685d6968f,Science
6989a4dd10805f5685d69691,Education
6989a4dd10805f5685d69693,General
6989a4dd10805f5685d69695,Fiction
6989a4dd10805f5685d69697,General
6989a4dd10805f5685d69698,Humor
6989a4dd10805f5685d6969a,History
6989a4dd10805f5685d6969c,Fiction
6989a4dd10805f5685d6969d,Comics
6989a4dd10805f5685d6969f,Fiction
6989a4dd10805f5685d696a0,Baseball Players
6989a4dd10805f5685d696a2,Friendship
6989a4dd10805f5685d696a4,Juvenile Fiction
6989a4dd10805f5685d696a5,Bones (musical Instrument)
6989a4dd10805f5685d696a7,Performing Arts
6989a4dd10805f5685d696a9,Photography
6989a4dd10805f5685d696ab,Self-help
6989a4dd10805f5685d696ad,Biography
6989a4dd10805f5685d696af,Fiction
6989a4dd10805f5685d696b1,Religion
6989a4dd10805f5685d696b2,Business
6989a4dd10805f5685d696b4,Fiction
6989a4dd10805f5685d696b5,Fiction
6989a4dd10805f5685d696b6,Brothers And Sisters
6989a4dd10805f5685d696b7,Fiction
6989a4dd10805f5685d696b9,Romance Fiction
6989a4dd10805f5685d696bb,True Crime
6989a4dd10805f5685d696bd,Young Adult Fiction
6989a4dd10805f5685d696be,Fiction
6989a4dd10805f5685d696c0,Sonnets
6989a4dd10805f5685d696c0,American
6989a4dd10805f5685d696c2,Fiction
6989a4dd10805f5685d696c3,Cooking
6989a4dd10805f5685d696c5,Juvenile Fiction
6989a4dd10805f5685d696c7,Science
6989a4dd10805f5685d696c8,General
6989a4dd10805f5685d696c9,Fiction
6989a4dd10805f5685d696ca,Sports
6989a4dd10805f5685d696cc,General
6989a4dd10805f5685d696cd,Self-help
6989a4dd10805f5685d696cf,History
6989a4dd10805f5685d696d1,General
6989a4dd10805f5685d696d2,Fiction
6989a4dd10805f5685d696d3,Fitness Walking
6989a4dd10805f5685d696d5,Fiction
6989a4dd10805f5685d696d6,Religion
6989a4dd10805f5685d696d8,Fiction
6989a4dd10805f5685d696d9,Self-help
6989a4dd10805f5685d696db,Fiction
6989a4dd10805f5685d696dd,Family
6989a4dd10805f5685d696df,General
6989a4dd10805f5685d696e0,Fiction
6989a4dd10805f5685d696e2,Fiction
6989a4dd10805f5685d696e3,Biography
6989a4dd10805f5685d696e5,Fiction
6989a4dd10805f5685d696e6,General
6989a4dd10805f5685d696e7,General
6989a4dd10805f5685d696e8,Fiction
6989a4dd10805f5685d696e9,Fiction
6989a4dd10805f5685d696eb,Biography
6989a4dd10805f5685d696ed,Fiction
6989a4dd10805f5685d696ee,Music
6989a4dd10805f5685d696f0,Fiction
6989a4dd10805f5685d696f2,Fiction
6989a4dd10805f5685d696f4,Juvenile Fiction
6989a4dd10805f5685d696f5,Fiction
6989a4dd10805f5685d696f7,Imperialism
6989a4dd10805f5685d696f9,General
6989a4dd10805f5685d696fa,Social Science
6989a4dd10805f5685d696fb,Biography
6989a4dd10805f5685d696fd,Poetry
6989a4dd10805f5685d696ff,Fiction
6989a4dd10805f5685d69701,Business
6989a4dd10805f5685d69703,Fiction
6989a4dd10805f5685d69704,Fiction
6989a4dd10805f5685d69705,Dogs
6989a4dd10805f5685d69707,General
6989a4dd10805f5685d69709,Juvenile Fiction
6989a4dd10805f5685d6970b,Juvenile Fiction
6989a4dd10805f5685d6970c,Feminism
6989a4dd10805f5685d6970e,Fiction
6989a4dd10805f5685d69710,General
6989a4dd10805f5685d69711,Cooking
6989a4dd10805f5685d69713,Fiction
6989a4dd10805f5685d69715,General
6989a4dd10805f5685d69717,Religion
6989a4dd10805f5685d69719,Religion
6989a4dd10805f5685d6971b,Fiction
6989a4dd10805f5685d6971c,General
6989a4dd10805f5685d6971e,General
6989a4dd10805f5685d6971f,General
6989a4dd10805f5685d69720,Short Stories
6989a4dd10805f5685d69721,Fiction
6989a4dd10805f5685d69722,History
6989a4dd10805f5685d69723,Fiction
6989a4dd10805f5685d69725,General
6989a4dd10805f5685d69726,Fiction
6989a4dd10805f5685d69728,Fiction
6989a4dd10805f5685d6972a,Adventure Stories
6989a4dd10805f5685d6972c,Fiction
6989a4dd10805f5685d6972d,Alzheimer's Disease
6989a4dd10805f5685d6972f,Fiction
6989a4dd10805f5685d69730,Fiction
6989a4dd10805f5685d69732,Juvenile Fiction
6989a4dd10805f5685d69733,Juvenile Fiction
6989a4dd10805f5685d69735,Fiction
6989a4dd10805f5685d69736,Fire-departments
6989a4dd10805f5685d69738,Business
6989a4dd10805f5685d6973a,Publishers' Catalogs
6989a4dd10805f5685d6973b,Fiction
6989a4dd10805f5685d6973d,Juvenile Fiction
6989a4dd10805f5685d6973e,Juvenile Fiction
6989a4dd10805f5685d69740,Fiction
6989a4dd10805f5685d69742,Architecture
6989a4dd10805f5685d69744,Fiction
6989a4dd10805f5685d69745,Soldiers
6989a4dd10805f5685d69747,Sports
6989a4dd10805f5685d69749,Fiction
6989a4dd10805f5685d6974a,Social Science
6989a4dd10805f5685d6974c,Cartooning
6989a4dd10805f5685d6974e,Fiction
6989a4dd10805f5685d69750,Juvenile Fiction
6989a4dd10805f5685d69752,Family
6989a4dd10805f5685d69754,Fiction
6989a4dd10805f5685d69755,Family
6989a4dd10805f5685d69757,General
6989a4dd10805f5685d69759,Fiction
6989a4dd10805f5685d6975a,Poetry
6989a4dd10805f5685d6975c,Fiction
6989a4dd10805f5685d6975e,History
6989a4dd10805f5685d6975f,Conduct Of Life
6989a4dd10805f5685d69760,Religion
6989a4dd10805f5685d69762,Fiction
6989a4dd10805f5685d69764,Religion
6989a4dd10805f5685d69766,Fiction
6989a4dd10805f5685d69767,Family
6989a4dd10805f5685d69769,General
6989a4dd10805f5685d6976a,American Periodicals
6989a4dd10805f5685d6976b,Fiction
6989a4dd10805f5685d6976d,Biography
6989a4dd10805f5685d6976f,Fiction
6989a4dd10805f5685d69771,Fiction
6989a4dd10805f5685d69772,Aunts
6989a4dd10805f5685d69774,Psychology
6989a4dd10805f5685d69776,Fiction
6989a4dd10805f5685d69777,Body
6989a4dd10805f5685d69777,Mind
6989a4dd10805f5685d69779,Travel
6989a4dd10805f5685d6977b,Juvenile Fiction
6989a4dd10805f5685d6977c,Bible
6989a4dd10805f5685d6977e,Business
6989a4dd10805f5685d69780,Fiction
6989a4dd10805f5685d69782,Serial Murders
6989a4dd10805f5685d69784,Social Science
6989a4dd10805f5685d69786,Fiction
6989a4dd10805f5685d69788,General
6989a4dd10805f5685d69789,Fiction
6989a4dd10805f5685d6978a,Fiction
6989a4dd10805f5685d6978b,Juvenile Fiction
6989a4dd10805f5685d6978c,Religion
6989a4dd10805f5685d6978d,General
6989a4dd10805f5685d6978e,Necklaces
6989a4dd10805f5685d69790,Fiction
6989a4dd10805f5685d69792,General
6989a4dd10805f5685d69793,Christian Fiction
6989a4dd10805f5685d69795,Fiction
6989a4dd10805f5685d69796,Juvenile Fiction
6989a4dd10805f5685d69797,General
6989a4dd10805f5685d69798,Fiction
6989a4dd10805f5685d6979a,Detective And Mystery Stories
6989a4dd10805f5685d6979b,Fiction
6989a4dd10805f5685d6979d,Psychology
6989a4dd10805f5685d6979f,Fiction
6989a4dd10805f5685d697a0,Fiction
6989a4dd10805f5685d697a2,Juvenile Nonfiction
6989a4dd10805f5685d697a4,Self-help
6989a4dd10805f5685d697a6,General
6989a4dd10805f5685d697a8,Fiction
6989a4dd10805f5685d697aa,Fiction
6989a4dd10805f5685d697ab,General
6989a4dd10805f5685d697ac,Fiction
6989a4dd10805f5685d697ae,Health
6989a4dd10805f5685d697b0,Juvenile Fiction
6989a4dd10805f5685d697b2,General
6989a4dd10805f5685d697b4,Medical
6989a4dd10805f5685d697b6,Business
6989a4dd10805f5685d697b8,History
6989a4dd10805f5685d697ba,General
6989a4dd10805f5685d697bb,Fiction
6989a4dd10805f5685d697bd,Travel
6989a4dd10805f5685d697bf,Humor
6989a4dd10805f5685d697c1,Fiction
6989a4dd10805f5685d697c3,Fiction
6989a4dd10805f5685d697c4,Fiction
6989a4dd10805f5685d697c6,Fiction
6989a4dd10805f5685d697c7,General
6989a4dd10805f5685d697c8,Religion
6989a4dd10805f5685d697ca,True Crime
6989a4dd10805f5685d697cc,General
6989a4dd10805f5685d697cd,Biography
6989a4dd10805f5685d697cf,Fiction
6989a4dd10805f5685d697d0,Fiction
6989a4dd10805f5685d697d2,Fiction
6989a4dd10805f5685d697d3,Juvenile Nonfiction
6989a4dd10805f5685d697d5,Games
6989a4dd10805f5685d697d7,Fiction
6989a4dd10805f5685d697d9,Biography
6989a4dd10805f5685d697db,Fiction
6989a4dd10805f5685d697dd,Fiction
6989a4dd10805f5685d697df,Fiction
6989a4dd10805f5685d697e1,Comics
6989a4dd10805f5685d697e3,Religion
6989a4dd10805f5685d697e5,Biography
6989a4dd10805f5685d697e7,Families
6989a4dd10805f5685d697e8,Fiction
6989a4dd10805f5685d697e9,Yoga
6989a4dd10805f5685d697eb,Fiction
6989a4dd10805f5685d697ed,General
6989a4dd10805f5685d697ee,Fiction
6989a4dd10805f5685d697f0,Travel
6989a4dd10805f5685d697f2,General
6989a4dd10805f5685d697f3,General
6989a4dd10805f5685d697f4,Fiction
6989a4dd10805f5685d697f5,Civilization
6989a4dd10805f5685d697f5,Modern
6989a4dd10805f5685d697f7,General
6989a4dd10805f5685d697f8,General
6989a4dd10805f5685d697f9,Fiction
6989a4dd10805f5685d697fa,Fiction
6989a4dd10805f5685d697fb,General
6989a4dd10805f5685d697fc,Juvenile Nonfiction
6989a4dd10805f5685d697fe,General
6989a4dd10805f5685d697ff,General
6989a4dd10805f5685d69801,Juvenile Fiction
6989a4dd10805f5685d69802,Fiction
6989a4dd10805f5685d69804,Self-help
6989a4dd10805f5685d69806,Fiction
6989a4dd10805f5685d69807,Fiction
6989a4dd10805f5685d69809,Fiction
6989a4dd10805f5685d6980b,Literary Collections
6989a4dd10805f5685d6980c,Fiction
6989a4dd10805f5685d6980e,Fiction
6989a4dd10805f5685d69810,General
6989a4dd10805f5685d69811,General
6989a4dd10805f5685d69812,Fiction
6989a4dd10805f5685d69814,Fiction
6989a4dd10805f5685d69816,Comics
6989a4dd10805f5685d69818,History
6989a4dd10805f5685d69819,General
6989a4dd10805f5685d6981b,Burma
6989a4dd10805f5685d6981d,Juvenile Fiction
6989a4dd10805f5685d6981e,General
6989a4dd10805f5685d6981f,General
6989a4dd10805f5685d69820,Biography
6989a4dd10805f5685d69821,True Crime
6989a4dd10805f5685d69822,Biography
6989a4dd10805f5685d69824,Fiction
6989a4dd10805f5685d69826,Juvenile Nonfiction
6989a4dd10805f5685d69828,Fiction
6989a4dd10805f5685d6982a,General
6989a4dd10805f5685d6982c,Self-help
6989a4dd10805f5685d6982d,Fiction
6989a4dd10805f5685d6982f,Fiction
6989a4dd10805f5685d69830,Fiction
6989a4dd10805f5685d69831,General
6989a4dd10805f5685d69832,Fiction
6989a4dd10805f5685d69833,Art
6989a4dd10805f5685d69835,Fiction
6989a4dd10805f5685d69837,Fiction
6989a4dd10805f5685d69838,Fiction
6989a4dd10805f5685d6983a,Fiction
6989a4dd10805f5685d6983c,Music
6989a4dd10805f5685d6983e,Cooking
6989a4dd10805f5685d69840,Psychology
6989a4dd10805f5685d69842,Fiction
6989a4dd10805f5685d69843,General
6989a4dd10805f5685d69844,Fiction
6989a4dd10805f5685d69846,Fiction
6989a4dd10805f5685d69848,Fiction
6989a4dd10805f5685d6984a,Philosophy
6989a4dd10805f5685d6984c,Cooking
6989a4dd10805f5685d6984e,Fiction
6989a4dd10805f5685d69850,Fiction
6989a4dd10805f5685d69852,General
6989a4dd10805f5685d69853,Social Science
6989a4dd10805f5685d69854,Health
6989a4dd10805f5685d69856,Fiction
6989a4dd10805f5685d69858,Fiction
6989a4dd10805f5685d69859,Fiction
6989a4dd10805f5685d6985b,Fiction
6989a4dd10805f5685d6985d,Family
6989a4dd10805f5685d6985f,General
6989a4dd10805f5685d69860,General
6989a4dd10805f5685d69861,Fantasy Fiction
6989a4dd10805f5685d69862,Fiction
6989a4dd10805f5685d69864,Glass Craft
6989a4dd10805f5685d69866,General
6989a4dd10805f5685d69867,True Crime
6989a4dd10805f5685d69869,History
6989a4dd10805f5685d6986b,Biography
6989a4dd10805f5685d6986c,Sex Instruction For Women
6989a4dd10805f5685d6986e,General
6989a4dd10805f5685d6986f,Religion
6989a4dd10805f5685d69871,Juvenile Fiction
6989a4dd10805f5685d69873,True Crime
6989a4dd10805f5685d69875,Fiction
6989a4dd10805f5685d69877,Fiction
6989a4dd10805f5685d69878,Hollywood (los Angeles
6989a4dd10805f5685d69878,Calif.)
6989a4dd10805f5685d6987a,History
6989a4dd10805f5685d6987c,Fiction
6989a4dd10805f5685d6987e,Juvenile Nonfiction
6989a4dd10805f5685d69880,Juvenile Fiction
6989a4dd10805f5685d69882,General
6989a4dd10805f5685d69883,Fiction
6989a4dd10805f5685d69884,Social Science
6989a4dd10805f5685d69886,Fiction
6989a4dd10805f5685d69888,Fiction
6989a4dd10805f5685d69889,General
6989a4dd10805f5685d6988a,Political Science
6989a4dd10805f5685d6988c,General
6989a4dd10805f5685d6988d,Fiction
6989a4dd10805f5685d6988e,Fiction
6989a4dd10805f5685d6988f,Social Science
6989a4dd10805f5685d69890,General
6989a4dd10805f5685d69891,Authors
6989a4dd10805f5685d69891,American
6989a4dd10805f5685d69892,Fiction
6989a4dd10805f5685d69893,True Crime
6989a4dd10805f5685d69894,Fiction
6989a4dd10805f5685d69895,True Crime
6989a4dd10805f5685d69896,Juvenile Fiction
6989a4dd10805f5685d69898,General
6989a4dd10805f5685d69899,Fiction
6989a4dd10805f5685d6989b,General
6989a4dd10805f5685d6989d,Demonology
6989a4dd10805f5685d6989f,Fiction
6989a4dd10805f5685d698a0,Brothers And Sisters
6989a4dd10805f5685d698a2,Body
6989a4dd10805f5685d698a2,Mind
6989a4dd10805f5685d698a4,Fiction
6989a4dd10805f5685d698a6,General
6989a4dd10805f5685d698a7,General
6989a4dd10805f5685d698a9,Religion
6989a4dd10805f5685d698aa,Fiction
6989a4dd10805f5685d698ab,True Crime
6989a4dd10805f5685d698ad,Biography
6989a4dd10805f5685d698af,Fiction
6989a4dd10805f5685d698b0,Literary Criticism
6989a4dd10805f5685d698b1,History
6989a4dd10805f5685d698b3,Curiosities And Wonders
6989a4dd10805f5685d698b4,General
6989a4dd10805f5685d698b5,General
6989a4dd10805f5685d698b6,Crafts
6989a4dd10805f5685d698b7,Fiction
6989a4dd10805f5685d698b8,Fiction
6989a4dd10805f5685d698b9,Fiction
6989a4dd10805f5685d698ba,English Fiction
6989a4dd10805f5685d698bb,General
6989a4dd10805f5685d698bc,General
6989a4dd10805f5685d698bd,Humor
6989a4dd10805f5685d698bf,Young Adult Fiction
6989a4dd10805f5685d698c1,Body
6989a4dd10805f5685d698c1,Mind
6989a4dd10805f5685d698c3,Poetry
6989a4dd10805f5685d698c4,General
6989a4dd10805f5685d698c5,Fiction
6989a4dd10805f5685d698c7,Fiction
6989a4dd10805f5685d698c9,Fiction
6989a4dd10805f5685d698cb,Biography
6989a4dd10805f5685d698cd,Comics
6989a4dd10805f5685d698cf,Family
6989a4dd10805f5685d698d0,Social Science
6989a4dd10805f5685d698d2,Art
6989a4dd10805f5685d698d4,Fiction
6989a4dd10805f5685d698d6,Music
6989a4dd10805f5685d698d8,Graphic Novels
6989a4dd10805f5685d698da,Fiction
6989a4dd10805f5685d698dc,General
6989a4dd10805f5685d698de,General
6989a4dd10805f5685d698df,Fiction
6989a4dd10805f5685d698e1,Juvenile Nonfiction
6989a4dd10805f5685d698e3,Fiction
6989a4dd10805f5685d698e5,Fiction
6989a4dd10805f5685d698e7,Brothers
6989a4dd10805f5685d698e9,Juvenile Fiction
6989a4dd10805f5685d698ea,General
6989a4dd10805f5685d698eb,Business
6989a4dd10805f5685d698ed,Fiction
6989a4dd10805f5685d698ee,General
6989a4dd10805f5685d698f0,Body
6989a4dd10805f5685d698f0,Mind
6989a4dd10805f5685d698f2,Fiction
6989a4dd10805f5685d698f3,General
6989a4dd10805f5685d698f5,General
6989a4dd10805f5685d698f6,History
6989a4dd10805f5685d698f8,Social Science
6989a4dd10805f5685d698fa,Fiction
6989a4dd10805f5685d698fb,Young Adult Fiction
6989a4dd10805f5685d698fd,History
6989a4dd10805f5685d698ff,Fiction
6989a4dd10805f5685d69901,Biography
6989a4dd10805f5685d69903,General
6989a4dd10805f5685d69904,Fiction
6989a4dd10805f5685d69905,General
6989a4dd10805f5685d69906,General
6989a4dd10805f5685d69908,Cloning
6989a4dd10805f5685d69909,Fiction
6989a4dd10805f5685d6990b,Fiction
6989a4dd10805f5685d6990d,Art
6989a4dd10805f5685d6990e,General
6989a4dd10805f5685d6990f,Nature
6989a4dd10805f5685d69911,Best Books
6989a4dd10805f5685d69913,Juvenile Fiction
6989a4dd10805f5685d69915,Travel
6989a4dd10805f5685d69916,Literary Collections
6989a4dd10805f5685d69917,Juvenile Fiction
6989a4dd10805f5685d69919,Sports
6989a4dd10805f5685d6991b,Fiction
6989a4dd10805f5685d6991d,Social Science
6989a4dd10805f5685d6991f,Fiction
6989a4dd10805f5685d69920,Low-carbohydrate Diet
6989a4dd10805f5685d69922,General
6989a4dd10805f5685d69923,Fiction
6989a4dd10805f5685d69924,True Crime
6989a4dd10805f5685d69925,General
6989a4dd10805f5685d69926,Fiction
6989a4dd10805f5685d69928,Family
6989a4dd10805f5685d6992a,Fiction
6989a4dd10805f5685d6992c,Religion
6989a4dd10805f5685d6992d,Fiction
6989a4dd10805f5685d6992f,General
6989a4dd10805f5685d69931,Young Adult Fiction
6989a4dd10805f5685d69932,Health
6989a4dd10805f5685d69934,Language Arts
6989a4dd10805f5685d69936,Fiction
6989a4dd10805f5685d69937,Juvenile Fiction
6989a4dd10805f5685d69939,General
6989a4dd10805f5685d6993a,History
6989a4dd10805f5685d6993c,Horticulture
6989a4dd10805f5685d6993e,Performing Arts
6989a4dd10805f5685d69940,Juvenile Nonfiction
6989a4dd10805f5685d69942,Fiction
6989a4dd10805f5685d69943,History
6989a4dd10805f5685d69945,Dungeons And Dragons (game)
6989a4dd10805f5685d69947,Psychology
6989a4dd10805f5685d69949,Science
6989a4dd10805f5685d6994b,Religion
6989a4dd10805f5685d6994d,Antarctica
6989a4dd10805f5685d6994f,Juvenile Fiction
6989a4dd10805f5685d69951,Fiction
6989a4dd10805f5685d69953,Juvenile Fiction
6989a4dd10805f5685d69954,Fiction
6989a4dd10805f5685d69956,Juvenile Fiction
6989a4dd10805f5685d69957,Fiction
6989a4dd10805f5685d69958,Amber (imaginary Place)
6989a4dd10805f5685d6995a,Fiction
6989a4dd10805f5685d6995b,Surrealism
6989a4dd10805f5685d6995d,Fiction
6989a4dd10805f5685d6995f,Art
6989a4dd10805f5685d69961,Juvenile Fiction
6989a4dd10805f5685d69963,Business
6989a4dd10805f5685d69965,True Crime
6989a4dd10805f5685d69967,Fiction
6989a4dd10805f5685d69968,Juvenile Fiction
6989a4dd10805f5685d6996a,Fiction
6989a4dd10805f5685d6996b,General
6989a4dd10805f5685d6996c,Fiction
6989a4dd10805f5685d6996e,Juvenile Nonfiction
6989a4dd10805f5685d6996f,Religion
6989a4dd10805f5685d69970,Fiction
6989a4dd10805f5685d69971,General
6989a4dd10805f5685d69973,Psychology
6989a4dd10805f5685d69975,Large Type Books
6989a4dd10805f5685d69976,Reference
6989a4dd10805f5685d69978,Travel
6989a4dd10805f5685d6997a,Biography
6989a4dd10805f5685d6997c,Science
6989a4dd10805f5685d6997e,Fiction
6989a4dd10805f5685d69980,Fiction
6989a4dd10805f5685d69982,Performing Arts
6989a4dd10805f5685d69984,Cooking
6989a4dd10805f5685d69986,Juvenile Fiction
6989a4dd10805f5685d69987,Biography
6989a4dd10805f5685d69989,General
6989a4dd10805f5685d6998a,Fiction
6989a4dd10805f5685d6998b,Self-help
6989a4dd10805f5685d6998d,Fiction
6989a4dd10805f5685d6998f,Juvenile Fiction
6989a4dd10805f5685d69990,Mathematics
6989a4dd10805f5685d69992,Fiction
6989a4dd10805f5685d69994,Ghosts
6989a4dd10805f5685d69995,Corruption
6989a4dd10805f5685d69996,Fiction
6989a4dd10805f5685d69997,General
6989a4dd10805f5685d69998,Self-help
6989a4dd10805f5685d69999,General
6989a4dd10805f5685d6999b,Fiction
6989a4dd10805f5685d6999c,Business
6989a4dd10805f5685d6999e,General
6989a4dd10805f5685d699a0,Political Science
6989a4dd10805f5685d699a1,General
6989a4dd10805f5685d699a2,General
6989a4dd10805f5685d699a3,Hypnotism
6989a4dd10805f5685d699a5,General
6989a4dd10805f5685d699a6,General
6989a4dd10805f5685d699a7,Music
6989a4dd10805f5685d699a9,General
6989a4dd10805f5685d699aa,General
6989a4dd10805f5685d699ab,Fiction
6989a4dd10805f5685d699ad,Young Adult Fiction
6989a4dd10805f5685d699af,Fiction
6989a4dd10805f5685d699b1,Age Groups
6989a4dd10805f5685d699b2,Books
6989a4dd10805f5685d699b3,General
6989a4dd10805f5685d699b4,Biography
6989a4dd10805f5685d699b6,Fiction
6989a4dd10805f5685d699b8,Fiction
6989a4dd10805f5685d699b9,Fiction
6989a4dd10805f5685d699bb,Fiction
6989a4dd10805f5685d699bd,General
6989a4dd10805f5685d699bf,Fiction
6989a4dd10805f5685d699c1,General
6989a4dd10805f5685d699c2,Horror Tales
6989a4dd10805f5685d699c2,American
6989a4dd10805f5685d699c3,Religion
6989a4dd10805f5685d699c5,General
6989a4dd10805f5685d699c6,Fiction
6989a4dd10805f5685d699c7,Health
6989a4dd10805f5685d699c9,Fiction
6989a4dd10805f5685d699cb,Fiction
6989a4dd10805f5685d699cd,Fiction
6989a4dd10805f5685d699cf,Architecture
6989a4dd10805f5685d699d1,Fiction
6989a4dd10805f5685d699d3,Social Science
6989a4dd10805f5685d699d5,Fiction
6989a4dd10805f5685d699d6,Juvenile Fiction
6989a4dd10805f5685d699d8,Religion
6989a4dd10805f5685d699da,Cooking
6989a4dd10805f5685d699dc,Crime
6989a4dd10805f5685d699de,Fiction
6989a4dd10805f5685d699df,Business
6989a4dd10805f5685d699e1,Young Adult Fiction
6989a4dd10805f5685d699e3,Detective And Mystery Stories
6989a4dd10805f5685d699e4,Business
6989a4dd10805f5685d699e6,General
6989a4dd10805f5685d699e8,Fiction
6989a4dd10805f5685d699ea,Fiction
6989a4dd10805f5685d699eb,Computers
6989a4dd10805f5685d699ed,Business
6989a4dd10805f5685d699ef,General
6989a4dd10805f5685d699f0,General
6989a4dd10805f5685d699f1,Biography
6989a4dd10805f5685d699f3,Detective And Mystery Stories
6989a4dd10805f5685d699f3,American
6989a4dd10805f5685d699f5,Fiction
6989a4dd10805f5685d699f7,Religion
6989a4dd10805f5685d699f9,Fiction
6989a4dd10805f5685d699fb,American Wit And Humor.
6989a4dd10805f5685d699fc,History
6989a4dd10805f5685d699fd,Biography
6989a4dd10805f5685d699ff,Fiction
6989a4dd10805f5685d69a01,General
6989a4dd10805f5685d69a03,Fiction
6989a4dd10805f5685d69a05,Fiction
6989a4dd10805f5685d69a07,Juvenile Nonfiction
6989a4dd10805f5685d69a09,Business
6989a4dd10805f5685d69a0b,Psychology
6989a4dd10805f5685d69a0d,Fiction
6989a4dd10805f5685d69a0e,General
6989a4dd10805f5685d69a0f,Fiction
6989a4dd10805f5685d69a10,Fiction
6989a4dd10805f5685d69a11,Fiction
6989a4dd10805f5685d69a13,England
6989a4dd10805f5685d69a15,Fiction
6989a4dd10805f5685d69a17,General
6989a4dd10805f5685d69a19,Last Words
6989a4dd10805f5685d69a1b,Drama
6989a4dd10805f5685d69a1d,Juvenile Fiction
6989a4dd10805f5685d69a1e,Fiction
6989a4dd10805f5685d69a1f,Fiction
6989a4dd10805f5685d69a21,Psychology
6989a4dd10805f5685d69a23,Fiction
6989a4dd10805f5685d69a25,General
6989a4dd10805f5685d69a26,Pets
6989a4dd10805f5685d69a28,Fiction
6989a4dd10805f5685d69a2a,Games
6989a4dd10805f5685d69a2c,Juvenile Fiction
6989a4dd10805f5685d69a2e,Fiction
6989a4dd10805f5685d69a2f,Fiction
6989a4dd10805f5685d69a30,Fiction
6989a4dd10805f5685d69a32,General
6989a4dd10805f5685d69a33,General
6989a4dd10805f5685d69a34,Fiction
6989a4dd10805f5685d69a35,Fiction
6989a4dd10805f5685d69a37,Juvenile Fiction
6989a4dd10805f5685d69a39,General
6989a4dd10805f5685d69a3a,Religion
6989a4dd10805f5685d69a3c,Fiction
6989a4dd10805f5685d69a3e,Reference
6989a4dd10805f5685d69a3f,General
6989a4dd10805f5685d69a40,History
6989a4dd10805f5685d69a41,General
6989a4dd10805f5685d69a42,General
6989a4dd10805f5685d69a43,Fiction
6989a4dd10805f5685d69a44,General
6989a4dd10805f5685d69a45,Computers
6989a4dd10805f5685d69a47,Religion
6989a4dd10805f5685d69a49,Fiction
6989a4dd10805f5685d69a4b,Language Experience Approach In Education
6989a4dd10805f5685d69a4d,General
6989a4dd10805f5685d69a4e,General
6989a4dd10805f5685d69a4f,Science
6989a4dd10805f5685d69a51,Social Science
6989a4dd10805f5685d69a53,Juvenile Fiction
6989a4dd10805f5685d69a55,Fiction
6989a4dd10805f5685d69a56,Games
6989a4dd10805f5685d69a58,Social Science
6989a4dd10805f5685d69a5a,Fiction
6989a4dd10805f5685d69a5c,General
6989a4dd10805f5685d69a5e,History
6989a4dd10805f5685d69a60,Fiction
6989a4dd10805f5685d69a61,Fiction
6989a4dd10805f5685d69a62,Fiction
6989a4dd10805f5685d69a63,Fiction
6989a4dd10805f5685d69a64,Psychology
6989a4dd10805f5685d69a66,General
6989a4dd10805f5685d69a67,Nature
6989a4dd10805f5685d69a69,Fiction
6989a4dd10805f5685d69a6a,Presidents
6989a4dd10805f5685d69a6c,Fiction
6989a4dd10805f5685d69a6d,Fiction
6989a4dd10805f5685d69a6f,General
6989a4dd10805f5685d69a70,Body
6989a4dd10805f5685d69a70,Mind
6989a4dd10805f5685d69a72,Fiction
6989a4dd10805f5685d69a73,Espaliers
6989a4dd10805f5685d69a75,American Wit And Humor.
6989a4dd10805f5685d69a77,Fiction
6989a4dd10805f5685d69a79,Religion
6989a4dd10805f5685d69a7b,Young Adult Fiction
6989a4dd10805f5685d69a7d,Literary Collections
6989a4dd10805f5685d69a7e,Political Science
6989a4dd10805f5685d69a80,Performing Arts
6989a4dd10805f5685d69a81,Literary Collections
6989a4dd10805f5685d69a83,Poetry
6989a4dd10805f5685d69a85,Psychoanalysis
6989a4dd10805f5685d69a86,Religion
6989a4dd10805f5685d69a88,Theology
6989a4dd10805f5685d69a8a,Sports
6989a4dd10805f5685d69a8c,Fiction
6989a4dd10805f5685d69a8d,General
6989a4dd10805f5685d69a8f,General
6989a4dd10805f5685d69a90,Fiction
6989a4dd10805f5685d69a91,History
6989a4dd10805f5685d69a93,American Literature
6989a4dd10805f5685d69a94,General
6989a4dd10805f5685d69a95,Fiction
6989a4dd10805f5685d69a96,Biography
6989a4dd10805f5685d69a98,Fiction
6989a4dd10805f5685d69a99,History
6989a4dd10805f5685d69a9b,Computers
6989a4dd10805f5685d69a9d,Architecture
6989a4dd10805f5685d69a9f,Religion
6989a4dd10805f5685d69aa1,Apache Indians
6989a4dd10805f5685d69aa3,Fiction
6989a4dd10805f5685d69aa5,General
6989a4dd10805f5685d69aa6,Fiction
6989a4dd10805f5685d69aa7,Fiction
6989a4dd10805f5685d69aa8,Fiction
6989a4dd10805f5685d69aa9,Juvenile Nonfiction
6989a4dd10805f5685d69aab,General
6989a4dd10805f5685d69aad,Fiction
6989a4dd10805f5685d69aaf,Fiction
6989a4dd10805f5685d69ab1,Fiction
6989a4dd10805f5685d69ab2,Fiction
6989a4dd10805f5685d69ab4,Business
6989a4dd10805f5685d69ab6,History
6989a4dd10805f5685d69ab8,Fiction
6989a4dd10805f5685d69aba,Juvenile Fiction
6989a4dd10805f5685d69abc,Business
6989a4dd10805f5685d69abe,Juvenile Fiction
6989a4dd10805f5685d69abf,Fiction
6989a4dd10805f5685d69ac0,Fiction
6989a4dd10805f5685d69ac2,Health
6989a4dd10805f5685d69ac4,Science
6989a4dd10805f5685d69ac6,Nature
6989a4dd10805f5685d69ac7,Fiction
6989a4dd10805f5685d69ac8,Fiction
6989a4dd10805f5685d69ac9,General
6989a4dd10805f5685d69aca,History
6989a4dd10805f5685d69acc,Ranches
6989a4dd10805f5685d69ace,Bibles
6989a4dd10805f5685d69ad0,History
6989a4dd10805f5685d69ad2,Colors
6989a4dd10805f5685d69ad4,Art
6989a4dd10805f5685d69ad6,Fiction
6989a4dd10805f5685d69ad8,Biography
6989a4dd10805f5685d69ada,Libraries
6989a4dd10805f5685d69adc,Biography
6989a4dd10805f5685d69ade,Corporate Image
6989a4dd10805f5685d69ae0,Art
6989a4dd10805f5685d69ae2,Science
6989a4dd10805f5685d69ae4,General
6989a4dd10805f5685d69ae5,Fiction
6989a4dd10805f5685d69ae6,Psychology
6989a4dd10805f5685d69ae8,Foreign Language Study
6989a4dd10805f5685d69aea,General
6989a4dd10805f5685d69aec,Characters And Characteristics In Literature
6989a4dd10805f5685d69aed,Dog Breeders
6989a4dd10805f5685d69aef,House
6989a4dd10805f5685d69af1,Religion
6989a4dd10805f5685d69af3,Fiction
6989a4dd10805f5685d69af5,Biography
6989a4dd10805f5685d69af6,General
6989a4dd10805f5685d69af7,Fiction
6989a4dd10805f5685d69af8,English Fiction
6989a4dd10805f5685d69af9,History
6989a4dd10805f5685d69afb,Juvenile Fiction
6989a4dd10805f5685d69afc,Religion
6989a4dd10805f5685d69afe,Fiction
6989a4dd10805f5685d69b00,Fiction
6989a4dd10805f5685d69b01,Fiction
6989a4dd10805f5685d69b03,Fiction
6989a4dd10805f5685d69b05,Fiction
6989a4dd10805f5685d69b07,General
6989a4dd10805f5685d69b08,Assassins
6989a4dd10805f5685d69b09,Fiction
6989a4dd10805f5685d69b0a,Family
6989a4dd10805f5685d69b0c,Fiction
6989a4dd10805f5685d69b0d,Fiction
6989a4dd10805f5685d69b0e,Fiction
6989a4dd10805f5685d69b10,General
6989a4dd10805f5685d69b11,England
6989a4dd10805f5685d69b12,Nature
6989a4dd10805f5685d69b14,Fiction
6989a4dd10805f5685d69b15,Religion
6989a4dd10805f5685d69b16,Cooking
6989a4dd10805f5685d69b18,Fiction
6989a4dd10805f5685d69b19,General
6989a4dd10805f5685d69b1b,Fiction
6989a4dd10805f5685d69b1c,Fiction
6989a4dd10805f5685d69b1e,Fiction
6989a4dd10805f5685d69b20,Fiction
6989a4dd10805f5685d69b21,Mutiney
6989a4dd10805f5685d69b22,Fiction
6989a4dd10805f5685d69b24,Fiction
6989a4dd10805f5685d69b26,Fiction
6989a4dd10805f5685d69b27,Fiction
6989a4dd10805f5685d69b29,Juvenile Fiction
6989a4dd10805f5685d69b2b,General
6989a4dd10805f5685d69b2c,Fiction
6989a4dd10805f5685d69b2e,Europe
6989a4dd10805f5685d69b30,Fiction
6989a4dd10805f5685d69b32,Religion
6989a4dd10805f5685d69b34,Fiction
6989a4dd10805f5685d69b36,Juvenile Nonfiction
6989a4dd10805f5685d69b37,Humor
6989a4dd10805f5685d69b38,Fiction
6989a4dd10805f5685d69b39,General
6989a4dd10805f5685d69b3a,Fiction
6989a4dd10805f5685d69b3c,Fiction
6989a4dd10805f5685d69b3e,Nature
6989a4dd10805f5685d69b40,Education
6989a4dd10805f5685d69b42,Fiction
6989a4dd10805f5685d69b44,General
6989a4dd10805f5685d69b45,Biography
6989a4dd10805f5685d69b46,United States
6989a4dd10805f5685d69b48,General
6989a4dd10805f5685d69b49,Self-help
6989a4dd10805f5685d69b4b,Fiction
6989a4dd10805f5685d69b4c,Fiction
6989a4dd10805f5685d69b4e,Fiction
6989a4dd10805f5685d69b50,Fiction
6989a4dd10805f5685d69b51,Christmas Stories
6989a4dd10805f5685d69b52,General
6989a4dd10805f5685d69b54,Juvenile Fiction
6989a4dd10805f5685d69b56,General
6989a4dd10805f5685d69b57,Fiction
6989a4dd10805f5685d69b59,Fiction
6989a4dd10805f5685d69b5a,Education
6989a4dd10805f5685d69b5c,Religion
6989a4dd10805f5685d69b5e,General
6989a4dd10805f5685d69b5f,General
6989a4dd10805f5685d69b60,Biography
6989a4dd10805f5685d69b62,American Literature
6989a4dd10805f5685d69b63,Religion
6989a4dd10805f5685d69b65,General
6989a4dd10805f5685d69b66,General
6989a4dd10805f5685d69b67,Fiction
6989a4dd10805f5685d69b68,Fiction
6989a4dd10805f5685d69b6a,Fiction
6989a4dd10805f5685d69b6c,Cemeteries
6989a4dd10805f5685d69b6e,Biography
6989a4dd10805f5685d69b6f,General
6989a4dd10805f5685d69b71,Fiction
6989a4dd10805f5685d69b73,Fiction
6989a4dd10805f5685d69b74,Fiction
6989a4dd10805f5685d69b75,General
6989a4dd10805f5685d69b76,Humor
6989a4dd10805f5685d69b77,Literary Collections
6989a4dd10805f5685d69b79,Fiction
6989a4dd10805f5685d69b7b,Fiction
6989a4dd10805f5685d69b7d,Fiction
6989a4dd10805f5685d69b7f,Biographers
6989a4dd10805f5685d69b80,Family
6989a4dd10805f5685d69b82,Science
6989a4dd10805f5685d69b84,Home Economics
6989a4dd10805f5685d69b86,Literary Collections
6989a4dd10805f5685d69b88,Europe
6989a4dd10805f5685d69b8a,History
6989a4dd10805f5685d69b8c,Fiction
6989a4dd10805f5685d69b8e,Literary Criticism
6989a4dd10805f5685d69b90,Juvenile Fiction
6989a4dd10805f5685d69b91,Fiction
6989a4dd10805f5685d69b93,General
6989a4dd10805f5685d69b94,General
6989a4dd10805f5685d69b96,Juvenile Fiction
6989a4dd10805f5685d69b97,Juvenile Fiction
6989a4dd10805f5685d69b99,History
6989a4dd10805f5685d69b9b,Fiction
6989a4dd10805f5685d69b9d,Fiction
6989a4dd10805f5685d69b9f,Business
6989a4dd10805f5685d69ba0,History
6989a4dd10805f5685d69ba1,Fiction
6989a4dd10805f5685d69ba3,Body
6989a4dd10805f5685d69ba3,Mind
6989a4dd10805f5685d69ba5,Fiction
6989a4dd10805f5685d69ba7,Fiction
6989a4dd10805f5685d69ba8,Psychology
6989a4dd10805f5685d69baa,Mission Of The Church
6989a4dd10805f5685d69bac,General
6989a4dd10805f5685d69bae,History
6989a4dd10805f5685d69baf,Fiction
6989a4dd10805f5685d69bb0,Indians Of North America
6989a4dd10805f5685d69bb1,Religion
6989a4dd10805f5685d69bb3,English Fiction
6989a4dd10805f5685d69bb5,Cerebral Palsy
6989a4dd10805f5685d69bb7,Juvenile Fiction
6989a4dd10805f5685d69bb8,Religion
6989a4dd10805f5685d69bba,History
6989a4dd10805f5685d69bbc,Fiction
6989a4dd10805f5685d69bbe,Biographical Fiction
6989a4dd10805f5685d69bc0,General
6989a4dd10805f5685d69bc1,Fiction
6989a4dd10805f5685d69bc3,Religion
6989a4dd10805f5685d69bc5,Political Science
6989a4dd10805f5685d69bc7,Fiction
6989a4dd10805f5685d69bc9,Fiction
6989a4dd10805f5685d69bcb,General
6989a4dd10805f5685d69bcc,Fiction
6989a4dd10805f5685d69bce,Psychology
6989a4dd10805f5685d69bcf,Hatha Yoga
6989a4dd10805f5685d69bd1,Juvenile Nonfiction
6989a4dd10805f5685d69bd2,Religion
6989a4dd10805f5685d69bd4,Biography
6989a4dd10805f5685d69bd6,Fiction
6989a4dd10805f5685d69bd8,Fiction
6989a4dd10805f5685d69bda,Technology
6989a4dd10805f5685d69bdc,Fiction
6989a4dd10805f5685d69bde,General
6989a4dd10805f5685d69be0,Cooking
6989a4dd10805f5685d69be1,Fiction
6989a4dd10805f5685d69be2,Juvenile Nonfiction
6989a4dd10805f5685d69be4,Fiction
6989a4dd10805f5685d69be5,Fiction
6989a4dd10805f5685d69be6,Fiction
6989a4dd10805f5685d69be7,Quick And Easy Cooking
6989a4dd10805f5685d69be9,Fiction
6989a4dd10805f5685d69bea,Fiction
6989a4dd10805f5685d69beb,Fiction
6989a4dd10805f5685d69bec,General
6989a4dd10805f5685d69bee,Singers
6989a4dd10805f5685d69bef,Family
6989a4dd10805f5685d69bf1,Fiction
6989a4dd10805f5685d69bf3,Fiction
6989a4dd10805f5685d69bf5,Fiction
6989a4dd10805f5685d69bf6,Juvenile Fiction
6989a4dd10805f5685d69bf8,General
6989a4dd10805f5685d69bf9,Juvenile Fiction
6989a4dd10805f5685d69bfb,Literary Criticism
6989a4dd10805f5685d69bfd,Fiction
6989a4dd10805f5685d69bfe,Drama
6989a4dd10805f5685d69bff,Science
6989a4dd10805f5685d69c01,General
6989a4dd10805f5685d69c02,Juvenile Nonfiction
6989a4dd10805f5685d69c04,Religion
6989a4dd10805f5685d69c06,General
6989a4dd10805f5685d69c07,Biography
6989a4dd10805f5685d69c08,Juvenile Fiction
6989a4dd10805f5685d69c09,Juvenile Nonfiction
6989a4dd10805f5685d69c0b,Literary Criticism
6989a4dd10805f5685d69c0d,Fiction
6989a4dd10805f5685d69c0e,General
6989a4dd10805f5685d69c0f,Juvenile Fiction
6989a4dd10805f5685d69c11,Law
6989a4dd10805f5685d69c13,Comics
6989a4dd10805f5685d69c14,Political Science
6989a4dd10805f5685d69c15,Transportation
6989a4dd10805f5685d69c17,Science
6989a4dd10805f5685d69c19,Juvenile Nonfiction
6989a4dd10805f5685d69c1b,Fiction
6989a4dd10805f5685d69c1c,General
6989a4dd10805f5685d69c1e,Behavior Modification
6989a4dd10805f5685d69c20,Fiction
6989a4dd10805f5685d69c21,Philosophy
6989a4dd10805f5685d69c23,General
6989a4dd10805f5685d69c24,Fiction
6989a4dd10805f5685d69c26,Religion
6989a4dd10805f5685d69c28,Fiction
6989a4dd10805f5685d69c2a,Juvenile Fiction
6989a4dd10805f5685d69c2b,General
6989a4dd10805f5685d69c2c,Fiction
6989a4dd10805f5685d69c2e,General
6989a4dd10805f5685d69c2f,Young Adult Fiction
6989a4dd10805f5685d69c31,Fiction
6989a4dd10805f5685d69c32,Juvenile Fiction
6989a4dd10805f5685d69c33,Fiction
6989a4dd10805f5685d69c35,Curiosities And Wonders
6989a4dd10805f5685d69c37,American Drama
6989a4dd10805f5685d69c39,Fiction
6989a4dd10805f5685d69c3b,Fiction
6989a4dd10805f5685d69c3d,Business
6989a4dd10805f5685d69c3f,General
6989a4dd10805f5685d69c40,Fiction
6989a4dd10805f5685d69c42,Fiction
6989a4dd10805f5685d69c43,Biography
6989a4dd10805f5685d69c45,General
6989a4dd10805f5685d69c46,General
6989a4dd10805f5685d69c47,General
6989a4dd10805f5685d69c49,Fiction
6989a4dd10805f5685d69c4b,Fiction
6989a4dd10805f5685d69c4c,Religion
6989a4dd10805f5685d69c4e,Fiction
6989a4dd10805f5685d69c50,Religion
6989a4dd10805f5685d69c52,Fiction
6989a4dd10805f5685d69c54,Fiction
6989a4dd10805f5685d69c55,Cerebral Dominance
6989a4dd10805f5685d69c57,Fiction
6989a4dd10805f5685d69c59,History
6989a4dd10805f5685d69c5b,Fiction
6989a4dd10805f5685d69c5c,General
6989a4dd10805f5685d69c5d,Fiction
6989a4dd10805f5685d69c5e,Family
6989a4dd10805f5685d69c60,General
6989a4dd10805f5685d69c61,Fiction
6989a4dd10805f5685d69c62,Business
6989a4dd10805f5685d69c63,Coastal Zone Management
6989a4dd10805f5685d69c65,General
6989a4dd10805f5685d69c67,Cooking
6989a4dd10805f5685d69c69,General
6989a4dd10805f5685d69c6a,Religion
6989a4dd10805f5685d69c6c,Art Thefts
6989a4dd10805f5685d69c6d,Reference
6989a4dd10805f5685d69c6f,Psychology
6989a4dd10805f5685d69c71,Fiction
6989a4dd10805f5685d69c72,Family
6989a4dd10805f5685d69c73,Health
6989a4dd10805f5685d69c75,Adventure Stories
6989a4dd10805f5685d69c77,Juvenile Fiction
6989a4dd10805f5685d69c79,Fiction
6989a4dd10805f5685d69c7b,Science
6989a4dd10805f5685d69c7c,General
6989a4dd10805f5685d69c7d,Fiction
6989a4dd10805f5685d69c7f,Juvenile Fiction
6989a4dd10805f5685d69c81,Fiction
6989a4dd10805f5685d69c82,Religion
6989a4dd10805f5685d69c84,Fiction
6989a4dd10805f5685d69c85,Poetry
6989a4dd10805f5685d69c87,Self-help
6989a4dd10805f5685d69c88,Fiction
6989a4dd10805f5685d69c8a,General
6989a4dd10805f5685d69c8c,Nature
6989a4dd10805f5685d69c8e,Arthritis
6989a4dd10805f5685d69c90,Social Science
6989a4dd10805f5685d69c92,Fiction
6989a4dd10805f5685d69c94,Fiction
6989a4dd10805f5685d69c95,Fiction
6989a4dd10805f5685d69c97,Religion
6989a4dd10805f5685d69c99,Fiction
6989a4dd10805f5685d69c9a,Cooking
6989a4dd10805f5685d69c9c,History
6989a4dd10805f5685d69c9d,History
6989a4dd10805f5685d69c9f,History
6989a4dd10805f5685d69ca1,Fiction
6989a4dd10805f5685d69ca3,Fiction
6989a4dd10805f5685d69ca5,Fiction
6989a4dd10805f5685d69ca6,Juvenile Fiction
6989a4dd10805f5685d69ca8,Fiction
6989a4dd10805f5685d69ca9,General
6989a4dd10805f5685d69caa,North Carolina
6989a4dd10805f5685d69cab,History
6989a4dd10805f5685d69cad,Music
6989a4dd10805f5685d69caf,General
6989a4dd10805f5685d69cb0,Fiction
6989a4dd10805f5685d69cb1,General
6989a4dd10805f5685d69cb2,Biography
6989a4dd10805f5685d69cb3,General
6989a4dd10805f5685d69cb5,Fiction
6989a4dd10805f5685d69cb6,Computers
6989a4dd10805f5685d69cb7,Juvenile Fiction
6989a4dd10805f5685d69cb9,Science
6989a4dd10805f5685d69cbb,Self-help
6989a4dd10805f5685d69cbd,Juvenile Nonfiction
6989a4dd10805f5685d69cbf,Self-help
6989a4dd10805f5685d69cc1,History
6989a4dd10805f5685d69cc3,Business
6989a4dd10805f5685d69cc5,Reference
6989a4dd10805f5685d69cc7,True Crime
6989a4dd10805f5685d69cc9,Fiction
6989a4dd10805f5685d69cca,Fiction
6989a4dd10805f5685d69ccb,Computers
6989a4dd10805f5685d69ccd,Fiction
6989a4dd10805f5685d69ccf,Anthropology.
6989a4dd10805f5685d69cd1,Fiction
6989a4dd10805f5685d69cd3,Religion
6989a4dd10805f5685d69cd4,Juvenile Fiction
6989a4dd10805f5685d69cd5,Psychology
6989a4dd10805f5685d69cd6,General
6989a4dd10805f5685d69cd8,Americans
6989a4dd10805f5685d69cd9,Business
6989a4dd10805f5685d69cdb,Fiction
6989a4dd10805f5685d69cdc,Fiction
6989a4dd10805f5685d69cde,Fiction
6989a4dd10805f5685d69cdf,Young Adult Fiction
6989a4dd10805f5685d69ce0,General
6989a4dd10805f5685d69ce1,Fiction
6989a4dd10805f5685d69ce3,General
6989a4dd10805f5685d69ce5,Fiction
6989a4dd10805f5685d69ce6,History
6989a4dd10805f5685d69ce8,Fiction
6989a4dd10805f5685d69ce9,Fiction
6989a4dd10805f5685d69ceb,Animals
6989a4dd10805f5685d69ced,Nature
6989a4dd10805f5685d69cee,Fiction
6989a4dd10805f5685d69cf0,Business
6989a4dd10805f5685d69cf2,Fiction
6989a4dd10805f5685d69cf4,General
6989a4dd10805f5685d69cf6,Science
6989a4dd10805f5685d69cf8,History
6989a4dd10805f5685d69cfa,General
6989a4dd10805f5685d69cfb,Literary Collections
6989a4dd10805f5685d69cfd,Social Science
6989a4dd10805f5685d69cff,Fiction
6989a4dd10805f5685d69d00,Food Service
6989a4dd10805f5685d69d02,Fiction
6989a4dd10805f5685d69d04,Fiction
6989a4dd10805f5685d69d06,Fiction
6989a4dd10805f5685d69d08,Fiction
6989a4dd10805f5685d69d0a,Self-help
6989a4dd10805f5685d69d0c,Psychology
6989a4dd10805f5685d69d0e,Fiction
6989a4dd10805f5685d69d10,Fiction
6989a4dd10805f5685d69d11,England
6989a4dd10805f5685d69d12,Fiction
6989a4dd10805f5685d69d13,Fiction
6989a4dd10805f5685d69d15,Science
6989a4dd10805f5685d69d17,Humor
6989a4dd10805f5685d69d18,General
6989a4dd10805f5685d69d19,Health
6989a4dd10805f5685d69d1b,Fiction
6989a4dd10805f5685d69d1c,Fiction
6989a4dd10805f5685d69d1e,Body
6989a4dd10805f5685d69d1e,Mind
6989a4dd10805f5685d69d20,General
6989a4dd10805f5685d69d21,General
6989a4dd10805f5685d69d22,General
6989a4dd10805f5685d69d23,Fiction
6989a4dd10805f5685d69d25,Communism
6989a4dd10805f5685d69d27,Fiction
6989a4dd10805f5685d69d28,Computers
6989a4dd10805f5685d69d29,Fiction
6989a4dd10805f5685d69d2b,Performing Arts
6989a4dd10805f5685d69d2c,Pets
6989a4dd10805f5685d69d2e,Self-help
6989a4dd10805f5685d69d30,Music
6989a4dd10805f5685d69d32,General
6989a4dd10805f5685d69d33,General
6989a4dd10805f5685d69d34,Fiction
6989a4dd10805f5685d69d36,Social Science
6989a4dd10805f5685d69d38,Fiction
6989a4dd10805f5685d69d3a,General
6989a4dd10805f5685d69d3b,Fiction
6989a4dd10805f5685d69d3c,Juvenile Fiction
6989a4dd10805f5685d69d3e,Fiction
6989a4dd10805f5685d69d3f,Fiction
6989a4dd10805f5685d69d40,Fiction
6989a4dd10805f5685d69d42,Fiction
6989a4dd10805f5685d69d43,Fiction
6989a4dd10805f5685d69d44,Young Adult Fiction
6989a4dd10805f5685d69d45,Fiction
6989a4dd10805f5685d69d46,Fiction
6989a4dd10805f5685d69d48,Sports
6989a4dd10805f5685d69d49,Americans
6989a4dd10805f5685d69d4b,General
6989a4dd10805f5685d69d4d,General
6989a4dd10805f5685d69d4f,Crafts
6989a4dd10805f5685d69d51,Fiction
6989a4dd10805f5685d69d52,Philosophy
6989a4dd10805f5685d69d54,Fiction
6989a4dd10805f5685d69d55,Fiction
6989a4dd10805f5685d69d57,Self-help
6989a4dd10805f5685d69d59,History
6989a4dd10805f5685d69d5b,Fiction
6989a4dd10805f5685d69d5d,Fiction
6989a4dd10805f5685d69d5e,Fiction
6989a4dd10805f5685d69d5f,History
6989a4dd10805f5685d69d61,Biography
6989a4dd10805f5685d69d62,Fiction
6989a4dd10805f5685d69d63,Juvenile Nonfiction
6989a4dd10805f5685d69d65,Fiction
6989a4dd10805f5685d69d66,Fiction
6989a4dd10805f5685d69d68,Fiction
6989a4dd10805f5685d69d6a,Bible
6989a4dd10805f5685d69d6c,Biography
6989a4dd10805f5685d69d6e,General
6989a4dd10805f5685d69d6f,General
6989a4dd10805f5685d69d70,Fiction
6989a4dd10805f5685d69d72,Fiction
6989a4dd10805f5685d69d74,Fiction
6989a4dd10805f5685d69d76,California
6989a4dd10805f5685d69d78,Performing Arts
6989a4dd10805f5685d69d7a,Biography
6989a4dd10805f5685d69d7c,Homosexuality
6989a4dd10805f5685d69d7e,Flower Gardening
6989a4dd10805f5685d69d80,Biography
6989a4dd10805f5685d69d82,Psychology
6989a4dd10805f5685d69d84,Business
6989a4dd10805f5685d69d86,Fiction
6989a4dd10805f5685d69d88,Biography
6989a4dd10805f5685d69d8a,Rabbits
6989a4dd10805f5685d69d8c,General
6989a4dd10805f5685d69d8d,Performing Arts
6989a4dd10805f5685d69d8f,Body
6989a4dd10805f5685d69d8f,Mind
6989a4dd10805f5685d69d91,Self-help
6989a4dd10805f5685d69d93,Biography
6989a4dd10805f5685d69d95,Juvenile Fiction
6989a4dd10805f5685d69d97,General
6989a4dd10805f5685d69d99,Fiction
6989a4dd10805f5685d69d9b,History
6989a4dd10805f5685d69d9d,Fiction
6989a4dd10805f5685d69d9e,General
6989a4dd10805f5685d69d9f,General
6989a4dd10805f5685d69da0,Fiction
6989a4dd10805f5685d69da2,Fantasy Fiction
6989a4dd10805f5685d69da2,American
6989a4dd10805f5685d69da4,Fiction
6989a4dd10805f5685d69da6,General
6989a4dd10805f5685d69da8,Church And The World
6989a4dd10805f5685d69daa,Fiction
6989a4dd10805f5685d69dab,General
6989a4dd10805f5685d69dac,Juvenile Fiction
6989a4dd10805f5685d69dae,Language Arts
6989a4dd10805f5685d69daf,Fiction
6989a4dd10805f5685d69db1,General
6989a4dd10805f5685d69db2,Juvenile Fiction
6989a4dd10805f5685d69db4,American Fiction
6989a4dd10805f5685d69db5,Fiction
6989a4dd10805f5685d69db7,Fiction
6989a4dd10805f5685d69db9,Fiction
6989a4dd10805f5685d69dbb,General
6989a4dd10805f5685d69dbc,Fiction
6989a4dd10805f5685d69dbd,Religion
6989a4dd10805f5685d69dbf,Young Adult Fiction
6989a4dd10805f5685d69dc0,Body
6989a4dd10805f5685d69dc0,Mind
6989a4dd10805f5685d69dc2,General
6989a4dd10805f5685d69dc4,Biography
6989a4dd10805f5685d69dc6,Artists
6989a4dd10805f5685d69dc8,Fiction
6989a4dd10805f5685d69dc9,Fiction
6989a4dd10805f5685d69dcb,Fiction
6989a4dd10805f5685d69dcc,Psychology
6989a4dd10805f5685d69dce,Reference
6989a4dd10805f5685d69dd0,Fiction
6989a4dd10805f5685d69dd2,Biography
6989a4dd10805f5685d69dd4,Games
6989a4dd10805f5685d69dd6,Fiction
6989a4dd10805f5685d69dd7,Fiction
6989a4dd10805f5685d69dd9,Juvenile Nonfiction
6989a4dd10805f5685d69ddb,Fiction
6989a4dd10805f5685d69ddd,Fiction
6989a4dd10805f5685d69ddf,Psychology
6989a4dd10805f5685d69de1,Juvenile Fiction
6989a4dd10805f5685d69de3,Detective And Mystery Stories
6989a4dd10805f5685d69de4,Fiction
6989a4dd10805f5685d69de6,Health
6989a4dd10805f5685d69de8,Fiction
6989a4dd10805f5685d69dea,Fiction
6989a4dd10805f5685d69dec,General
6989a4dd10805f5685d69ded,Social Science
6989a4dd10805f5685d69def,Juvenile Fiction
6989a4dd10805f5685d69df1,Fiction
6989a4dd10805f5685d69df3,Fiction
6989a4dd10805f5685d69df4,Biography
6989a4dd10805f5685d69df6,Fiction
6989a4dd10805f5685d69df8,General
6989a4dd10805f5685d69dfa,General
6989a4dd10805f5685d69dfc,General
6989a4dd10805f5685d69dfe,Religion
6989a4dd10805f5685d69dff,Biography
6989a4dd10805f5685d69e01,Fiction
6989a4dd10805f5685d69e03,Fiction
6989a4dd10805f5685d69e04,Social Science
6989a4dd10805f5685d69e06,Religion
6989a4dd10805f5685d69e08,England
6989a4dd10805f5685d69e09,History
6989a4dd10805f5685d69e0b,City And Town Life
6989a4dd10805f5685d69e0d,General
6989a4dd10805f5685d69e0f,General
6989a4dd10805f5685d69e10,History
6989a4dd10805f5685d69e11,Nature
6989a4dd10805f5685d69e13,History
6989a4dd10805f5685d69e14,Fiction
6989a4dd10805f5685d69e16,Criminal Procedure
6989a4dd10805f5685d69e18,Businesswomen
6989a4dd10805f5685d69e1a,Fiction
6989a4dd10805f5685d69e1c,Self-help
6989a4dd10805f5685d69e1e,Biography
6989a4dd10805f5685d69e20,Religion
6989a4dd10805f5685d69e22,Fiction
6989a4dd10805f5685d69e23,General
6989a4dd10805f5685d69e25,Juvenile Fiction
6989a4dd10805f5685d69e26,Fiction
6989a4dd10805f5685d69e27,Juvenile Fiction
6989a4dd10805f5685d69e29,Psychology
6989a4dd10805f5685d69e2b,Fiction
6989a4dd10805f5685d69e2c,Performing Arts
6989a4dd10805f5685d69e2e,Religion
6989a4dd10805f5685d69e2f,Juvenile Nonfiction
6989a4dd10805f5685d69e30,Fiction
6989a4dd10805f5685d69e31,Fiction
6989a4dd10805f5685d69e33,Fiction
6989a4dd10805f5685d69e35,Computers
6989a4dd10805f5685d69e37,Fiction
6989a4dd10805f5685d69e38,Health
6989a4dd10805f5685d69e3a,Young Adult Fiction
6989a4dd10805f5685d69e3b,Single People
6989a4dd10805f5685d69e3d,True Crime
6989a4dd10805f5685d69e3f,Fiction
6989a4dd10805f5685d69e40,Self-help
6989a4dd10805f5685d69e42,Juvenile Nonfiction
6989a4dd10805f5685d69e44,Body
6989a4dd10805f5685d69e44,Mind
6989a4dd10805f5685d69e46,Music
6989a4dd10805f5685d69e48,Fiction
6989a4dd10805f5685d69e4a,Family
6989a4dd10805f5685d69e4c,Juvenile Nonfiction
6989a4dd10805f5685d69e4e,Fiction
6989a4dd10805f5685d69e4f,Literary Criticism
6989a4dd10805f5685d69e51,History
6989a4dd10805f5685d69e53,Biography
6989a4dd10805f5685d69e55,Fiction
6989a4dd10805f5685d69e56,Juvenile Fiction
6989a4dd10805f5685d69e58,Family
6989a4dd10805f5685d69e5a,Conversation
6989a4dd10805f5685d69e5c,Fiction
6989a4dd10805f5685d69e5e,General
6989a4dd10805f5685d69e5f,General
6989a4dd10805f5685d69e60,Fiction
6989a4dd10805f5685d69e61,Fiction
6989a4dd10805f5685d69e63,Religion
6989a4dd10805f5685d69e65,General
6989a4dd10805f5685d69e66,Fiction
6989a4dd10805f5685d69e68,Fiction
6989a4dd10805f5685d69e6a,Church And Social Problems
6989a4dd10805f5685d69e6c,Travel
6989a4dd10805f5685d69e6d,Fiction
6989a4dd10805f5685d69e6f,Fiction
6989a4dd10805f5685d69e70,General
6989a4dd10805f5685d69e71,American Literature
6989a4dd10805f5685d69e73,Biography
6989a4dd10805f5685d69e75,Juvenile Fiction
6989a4dd10805f5685d69e77,General
6989a4dd10805f5685d69e79,General
6989a4dd10805f5685d69e7a,Juvenile Fiction
6989a4dd10805f5685d69e7c,Body
6989a4dd10805f5685d69e7c,Mind
6989a4dd10805f5685d69e7e,Self-help
6989a4dd10805f5685d69e80,Fiction
6989a4dd10805f5685d69e81,Juvenile Fiction
6989a4dd10805f5685d69e82,Social Science
6989a4dd10805f5685d69e84,Music
6989a4dd10805f5685d69e86,Fiction
6989a4dd10805f5685d69e88,General
6989a4dd10805f5685d69e8a,History
6989a4dd10805f5685d69e8c,Religion
6989a4dd10805f5685d69e8e,History
6989a4dd10805f5685d69e90,American Drama
6989a4dd10805f5685d69e92,General
6989a4dd10805f5685d69e93,Fiction
6989a4dd10805f5685d69e95,Religion
6989a4dd10805f5685d69e97,Fiction
6989a4dd10805f5685d69e99,General
6989a4dd10805f5685d69e9a,General
6989a4dd10805f5685d69e9b,Fiction
6989a4dd10805f5685d69e9d,Renaissance
6989a4dd10805f5685d69e9f,Fiction
6989a4dd10805f5685d69ea1,Horror Tales
6989a4dd10805f5685d69ea3,General
6989a4dd10805f5685d69ea4,Religion
6989a4dd10805f5685d69ea5,Psychology
6989a4dd10805f5685d69ea7,Biography
6989a4dd10805f5685d69ea8,Performing Arts
6989a4dd10805f5685d69ea9,Juvenile Fiction
6989a4dd10805f5685d69eab,Fiction
6989a4dd10805f5685d69ead,General
6989a4dd10805f5685d69eae,Fiction
6989a4dd10805f5685d69eaf,Fiction
6989a4dd10805f5685d69eb1,Fiction
6989a4dd10805f5685d69eb2,Fiction
6989a4dd10805f5685d69eb4,General
6989a4dd10805f5685d69eb5,Children's Stories
6989a4dd10805f5685d69eb6,Fiction
6989a4dd10805f5685d69eb8,General
6989a4dd10805f5685d69eb9,General
6989a4dd10805f5685d69eba,Fiction
6989a4dd10805f5685d69ebb,Juvenile Fiction
6989a4dd10805f5685d69ebd,Fiction
6989a4dd10805f5685d69ebe,Juvenile Fiction
6989a4dd10805f5685d69ec0,Biography
6989a4dd10805f5685d69ec2,Fiction
6989a4dd10805f5685d69ec4,Travel
6989a4dd10805f5685d69ec6,Fiction
6989a4dd10805f5685d69ec8,Health
6989a4dd10805f5685d69eca,American Literature
6989a4dd10805f5685d69ecb,Fiction
6989a4dd10805f5685d69ecc,Family
6989a4dd10805f5685d69ecd,Fiction
6989a4dd10805f5685d69ece,Education
6989a4dd10805f5685d69ed0,Juvenile Fiction
6989a4dd10805f5685d69ed1,Computers
6989a4dd10805f5685d69ed3,Fiction
6989a4dd10805f5685d69ed4,General
6989a4dd10805f5685d69ed5,Fiction
6989a4dd10805f5685d69ed7,Fiction
6989a4dd10805f5685d69ed9,Fiction
6989a4dd10805f5685d69edb,Fiction
6989a4dd10805f5685d69edc,Christian Women
6989a4dd10805f5685d69ede,Key West (fla.)
6989a4dd10805f5685d69edf,General
6989a4dd10805f5685d69ee1,History
6989a4dd10805f5685d69ee3,Juvenile Fiction
6989a4dd10805f5685d69ee5,Biography
6989a4dd10805f5685d69ee7,Biography
6989a4dd10805f5685d69ee9,Fiction
6989a4dd10805f5685d69eeb,General
6989a4dd10805f5685d69eec,Poetry
6989a4dd10805f5685d69eed,Fiction
6989a4dd10805f5685d69eef,Humor
6989a4dd10805f5685d69ef0,General
6989a4dd10805f5685d69ef1,Biography
6989a4dd10805f5685d69ef2,Poetry
6989a4dd10805f5685d69ef4,Dramatists
6989a4dd10805f5685d69ef6,Cooking
6989a4dd10805f5685d69ef8,Fiction
6989a4dd10805f5685d69efa,Fiction
6989a4dd10805f5685d69efc,Language Arts
6989a4dd10805f5685d69efd,Cooking
6989a4dd10805f5685d69eff,Language Arts
6989a4dd10805f5685d69f01,Health
6989a4dd10805f5685d69f03,Religion
6989a4dd10805f5685d69f05,Fiction
6989a4dd10805f5685d69f07,Fiction
6989a4dd10805f5685d69f08,Fiction
6989a4dd10805f5685d69f09,Juvenile Fiction
6989a4dd10805f5685d69f0a,Fiction
6989a4dd10805f5685d69f0c,Business
6989a4dd10805f5685d69f0e,General
6989a4dd10805f5685d69f0f,Romance Fiction
6989a4dd10805f5685d69f0f,American
6989a4dd10805f5685d69f11,Fiction
6989a4dd10805f5685d69f13,Juvenile Fiction
6989a4dd10805f5685d69f14,American Fiction
6989a4dd10805f5685d69f16,Fiction
6989a4dd10805f5685d69f18,Christmas
6989a4dd10805f5685d69f1a,Juvenile Fiction
6989a4dd10805f5685d69f1c,Family
6989a4dd10805f5685d69f1e,Fiction
6989a4dd10805f5685d69f20,Fiction
6989a4dd10805f5685d69f21,Fiction
6989a4dd10805f5685d69f23,Fiction
6989a4dd10805f5685d69f25,Fiction
6989a4dd10805f5685d69f27,General
6989a4dd10805f5685d69f29,Fiction
6989a4dd10805f5685d69f2b,Juvenile Nonfiction
6989a4dd10805f5685d69f2d,Fiction
6989a4dd10805f5685d69f2f,Religion
6989a4dd10805f5685d69f31,Religion
6989a4dd10805f5685d69f33,Country Life
6989a4dd10805f5685d69f35,Body
6989a4dd10805f5685d69f35,Mind
6989a4dd10805f5685d69f37,Fiction
6989a4dd10805f5685d69f38,Biography
6989a4dd10805f5685d69f3a,Fiction
6989a4dd10805f5685d69f3c,General
6989a4dd10805f5685d69f3d,Fiction
6989a4dd10805f5685d69f3e,American Fiction
6989a4dd10805f5685d69f3f,Fiction
6989a4dd10805f5685d69f40,Juvenile Fiction
6989a4dd10805f5685d69f41,General
6989a4dd10805f5685d69f42,Psychology
6989a4dd10805f5685d69f44,General
6989a4dd10805f5685d69f46,Health
6989a4dd10805f5685d69f48,Furniture
6989a4dd10805f5685d69f4a,Business
6989a4dd10805f5685d69f4c,Animals
6989a4dd10805f5685d69f4e,History
6989a4dd10805f5685d69f50,History
6989a4dd10805f5685d69f52,Fiction
6989a4dd10805f5685d69f54,Cooking
6989a4dd10805f5685d69f56,Fiction
6989a4dd10805f5685d69f58,Characters And Characteristics In Literature
6989a4dd10805f5685d69f59,General
6989a4dd10805f5685d69f5b,General
6989a4dd10805f5685d69f5c,Socialism
6989a4dd10805f5685d69f5e,Fiction
6989a4dd10805f5685d69f60,Social Science
6989a4dd10805f5685d69f62,Body
6989a4dd10805f5685d69f62,Mind
6989a4dd10805f5685d69f64,Emotions
6989a4dd10805f5685d69f65,Family
6989a4dd10805f5685d69f67,Juvenile Fiction
6989a4dd10805f5685d69f69,General
6989a4dd10805f5685d69f6a,Fiction
6989a4dd10805f5685d69f6b,Young Adult Fiction
6989a4dd10805f5685d69f6d,Art
6989a4dd10805f5685d69f6f,General
6989a4dd10805f5685d69f70,Fiction
6989a4dd10805f5685d69f71,Fiction
6989a4dd10805f5685d69f72,Juvenile Fiction
6989a4dd10805f5685d69f73,Fiction
6989a4dd10805f5685d69f74,Gynecology
6989a4dd10805f5685d69f76,Fiction
6989a4dd10805f5685d69f78,Juvenile Fiction
6989a4dd10805f5685d69f79,Religion
6989a4dd10805f5685d69f7b,Drama
6989a4dd10805f5685d69f7c,Biography
6989a4dd10805f5685d69f7e,Young Adult Fiction
6989a4dd10805f5685d69f80,Fiction
6989a4dd10805f5685d69f82,Fiction
6989a4dd10805f5685d69f83,Fiction
6989a4dd10805f5685d69f85,Children
6989a4dd10805f5685d69f87,Juvenile Nonfiction
6989a4dd10805f5685d69f89,Fiction
6989a4dd10805f5685d69f8b,History
6989a4dd10805f5685d69f8d,Fiction
6989a4dd10805f5685d69f8e,Archetype (psychology)
6989a4dd10805f5685d69f90,Fiction
6989a4dd10805f5685d69f92,Great Britain
6989a4dd10805f5685d69f93,Philosophy
6989a4dd10805f5685d69f95,General
6989a4dd10805f5685d69f96,General
6989a4dd10805f5685d69f98,Fiction
6989a4dd10805f5685d69f9a,Fiction
6989a4dd10805f5685d69f9c,Fiction
6989a4dd10805f5685d69f9d,Fiction
6989a4dd10805f5685d69f9e,Antiquities.
6989a4dd10805f5685d69fa0,Fiction
6989a4dd10805f5685d69fa2,Biography
6989a4dd10805f5685d69fa4,Fiction
6989a4dd10805f5685d69fa5,Body
6989a4dd10805f5685d69fa5,Mind
6989a4dd10805f5685d69fa7,Fiction
6989a4dd10805f5685d69fa8,Juvenile Fiction
6989a4dd10805f5685d69fa9,General
6989a4dd10805f5685d69faa,Young Adult Fiction
6989a4dd10805f5685d69fac,Fiction
6989a4dd10805f5685d69fae,Fiction
6989a4dd10805f5685d69fb0,Health
6989a4dd10805f5685d69fb2,General
6989a4dd10805f5685d69fb3,Religion
6989a4dd10805f5685d69fb5,General
6989a4dd10805f5685d69fb6,Biography
6989a4dd10805f5685d69fb8,Fiction
6989a4dd10805f5685d69fb9,Fiction
6989a4dd10805f5685d69fbb,Fiction
6989a4dd10805f5685d69fbd,Business
6989a4dd10805f5685d69fbf,General
6989a4dd10805f5685d69fc0,Juvenile Fiction
6989a4dd10805f5685d69fc1,History
6989a4dd10805f5685d69fc3,Fiction
6989a4dd10805f5685d69fc5,Fiction
6989a4dd10805f5685d69fc7,Fiction
6989a4dd10805f5685d69fc8,Fiction
6989a4dd10805f5685d69fca,Voyages Around The World
6989a4dd10805f5685d69fcc,Family
6989a4dd10805f5685d69fce,Computers
6989a4dd10805f5685d69fd0,Fiction
6989a4dd10805f5685d69fd2,General
6989a4dd10805f5685d69fd4,Fiction
6989a4dd10805f5685d69fd5,Counting
6989a4dd10805f5685d69fd7,General
6989a4dd10805f5685d69fd9,Political Science
6989a4dd10805f5685d69fdb,Comics
6989a4dd10805f5685d69fdd,Fiction
6989a4dd10805f5685d69fdf,Computers
6989a4dd10805f5685d69fe1,General
6989a4dd10805f5685d69fe2,Fiction
6989a4dd10805f5685d69fe4,Science Fiction
6989a4dd10805f5685d69fe4,American
6989a4dd10805f5685d69fe6,Literary Criticism
6989a4dd10805f5685d69fe7,General
6989a4dd10805f5685d69fe8,Science
6989a4dd10805f5685d69fea,Domestic Fiction
6989a4dd10805f5685d69fea,American
6989a4dd10805f5685d69feb,Fiction
6989a4dd10805f5685d69fed,General
6989a4dd10805f5685d69fee,Fiction
6989a4dd10805f5685d69fef,Fiction
6989a4dd10805f5685d69ff1,Fiction
6989a4dd10805f5685d69ff3,Large Print Books
6989a4dd10805f5685d69ff5,Comics
6989a4dd10805f5685d69ff7,Classical Philology
6989a4dd10805f5685d69ff9,Fiction
6989a4dd10805f5685d69ffb,Psychology
6989a4dd10805f5685d69ffd,Fiction
6989a4dd10805f5685d69fff,Biography
6989a4dd10805f5685d6a001,Biography
6989a4dd10805f5685d6a003,Fiction
6989a4dd10805f5685d6a005,Biography
6989a4dd10805f5685d6a006,Juvenile Fiction
6989a4dd10805f5685d6a008,General
6989a4dd10805f5685d6a009,Photography
6989a4dd10805f5685d6a00b,Curiosities And Wonders
6989a4dd10805f5685d6a00c,Psychology
6989a4dd10805f5685d6a00e,General
6989a4dd10805f5685d6a00f,Fiction
6989a4dd10805f5685d6a010,Medical
6989a4dd10805f5685d6a012,Fiction
6989a4dd10805f5685d6a014,General
6989a4dd10805f5685d6a015,General
6989a4dd10805f5685d6a016,Cooking
6989a4dd10805f5685d6a018,General
6989a4dd10805f5685d6a019,Fiction
6989a4dd10805f5685d6a01b,General
6989a4dd10805f5685d6a01c,Fiction
6989a4dd10805f5685d6a01d,General
6989a4dd10805f5685d6a01e,Fiction
6989a4dd10805f5685d6a020,General
6989a4dd10805f5685d6a021,German Literature
6989a4dd10805f5685d6a023,Fiction
6989a4dd10805f5685d6a025,Games
6989a4dd10805f5685d6a027,General
6989a4dd10805f5685d6a028,General
6989a4dd10805f5685d6a029,Women
6989a4dd10805f5685d6a02b,Fiction
6989a4dd10805f5685d6a02d,Juvenile Fiction
6989a4dd10805f5685d6a02e,Humor
6989a4dd10805f5685d6a030,Nature
6989a4dd10805f5685d6a032,Biography
6989a4dd10805f5685d6a034,Medical
6989a4dd10805f5685d6a036,Fiction
6989a4dd10805f5685d6a037,Fiction
6989a4dd10805f5685d6a038,General
6989a4dd10805f5685d6a039,Fiction
6989a4dd10805f5685d6a03b,Reference
6989a4dd10805f5685d6a03d,Adventure-juvenile Fiction
6989a4dd10805f5685d6a03e,Cattle
6989a4dd10805f5685d6a040,Business
6989a4dd10805f5685d6a042,Travel
6989a4dd10805f5685d6a043,General
6989a4dd10805f5685d6a044,Juvenile Fiction
6989a4dd10805f5685d6a046,Juvenile Fiction
6989a4dd10805f5685d6a048,England
6989a4dd10805f5685d6a04a,General
6989a4dd10805f5685d6a04b,Fiction
6989a4dd10805f5685d6a04d,Juvenile Fiction
6989a4dd10805f5685d6a04f,Fiction
6989a4dd10805f5685d6a051,Fiction
6989a4dd10805f5685d6a052,General
6989a4dd10805f5685d6a053,Juvenile Nonfiction
6989a4dd10805f5685d6a055,Young Adult Fiction
6989a4dd10805f5685d6a057,General
6989a4dd10805f5685d6a058,Social Science
6989a4dd10805f5685d6a05a,Fiction
6989a4dd10805f5685d6a05c,Fiction
6989a4dd10805f5685d6a05e,Fiction
6989a4dd10805f5685d6a060,Fiction
6989a4dd10805f5685d6a061,English Fiction
6989a4dd10805f5685d6a062,General
6989a4dd10805f5685d6a063,Fiction
6989a4dd10805f5685d6a065,Fiction
6989a4dd10805f5685d6a067,Education
6989a4dd10805f5685d6a068,Juvenile Fiction
6989a4dd10805f5685d6a06a,Law
6989a4dd10805f5685d6a06c,General
6989a4dd10805f5685d6a06d,Eye
6989a4dd10805f5685d6a06e,Literary Criticism
6989a4dd10805f5685d6a070,General
6989a4dd10805f5685d6a071,Travel
6989a4dd10805f5685d6a073,Science
6989a4dd10805f5685d6a075,Star Trek Films
6989a4dd10805f5685d6a076,Fiction
6989a4dd10805f5685d6a077,Fiction
6989a4dd10805f5685d6a078,Fiction
6989a4dd10805f5685d6a079,General
6989a4dd10805f5685d6a07b,China
6989a4dd10805f5685d6a07d,Fiction
6989a4dd10805f5685d6a07e,Fiction
6989a4dd10805f5685d6a080,History
6989a4dd10805f5685d6a082,Fiction
6989a4dd10805f5685d6a083,Fiction
6989a4dd10805f5685d6a085,Religion
6989a4dd10805f5685d6a087,General
6989a4dd10805f5685d6a089,General
6989a4dd10805f5685d6a08a,Fiction
6989a4dd10805f5685d6a08c,Fiction
6989a4dd10805f5685d6a08e,Literary Criticism
6989a4dd10805f5685d6a090,Juvenile Fiction
6989a4dd10805f5685d6a092,Education
6989a4dd10805f5685d6a093,Juvenile Fiction
6989a4dd10805f5685d6a095,General
6989a4dd10805f5685d6a096,Religion
6989a4dd10805f5685d6a097,Fiction
6989a4dd10805f5685d6a098,Juvenile Nonfiction
6989a4dd10805f5685d6a09a,General
6989a4dd10805f5685d6a09b,Comics
6989a4dd10805f5685d6a09d,Hatha Yoga
6989a4dd10805f5685d6a09f,Body
6989a4dd10805f5685d6a09f,Mind
6989a4dd10805f5685d6a0a0,Young Adult Fiction
6989a4dd10805f5685d6a0a1,Fiction
6989a4dd10805f5685d6a0a3,Fiction
6989a4dd10805f5685d6a0a4,Fiction
6989a4dd10805f5685d6a0a6,Literary Criticism
6989a4dd10805f5685d6a0a8,Fiction
6989a4dd10805f5685d6a0aa,Fiction
6989a4dd10805f5685d6a0ab,Social Science
6989a4dd10805f5685d6a0ad,Fiction
6989a4dd10805f5685d6a0ae,Fiction
6989a4dd10805f5685d6a0b0,Nature
6989a4dd10805f5685d6a0b2,Juvenile Fiction
6989a4dd10805f5685d6a0b4,Oregon
6989a4dd10805f5685d6a0b6,Authors
6989a4dd10805f5685d6a0b8,Fiction
6989a4dd10805f5685d6a0ba,Computers
6989a4dd10805f5685d6a0bc,Chemistry
6989a4dd10805f5685d6a0be,General
6989a4dd10805f5685d6a0c0,General
6989a4dd10805f5685d6a0c1,Crafts
6989a4dd10805f5685d6a0c2,Juvenile Fiction
6989a4dd10805f5685d6a0c4,Fiction
6989a4dd10805f5685d6a0c5,Communication In Organizations
6989a4dd10805f5685d6a0c7,General
6989a4dd10805f5685d6a0c8,Body
6989a4dd10805f5685d6a0c8,Mind
6989a4dd10805f5685d6a0ca,Biography
6989a4dd10805f5685d6a0cc,Performing Arts
6989a4dd10805f5685d6a0ce,Fiction
6989a4dd10805f5685d6a0cf,Juvenile Fiction
6989a4dd10805f5685d6a0d1,General
6989a4dd10805f5685d6a0d3,Good And Evil
6989a4dd10805f5685d6a0d4,General
6989a4dd10805f5685d6a0d6,Health
6989a4dd10805f5685d6a0d8,Performing Arts
6989a4dd10805f5685d6a0da,History
6989a4dd10805f5685d6a0db,Fiction
6989a4dd10805f5685d6a0dd,Body
6989a4dd10805f5685d6a0dd,Mind
6989a4dd10805f5685d6a0df,Juvenile Fiction
6989a4dd10805f5685d6a0e0,Biography
6989a4dd10805f5685d6a0e2,Psychology
6989a4dd10805f5685d6a0e3,General
6989a4dd10805f5685d6a0e4,Apologetics
6989a4dd10805f5685d6a0e6,Juvenile Nonfiction
6989a4dd10805f5685d6a0e8,Religion
6989a4dd10805f5685d6a0ea,Religion
6989a4dd10805f5685d6a0ec,Canada
6989a4dd10805f5685d6a0ed,Adolescence
6989a4dd10805f5685d6a0ef,Fiction
6989a4dd10805f5685d6a0f0,General
6989a4dd10805f5685d6a0f2,Fiction
6989a4dd10805f5685d6a0f3,Americans
6989a4dd10805f5685d6a0f4,Psychology
6989a4dd10805f5685d6a0f6,Buddhism
6989a4dd10805f5685d6a0f8,History
6989a4dd10805f5685d6a0fa,General
6989a4dd10805f5685d6a0fb,Fiction
6989a4dd10805f5685d6a0fc,Medical
6989a4dd10805f5685d6a0fe,Juvenile Fiction
6989a4dd10805f5685d6a100,Education
6989a4dd10805f5685d6a102,Business
6989a4dd10805f5685d6a104,General
6989a4dd10805f5685d6a105,General
6989a4dd10805f5685d6a106,General
6989a4dd10805f5685d6a107,Fiction
6989a4dd10805f5685d6a108,Fiction
6989a4dd10805f5685d6a10a,Bible Stories
6989a4dd10805f5685d6a10c,Fiction
6989a4dd10805f5685d6a10d,Fiction
6989a4dd10805f5685d6a10e,General
6989a4dd10805f5685d6a10f,Performing Arts
6989a4dd10805f5685d6a111,Fiction
6989a4dd10805f5685d6a112,Comedy
6989a4dd10805f5685d6a114,Juvenile Fiction
6989a4dd10805f5685d6a116,General
6989a4dd10805f5685d6a117,History
6989a4dd10805f5685d6a118,General
6989a4dd10805f5685d6a119,Political Science
6989a4dd10805f5685d6a11b,General
6989a4dd10805f5685d6a11c,Religion
6989a4dd10805f5685d6a11e,Color In Interior Decoration
6989a4dd10805f5685d6a120,Juvenile Fiction
6989a4dd10805f5685d6a122,Humor
6989a4dd10805f5685d6a124,Fiction
6989a4dd10805f5685d6a126,Cuba
6989a4dd10805f5685d6a128,Fiction
6989a4dd10805f5685d6a129,Biography
6989a4dd10805f5685d6a12b,Detective And Mystery Stories
6989a4dd10805f5685d6a12b,American
6989a4dd10805f5685d6a12c,General
6989a4dd10805f5685d6a12d,Fiction
6989a4dd10805f5685d6a12e,Fiction
6989a4dd10805f5685d6a130,Biography
6989a4dd10805f5685d6a132,General
6989a4dd10805f5685d6a133,Education
6989a4dd10805f5685d6a134,Body
6989a4dd10805f5685d6a134,Mind
6989a4dd10805f5685d6a135,Fiction
6989a4dd10805f5685d6a137,General
6989a4dd10805f5685d6a139,Dreams
6989a4dd10805f5685d6a13b,Fiction
6989a4dd10805f5685d6a13c,Fiction
6989a4dd10805f5685d6a13e,Juvenile Fiction
6989a4dd10805f5685d6a140,Fiction
6989a4dd10805f5685d6a141,Fiction
6989a4dd10805f5685d6a142,Fiction
6989a4dd10805f5685d6a144,General
6989a4dd10805f5685d6a145,Young Adult Fiction
6989a4dd10805f5685d6a147,Biography
6989a4dd10805f5685d6a148,Books
6989a4dd10805f5685d6a149,Brothers
6989a4dd10805f5685d6a14a,History
6989a4dd10805f5685d6a14c,Fiction
6989a4dd10805f5685d6a14e,Fiction
6989a4dd10805f5685d6a14f,Language Arts
6989a4dd10805f5685d6a150,Fiction
6989a4dd10805f5685d6a152,Fiction
6989a4dd10805f5685d6a153,Body
6989a4dd10805f5685d6a153,Mind
6989a4dd10805f5685d6a155,General
6989a4dd10805f5685d6a156,General
6989a4dd10805f5685d6a157,Biography
6989a4dd10805f5685d6a159,General
6989a4dd10805f5685d6a15b,General
6989a4dd10805f5685d6a15c,Fiction
6989a4dd10805f5685d6a15e,Fiction
6989a4dd10805f5685d6a160,Fiction
6989a4dd10805f5685d6a162,Juvenile Fiction
6989a4dd10805f5685d6a164,Art
6989a4dd10805f5685d6a166,Fiction
6989a4dd10805f5685d6a168,Young Adult Fiction
6989a4dd10805f5685d6a16a,Foreign Language Study
6989a4dd10805f5685d6a16c,Psychology
6989a4dd10805f5685d6a16d,Business
6989a4dd10805f5685d6a16f,Children's Stories
6989a4dd10805f5685d6a170,Travel
6989a4dd10805f5685d6a172,General
6989a4dd10805f5685d6a173,Humor
6989a4dd10805f5685d6a174,Young Adult Fiction
6989a4dd10805f5685d6a176,Juvenile Fiction
6989a4dd10805f5685d6a178,General
6989a4dd10805f5685d6a179,Literary Criticism
6989a4dd10805f5685d6a17b,General
6989a4dd10805f5685d6a17d,Fiction
6989a4dd10805f5685d6a17f,Fiction
6989a4dd10805f5685d6a180,General
6989a4dd10805f5685d6a182,Fiction
6989a4dd10805f5685d6a183,General
6989a4dd10805f5685d6a184,Juvenile Fiction
6989a4dd10805f5685d6a185,Fiction
6989a4dd10805f5685d6a187,Fiction
6989a4dd10805f5685d6a189,Christmas
6989a4dd10805f5685d6a18b,Fiction
6989a4dd10805f5685d6a18d,General
6989a4dd10805f5685d6a18e,Brothers And Sisters
6989a4dd10805f5685d6a190,Medical
6989a4dd10805f5685d6a192,Fiction
6989a4dd10805f5685d6a194,Health
6989a4dd10805f5685d6a196,Juvenile Fiction
6989a4dd10805f5685d6a198,Performing Arts
6989a4dd10805f5685d6a19a,Literary Criticism
6989a4dd10805f5685d6a19c,Defense Information
6989a4dd10805f5685d6a19c,Classified
6989a4dd10805f5685d6a19e,Subject Catalogs
6989a4dd10805f5685d6a19f,Conduct Of Life
6989a4dd10805f5685d6a1a1,Fiction
6989a4dd10805f5685d6a1a3,Biography
6989a4dd10805f5685d6a1a5,Juvenile Fiction
6989a4dd10805f5685d6a1a6,Fiction
6989a4dd10805f5685d6a1a8,Fiction
6989a4dd10805f5685d6a1aa,New Market
6989a4dd10805f5685d6a1aa,Battle Of
6989a4dd10805f5685d6a1aa,New Market
6989a4dd10805f5685d6a1ac,Drama
6989a4dd10805f5685d6a1ae,Business
6989a4dd10805f5685d6a1b0,History
6989a4dd10805f5685d6a1b2,Fiction
6989a4dd10805f5685d6a1b4,Fiction
6989a4dd10805f5685d6a1b6,Juvenile Fiction
6989a4dd10805f5685d6a1b8,History
6989a4dd10805f5685d6a1ba,General
6989a4dd10805f5685d6a1bb,General
6989a4dd10805f5685d6a1bc,History
6989a4dd10805f5685d6a1be,Nature
6989a4dd10805f5685d6a1c0,Religion
6989a4dd10805f5685d6a1c2,Fiction
6989a4dd10805f5685d6a1c4,General
6989a4dd10805f5685d6a1c5,General
6989a4de10805f5685d6a1c6,Fiction
6989a4de10805f5685d6a1c8,Fiction
6989a4de10805f5685d6a1c9,Law
6989a4de10805f5685d6a1cb,Fiction
6989a4de10805f5685d6a1cd,Body
6989a4de10805f5685d6a1cd,Mind
6989a4de10805f5685d6a1ce,Social Science
6989a4de10805f5685d6a1cf,Self-help
6989a4de10805f5685d6a1d1,Games
6989a4de10805f5685d6a1d3,Sports
6989a4de10805f5685d6a1d5,Science
6989a4de10805f5685d6a1d7,Juvenile Fiction
6989a4de10805f5685d6a1d8,Fiction
6989a4de10805f5685d6a1d9,Fiction
6989a4de10805f5685d6a1da,Juvenile Fiction
6989a4de10805f5685d6a1dc,Brothers And Sisters
6989a4de10805f5685d6a1de,Science Fiction
6989a4de10805f5685d6a1e0,Fiction
6989a4de10805f5685d6a1e2,Health
6989a4de10805f5685d6a1e4,General
6989a4de10805f5685d6a1e5,Fiction
6989a4de10805f5685d6a1e7,Pets
6989a4de10805f5685d6a1e9,Juvenile Fiction
6989a4de10805f5685d6a1eb,Fiction
6989a4de10805f5685d6a1ed,General
6989a4de10805f5685d6a1ef,General
6989a4de10805f5685d6a1f0,General
6989a4de10805f5685d6a1f2,Fiction
6989a4de10805f5685d6a1f4,Alexandria (egypt)
6989a4de10805f5685d6a1f5,Fiction
6989a4de10805f5685d6a1f6,Religion
6989a4de10805f5685d6a1f8,General
6989a4de10805f5685d6a1f9,Authorship
6989a4de10805f5685d6a1fb,General
6989a4de10805f5685d6a1fd,Self-help
6989a4de10805f5685d6a1ff,Science
6989a4de10805f5685d6a201,Young Adult Fiction
6989a4de10805f5685d6a203,Juvenile Nonfiction
6989a4de10805f5685d6a205,Fiction
6989a4de10805f5685d6a207,Biography
6989a4de10805f5685d6a209,Literary Collections
6989a4de10805f5685d6a20a,General
6989a4de10805f5685d6a20b,Fiction
6989a4de10805f5685d6a20d,General
6989a4de10805f5685d6a20e,Fiction
6989a4de10805f5685d6a210,General
6989a4de10805f5685d6a211,Fiction
6989a4de10805f5685d6a213,General
6989a4de10805f5685d6a214,Fiction
6989a4de10805f5685d6a215,Juvenile Fiction
6989a4de10805f5685d6a217,True Crime
6989a4de10805f5685d6a219,General
6989a4de10805f5685d6a21a,General
6989a4de10805f5685d6a21b,America
6989a4de10805f5685d6a21c,Self-help
6989a4de10805f5685d6a21e,Fiction
6989a4de10805f5685d6a220,Fiction
6989a4de10805f5685d6a222,United States
6989a4de10805f5685d6a223,General
6989a4de10805f5685d6a224,Fiction
6989a4de10805f5685d6a226,Fiction
6989a4de10805f5685d6a227,Crops And Climate
6989a4de10805f5685d6a228,Fiction
6989a4de10805f5685d6a22a,General
6989a4de10805f5685d6a22b,Fiction
6989a4de10805f5685d6a22c,Fiction
6989a4de10805f5685d6a22e,Juvenile Fiction
6989a4de10805f5685d6a230,Fiction
6989a4de10805f5685d6a231,Fiction
6989a4de10805f5685d6a233,General
6989a4de10805f5685d6a234,Fiction
6989a4de10805f5685d6a235,Biography
6989a4de10805f5685d6a237,General
6989a4de10805f5685d6a239,Drama
6989a4de10805f5685d6a23b,Compulsive Behavior
6989a4de10805f5685d6a23d,Abandoned Children
6989a4de10805f5685d6a23f,General
6989a4de10805f5685d6a240,Fiction
6989a4de10805f5685d6a241,General
6989a4de10805f5685d6a243,Religion
6989a4de10805f5685d6a244,Fiction
6989a4de10805f5685d6a245,Biography
6989a4de10805f5685d6a246,Juvenile Fiction
6989a4de10805f5685d6a248,Religion
6989a4de10805f5685d6a24a,Poetry
6989a4de10805f5685d6a24b,Fiction
6989a4de10805f5685d6a24d,General
6989a4de10805f5685d6a24e,Fiction
6989a4de10805f5685d6a24f,Computers
6989a4de10805f5685d6a251,Comics
6989a4de10805f5685d6a253,Juvenile Fiction
6989a4de10805f5685d6a254,Travel
6989a4de10805f5685d6a256,Fiction
6989a4de10805f5685d6a257,Family
6989a4de10805f5685d6a259,Fiction
6989a4de10805f5685d6a25a,Psychology
6989a4de10805f5685d6a25c,General
6989a4de10805f5685d6a25d,Fiction
6989a4de10805f5685d6a25e,Science
6989a4de10805f5685d6a260,Fiction
6989a4de10805f5685d6a261,Business
6989a4de10805f5685d6a263,General
6989a4de10805f5685d6a265,Fiction
6989a4de10805f5685d6a267,Fiction
6989a4de10805f5685d6a269,Religion
6989a4de10805f5685d6a26b,Self-help
6989a4de10805f5685d6a26c,General
6989a4de10805f5685d6a26d,Religion
6989a4de10805f5685d6a26e,Fiction
6989a4de10805f5685d6a26f,Religion
6989a4de10805f5685d6a270,General
6989a4de10805f5685d6a271,Biography
6989a4de10805f5685d6a273,Detective And Mystery Stories
6989a4de10805f5685d6a273,New Zealand
6989a4de10805f5685d6a274,Fiction
6989a4de10805f5685d6a275,Biography
6989a4de10805f5685d6a277,Health
6989a4de10805f5685d6a279,Fiction
6989a4de10805f5685d6a27b,General
6989a4de10805f5685d6a27c,Fiction
6989a4de10805f5685d6a27d,Fiction
6989a4de10805f5685d6a27e,Philosophy
6989a4de10805f5685d6a280,Fiction
6989a4de10805f5685d6a281,General
6989a4de10805f5685d6a282,Psychology
6989a4de10805f5685d6a284,Domestic Fiction
6989a4de10805f5685d6a286,General
6989a4de10805f5685d6a288,Fiction
6989a4de10805f5685d6a289,Fiction
6989a4de10805f5685d6a28a,Juvenile Nonfiction
6989a4de10805f5685d6a28b,Fiction
6989a4de10805f5685d6a28c,Juvenile Nonfiction
6989a4de10805f5685d6a28e,Nature
6989a4de10805f5685d6a28f,Juvenile Fiction
6989a4de10805f5685d6a290,Fiction
6989a4de10805f5685d6a292,Fiction
6989a4de10805f5685d6a294,Biography
6989a4de10805f5685d6a295,Fiction
6989a4de10805f5685d6a297,Holiness
6989a4de10805f5685d6a299,Health
6989a4de10805f5685d6a29b,Fiction
6989a4de10805f5685d6a29c,Animal Heroes
6989a4de10805f5685d6a29e,Family
6989a4de10805f5685d6a2a0,Body
6989a4de10805f5685d6a2a0,Mind
6989a4de10805f5685d6a2a2,Biography
6989a4de10805f5685d6a2a4,Humor
6989a4de10805f5685d6a2a5,Science Fiction
6989a4de10805f5685d6a2a5,American
6989a4de10805f5685d6a2a6,Occupations
6989a4de10805f5685d6a2a8,Drugs
6989a4de10805f5685d6a2aa,Computers
6989a4de10805f5685d6a2ac,Body
6989a4de10805f5685d6a2ac,Mind
6989a4de10805f5685d6a2ae,History
6989a4de10805f5685d6a2b0,Literary Collections
6989a4de10805f5685d6a2b2,Business
6989a4de10805f5685d6a2b4,Clergy
6989a4de10805f5685d6a2b6,Fiction
6989a4de10805f5685d6a2b8,General
6989a4de10805f5685d6a2b9,Caterers And Catering
6989a4de10805f5685d6a2ba,Humor
6989a4de10805f5685d6a2bc,Fiction
6989a4de10805f5685d6a2bd,Juvenile Fiction
6989a4de10805f5685d6a2be,Fiction
6989a4de10805f5685d6a2bf,Fiction
6989a4de10805f5685d6a2c1,Cats
6989a4de10805f5685d6a2c3,History
6989a4de10805f5685d6a2c5,Fiction
6989a4de10805f5685d6a2c7,Children's Poetry
6989a4de10805f5685d6a2c7,American
6989a4de10805f5685d6a2c9,Performing Arts
6989a4de10805f5685d6a2cb,Juvenile Nonfiction
6989a4de10805f5685d6a2cd,Fiction
6989a4de10805f5685d6a2cf,Fiction
6989a4de10805f5685d6a2d0,General
6989a4de10805f5685d6a2d1,Fiction
6989a4de10805f5685d6a2d2,Fiction
6989a4de10805f5685d6a2d4,Fiction
6989a4de10805f5685d6a2d5,Fiction
6989a4de10805f5685d6a2d7,Fiction
6989a4de10805f5685d6a2d9,Biography
6989a4de10805f5685d6a2db,Social Science
6989a4de10805f5685d6a2dd,Fiction
6989a4de10805f5685d6a2df,Biography
6989a4de10805f5685d6a2e1,Juvenile Fiction
6989a4de10805f5685d6a2e3,Juvenile Fiction
6989a4de10805f5685d6a2e5,Fiction
6989a4de10805f5685d6a2e7,General
6989a4de10805f5685d6a2e9,Law
6989a4de10805f5685d6a2eb,Assassins
6989a4de10805f5685d6a2ed,Juvenile Fiction
6989a4de10805f5685d6a2ee,General
6989a4de10805f5685d6a2ef,Gays
6989a4de10805f5685d6a2f1,Social Science
6989a4de10805f5685d6a2f3,Fiction
6989a4de10805f5685d6a2f5,General
6989a4de10805f5685d6a2f6,General
6989a4de10805f5685d6a2f7,Fiction
6989a4de10805f5685d6a2f9,Fiction
6989a4de10805f5685d6a2fb,Fiction
6989a4de10805f5685d6a2fc,Science
6989a4de10805f5685d6a2fe,General
6989a4de10805f5685d6a300,Sexual Fantasies
6989a4de10805f5685d6a301,Philosophy
6989a4de10805f5685d6a302,Dakota Territory
6989a4de10805f5685d6a303,Social Science
6989a4de10805f5685d6a305,Sports
6989a4de10805f5685d6a307,History
6989a4de10805f5685d6a309,Fiction
6989a4de10805f5685d6a30b,General
6989a4de10805f5685d6a30c,Second Advent
6989a4de10805f5685d6a30e,Amerikaanse Fiksie
6989a4de10805f5685d6a30f,Fiction
6989a4de10805f5685d6a310,Drama
6989a4de10805f5685d6a311,Juvenile Nonfiction
6989a4de10805f5685d6a313,Fiction
6989a4de10805f5685d6a314,Geophysics
6989a4de10805f5685d6a316,Family
6989a4de10805f5685d6a318,Science
6989a4de10805f5685d6a31a,Fiction
6989a4de10805f5685d6a31c,Psychology
6989a4de10805f5685d6a31e,Literary Criticism
6989a4de10805f5685d6a320,Political Science
6989a4de10805f5685d6a322,History
6989a4de10805f5685d6a324,History
6989a4de10805f5685d6a326,Fiction
6989a4de10805f5685d6a328,General
6989a4de10805f5685d6a32a,Juvenile Fiction
6989a4de10805f5685d6a32b,Biography
6989a4de10805f5685d6a32d,Fiction
6989a4de10805f5685d6a32e,Fiction
6989a4de10805f5685d6a32f,Health
6989a4de10805f5685d6a331,Self-help
6989a4de10805f5685d6a333,General
6989a4de10805f5685d6a334,Fiction
6989a4de10805f5685d6a336,Fiction
6989a4de10805f5685d6a338,Comics
6989a4de10805f5685d6a33a,Fiction
6989a4de10805f5685d6a33b,General
6989a4de10805f5685d6a33c,History
6989a4de10805f5685d6a33e,General
6989a4de10805f5685d6a33f,Fiction
6989a4de10805f5685d6a340,True Crime
6989a4de10805f5685d6a342,Fiction
6989a4de10805f5685d6a343,Fiction
6989a4de10805f5685d6a345,Fiction
6989a4de10805f5685d6a347,Political Science
6989a4de10805f5685d6a349,Fiction
6989a4de10805f5685d6a34b,Detective And Mystery Stories
6989a4de10805f5685d6a34c,Zen Buddhism
6989a4de10805f5685d6a34e,Comics
6989a4de10805f5685d6a350,Fiction
6989a4de10805f5685d6a352,Gardening
6989a4de10805f5685d6a354,Country Life
6989a4de10805f5685d6a356,History
6989a4de10805f5685d6a358,Children's Stories
6989a4de10805f5685d6a35a,Fiction
6989a4de10805f5685d6a35b,Fiction
6989a4de10805f5685d6a35d,Sports
6989a4de10805f5685d6a35f,Religious Fiction
6989a4de10805f5685d6a361,History
6989a4de10805f5685d6a363,Fiction
6989a4de10805f5685d6a364,Animal Rights Activists
6989a4de10805f5685d6a366,History
6989a4de10805f5685d6a368,Fiction
6989a4de10805f5685d6a36a,General
6989a4de10805f5685d6a36b,Fiction
6989a4de10805f5685d6a36c,Fantastic Fiction.
6989a4de10805f5685d6a36e,History
6989a4de10805f5685d6a370,General
6989a4de10805f5685d6a371,History
6989a4de10805f5685d6a373,General
6989a4de10805f5685d6a375,Boys
6989a4de10805f5685d6a376,General
6989a4de10805f5685d6a377,Horror Tales
6989a4de10805f5685d6a379,General
6989a4de10805f5685d6a37b,Celtic Church
6989a4de10805f5685d6a37d,Juvenile Fiction
6989a4de10805f5685d6a37e,Biography
6989a4de10805f5685d6a37f,General
6989a4de10805f5685d6a380,General
6989a4de10805f5685d6a381,Fiction
6989a4de10805f5685d6a382,Travel
6989a4de10805f5685d6a384,Biography
6989a4de10805f5685d6a386,Fiction
6989a4de10805f5685d6a388,General
6989a4de10805f5685d6a38a,Fiction
6989a4de10805f5685d6a38b,Medical
6989a4de10805f5685d6a38d,Fiction
6989a4de10805f5685d6a38f,General
6989a4de10805f5685d6a390,General
6989a4de10805f5685d6a391,Biography
6989a4de10805f5685d6a392,Juvenile Nonfiction
6989a4de10805f5685d6a394,Biography
6989a4de10805f5685d6a396,General
6989a4de10805f5685d6a397,Animal Communication
6989a4de10805f5685d6a398,General
6989a4de10805f5685d6a399,History
6989a4de10805f5685d6a39b,Fiction
6989a4de10805f5685d6a39c,Fiction
6989a4de10805f5685d6a39d,Juvenile Fiction
6989a4de10805f5685d6a39f,Fiction
6989a4de10805f5685d6a3a1,Biography
6989a4de10805f5685d6a3a3,General
6989a4de10805f5685d6a3a4,Biography
6989a4de10805f5685d6a3a6,Fiction
6989a4de10805f5685d6a3a8,General
6989a4de10805f5685d6a3aa,Health
6989a4de10805f5685d6a3ac,Authors
6989a4de10805f5685d6a3ac,Spanish
6989a4de10805f5685d6a3ae,Travel
6989a4de10805f5685d6a3b0,General
6989a4de10805f5685d6a3b1,Law
6989a4de10805f5685d6a3b3,Fiction
6989a4de10805f5685d6a3b5,Political Science
6989a4de10805f5685d6a3b7,Fiction
6989a4de10805f5685d6a3b8,General
6989a4de10805f5685d6a3b9,Literary Criticism
6989a4de10805f5685d6a3bb,Fiction
6989a4de10805f5685d6a3bd,Fiction
6989a4de10805f5685d6a3bf,Juvenile Nonfiction
6989a4de10805f5685d6a3c0,Families
6989a4de10805f5685d6a3c2,American Literature
6989a4de10805f5685d6a3c3,Fiction
6989a4de10805f5685d6a3c5,Biography
6989a4de10805f5685d6a3c7,General
6989a4de10805f5685d6a3c8,England
6989a4de10805f5685d6a3c9,Poetry
6989a4de10805f5685d6a3ca,Fiction
6989a4de10805f5685d6a3cc,Juvenile Fiction
6989a4de10805f5685d6a3ce,Fiction
6989a4de10805f5685d6a3d0,General
6989a4de10805f5685d6a3d1,Religion
6989a4de10805f5685d6a3d3,Medical
6989a4de10805f5685d6a3d5,Self-help
6989a4de10805f5685d6a3d7,Fiction
6989a4de10805f5685d6a3d9,Biography
6989a4de10805f5685d6a3db,Fiction
6989a4de10805f5685d6a3dd,History
6989a4de10805f5685d6a3de,General
6989a4de10805f5685d6a3e0,Reference
6989a4de10805f5685d6a3e2,Country Life
6989a4de10805f5685d6a3e4,Travel
6989a4de10805f5685d6a3e6,Dramatists
6989a4de10805f5685d6a3e6,English
6989a4de10805f5685d6a3e8,France
6989a4de10805f5685d6a3ea,Fiction
6989a4de10805f5685d6a3ec,General
6989a4de10805f5685d6a3ed,Child Psychology
6989a4de10805f5685d6a3ef,Fiction
6989a4de10805f5685d6a3f1,General
6989a4de10805f5685d6a3f2,Self-help
6989a4de10805f5685d6a3f3,Fiction
6989a4de10805f5685d6a3f4,Fiction
6989a4de10805f5685d6a3f5,Fiction
6989a4de10805f5685d6a3f6,Fiction
6989a4de10805f5685d6a3f8,Fiction
6989a4de10805f5685d6a3fa,General
6989a4de10805f5685d6a3fb,Fiction
6989a4de10805f5685d6a3fd,Drama
6989a4de10805f5685d6a3ff,History
6989a4de10805f5685d6a401,General
6989a4de10805f5685d6a402,Psychology
6989a4de10805f5685d6a404,Fiction
6989a4de10805f5685d6a406,Juvenile Fiction
6989a4de10805f5685d6a407,Education
6989a4de10805f5685d6a408,Fiction
6989a4de10805f5685d6a409,Social Science
6989a4de10805f5685d6a40b,Social Science
6989a4de10805f5685d6a40d,Fiction
6989a4de10805f5685d6a40f,Biography
6989a4de10805f5685d6a411,General
6989a4de10805f5685d6a413,Fiction
6989a4de10805f5685d6a414,General
6989a4de10805f5685d6a416,British
6989a4de10805f5685d6a418,Fiction
6989a4de10805f5685d6a41a,Juvenile Nonfiction
6989a4de10805f5685d6a41c,Extortion
6989a4de10805f5685d6a41e,Fiction
6989a4de10805f5685d6a420,History
6989a4de10805f5685d6a422,Juvenile Fiction
6989a4de10805f5685d6a423,Science
6989a4de10805f5685d6a425,Apologetics
6989a4de10805f5685d6a427,Juvenile Fiction
6989a4de10805f5685d6a429,Fiction
6989a4de10805f5685d6a42a,General
6989a4de10805f5685d6a42b,Drama
6989a4de10805f5685d6a42d,Psychology
6989a4de10805f5685d6a42e,General
6989a4de10805f5685d6a42f,General
6989a4de10805f5685d6a430,Fiction
6989a4de10805f5685d6a432,Body
6989a4de10805f5685d6a432,Mind
6989a4de10805f5685d6a434,Comics
6989a4de10805f5685d6a435,Religion
6989a4de10805f5685d6a436,History
6989a4de10805f5685d6a438,Fiction
6989a4de10805f5685d6a439,History
6989a4de10805f5685d6a43b,Fiction
6989a4de10805f5685d6a43c,Fiction
6989a4de10805f5685d6a43e,History
6989a4de10805f5685d6a43f,General
6989a4de10805f5685d6a440,Juvenile Fiction
6989a4de10805f5685d6a442,Reference
6989a4de10805f5685d6a443,Sailing
6989a4de10805f5685d6a445,Family
6989a4de10805f5685d6a447,Fiction
6989a4de10805f5685d6a449,General
6989a4de10805f5685d6a44a,Juvenile Fiction
6989a4de10805f5685d6a44c,Architecture
6989a4de10805f5685d6a44e,Travel
6989a4de10805f5685d6a450,Body
6989a4de10805f5685d6a450,Mind
6989a4de10805f5685d6a452,Biography
6989a4de10805f5685d6a454,American Wit And Humor
6989a4de10805f5685d6a456,General
6989a4de10805f5685d6a457,General
6989a4de10805f5685d6a458,Fiction
6989a4de10805f5685d6a45a,Fiction
6989a4de10805f5685d6a45b,Fiction
6989a4de10805f5685d6a45d,General
6989a4de10805f5685d6a45e,Fiction
6989a4de10805f5685d6a460,Electrical Engineering
6989a4de10805f5685d6a462,Fiction
6989a4de10805f5685d6a464,Body
6989a4de10805f5685d6a464,Mind
6989a4de10805f5685d6a466,Medical
6989a4de10805f5685d6a468,General
6989a4de10805f5685d6a469,General
6989a4de10805f5685d6a46a,Body
6989a4de10805f5685d6a46a,Mind
6989a4de10805f5685d6a46c,Business
6989a4de10805f5685d6a46e,Biography
6989a4de10805f5685d6a470,Attempted Murder
6989a4de10805f5685d6a471,Biography
6989a4de10805f5685d6a473,Fiction
6989a4de10805f5685d6a474,Juvenile Nonfiction
6989a4de10805f5685d6a476,American Literature
6989a4de10805f5685d6a477,Fiction
6989a4de10805f5685d6a479,Decoration And Ornament
6989a4de10805f5685d6a479,Celtic
6989a4de10805f5685d6a47b,Selling
6989a4de10805f5685d6a47c,Africa
6989a4de10805f5685d6a47c,Central
6989a4de10805f5685d6a47e,Fantastic Fiction
6989a4de10805f5685d6a47e,Cuban
6989a4de10805f5685d6a480,Fiction
6989a4de10805f5685d6a481,Literary Criticism
6989a4de10805f5685d6a483,Literary Criticism
6989a4de10805f5685d6a485,Business
6989a4de10805f5685d6a487,Fiction
6989a4de10805f5685d6a489,General
6989a4de10805f5685d6a48a,Biography
6989a4de10805f5685d6a48b,Fiction
6989a4de10805f5685d6a48c,General
6989a4de10805f5685d6a48d,Political Science
6989a4de10805f5685d6a48f,History
6989a4de10805f5685d6a491,General
6989a4de10805f5685d6a492,General
6989a4de10805f5685d6a493,Artists
6989a4de10805f5685d6a495,Family
6989a4de10805f5685d6a497,History
6989a4de10805f5685d6a499,Fiction
6989a4de10805f5685d6a49b,Fiction
6989a4de10805f5685d6a49c,Juvenile Fiction
6989a4de10805f5685d6a49e,General
6989a4de10805f5685d6a49f,General
6989a4de10805f5685d6a4a0,True Crime
6989a4de10805f5685d6a4a2,Canadian Rockies (b.c. And Alta.)
6989a4de10805f5685d6a4a4,Fiction
6989a4de10805f5685d6a4a6,Fiction
6989a4de10805f5685d6a4a8,Conjoined Twins
6989a4de10805f5685d6a4a9,General
6989a4de10805f5685d6a4aa,General
6989a4de10805f5685d6a4ab,General
6989a4de10805f5685d6a4ac,Dysfunctional Families
6989a4de10805f5685d6a4ae,General
6989a4de10805f5685d6a4af,Fiction
6989a4de10805f5685d6a4b1,North Carolina
6989a4de10805f5685d6a4b3,Flags
6989a4de10805f5685d6a4b5,Biography
6989a4de10805f5685d6a4b6,Fiction
6989a4de10805f5685d6a4b8,Bereavement
6989a4de10805f5685d6a4ba,Literary Criticism
6989a4de10805f5685d6a4bc,General
6989a4de10805f5685d6a4bd,Juvenile Fiction
6989a4de10805f5685d6a4be,General
6989a4de10805f5685d6a4bf,Fiction
6989a4de10805f5685d6a4c1,Fiction
6989a4de10805f5685d6a4c2,General
6989a4de10805f5685d6a4c4,Fiction
6989a4de10805f5685d6a4c5,Juvenile Fiction
6989a4de10805f5685d6a4c7,Language Arts
6989a4de10805f5685d6a4c9,Religion
6989a4de10805f5685d6a4cb,Religion
6989a4de10805f5685d6a4cd,Fiction
6989a4de10805f5685d6a4ce,Fiction
6989a4de10805f5685d6a4d0,Family
6989a4de10805f5685d6a4d2,General
6989a4de10805f5685d6a4d3,Fiction
6989a4de10805f5685d6a4d4,Juvenile Fiction
6989a4de10805f5685d6a4d6,Psychology
6989a4de10805f5685d6a4d8,General
6989a4de10805f5685d6a4d9,General
6989a4de10805f5685d6a4da,General
6989a4de10805f5685d6a4db,Fiction
6989a4de10805f5685d6a4dd,Drama
6989a4de10805f5685d6a4df,Animals In Art
6989a4de10805f5685d6a4e0,General
6989a4de10805f5685d6a4e1,General
6989a4de10805f5685d6a4e3,Black Beauty (fictitious Character)
6989a4de10805f5685d6a4e5,Amerikaanse Fiksie
6989a4de10805f5685d6a4e6,Business
6989a4de10805f5685d6a4e8,General
6989a4de10805f5685d6a4e9,Literary Criticism
6989a4de10805f5685d6a4eb,Books
6989a4de10805f5685d6a4ec,History
6989a4de10805f5685d6a4ee,Fiction
6989a4de10805f5685d6a4f0,Biography
6989a4de10805f5685d6a4f1,Biography
6989a4de10805f5685d6a4f3,Dating (social Customs)
6989a4de10805f5685d6a4f4,Drama
6989a4de10805f5685d6a4f5,General
6989a4de10805f5685d6a4f6,Fiction
6989a4de10805f5685d6a4f8,General
6989a4de10805f5685d6a4fa,Poetry
6989a4de10805f5685d6a4fc,Family
6989a4de10805f5685d6a4fe,Fiction
6989a4de10805f5685d6a500,Fiction
6989a4de10805f5685d6a502,Education
6989a4de10805f5685d6a504,History
6989a4de10805f5685d6a506,Authors
6989a4de10805f5685d6a506,Irish
6989a4de10805f5685d6a508,General
6989a4de10805f5685d6a509,Fiction
6989a4de10805f5685d6a50a,Self-realization
6989a4de10805f5685d6a50c,English Fiction
6989a4de10805f5685d6a50e,General
6989a4de10805f5685d6a50f,General
6989a4de10805f5685d6a510,Political Science
6989a4de10805f5685d6a512,Fiction
6989a4de10805f5685d6a514,Fiction
6989a4de10805f5685d6a515,Education
6989a4de10805f5685d6a517,Humor
6989a4de10805f5685d6a519,Children's Stories
6989a4de10805f5685d6a51b,General
6989a4de10805f5685d6a51c,Fiction
6989a4de10805f5685d6a51e,Juvenile Fiction
6989a4de10805f5685d6a51f,Eskimos
6989a4de10805f5685d6a520,General
6989a4de10805f5685d6a521,General
6989a4de10805f5685d6a522,Fiction
6989a4de10805f5685d6a524,Fiction
6989a4de10805f5685d6a525,Self-help
6989a4de10805f5685d6a527,House
6989a4de10805f5685d6a529,General
6989a4de10805f5685d6a52a,General
6989a4de10805f5685d6a52b,General
6989a4de10805f5685d6a52c,Juvenile Fiction
6989a4de10805f5685d6a52e,Fiction
6989a4de10805f5685d6a530,Pets
6989a4de10805f5685d6a532,Animals
6989a4de10805f5685d6a533,General
6989a4de10805f5685d6a534,Psychology
6989a4de10805f5685d6a536,General
6989a4de10805f5685d6a537,Biography
6989a4de10805f5685d6a539,Aphrodisiacs
6989a4de10805f5685d6a53b,General
6989a4de10805f5685d6a53d,Legends
6989a4de10805f5685d6a53e,Fiction
6989a4de10805f5685d6a540,Fiction
6989a4de10805f5685d6a542,General
6989a4de10805f5685d6a543,General
6989a4de10805f5685d6a544,Fiction
6989a4de10805f5685d6a546,Comics
6989a4de10805f5685d6a548,Juvenile Fiction
6989a4de10805f5685d6a54a,Audiobooks
6989a4de10805f5685d6a54b,General
6989a4de10805f5685d6a54c,Fiction
6989a4de10805f5685d6a54e,Canada
6989a4de10805f5685d6a550,Religion
6989a4de10805f5685d6a552,Fiction
6989a4de10805f5685d6a553,Biography
6989a4de10805f5685d6a555,General
6989a4de10805f5685d6a556,Fiction
6989a4de10805f5685d6a558,Travel
6989a4de10805f5685d6a55a,Religion
6989a4de10805f5685d6a55c,Fiction In English
6989a4de10805f5685d6a55d,General
6989a4de10805f5685d6a55e,Fiction
6989a4de10805f5685d6a55f,Fiction
6989a4de10805f5685d6a561,General
6989a4de10805f5685d6a562,Religion
6989a4de10805f5685d6a564,Fiction
6989a4de10805f5685d6a565,Business
6989a4de10805f5685d6a567,Fiction
6989a4de10805f5685d6a569,Fiction
6989a4de10805f5685d6a56b,Fiction
6989a4de10805f5685d6a56c,Family
6989a4de10805f5685d6a56e,Fiction
6989a4de10805f5685d6a56f,Fiction
6989a4de10805f5685d6a571,Humor
6989a4de10805f5685d6a572,Card Games
6989a4de10805f5685d6a574,General
6989a4de10805f5685d6a576,Fiction
6989a4de10805f5685d6a577,Fiction
6989a4de10805f5685d6a579,American Poetry
6989a4de10805f5685d6a57b,Fiction
6989a4de10805f5685d6a57c,Fiction
6989a4de10805f5685d6a57e,General
6989a4de10805f5685d6a57f,Fiction
6989a4de10805f5685d6a581,General
6989a4de10805f5685d6a582,Biography
6989a4de10805f5685d6a583,General
6989a4de10805f5685d6a584,Fiction
6989a4de10805f5685d6a585,Health
6989a4de10805f5685d6a587,Performing Arts
6989a4de10805f5685d6a588,Animals
6989a4de10805f5685d6a58a,Reference
6989a4de10805f5685d6a58c,Juvenile Nonfiction
6989a4de10805f5685d6a58e,Poetry
6989a4de10805f5685d6a590,Fiction
6989a4de10805f5685d6a592,Juvenile Fiction
6989a4de10805f5685d6a594,Science
6989a4de10805f5685d6a596,Mathematics
6989a4de10805f5685d6a598,Juvenile Fiction
6989a4de10805f5685d6a599,Music
6989a4de10805f5685d6a59b,General
6989a4de10805f5685d6a59c,Medical
6989a4de10805f5685d6a59d,Juvenile Fiction
6989a4de10805f5685d6a59f,Self-help
6989a4de10805f5685d6a5a1,General
6989a4de10805f5685d6a5a2,Fiction
6989a4de10805f5685d6a5a4,Fiction
6989a4de10805f5685d6a5a6,Fiction
6989a4de10805f5685d6a5a7,General
6989a4de10805f5685d6a5a8,Law
6989a4de10805f5685d6a5aa,Juvenile Fiction
6989a4de10805f5685d6a5ac,Fiction
6989a4de10805f5685d6a5ad,Family
6989a4de10805f5685d6a5af,Sports
6989a4de10805f5685d6a5b1,Fiction
6989a4de10805f5685d6a5b2,Fiction
6989a4de10805f5685d6a5b3,Art
6989a4de10805f5685d6a5b4,Poetry
6989a4de10805f5685d6a5b6,Fiction
6989a4de10805f5685d6a5b8,Police
6989a4de10805f5685d6a5ba,Philosophy
6989a4de10805f5685d6a5bc,Fiction
6989a4de10805f5685d6a5bd,Young Adult Fiction
6989a4de10805f5685d6a5be,Fiction
6989a4de10805f5685d6a5bf,Literary Criticism
6989a4de10805f5685d6a5c1,History
6989a4de10805f5685d6a5c3,Fiction
6989a4de10805f5685d6a5c5,General
6989a4de10805f5685d6a5c6,Juvenile Fiction
6989a4de10805f5685d6a5c8,Fiction
6989a4de10805f5685d6a5ca,General
6989a4de10805f5685d6a5cb,Self-help
6989a4de10805f5685d6a5cd,Social Science
6989a4de10805f5685d6a5cf,Juvenile Fiction
6989a4de10805f5685d6a5d1,Humor
6989a4de10805f5685d6a5d3,Fiction
6989a4de10805f5685d6a5d5,Fiction
6989a4de10805f5685d6a5d6,Fiction
6989a4de10805f5685d6a5d8,General
6989a4de10805f5685d6a5da,Fiction
6989a4de10805f5685d6a5db,General
6989a4de10805f5685d6a5dc,Fiction
6989a4de10805f5685d6a5de,Games
6989a4de10805f5685d6a5e0,Fiction
6989a4de10805f5685d6a5e1,General
6989a4de10805f5685d6a5e2,Health
6989a4de10805f5685d6a5e4,Time Management
6989a4de10805f5685d6a5e6,Juvenile Fiction
6989a4de10805f5685d6a5e8,Fiction
6989a4de10805f5685d6a5ea,Business
6989a4de10805f5685d6a5ec,Fiction
6989a4de10805f5685d6a5ed,Fiction
6989a4de10805f5685d6a5ef,Fiction
6989a4de10805f5685d6a5f1,General
6989a4de10805f5685d6a5f2,Fiction
6989a4de10805f5685d6a5f4,Country Musicians
6989a4de10805f5685d6a5f6,Juvenile Fiction
6989a4de10805f5685d6a5f8,Anglais (langue) - Histoire
6989a4de10805f5685d6a5fa,Fiction
6989a4de10805f5685d6a5fc,Biography
6989a4de10805f5685d6a5fe,Fiction
6989a4de10805f5685d6a600,Comics
6989a4de10805f5685d6a602,Fiction
6989a4de10805f5685d6a604,Leadership
6989a4de10805f5685d6a606,Epic Literature
6989a4de10805f5685d6a608,Fiction
6989a4de10805f5685d6a609,General
6989a4de10805f5685d6a60b,Performing Arts
6989a4de10805f5685d6a60d,Literary Criticism
6989a4de10805f5685d6a60e,Juvenile Fiction
6989a4de10805f5685d6a610,Fiction
6989a4de10805f5685d6a611,General
6989a4de10805f5685d6a612,Juvenile Nonfiction
6989a4de10805f5685d6a613,Fiction
6989a4de10805f5685d6a614,Education
6989a4de10805f5685d6a616,History
6989a4de10805f5685d6a618,Religion
6989a4de10805f5685d6a61a,Art
6989a4de10805f5685d6a61c,Fiction
6989a4de10805f5685d6a61e,General
6989a4de10805f5685d6a61f,Fiction
6989a4de10805f5685d6a620,Fiction
6989a4de10805f5685d6a621,Fiction
6989a4de10805f5685d6a623,Sports
6989a4de10805f5685d6a625,Fiction
6989a4de10805f5685d6a626,History
6989a4de10805f5685d6a627,Cooking
6989a4de10805f5685d6a629,Poetry
6989a4de10805f5685d6a62a,Fiction
6989a4de10805f5685d6a62c,Juvenile Nonfiction
6989a4de10805f5685d6a62e,Juvenile Fiction
6989a4de10805f5685d6a630,Fiction
6989a4de10805f5685d6a632,Fiction
6989a4de10805f5685d6a633,History
6989a4de10805f5685d6a635,Literary Criticism
6989a4de10805f5685d6a637,Fiction
6989a4de10805f5685d6a638,Fiction
6989a4de10805f5685d6a639,Fiction
6989a4de10805f5685d6a63a,Fiction
6989a4de10805f5685d6a63c,General
6989a4de10805f5685d6a63e,Literary Criticism
6989a4de10805f5685d6a640,Fiction
6989a4de10805f5685d6a642,Fiction
6989a4de10805f5685d6a643,Biography
6989a4de10805f5685d6a645,Self-help
6989a4de10805f5685d6a646,General
6989a4de10805f5685d6a647,Creative Writing
6989a4de10805f5685d6a649,Young Adult Fiction
6989a4de10805f5685d6a64b,General
6989a4de10805f5685d6a64c,Fiction
6989a4de10805f5685d6a64d,Biography
6989a4de10805f5685d6a64f,General
6989a4de10805f5685d6a650,General
6989a4de10805f5685d6a652,Literary Criticism
6989a4de10805f5685d6a654,General
6989a4de10805f5685d6a655,Fiction
6989a4de10805f5685d6a657,General
6989a4de10805f5685d6a658,Biography
6989a4de10805f5685d6a65a,Foreign Language Study
6989a4de10805f5685d6a65c,Poetry
6989a4de10805f5685d6a65d,General
6989a4de10805f5685d6a65e,Fiction
6989a4de10805f5685d6a660,Fiction
6989a4de10805f5685d6a662,Capacity And Disability
6989a4de10805f5685d6a664,Fiction
6989a4de10805f5685d6a666,Fiction
6989a4de10805f5685d6a668,Fiction
6989a4de10805f5685d6a66a,Fiction
6989a4de10805f5685d6a66c,Social Science
6989a4de10805f5685d6a66e,Fiction
6989a4de10805f5685d6a66f,Fiction
6989a4de10805f5685d6a670,Popular Literature
6989a4de10805f5685d6a672,Language Arts
6989a4de10805f5685d6a674,Fiction
6989a4de10805f5685d6a676,Juvenile Fiction
6989a4de10805f5685d6a678,Juvenile Nonfiction
6989a4de10805f5685d6a67a,Health
6989a4de10805f5685d6a67c,Dragons
6989a4de10805f5685d6a67e,General
6989a4de10805f5685d6a680,Social Science
6989a4de10805f5685d6a682,General
6989a4de10805f5685d6a683,Fiction
6989a4de10805f5685d6a685,Fiction
6989a4de10805f5685d6a687,Fiction
6989a4de10805f5685d6a688,Fiction
6989a4de10805f5685d6a68a,Literatura Contemporánea
6989a4de10805f5685d6a68c,Business
6989a4de10805f5685d6a68e,General
6989a4de10805f5685d6a68f,General
6989a4de10805f5685d6a691,General
6989a4de10805f5685d6a692,Juvenile Fiction
6989a4de10805f5685d6a693,Fiction
6989a4de10805f5685d6a694,Fiction
6989a4de10805f5685d6a696,Literary Collections
6989a4de10805f5685d6a698,Fiction
6989a4de10805f5685d6a699,Literary Collections
6989a4de10805f5685d6a69b,Fiction
6989a4de10805f5685d6a69d,General
6989a4de10805f5685d6a69e,General
6989a4de10805f5685d6a69f,Juvenile Fiction
6989a4de10805f5685d6a6a1,Biography
6989a4de10805f5685d6a6a3,Travel
6989a4de10805f5685d6a6a5,Science
6989a4de10805f5685d6a6a7,History
6989a4de10805f5685d6a6a9,General
6989a4de10805f5685d6a6ab,True Crime
6989a4de10805f5685d6a6ad,Fiction
6989a4de10805f5685d6a6af,Families
6989a4de10805f5685d6a6b1,Fiction
6989a4de10805f5685d6a6b3,General
6989a4de10805f5685d6a6b4,Literary Collections
6989a4de10805f5685d6a6b6,Biography
6989a4de10805f5685d6a6b7,Business
6989a4de10805f5685d6a6b9,Juvenile Fiction
6989a4de10805f5685d6a6ba,Fiction
6989a4de10805f5685d6a6bb,General
6989a4de10805f5685d6a6bc,General
6989a4de10805f5685d6a6bd,Baseball Coaches
6989a4de10805f5685d6a6be,Fiction
6989a4de10805f5685d6a6c0,Fiction
6989a4de10805f5685d6a6c2,Fiction
6989a4de10805f5685d6a6c3,English Language - Words
6989a4de10805f5685d6a6c5,Fantasy
6989a4de10805f5685d6a6c7,Juvenile Fiction
6989a4de10805f5685d6a6c9,Fiction
6989a4de10805f5685d6a6cb,Fiction
6989a4de10805f5685d6a6cd,Fiction
6989a4de10805f5685d6a6cf,Fiction
6989a4de10805f5685d6a6d0,Body
6989a4de10805f5685d6a6d0,Mind
6989a4de10805f5685d6a6d1,History
6989a4de10805f5685d6a6d2,General
6989a4de10805f5685d6a6d4,Fiction
6989a4de10805f5685d6a6d5,General
6989a4de10805f5685d6a6d6,General
6989a4de10805f5685d6a6d7,Philosophy
6989a4de10805f5685d6a6d8,Fiction
6989a4de10805f5685d6a6d9,Fiction
6989a4de10805f5685d6a6db,Happiness
6989a4de10805f5685d6a6dd,Fiction
6989a4de10805f5685d6a6df,Family
6989a4de10805f5685d6a6e1,Religion
6989a4de10805f5685d6a6e2,Biography
6989a4de10805f5685d6a6e4,General
6989a4de10805f5685d6a6e5,Fiction
6989a4de10805f5685d6a6e6,Fiction
6989a4de10805f5685d6a6e8,Juvenile Fiction
6989a4de10805f5685d6a6ea,Juvenile Fiction
6989a4de10805f5685d6a6eb,General
6989a4de10805f5685d6a6ed,Juvenile Fiction
6989a4de10805f5685d6a6ef,General
6989a4de10805f5685d6a6f0,Fiction
6989a4de10805f5685d6a6f1,Fiction
6989a4de10805f5685d6a6f3,Fiction
6989a4de10805f5685d6a6f5,Biography
6989a4de10805f5685d6a6f7,Comic Books
6989a4de10805f5685d6a6f7,Strips
6989a4de10805f5685d6a6f7,Etc
6989a4de10805f5685d6a6f8,Medical
6989a4de10805f5685d6a6fa,General
6989a4de10805f5685d6a6fb,Fiction
6989a4de10805f5685d6a6fc,Fiction
6989a4de10805f5685d6a6fe,Fiction
6989a4de10805f5685d6a700,General
6989a4de10805f5685d6a701,Fiction
6989a4de10805f5685d6a702,General
6989a4de10805f5685d6a703,Fiction
6989a4de10805f5685d6a705,Religion
6989a4de10805f5685d6a707,Fiction
6989a4de10805f5685d6a708,Fiction
6989a4de10805f5685d6a709,Juvenile Nonfiction
6989a4de10805f5685d6a70b,General
6989a4de10805f5685d6a70c,Juvenile Fiction
6989a4de10805f5685d6a70d,Fiction
6989a4de10805f5685d6a70e,History
6989a4de10805f5685d6a710,Comic Books
6989a4de10805f5685d6a710,Strips
6989a4de10805f5685d6a710,Etc
6989a4de10805f5685d6a711,Performing Arts
6989a4de10805f5685d6a713,Japanese Fiction
6989a4de10805f5685d6a715,Fiction
6989a4de10805f5685d6a716,Fiction
6989a4de10805f5685d6a717,Fiction
6989a4de10805f5685d6a718,Fiction
6989a4de10805f5685d6a71a,Nature
6989a4de10805f5685d6a71c,Comics
6989a4de10805f5685d6a71e,General
6989a4de10805f5685d6a71f,American Fiction
6989a4de10805f5685d6a721,Fiction
6989a4de10805f5685d6a722,Fiction
6989a4de10805f5685d6a723,Photography
6989a4de10805f5685d6a725,Biography
6989a4de10805f5685d6a727,Fiction
6989a4de10805f5685d6a728,Fiction
6989a4de10805f5685d6a72a,Fiction
6989a4de10805f5685d6a72c,Juvenile Fiction
6989a4de10805f5685d6a72d,Health
6989a4de10805f5685d6a72f,Fiction
6989a4de10805f5685d6a731,Science
6989a4de10805f5685d6a733,Young Adult Fiction
6989a4de10805f5685d6a735,Young Adult Fiction
6989a4de10805f5685d6a737,Juvenile Fiction
6989a4de10805f5685d6a738,Juvenile Fiction
6989a4de10805f5685d6a73a,Social Science
6989a4de10805f5685d6a73c,Fiction
6989a4de10805f5685d6a73d,Fiction
6989a4de10805f5685d6a73e,General
6989a4de10805f5685d6a73f,General
6989a4de10805f5685d6a741,Juvenile Fiction
6989a4de10805f5685d6a742,Fiction
6989a4de10805f5685d6a744,Fiction
6989a4de10805f5685d6a746,Adultery
6989a4de10805f5685d6a748,Religion
6989a4de10805f5685d6a74a,Fiction
6989a4de10805f5685d6a74c,Cooking
6989a4de10805f5685d6a74e,Fiction
6989a4de10805f5685d6a74f,General
6989a4de10805f5685d6a750,Business
6989a4de10805f5685d6a752,General
6989a4de10805f5685d6a754,Fiction
6989a4de10805f5685d6a755,Science
6989a4de10805f5685d6a757,General
6989a4de10805f5685d6a758,Biography
6989a4de10805f5685d6a75a,Fiction
6989a4de10805f5685d6a75c,General
6989a4de10805f5685d6a75e,General
6989a4de10805f5685d6a75f,Fiction
6989a4de10805f5685d6a761,Fiction
6989a4de10805f5685d6a763,Juvenile Fiction
6989a4de10805f5685d6a765,General
6989a4de10805f5685d6a767,Biography
6989a4de10805f5685d6a769,Juvenile Fiction
6989a4de10805f5685d6a76a,Fiction
6989a4de10805f5685d6a76b,Fiction
6989a4de10805f5685d6a76d,Science Fiction
6989a4de10805f5685d6a76d,American.
6989a4de10805f5685d6a76e,Juvenile Fiction
6989a4de10805f5685d6a770,Fiction
6989a4de10805f5685d6a772,Body
6989a4de10805f5685d6a772,Mind
6989a4de10805f5685d6a774,General
6989a4de10805f5685d6a775,Juvenile Fiction
6989a4de10805f5685d6a777,Fiction
6989a4de10805f5685d6a778,Poetry
6989a4de10805f5685d6a779,Body
6989a4de10805f5685d6a779,Mind
6989a4de10805f5685d6a77a,Deverry (imaginary Place)
6989a4de10805f5685d6a77c,Fishes
6989a4de10805f5685d6a77d,Harlem (new York
6989a4de10805f5685d6a77d,N.y.)
6989a4de10805f5685d6a77f,Juvenile Fiction
6989a4de10805f5685d6a781,Self-actualization (psychology)
6989a4de10805f5685d6a783,Condensed Books
6989a4de10805f5685d6a784,Fiction
6989a4de10805f5685d6a786,Fiction
6989a4de10805f5685d6a788,Computers
6989a4de10805f5685d6a78a,Fiction
6989a4de10805f5685d6a78c,Science
6989a4de10805f5685d6a78e,Fiction
6989a4de10805f5685d6a78f,Fiction
6989a4de10805f5685d6a790,Juvenile Fiction
6989a4de10805f5685d6a792,General
6989a4de10805f5685d6a793,General
6989a4de10805f5685d6a794,Bibles
6989a4de10805f5685d6a795,General
6989a4de10805f5685d6a796,General
6989a4de10805f5685d6a798,Juvenile Fiction
6989a4de10805f5685d6a79a,Humor
6989a4de10805f5685d6a79c,Fiction
6989a4de10805f5685d6a79e,Fiction
6989a4de10805f5685d6a7a0,Juvenile Fiction
6989a4de10805f5685d6a7a1,Fiction
6989a4de10805f5685d6a7a2,General
6989a4de10805f5685d6a7a3,Business
6989a4de10805f5685d6a7a5,Fiction
6989a4de10805f5685d6a7a6,Detective And Mystery Stories
6989a4de10805f5685d6a7a7,General
6989a4de10805f5685d6a7a8,General
6989a4de10805f5685d6a7a9,Fiction
6989a4de10805f5685d6a7aa,General
6989a4de10805f5685d6a7ab,Fiction
6989a4de10805f5685d6a7ad,Fiction
6989a4de10805f5685d6a7ae,Fiction
6989a4de10805f5685d6a7b0,General
6989a4de10805f5685d6a7b1,Fiction
6989a4de10805f5685d6a7b2,Art
6989a4de10805f5685d6a7b4,General
6989a4de10805f5685d6a7b5,Design
6989a4de10805f5685d6a7b7,General
6989a4de10805f5685d6a7b9,Fiction
6989a4de10805f5685d6a7bb,General
6989a4de10805f5685d6a7bd,Fiction
6989a4de10805f5685d6a7bf,History
6989a4de10805f5685d6a7c1,Fiction
6989a4de10805f5685d6a7c2,Fiction
6989a4de10805f5685d6a7c4,Family
6989a4de10805f5685d6a7c6,General
6989a4de10805f5685d6a7c7,American Literature
6989a4de10805f5685d6a7c8,Juvenile Fiction
6989a4de10805f5685d6a7ca,Fiction
6989a4de10805f5685d6a7cb,Juvenile Fiction
6989a4de10805f5685d6a7cd,General
6989a4de10805f5685d6a7ce,Poetry
6989a4de10805f5685d6a7cf,General
6989a4de10805f5685d6a7d0,Juvenile Fiction
6989a4de10805f5685d6a7d1,Comics
6989a4de10805f5685d6a7d3,Genealogy
6989a4de10805f5685d6a7d5,General
6989a4de10805f5685d6a7d6,General
6989a4de10805f5685d6a7d8,Fiction
6989a4de10805f5685d6a7d9,Biography
6989a4de10805f5685d6a7da,Nature
6989a4de10805f5685d6a7dc,Fiction
6989a4de10805f5685d6a7de,Design
6989a4de10805f5685d6a7e0,Fiction
6989a4de10805f5685d6a7e2,Patents
6989a4de10805f5685d6a7e3,Fiction
6989a4de10805f5685d6a7e4,Science Fiction
6989a4de10805f5685d6a7e4,American
6989a4de10805f5685d6a7e6,Business
6989a4de10805f5685d6a7e8,Family
6989a4de10805f5685d6a7ea,Fiction
6989a4de10805f5685d6a7ec,Fiction
6989a4de10805f5685d6a7ee,Fiction
6989a4de10805f5685d6a7ef,Fiction
6989a4de10805f5685d6a7f1,Architecture
6989a4de10805f5685d6a7f3,Biography
6989a4de10805f5685d6a7f4,Fiction
6989a4de10805f5685d6a7f6,History
6989a4de10805f5685d6a7f8,General
6989a4de10805f5685d6a7fa,Fiction
6989a4de10805f5685d6a7fc,Business
6989a4de10805f5685d6a7fd,General
6989a4de10805f5685d6a7fe,Religion
6989a4de10805f5685d6a800,Music
6989a4de10805f5685d6a802,General
6989a4de10805f5685d6a803,Young Adult Fiction
6989a4de10805f5685d6a805,Fiction
6989a4de10805f5685d6a807,General
6989a4de10805f5685d6a809,Family
6989a4de10805f5685d6a80b,General
6989a4de10805f5685d6a80c,Inventions
6989a4de10805f5685d6a80e,Fiction
6989a4de10805f5685d6a80f,Social Science
6989a4de10805f5685d6a811,Fiction
6989a4de10805f5685d6a813,General
6989a4de10805f5685d6a814,Music
6989a4de10805f5685d6a816,Antiques
6989a4de10805f5685d6a818,General
6989a4de10805f5685d6a819,General
6989a4de10805f5685d6a81a,General
6989a4de10805f5685d6a81c,Fiction
6989a4de10805f5685d6a81d,Juvenile Fiction
6989a4de10805f5685d6a81f,Philosophy
6989a4de10805f5685d6a821,Religion
6989a4de10805f5685d6a822,Science
6989a4de10805f5685d6a824,Humor
6989a4de10805f5685d6a825,Fiction
6989a4de10805f5685d6a827,Juvenile Fiction
6989a4de10805f5685d6a829,Fiction
6989a4de10805f5685d6a82b,Fiction
6989a4de10805f5685d6a82d,Fiction
6989a4de10805f5685d6a82e,Religion
6989a4de10805f5685d6a82f,Honesty
6989a4de10805f5685d6a830,Business
6989a4de10805f5685d6a832,Art
6989a4de10805f5685d6a834,Religion
6989a4de10805f5685d6a836,Fiction
6989a4de10805f5685d6a837,Feminism
6989a4de10805f5685d6a839,Cooking
6989a4de10805f5685d6a83b,Fiction
6989a4de10805f5685d6a83c,Sports
6989a4de10805f5685d6a83e,History
6989a4de10805f5685d6a840,Religion
6989a4de10805f5685d6a842,General
6989a4de10805f5685d6a843,Games
6989a4de10805f5685d6a845,Animal Welfare
6989a4de10805f5685d6a847,Literary Criticism
6989a4de10805f5685d6a849,Political Science
6989a4de10805f5685d6a84b,Fiction
6989a4de10805f5685d6a84d,Fiction
6989a4de10805f5685d6a84f,General
6989a4de10805f5685d6a850,Juvenile Nonfiction
6989a4de10805f5685d6a852,Travel
6989a4de10805f5685d6a854,Fiction
6989a4de10805f5685d6a856,Quilts
6989a4de10805f5685d6a858,Science
6989a4de10805f5685d6a85a,General
6989a4de10805f5685d6a85b,Burma
6989a4de10805f5685d6a85c,Fiction
6989a4de10805f5685d6a85e,Biography
6989a4de10805f5685d6a85f,Juvenile Nonfiction
6989a4de10805f5685d6a861,General
6989a4de10805f5685d6a862,Juvenile Nonfiction
6989a4de10805f5685d6a864,Biography
6989a4de10805f5685d6a866,Adventure Stories
6989a4de10805f5685d6a868,Fiction
6989a4de10805f5685d6a869,Pets
6989a4de10805f5685d6a86b,Body
6989a4de10805f5685d6a86b,Mind
6989a4de10805f5685d6a86d,Cooking
6989a4de10805f5685d6a86f,Fiction
6989a4de10805f5685d6a870,Fiction
6989a4de10805f5685d6a872,General
6989a4de10805f5685d6a874,Poetry
6989a4de10805f5685d6a875,Biography
6989a4de10805f5685d6a877,Juvenile Fiction
6989a4de10805f5685d6a879,Self-help
6989a4de10805f5685d6a87b,Fiction
6989a4de10805f5685d6a87c,Audio-visual Education
6989a4de10805f5685d6a87d,Juvenile Fiction
6989a4de10805f5685d6a87e,Biography
6989a4de10805f5685d6a880,Religion
6989a4de10805f5685d6a881,Fiction
6989a4de10805f5685d6a882,Sports
6989a4de10805f5685d6a884,Science
6989a4de10805f5685d6a885,Fiction
6989a4de10805f5685d6a887,Biography
6989a4de10805f5685d6a889,Fiction
6989a4de10805f5685d6a88a,Travel
6989a4de10805f5685d6a88b,Juvenile Fiction
6989a4de10805f5685d6a88d,Session Laws
6989a4de10805f5685d6a88f,Fiction
6989a4de10805f5685d6a891,General
6989a4de10805f5685d6a892,Fiction
6989a4de10805f5685d6a894,Self-help
6989a4de10805f5685d6a896,General
6989a4de10805f5685d6a897,Class Actions (civil Procedure)
6989a4de10805f5685d6a898,Religion
6989a4de10805f5685d6a89a,New Mexico
6989a4de10805f5685d6a89c,Young Adult Fiction
6989a4de10805f5685d6a89d,General
6989a4de10805f5685d6a89e,Conduct Of Life
6989a4de10805f5685d6a89f,Comics
6989a4de10805f5685d6a8a1,Talking Books
6989a4de10805f5685d6a8a3,Family
6989a4de10805f5685d6a8a4,Humor
6989a4de10805f5685d6a8a6,Language Arts
6989a4de10805f5685d6a8a8,General
6989a4de10805f5685d6a8aa,Juvenile Fiction
6989a4de10805f5685d6a8ac,Literary Criticism
6989a4de10805f5685d6a8ae,Biography
6989a4de10805f5685d6a8b0,Law
6989a4de10805f5685d6a8b1,Biography
6989a4de10805f5685d6a8b3,Fiction
6989a4de10805f5685d6a8b5,Fiction
6989a4de10805f5685d6a8b7,Fiction
6989a4de10805f5685d6a8b8,Fiction
6989a4de10805f5685d6a8ba,Survival
6989a4de10805f5685d6a8bb,Fiction
6989a4de10805f5685d6a8bc,True Crime
6989a4de10805f5685d6a8be,General
6989a4de10805f5685d6a8c0,Love Stories
6989a4de10805f5685d6a8c2,Fiction
6989a4de10805f5685d6a8c3,Social Science
6989a4de10805f5685d6a8c5,Fiction
6989a4de10805f5685d6a8c6,Fiction
6989a4de10805f5685d6a8c8,General
6989a4de10805f5685d6a8c9,General
6989a4de10805f5685d6a8ca,French Literature
6989a4de10805f5685d6a8cb,General
6989a4de10805f5685d6a8cc,Fiction
6989a4de10805f5685d6a8cd,General
6989a4de10805f5685d6a8ce,Body
6989a4de10805f5685d6a8ce,Mind
6989a4de10805f5685d6a8d0,Fiction
6989a4de10805f5685d6a8d2,Health
6989a4de10805f5685d6a8d4,Fiction
6989a4de10805f5685d6a8d6,General
6989a4de10805f5685d6a8d7,General
6989a4de10805f5685d6a8d8,Fiction
6989a4de10805f5685d6a8d9,Biography
6989a4de10805f5685d6a8db,General
6989a4de10805f5685d6a8dc,Fiction
6989a4de10805f5685d6a8dd,Juvenile Fiction
6989a4de10805f5685d6a8de,General
6989a4de10805f5685d6a8df,General
6989a4de10805f5685d6a8e0,General
6989a4de10805f5685d6a8e2,General
6989a4de10805f5685d6a8e3,Business
6989a4de10805f5685d6a8e5,General
6989a4de10805f5685d6a8e6,Religion
6989a4de10805f5685d6a8e8,Psychology
6989a4de10805f5685d6a8ea,Health
6989a4de10805f5685d6a8ec,General
6989a4de10805f5685d6a8ee,Fiction
6989a4de10805f5685d6a8ef,Fiction
6989a4de10805f5685d6a8f1,American Literature
6989a4de10805f5685d6a8f2,General
6989a4de10805f5685d6a8f4,Fiction
6989a4de10805f5685d6a8f5,Cooking
6989a4de10805f5685d6a8f7,History
6989a4de10805f5685d6a8f9,Aristocracy (social Class)
6989a4de10805f5685d6a8fb,General
6989a4de10805f5685d6a8fc,Fiction
6989a4de10805f5685d6a8fd,Fiction
6989a4de10805f5685d6a8ff,California
6989a4de10805f5685d6a900,General
6989a4de10805f5685d6a901,General
6989a4de10805f5685d6a903,Games
6989a4de10805f5685d6a905,Human-alien Encounters
6989a4de10805f5685d6a906,General
6989a4de10805f5685d6a907,Juvenile Fiction
6989a4de10805f5685d6a909,Fiction
6989a4de10805f5685d6a90b,Biology
6989a4de10805f5685d6a90d,General
6989a4de10805f5685d6a90e,General
6989a4de10805f5685d6a90f,Juvenile Fiction
6989a4de10805f5685d6a910,General
6989a4de10805f5685d6a912,Transportation
6989a4de10805f5685d6a914,General
6989a4de10805f5685d6a915,Social Science
6989a4de10805f5685d6a917,General
6989a4de10805f5685d6a918,General
6989a4de10805f5685d6a91a,Juvenile Nonfiction
6989a4de10805f5685d6a91b,True Crime
6989a4de10805f5685d6a91d,General
6989a4de10805f5685d6a91f,Social Science
6989a4de10805f5685d6a921,Social Science
6989a4de10805f5685d6a923,General
6989a4de10805f5685d6a924,Fiction
6989a4de10805f5685d6a926,Juvenile Nonfiction
6989a4de10805f5685d6a928,Juvenile Fiction
6989a4de10805f5685d6a92a,Bible
6989a4de10805f5685d6a92c,Fiction
6989a4de10805f5685d6a92d,Fiction
6989a4de10805f5685d6a92f,Performing Arts
6989a4de10805f5685d6a931,Psychology
6989a4de10805f5685d6a933,Fiction
6989a4de10805f5685d6a935,Bambi (fictitious Character)
6989a4de10805f5685d6a936,Juvenile Fiction
6989a4de10805f5685d6a938,Literary Collections
6989a4de10805f5685d6a93a,Biography
6989a4de10805f5685d6a93b,Juvenile Fiction
6989a4de10805f5685d6a93c,General
6989a4de10805f5685d6a93d,History
6989a4de10805f5685d6a93f,Aids (disease)
6989a4de10805f5685d6a940,General
6989a4de10805f5685d6a941,Business
6989a4de10805f5685d6a943,Fiction
6989a4de10805f5685d6a945,Psychology
6989a4de10805f5685d6a947,Fiction
6989a4de10805f5685d6a949,Comics
6989a4de10805f5685d6a94b,General
6989a4de10805f5685d6a94d,General
6989a4de10805f5685d6a94e,Fiction
6989a4de10805f5685d6a94f,Juvenile Fiction
6989a4de10805f5685d6a951,General
6989a4de10805f5685d6a952,General
6989a4de10805f5685d6a953,General
6989a4de10805f5685d6a954,History
6989a4de10805f5685d6a956,Education
6989a4de10805f5685d6a958,Business
6989a4de10805f5685d6a95a,Religion
6989a4de10805f5685d6a95c,General
6989a4de10805f5685d6a95d,Comics
6989a4de10805f5685d6a95e,Art
6989a4de10805f5685d6a960,Fiction
6989a4de10805f5685d6a962,History
6989a4de10805f5685d6a964,Union Catalogs
6989a4de10805f5685d6a965,Social Science
6989a4de10805f5685d6a967,Juvenile Fiction
6989a4de10805f5685d6a969,History
6989a4de10805f5685d6a96b,Fiction
6989a4de10805f5685d6a96d,Fiction
6989a4de10805f5685d6a96f,Fiction
6989a4de10805f5685d6a971,Fiction
6989a4de10805f5685d6a973,Biography
6989a4de10805f5685d6a974,Juvenile Nonfiction
6989a4de10805f5685d6a975,Fiction
6989a4de10805f5685d6a977,Performing Arts
6989a4de10805f5685d6a979,Juvenile Fiction
6989a4de10805f5685d6a97b,Juvenile Nonfiction
6989a4de10805f5685d6a97d,Authors
6989a4de10805f5685d6a97d,English
6989a4de10805f5685d6a97e,British
6989a4de10805f5685d6a97f,Detective And Mystery Stories
6989a4de10805f5685d6a981,Fiction
6989a4de10805f5685d6a982,General
6989a4de10805f5685d6a983,Psychology
6989a4de10805f5685d6a985,Bible
6989a4de10805f5685d6a987,Fiction
6989a4de10805f5685d6a988,Fiction
6989a4de10805f5685d6a989,Biography
6989a4de10805f5685d6a98b,Fiction
6989a4de10805f5685d6a98c,Fiction
6989a4de10805f5685d6a98e,General
6989a4de10805f5685d6a990,Religion
6989a4de10805f5685d6a992,Young Adult Fiction
6989a4de10805f5685d6a993,Family
6989a4de10805f5685d6a995,Fiction
6989a4de10805f5685d6a997,Juvenile Fiction
6989a4de10805f5685d6a999,China
6989a4de10805f5685d6a99a,Fiction
6989a4de10805f5685d6a99c,Fiction
6989a4de10805f5685d6a99d,Political Science
6989a4de10805f5685d6a99f,Drama
6989a4de10805f5685d6a9a0,Drama
6989a4de10805f5685d6a9a2,Juvenile Nonfiction
6989a4de10805f5685d6a9a4,General
6989a4de10805f5685d6a9a6,General
6989a4de10805f5685d6a9a7,General
6989a4de10805f5685d6a9a8,Computers
6989a4de10805f5685d6a9aa,Fiction
6989a4de10805f5685d6a9ac,Fiction
6989a4de10805f5685d6a9ae,Religion
6989a4de10805f5685d6a9b0,Death
6989a4de10805f5685d6a9b2,Latin America
6989a4de10805f5685d6a9b3,Fiction
6989a4de10805f5685d6a9b5,Blind
6989a4de10805f5685d6a9b7,Fiction
6989a4de10805f5685d6a9b8,History
6989a4de10805f5685d6a9ba,Photography
6989a4de10805f5685d6a9bc,Literary Criticism
6989a4de10805f5685d6a9be,Social Science
6989a4de10805f5685d6a9c0,Fiction
6989a4de10805f5685d6a9c1,General
6989a4de10805f5685d6a9c2,Experimental Fiction
6989a4de10805f5685d6a9c4,Spiritual Life
6989a4de10805f5685d6a9c6,Radio
6989a4de10805f5685d6a9c7,Political Science
6989a4de10805f5685d6a9c9,Biography
6989a4de10805f5685d6a9cb,Classical Literature
6989a4de10805f5685d6a9cd,General
6989a4de10805f5685d6a9ce,American Literature
6989a4de10805f5685d6a9cf,Juvenile Fiction
6989a4de10805f5685d6a9d0,Detective And Mystery Stories
6989a4de10805f5685d6a9d2,American Wit And Humor
6989a4de10805f5685d6a9d2,Pictorial
6989a4de10805f5685d6a9d4,Literary Criticism
6989a4de10805f5685d6a9d6,Foreign Language Study
6989a4de10805f5685d6a9d8,Fiction
6989a4de10805f5685d6a9da,Fiction
6989a4de10805f5685d6a9dc,Literary Criticism
6989a4de10805f5685d6a9de,Fiction
6989a4de10805f5685d6a9df,Fiction
6989a4de10805f5685d6a9e1,Juvenile Fiction
6989a4de10805f5685d6a9e2,Science Fiction
6989a4de10805f5685d6a9e2,American
6989a4de10805f5685d6a9e4,Fiction
6989a4de10805f5685d6a9e6,Buddhism
6989a4de10805f5685d6a9e8,Gay Men
6989a4de10805f5685d6a9e9,Biography
6989a4de10805f5685d6a9eb,Performing Arts
6989a4de10805f5685d6a9ed,Juvenile Fiction
6989a4de10805f5685d6a9ee,Juvenile Fiction
6989a4de10805f5685d6a9ef,Business
6989a4de10805f5685d6a9f1,Death
6989a4de10805f5685d6a9f1,Apparent
6989a4de10805f5685d6a9f3,Philosophy
6989a4de10805f5685d6a9f5,Fiction
6989a4de10805f5685d6a9f7,Fiction
6989a4de10805f5685d6a9f9,Juvenile Fiction
6989a4de10805f5685d6a9fa,Juvenile Fiction
6989a4de10805f5685d6a9fc,Fiction
6989a4de10805f5685d6a9fe,Travel
6989a4de10805f5685d6aa00,Juvenile Fiction
6989a4de10805f5685d6aa01,Lathes
6989a4de10805f5685d6aa03,Fiction
6989a4de10805f5685d6aa04,Juvenile Fiction
6989a4de10805f5685d6aa06,Fiction
6989a4de10805f5685d6aa08,General
6989a4de10805f5685d6aa0a,Fiction
6989a4de10805f5685d6aa0c,History
6989a4de10805f5685d6aa0e,History
6989a4de10805f5685d6aa10,Technology
6989a4de10805f5685d6aa12,Fiction
6989a4de10805f5685d6aa14,Frontier And Pioneer Life
6989a4de10805f5685d6aa15,Fiction
6989a4de10805f5685d6aa17,Pets
6989a4de10805f5685d6aa19,Fiction
6989a4de10805f5685d6aa1a,General
6989a4de10805f5685d6aa1b,Fiction
6989a4de10805f5685d6aa1c,Religion
6989a4de10805f5685d6aa1e,General
6989a4de10805f5685d6aa1f,Fiction
6989a4de10805f5685d6aa20,Female Friendship
6989a4de10805f5685d6aa22,Fiction
6989a4de10805f5685d6aa24,Science
6989a4de10805f5685d6aa25,Fiction
6989a4de10805f5685d6aa27,General
6989a4de10805f5685d6aa28,Authors
6989a4de10805f5685d6aa29,Fiction
6989a4de10805f5685d6aa2b,General
6989a4de10805f5685d6aa2d,General
6989a4de10805f5685d6aa2e,General
6989a4de10805f5685d6aa2f,Fiction
6989a4de10805f5685d6aa31,General
6989a4de10805f5685d6aa32,Fiction
6989a4de10805f5685d6aa33,General
6989a4de10805f5685d6aa35,General
6989a4de10805f5685d6aa36,Rome (italy)
6989a4de10805f5685d6aa37,Humor
6989a4de10805f5685d6aa39,Fiction
6989a4de10805f5685d6aa3a,Religion
6989a4de10805f5685d6aa3c,General
6989a4de10805f5685d6aa3e,Fiction
6989a4de10805f5685d6aa40,Juvenile Fiction
6989a4de10805f5685d6aa42,General
6989a4de10805f5685d6aa43,Cooking
6989a4de10805f5685d6aa45,Religion
6989a4de10805f5685d6aa47,Literary Collections
6989a4de10805f5685d6aa49,General
6989a4de10805f5685d6aa4a,Devil
6989a4de10805f5685d6aa4c,Fiction
6989a4de10805f5685d6aa4d,History
6989a4de10805f5685d6aa4f,Fiction
6989a4de10805f5685d6aa51,Juvenile Nonfiction
6989a4de10805f5685d6aa53,Fiction
6989a4de10805f5685d6aa55,Fiction
6989a4de10805f5685d6aa56,Detective And Mystery Stories
6989a4de10805f5685d6aa58,Fiction
6989a4de10805f5685d6aa5a,Biography
6989a4de10805f5685d6aa5c,Family
6989a4de10805f5685d6aa5d,Fiction
6989a4de10805f5685d6aa5e,Private Investigators
6989a4de10805f5685d6aa5f,Apologetics
6989a4de10805f5685d6aa61,General
6989a4de10805f5685d6aa62,Cooking
6989a4de10805f5685d6aa64,Self-help
6989a4de10805f5685d6aa66,Juvenile Nonfiction
6989a4de10805f5685d6aa67,Bomber Pilots
6989a4de10805f5685d6aa68,Snakes
6989a4de10805f5685d6aa69,History
6989a4de10805f5685d6aa6a,Fiction
6989a4de10805f5685d6aa6c,Fiction
6989a4de10805f5685d6aa6d,Fiction
6989a4de10805f5685d6aa6e,Cooking
6989a4de10805f5685d6aa70,Juvenile Fiction
6989a4de10805f5685d6aa71,General
6989a4de10805f5685d6aa72,General
6989a4de10805f5685d6aa73,Fiction
6989a4de10805f5685d6aa75,Games
6989a4de10805f5685d6aa77,Dawson's Creek (television Program)
6989a4de10805f5685d6aa79,Fiction
6989a4de10805f5685d6aa7b,Commercial Statistics
6989a4de10805f5685d6aa7d,Fiction
6989a4de10805f5685d6aa7e,Fiction
6989a4de10805f5685d6aa7f,Juvenile Fiction
6989a4de10805f5685d6aa81,History
6989a4de10805f5685d6aa83,Soccer
6989a4de10805f5685d6aa85,Health
6989a4de10805f5685d6aa87,Fiction
6989a4de10805f5685d6aa89,France
6989a4de10805f5685d6aa8a,Fiction
6989a4de10805f5685d6aa8b,Business
6989a4de10805f5685d6aa8d,Fiction
6989a4de10805f5685d6aa8e,Fiction
6989a4de10805f5685d6aa90,General
6989a4de10805f5685d6aa91,General
6989a4de10805f5685d6aa92,Fiction
6989a4de10805f5685d6aa93,Religion
6989a4de10805f5685d6aa94,Biography
6989a4de10805f5685d6aa96,History
6989a4de10805f5685d6aa98,Religion
6989a4de10805f5685d6aa99,Fiction
6989a4de10805f5685d6aa9a,General
6989a4de10805f5685d6aa9b,Health
6989a4de10805f5685d6aa9d,Nature
6989a4de10805f5685d6aa9f,Education
6989a4de10805f5685d6aaa1,Young Adult Fiction
6989a4de10805f5685d6aaa2,Diabetes
6989a4de10805f5685d6aaa4,Fiction
6989a4de10805f5685d6aaa6,Science Fiction.
6989a4de10805f5685d6aaa7,Religion
6989a4de10805f5685d6aaa9,General
6989a4de10805f5685d6aaaa,Biography
6989a4de10805f5685d6aaac,Comics
6989a4de10805f5685d6aaae,Church Work With Alcoholics
6989a4de10805f5685d6aab0,Country Life
6989a4de10805f5685d6aab2,Travel
6989a4de10805f5685d6aab4,Biography
6989a4de10805f5685d6aab6,Fiction
6989a4de10805f5685d6aab8,Juvenile Fiction
6989a4de10805f5685d6aab9,General
6989a4de10805f5685d6aaba,Religion
6989a4de10805f5685d6aabc,Costume
6989a4de10805f5685d6aabe,Fiction
6989a4de10805f5685d6aac0,Juvenile Fiction
6989a4de10805f5685d6aac2,General
6989a4de10805f5685d6aac3,Fiction
6989a4de10805f5685d6aac4,Fiction
6989a4de10805f5685d6aac5,Austria
6989a4de10805f5685d6aac7,Drama
6989a4de10805f5685d6aac8,General
6989a4de10805f5685d6aac9,Horse Racing
6989a4de10805f5685d6aaca,Fiction
6989a4de10805f5685d6aacc,Body
6989a4de10805f5685d6aacc,Mind
6989a4de10805f5685d6aacd,Fiction
6989a4de10805f5685d6aace,True Crime
6989a4de10805f5685d6aad0,General
6989a4de10805f5685d6aad1,Language Arts
6989a4de10805f5685d6aad3,Humor
6989a4de10805f5685d6aad5,Audiobooks
6989a4de10805f5685d6aad6,Fiction
6989a4de10805f5685d6aad8,Fiction
6989a4de10805f5685d6aada,General
6989a4de10805f5685d6aadb,Social Science
6989a4de10805f5685d6aadd,Biography
6989a4de10805f5685d6aadf,Religion
6989a4de10805f5685d6aae1,Juvenile Fiction
6989a4de10805f5685d6aae3,Fiction
6989a4de10805f5685d6aae4,Philosophy
6989a4de10805f5685d6aae6,Performing Arts
6989a4de10805f5685d6aae8,Fiction
6989a4de10805f5685d6aaea,Fiction
6989a4de10805f5685d6aaec,Cats
6989a4de10805f5685d6aaee,Young Adult Fiction
6989a4de10805f5685d6aaf0,Religion
6989a4de10805f5685d6aaf1,General
6989a4de10805f5685d6aaf2,General
6989a4de10805f5685d6aaf4,Television
6989a4de10805f5685d6aaf6,General
6989a4de10805f5685d6aaf7,Poetry
6989a4de10805f5685d6aaf8,Fiction
6989a4de10805f5685d6aafa,Law
6989a4de10805f5685d6aafc,Literary Criticism
6989a4de10805f5685d6aafe,Social Science
6989a4de10805f5685d6ab00,Fiction
6989a4de10805f5685d6ab01,General
6989a4de10805f5685d6ab02,Religion
6989a4de10805f5685d6ab04,General
6989a4de10805f5685d6ab05,Fiction
6989a4de10805f5685d6ab07,Book Of The Dead
6989a4de10805f5685d6ab08,General
6989a4de10805f5685d6ab0a,Fiction
6989a4de10805f5685d6ab0c,Fiction
6989a4de10805f5685d6ab0d,English Drama
6989a4de10805f5685d6ab0e,History
6989a4de10805f5685d6ab10,Drama
6989a4de10805f5685d6ab11,Religion
6989a4de10805f5685d6ab13,General
6989a4de10805f5685d6ab15,General
6989a4de10805f5685d6ab17,General
6989a4de10805f5685d6ab19,Biography
6989a4de10805f5685d6ab1a,Fiction
6989a4de10805f5685d6ab1c,General
6989a4de10805f5685d6ab1d,General
6989a4de10805f5685d6ab1e,Business
6989a4de10805f5685d6ab20,Biography
6989a4de10805f5685d6ab22,Religion
6989a4de10805f5685d6ab24,General
6989a4de10805f5685d6ab26,Fiction
6989a4de10805f5685d6ab28,Female Orgasm
6989a4de10805f5685d6ab2a,Fiction
6989a4de10805f5685d6ab2b,Fiction
6989a4de10805f5685d6ab2d,Fiction
6989a4de10805f5685d6ab2f,General
6989a4de10805f5685d6ab30,Science
6989a4de10805f5685d6ab32,Fiction
6989a4de10805f5685d6ab34,Fiction
6989a4de10805f5685d6ab36,Juvenile Fiction
6989a4de10805f5685d6ab38,Fiction
6989a4de10805f5685d6ab3a,Fiction
6989a4de10805f5685d6ab3c,Aristocracy (social Class)
6989a4de10805f5685d6ab3e,Fiction
6989a4de10805f5685d6ab3f,General
6989a4de10805f5685d6ab40,General
6989a4de10805f5685d6ab41,Fiction
6989a4de10805f5685d6ab43,Baseball Players
6989a4de10805f5685d6ab45,Fiction
6989a4de10805f5685d6ab46,Fiction
6989a4de10805f5685d6ab47,General
6989a4de10805f5685d6ab48,Health
6989a4de10805f5685d6ab4a,Marine Biology
6989a4de10805f5685d6ab4c,Fiction
6989a4de10805f5685d6ab4d,General
6989a4de10805f5685d6ab4e,True Crime
6989a4de10805f5685d6ab50,Travel
6989a4de10805f5685d6ab52,Fiction
6989a4de10805f5685d6ab53,New York (n.y.)
6989a4de10805f5685d6ab55,Family
6989a4de10805f5685d6ab57,Fiction
6989a4de10805f5685d6ab58,General
6989a4de10805f5685d6ab5a,Juvenile Fiction
6989a4de10805f5685d6ab5b,General
6989a4de10805f5685d6ab5c,Drug Abuse
6989a4de10805f5685d6ab5e,Fiction
6989a4de10805f5685d6ab5f,Political Science
6989a4de10805f5685d6ab60,General
6989a4de10805f5685d6ab61,Fiction
6989a4de10805f5685d6ab62,General
6989a4de10805f5685d6ab63,Juvenile Fiction
6989a4de10805f5685d6ab64,Fiction
6989a4de10805f5685d6ab66,Literary Collections
6989a4de10805f5685d6ab68,General
6989a4de10805f5685d6ab69,Humor
6989a4de10805f5685d6ab6b,Nature
6989a4de10805f5685d6ab6d,Language Arts
6989a4de10805f5685d6ab6f,Fiction
6989a4de10805f5685d6ab70,General
6989a4de10805f5685d6ab71,History
6989a4de10805f5685d6ab73,Yachts
6989a4de10805f5685d6ab74,General
6989a4de10805f5685d6ab75,General
6989a4de10805f5685d6ab76,Murder
6989a4de10805f5685d6ab78,Biography
6989a4de10805f5685d6ab7a,Juvenile Fiction
6989a4de10805f5685d6ab7b,Fiction
6989a4de10805f5685d6ab7d,Fiction
6989a4de10805f5685d6ab7f,General
6989a4de10805f5685d6ab80,History
6989a4de10805f5685d6ab82,Pets
6989a4de10805f5685d6ab84,Religion
6989a4de10805f5685d6ab85,Fiction
6989a4de10805f5685d6ab87,Fiction
6989a4de10805f5685d6ab89,Biography
6989a4de10805f5685d6ab8b,History
6989a4de10805f5685d6ab8d,Music
6989a4de10805f5685d6ab8f,History
6989a4de10805f5685d6ab91,General
6989a4de10805f5685d6ab92,Music
6989a4de10805f5685d6ab94,Fiction
6989a4de10805f5685d6ab96,Fiction
6989a4de10805f5685d6ab98,General
6989a4de10805f5685d6ab99,Health
6989a4de10805f5685d6ab9b,Fiction
6989a4de10805f5685d6ab9c,Fiction
6989a4de10805f5685d6ab9d,Juvenile Fiction
6989a4de10805f5685d6ab9f,General
6989a4de10805f5685d6aba0,Psychology
6989a4de10805f5685d6aba2,General
6989a4de10805f5685d6aba4,Juvenile Fiction
6989a4de10805f5685d6aba5,General
6989a4de10805f5685d6aba6,Fiction
6989a4de10805f5685d6aba7,General
6989a4de10805f5685d6aba9,General
6989a4de10805f5685d6abaa,Fiction
6989a4de10805f5685d6abac,General
6989a4de10805f5685d6abae,Education
6989a4de10805f5685d6abb0,Literary Collections
6989a4de10805f5685d6abb2,Fiction
6989a4de10805f5685d6abb3,Fiction
6989a4de10805f5685d6abb5,Juvenile Fiction
6989a4de10805f5685d6abb7,Biography
6989a4de10805f5685d6abb9,Juvenile Fiction
6989a4de10805f5685d6abbb,Travel
6989a4de10805f5685d6abbc,Performing Arts
6989a4de10805f5685d6abbe,Juvenile Fiction
6989a4de10805f5685d6abbf,Biography
6989a4de10805f5685d6abc1,Fiction
6989a4de10805f5685d6abc2,Fiction
6989a4de10805f5685d6abc3,Fiction
6989a4de10805f5685d6abc4,Psychology
6989a4de10805f5685d6abc6,Fiction
6989a4de10805f5685d6abc7,Performing Arts
6989a4de10805f5685d6abc9,General
6989a4de10805f5685d6abca,Religion
6989a4de10805f5685d6abcc,Fiction
6989a4de10805f5685d6abce,Fiction
6989a4de10805f5685d6abcf,Crafts
6989a4de10805f5685d6abd1,Poetry
6989a4de10805f5685d6abd3,General
6989a4de10805f5685d6abd5,Juvenile Fiction
6989a4de10805f5685d6abd6,Fiction
6989a4de10805f5685d6abd8,Detective And Mystery Stories
6989a4de10805f5685d6abd8,American
6989a4de10805f5685d6abda,Fiction
6989a4de10805f5685d6abdc,Fiction
6989a4de10805f5685d6abdd,Biography
6989a4de10805f5685d6abdf,Family
6989a4de10805f5685d6abe1,History
6989a4de10805f5685d6abe3,Drama
6989a4de10805f5685d6abe4,Fiction
6989a4de10805f5685d6abe5,General
6989a4de10805f5685d6abe6,General
6989a4de10805f5685d6abe8,Fiction
6989a4de10805f5685d6abe9,Fiction
6989a4de10805f5685d6abeb,Comics
6989a4de10805f5685d6abed,Science
6989a4de10805f5685d6abef,Fiction
6989a4de10805f5685d6abf1,General
6989a4de10805f5685d6abf2,Fiction
6989a4de10805f5685d6abf3,Body
6989a4de10805f5685d6abf3,Mind
6989a4de10805f5685d6abf5,Salvage
6989a4de10805f5685d6abf6,Fiction
6989a4de10805f5685d6abf7,General
6989a4de10805f5685d6abf8,Biography
6989a4de10805f5685d6abfa,Fiction
6989a4de10805f5685d6abfb,Fiction
6989a4de10805f5685d6abfc,General
6989a4de10805f5685d6abfd,Penal Colonies
6989a4de10805f5685d6abff,General
6989a4de10805f5685d6ac00,Fiction
6989a4de10805f5685d6ac01,Sports
6989a4de10805f5685d6ac02,Fiction
6989a4de10805f5685d6ac03,General
6989a4de10805f5685d6ac05,True Crime
6989a4de10805f5685d6ac07,Fiction
6989a4de10805f5685d6ac09,Social Science
6989a4de10805f5685d6ac0a,Fiction
6989a4de10805f5685d6ac0c,Fiction
6989a4de10805f5685d6ac0d,History
6989a4de10805f5685d6ac0f,Authors
6989a4de10805f5685d6ac0f,American
6989a4de10805f5685d6ac10,Fairy Tales
6989a4de10805f5685d6ac12,History
6989a4de10805f5685d6ac14,General
6989a4de10805f5685d6ac15,Comics
6989a4de10805f5685d6ac16,Juvenile Fiction
6989a4de10805f5685d6ac18,General
6989a4de10805f5685d6ac1a,Fiction
6989a4de10805f5685d6ac1b,General
6989a4de10805f5685d6ac1c,Africans
6989a4de10805f5685d6ac1e,Biography
6989a4de10805f5685d6ac20,Fiction
6989a4de10805f5685d6ac21,Games
6989a4de10805f5685d6ac22,Juvenile Fiction
6989a4de10805f5685d6ac24,General
6989a4de10805f5685d6ac25,History
6989a4de10805f5685d6ac27,Juvenile Nonfiction
6989a4de10805f5685d6ac28,Fiction
6989a4de10805f5685d6ac2a,General
6989a4de10805f5685d6ac2c,Fiction
6989a4de10805f5685d6ac2d,Juvenile Fiction
6989a4de10805f5685d6ac2f,American Literature
6989a4de10805f5685d6ac30,Soft Drink Industry
6989a4de10805f5685d6ac32,Public Health
6989a4de10805f5685d6ac34,General
6989a4de10805f5685d6ac36,Fiction
6989a4de10805f5685d6ac37,Self-help
6989a4de10805f5685d6ac39,Religion
6989a4de10805f5685d6ac3a,Biography
6989a4de10805f5685d6ac3c,Fiction
6989a4de10805f5685d6ac3d,Fiction
6989a4de10805f5685d6ac3f,Australia
6989a4de10805f5685d6ac40,Crafts
6989a4de10805f5685d6ac42,Biography
6989a4de10805f5685d6ac44,General
6989a4de10805f5685d6ac45,Police Reports
6989a4de10805f5685d6ac47,Reference
6989a4de10805f5685d6ac49,Juvenile Fiction
6989a4de10805f5685d6ac4a,Fiction
6989a4de10805f5685d6ac4c,Medical
6989a4de10805f5685d6ac4e,Sasquatch
6989a4de10805f5685d6ac4f,General
6989a4de10805f5685d6ac50,Fiction
6989a4de10805f5685d6ac52,Fiction
6989a4de10805f5685d6ac53,General
6989a4de10805f5685d6ac55,Fiction
6989a4de10805f5685d6ac57,Fiction
6989a4de10805f5685d6ac58,Religion
6989a4de10805f5685d6ac5a,Fiction
6989a4de10805f5685d6ac5b,Sports
6989a4de10805f5685d6ac5d,Mathematics
6989a4de10805f5685d6ac5f,Science
6989a4de10805f5685d6ac61,General
6989a4de10805f5685d6ac62,Fiction
6989a4de10805f5685d6ac63,Biography
6989a4de10805f5685d6ac64,Juvenile Fiction
6989a4de10805f5685d6ac66,Fiction
6989a4de10805f5685d6ac68,Archaeology
6989a4de10805f5685d6ac69,Fiction
6989a4de10805f5685d6ac6a,Singers
6989a4de10805f5685d6ac6c,General
6989a4de10805f5685d6ac6d,Literary Collections
6989a4de10805f5685d6ac6e,Literary Criticism
6989a4de10805f5685d6ac70,General
6989a4de10805f5685d6ac72,Juvenile Nonfiction
6989a4de10805f5685d6ac74,General
6989a4de10805f5685d6ac75,Fiction
6989a4de10805f5685d6ac77,Religion
6989a4de10805f5685d6ac79,Biography
6989a4de10805f5685d6ac7b,Religion
6989a4de10805f5685d6ac7d,Social Science
6989a4de10805f5685d6ac7f,Fiction
6989a4de10805f5685d6ac81,Libraries
6989a4de10805f5685d6ac82,Family
6989a4de10805f5685d6ac84,Fiction
6989a4de10805f5685d6ac85,Art
6989a4de10805f5685d6ac87,Philosophy
6989a4de10805f5685d6ac89,Travel
6989a4de10805f5685d6ac8a,Fiction
6989a4de10805f5685d6ac8b,Biography
6989a4de10805f5685d6ac8d,General
6989a4de10805f5685d6ac8f,Fiction
6989a4de10805f5685d6ac90,Fiction
6989a4de10805f5685d6ac92,African American Baseball Players
6989a4de10805f5685d6ac94,Biography
6989a4de10805f5685d6ac95,Bible
6989a4de10805f5685d6ac97,Fiction
6989a4de10805f5685d6ac98,Fiction
6989a4de10805f5685d6ac9a,Fiction
6989a4de10805f5685d6ac9b,Fiction
6989a4de10805f5685d6ac9c,Fiction
6989a4de10805f5685d6ac9d,Photography
6989a4de10805f5685d6ac9f,Fiction
6989a4de10805f5685d6aca0,Fiction
6989a4de10805f5685d6aca2,Fiction
6989a4de10805f5685d6aca3,Fiction
6989a4de10805f5685d6aca4,Fantasy Fiction
6989a4de10805f5685d6aca6,General
6989a4de10805f5685d6aca7,Dragons
6989a4de10805f5685d6aca9,Fiction
6989a4de10805f5685d6acaa,Juvenile Fiction
6989a4de10805f5685d6acab,Performing Arts
6989a4de10805f5685d6acad,General
6989a4de10805f5685d6acae,Juvenile Fiction
6989a4de10805f5685d6acaf,Biography
6989a4de10805f5685d6acb1,Religion
6989a4de10805f5685d6acb3,Fiction
6989a4de10805f5685d6acb5,General
6989a4de10805f5685d6acb6,Biography
6989a4de10805f5685d6acb8,Curiosities And Wonders
6989a4de10805f5685d6acb9,Fiction
6989a4de10805f5685d6acba,Juvenile Fiction
6989a4de10805f5685d6acbc,Fiction
6989a4de10805f5685d6acbe,Video Games
6989a4de10805f5685d6acc0,Fiction
6989a4de10805f5685d6acc1,Juvenile Fiction
6989a4de10805f5685d6acc3,Fiction
6989a4de10805f5685d6acc5,Travel
6989a4de10805f5685d6acc7,Religion
6989a4de10805f5685d6acc8,General
6989a4de10805f5685d6acc9,Juvenile Fiction
6989a4de10805f5685d6accb,Business
6989a4de10805f5685d6accd,Literary Criticism
6989a4de10805f5685d6accf,Art
6989a4de10805f5685d6accf,Dutch
6989a4de10805f5685d6acd1,General
6989a4de10805f5685d6acd2,General
6989a4de10805f5685d6acd3,Juvenile Fiction
6989a4de10805f5685d6acd5,Foreign Language Study
6989a4de10805f5685d6acd7,Science
6989a4de10805f5685d6acd9,Fiction
6989a4de10805f5685d6acda,Fiction
6989a4de10805f5685d6acdc,Fiction
6989a4de10805f5685d6acdd,General
6989a4de10805f5685d6acdf,World War
6989a4de10805f5685d6acdf,1939-1945
6989a4de10805f5685d6ace1,Law
6989a4de10805f5685d6ace3,Fiction
6989a4de10805f5685d6ace5,Fiction
6989a4de10805f5685d6ace6,Fiction
6989a4de10805f5685d6ace8,Fiction
6989a4de10805f5685d6ace9,Political Science
6989a4de10805f5685d6aceb,Fiction
6989a4de10805f5685d6acec,Health
6989a4de10805f5685d6acee,General
6989a4de10805f5685d6acef,Fiction
6989a4de10805f5685d6acf0,General
6989a4de10805f5685d6acf2,Antiques
6989a4de10805f5685d6acf4,Young Adult Fiction
6989a4de10805f5685d6acf6,General
6989a4de10805f5685d6acf7,General
6989a4de10805f5685d6acf8,Sports
6989a4de10805f5685d6acfa,Fiction
6989a4de10805f5685d6acfc,General
6989a4de10805f5685d6acfe,Fiction
6989a4de10805f5685d6ad00,General
6989a4de10805f5685d6ad02,Self-help
6989a4de10805f5685d6ad04,Fiction
6989a4de10805f5685d6ad06,History
6989a4de10805f5685d6ad08,Business
6989a4de10805f5685d6ad0a,General
6989a4de10805f5685d6ad0b,Health
6989a4de10805f5685d6ad0d,Political Science
6989a4de10805f5685d6ad0f,General
6989a4de10805f5685d6ad10,General
6989a4de10805f5685d6ad12,Juvenile Fiction
6989a4de10805f5685d6ad14,General
6989a4de10805f5685d6ad15,General
6989a4de10805f5685d6ad16,Fiction
6989a4de10805f5685d6ad18,General
6989a4de10805f5685d6ad19,Psychological Fiction
6989a4de10805f5685d6ad1a,Fiction
6989a4de10805f5685d6ad1b,Fiction
6989a4de10805f5685d6ad1d,Humor
6989a4de10805f5685d6ad1f,Juvenile Fiction
6989a4de10805f5685d6ad21,Religion
6989a4de10805f5685d6ad23,General
6989a4de10805f5685d6ad24,Family
6989a4de10805f5685d6ad26,Fiction
6989a4de10805f5685d6ad27,General
6989a4de10805f5685d6ad28,Biography
6989a4de10805f5685d6ad2a,Humor
6989a4de10805f5685d6ad2b,Fiction
6989a4de10805f5685d6ad2d,General
6989a4de10805f5685d6ad2f,Fiction
6989a4de10805f5685d6ad31,General
6989a4de10805f5685d6ad32,General
6989a4de10805f5685d6ad33,Fiction
6989a4de10805f5685d6ad34,Religion
6989a4de10805f5685d6ad35,Law
6989a4de10805f5685d6ad37,General
6989a4de10805f5685d6ad38,Antiques
6989a4de10805f5685d6ad3a,Fiction
6989a4de10805f5685d6ad3c,Business
6989a4de10805f5685d6ad3e,Christian Life
6989a4de10805f5685d6ad40,Sports
6989a4de10805f5685d6ad41,General
6989a4de10805f5685d6ad42,Animals
6989a4de10805f5685d6ad44,Fiction
6989a4de10805f5685d6ad45,Fiction
6989a4de10805f5685d6ad46,Fiction
6989a4de10805f5685d6ad48,General
6989a4de10805f5685d6ad4a,Fiction
6989a4de10805f5685d6ad4c,Fiction
6989a4de10805f5685d6ad4e,General
6989a4de10805f5685d6ad4f,General
6989a4de10805f5685d6ad50,Cooking
6989a4de10805f5685d6ad52,Horn Carving
6989a4de10805f5685d6ad54,History
6989a4de10805f5685d6ad56,Juvenile Nonfiction
6989a4de10805f5685d6ad58,General
6989a4de10805f5685d6ad59,Fiction
6989a4de10805f5685d6ad5b,Juvenile Fiction
6989a4de10805f5685d6ad5c,Fiction
6989a4de10805f5685d6ad5e,English Poetry
6989a4de10805f5685d6ad60,Communication In Humanities
6989a4de10805f5685d6ad62,Fiction
6989a4de10805f5685d6ad64,Fiction
6989a4de10805f5685d6ad66,Family
6989a4de10805f5685d6ad68,Juvenile Fiction
6989a4de10805f5685d6ad69,Children's Stories
6989a4de10805f5685d6ad6a,Juvenile Fiction
6989a4de10805f5685d6ad6c,Self-help
6989a4de10805f5685d6ad6e,General
6989a4de10805f5685d6ad6f,Juvenile Nonfiction
6989a4de10805f5685d6ad71,General
6989a4de10805f5685d6ad72,Fiction
6989a4de10805f5685d6ad74,History
6989a4de10805f5685d6ad75,Fiction
6989a4de10805f5685d6ad77,Fiction
6989a4de10805f5685d6ad79,Body
6989a4de10805f5685d6ad79,Mind
6989a4de10805f5685d6ad7b,Travel
6989a4de10805f5685d6ad7c,General
6989a4de10805f5685d6ad7d,General
6989a4de10805f5685d6ad7e,History
6989a4de10805f5685d6ad80,Halloween
6989a4de10805f5685d6ad82,Fiction
6989a4de10805f5685d6ad83,Fiction
6989a4de10805f5685d6ad85,Reference
6989a4de10805f5685d6ad87,Marriage
6989a4de10805f5685d6ad88,Fiction
6989a4de10805f5685d6ad89,Fiction
6989a4de10805f5685d6ad8b,Industrial Management
6989a4de10805f5685d6ad8d,Comics
6989a4de10805f5685d6ad8f,Juvenile Fiction
6989a4de10805f5685d6ad90,Cooking
6989a4de10805f5685d6ad92,General
6989a4de10805f5685d6ad94,Science Fiction
6989a4de10805f5685d6ad94,British
6989a4de10805f5685d6ad95,Fiction
6989a4de10805f5685d6ad96,Comics
6989a4de10805f5685d6ad97,General
6989a4de10805f5685d6ad98,Fiction
6989a4de10805f5685d6ad99,General
6989a4de10805f5685d6ad9a,General
6989a4de10805f5685d6ad9b,General
6989a4de10805f5685d6ad9c,General
6989a4de10805f5685d6ad9d,Fiction
6989a4de10805f5685d6ad9e,General
6989a4de10805f5685d6ad9f,Poetry
6989a4de10805f5685d6ada0,Fiction
6989a4de10805f5685d6ada2,Biography
6989a4de10805f5685d6ada4,General
6989a4de10805f5685d6ada5,Family
6989a4de10805f5685d6ada7,Self-help
6989a4de10805f5685d6ada9,Social Science
6989a4de10805f5685d6adab,Fiction
6989a4de10805f5685d6adad,General
6989a4de10805f5685d6adae,Fiction
6989a4de10805f5685d6adaf,Money-making Projects For Children
6989a4de10805f5685d6adb1,Fiction
6989a4de10805f5685d6adb2,Fiction
6989a4de10805f5685d6adb3,Fiction
6989a4de10805f5685d6adb5,Biography
6989a4de10805f5685d6adb7,General
6989a4de10805f5685d6adb8,Fiction
6989a4de10805f5685d6adb9,Juvenile Fiction
6989a4de10805f5685d6adbb,Fiction
6989a4de10805f5685d6adbc,Fiction
6989a4de10805f5685d6adbd,General
6989a4de10805f5685d6adbe,Fiction
6989a4de10805f5685d6adc0,Criminal Defense Lawyers
6989a4de10805f5685d6adc1,General
6989a4de10805f5685d6adc3,Scotland
6989a4de10805f5685d6adc4,History
6989a4de10805f5685d6adc6,Religion
6989a4de10805f5685d6adc8,Biography
6989a4de10805f5685d6adca,Juvenile Fiction
6989a4de10805f5685d6adcb,Hinduism
6989a4de10805f5685d6adcd,Fiction
6989a4de10805f5685d6adcf,Fiction
6989a4de10805f5685d6add1,General
6989a4de10805f5685d6add2,Fiction
6989a4de10805f5685d6add4,Fiction
6989a4de10805f5685d6add5,General
6989a4de10805f5685d6add6,Cooking
6989a4de10805f5685d6add8,Self-help
6989a4de10805f5685d6adda,Business
6989a4de10805f5685d6addc,General
6989a4de10805f5685d6addd,American Literature
6989a4de10805f5685d6adde,General
6989a4de10805f5685d6addf,General
6989a4de10805f5685d6ade1,Health
6989a4de10805f5685d6ade3,General
6989a4de10805f5685d6ade4,General
6989a4de10805f5685d6ade6,Northern Exposure (television Program)
6989a4de10805f5685d6ade8,Fiction
6989a4de10805f5685d6adea,General
6989a4de10805f5685d6adeb,Family
6989a4de10805f5685d6aded,Religion
6989a4de10805f5685d6adef,Fiction
6989a4de10805f5685d6adf1,True Crime
6989a4de10805f5685d6adf3,Fiction
6989a4de10805f5685d6adf4,Psychology
6989a4de10805f5685d6adf6,General
6989a4de10805f5685d6adf7,Fiction
6989a4de10805f5685d6adf8,Poetry
6989a4de10805f5685d6adfa,Fiction
6989a4de10805f5685d6adfc,Performing Arts
6989a4de10805f5685d6adfe,Business
6989a4de10805f5685d6ae00,Photography
6989a4de10805f5685d6ae02,Sports
6989a4de10805f5685d6ae04,Literary Criticism
6989a4de10805f5685d6ae06,Fiction
6989a4de10805f5685d6ae08,Fiction
6989a4de10805f5685d6ae0a,General
6989a4de10805f5685d6ae0b,Criticism
6989a4de10805f5685d6ae0d,General
6989a4de10805f5685d6ae0e,Fiction
6989a4de10805f5685d6ae10,Fiction
6989a4de10805f5685d6ae12,Technology
6989a4de10805f5685d6ae14,Fiction
6989a4de10805f5685d6ae16,Fiction
6989a4de10805f5685d6ae18,Young Adult Fiction
6989a4de10805f5685d6ae19,Fiction
6989a4de10805f5685d6ae1a,Fiction
6989a4de10805f5685d6ae1c,Arctic Regions
6989a4de10805f5685d6ae1e,Fiction
6989a4de10805f5685d6ae20,Fiction
6989a4de10805f5685d6ae21,Self-help
6989a4de10805f5685d6ae23,Baby Roo (fictitious Character)
6989a4de10805f5685d6ae24,Body
6989a4de10805f5685d6ae24,Mind
6989a4de10805f5685d6ae26,Fiction
6989a4de10805f5685d6ae27,Juvenile Fiction
6989a4de10805f5685d6ae29,Biography
6989a4de10805f5685d6ae2a,Self-help
6989a4de10805f5685d6ae2c,Fiction
6989a4de10805f5685d6ae2d,Science Fiction
6989a4de10805f5685d6ae2e,Fiction
6989a4de10805f5685d6ae30,Fiction
6989a4de10805f5685d6ae31,Biography
6989a4de10805f5685d6ae33,Computers
6989a4de10805f5685d6ae35,Biography
6989a4de10805f5685d6ae37,Cooking
6989a4de10805f5685d6ae39,Fiction
6989a4de10805f5685d6ae3a,Fiction
6989a4de10805f5685d6ae3c,Performing Arts
6989a4de10805f5685d6ae3e,Fiction
6989a4de10805f5685d6ae3f,General
6989a4de10805f5685d6ae40,Biography
6989a4de10805f5685d6ae42,Business
6989a4de10805f5685d6ae44,Juvenile Fiction
6989a4de10805f5685d6ae45,Juvenile Fiction
6989a4de10805f5685d6ae46,General
6989a4de10805f5685d6ae48,Fiction
6989a4de10805f5685d6ae49,Fiction
6989a4de10805f5685d6ae4b,Fiction
6989a4de10805f5685d6ae4d,Fiction
6989a4de10805f5685d6ae4f,Social Science
6989a4de10805f5685d6ae51,Religion
6989a4de10805f5685d6ae52,Social Science
6989a4de10805f5685d6ae54,Fiction
6989a4de10805f5685d6ae55,General
6989a4de10805f5685d6ae56,Poetry
6989a4de10805f5685d6ae58,Bullying
6989a4de10805f5685d6ae59,Business
6989a4de10805f5685d6ae5b,Science Fiction
6989a4de10805f5685d6ae5d,Biography
6989a4de10805f5685d6ae5f,General
6989a4de10805f5685d6ae60,Fiction
6989a4de10805f5685d6ae62,Fiction
6989a4de10805f5685d6ae63,Fiction
6989a4de10805f5685d6ae64,Fiction
6989a4de10805f5685d6ae66,Fiction
6989a4de10805f5685d6ae67,History
6989a4de10805f5685d6ae69,Juvenile Fiction
6989a4de10805f5685d6ae6a,Medical
6989a4de10805f5685d6ae6c,True Crime
6989a4de10805f5685d6ae6e,Business
6989a4de10805f5685d6ae70,Juvenile Fiction
6989a4de10805f5685d6ae72,Bars (drinking Establishments)
6989a4de10805f5685d6ae74,Science
6989a4de10805f5685d6ae76,Fiction
6989a4de10805f5685d6ae78,Fiction
6989a4de10805f5685d6ae79,English Poetry
6989a4de10805f5685d6ae7a,Fiction
6989a4de10805f5685d6ae7b,General
6989a4de10805f5685d6ae7c,Social Science
6989a4de10805f5685d6ae7e,Fiction
6989a4de10805f5685d6ae7f,Self-help
6989a4de10805f5685d6ae81,Education
6989a4de10805f5685d6ae83,Performing Arts
6989a4de10805f5685d6ae85,World War
6989a4de10805f5685d6ae85,1939-1945
6989a4de10805f5685d6ae87,General
6989a4de10805f5685d6ae88,Education
6989a4de10805f5685d6ae8a,General
6989a4de10805f5685d6ae8b,Humor
6989a4de10805f5685d6ae8c,Animals
6989a4de10805f5685d6ae8d,Cooking
6989a4de10805f5685d6ae8f,General
6989a4de10805f5685d6ae90,Comics
6989a4de10805f5685d6ae92,Business
6989a4de10805f5685d6ae94,Self-help
6989a4de10805f5685d6ae95,Fiction
6989a4de10805f5685d6ae96,General
6989a4de10805f5685d6ae97,Foreign Language Study
6989a4de10805f5685d6ae99,Fiction
6989a4de10805f5685d6ae9b,Fiction
6989a4de10805f5685d6ae9d,Fiction
6989a4de10805f5685d6ae9e,Fiction
6989a4de10805f5685d6ae9f,Nature
6989a4de10805f5685d6aea1,Fiction
6989a4de10805f5685d6aea2,Comics
6989a4de10805f5685d6aea3,House
6989a4de10805f5685d6aea5,General
6989a4de10805f5685d6aea6,Fiction
6989a4de10805f5685d6aea7,True Crime
6989a4de10805f5685d6aea9,General
6989a4de10805f5685d6aeab,Healing
6989a4de10805f5685d6aead,General
6989a4de10805f5685d6aeaf,Social Science
6989a4de10805f5685d6aeb1,Art
6989a4de10805f5685d6aeb3,Fiction
6989a4de10805f5685d6aeb4,General
6989a4de10805f5685d6aeb5,Fiction
6989a4de10805f5685d6aeb7,Fiction
6989a4de10805f5685d6aeb9,Communism
6989a4de10805f5685d6aebb,Securities Industry
6989a4de10805f5685d6aebd,General
6989a4de10805f5685d6aebe,Fiction
6989a4de10805f5685d6aebf,General
6989a4de10805f5685d6aec0,General
6989a4de10805f5685d6aec1,Međugorje (bosnia And Hercegovina)
6989a4de10805f5685d6aec3,Fiction
6989a4de10805f5685d6aec5,Detective And Mystery Stories
6989a4de10805f5685d6aec6,Fiction
6989a4de10805f5685d6aec7,Mountaineering
6989a4de10805f5685d6aec9,Health
6989a4de10805f5685d6aecb,Biography
6989a4de10805f5685d6aecc,General
6989a4de10805f5685d6aecd,History
6989a4de10805f5685d6aecf,Fiction
6989a4de10805f5685d6aed0,Fiction
6989a4de10805f5685d6aed1,Fiction
6989a4de10805f5685d6aed2,Language Arts
6989a4de10805f5685d6aed4,Juvenile Fiction
6989a4de10805f5685d6aed6,Juvenile Fiction
6989a4de10805f5685d6aed7,Fiction
6989a4de10805f5685d6aed9,Fiction
6989a4de10805f5685d6aeda,Fiction
6989a4de10805f5685d6aedc,General
6989a4de10805f5685d6aede,Fiction
6989a4de10805f5685d6aee0,Juvenile Fiction
6989a4de10805f5685d6aee1,Midsummer (festival)
6989a4de10805f5685d6aee3,Literary Criticism
6989a4de10805f5685d6aee5,Detective And Mystery Stories
6989a4de10805f5685d6aee6,Fiction
6989a4de10805f5685d6aee8,General
6989a4de10805f5685d6aee9,Philosophy
6989a4de10805f5685d6aeeb,Nature
6989a4de10805f5685d6aeec,General
6989a4de10805f5685d6aeee,History
6989a4de10805f5685d6aef0,Religion
6989a4de10805f5685d6aef1,Biography
6989a4de10805f5685d6aef3,General
6989a4de10805f5685d6aef5,General
6989a4de10805f5685d6aef6,Psychology
6989a4de10805f5685d6aef8,Fiction
6989a4de10805f5685d6aefa,General
6989a4de10805f5685d6aefb,Fiction
6989a4de10805f5685d6aefc,Christianity
6989a4de10805f5685d6aefe,Fiction
6989a4de10805f5685d6af00,Fiction
6989a4de10805f5685d6af01,General
6989a4de10805f5685d6af02,Self-help
6989a4de10805f5685d6af04,General
6989a4de10805f5685d6af06,Fiction
6989a4de10805f5685d6af08,History
6989a4de10805f5685d6af0a,Fiction
6989a4de10805f5685d6af0b,Masturbation
6989a4de10805f5685d6af0d,Fiction
6989a4de10805f5685d6af0e,Fiction
6989a4de10805f5685d6af10,Fiction
6989a4de10805f5685d6af11,General
6989a4de10805f5685d6af12,Business
6989a4de10805f5685d6af14,Business
6989a4de10805f5685d6af16,Juvenile Fiction
6989a4de10805f5685d6af17,General
6989a4de10805f5685d6af19,Fiction
6989a4de10805f5685d6af1b,History
6989a4de10805f5685d6af1c,Calculus
6989a4de10805f5685d6af1e,Social Science
6989a4de10805f5685d6af20,Juvenile Fiction
6989a4de10805f5685d6af22,Fiction
6989a4de10805f5685d6af23,Young Adult Fiction
6989a4de10805f5685d6af24,Fiction
6989a4de10805f5685d6af26,Fiction
6989a4de10805f5685d6af28,Education
6989a4de10805f5685d6af2a,Fiction
6989a4de10805f5685d6af2c,Fiction
6989a4de10805f5685d6af2e,Literary Criticism
6989a4de10805f5685d6af2f,Fiction
6989a4de10805f5685d6af30,Medical
6989a4de10805f5685d6af32,Netherlands
6989a4de10805f5685d6af34,Africa
6989a4de10805f5685d6af34,West
6989a4de10805f5685d6af35,General
6989a4de10805f5685d6af36,Family
6989a4de10805f5685d6af38,History
6989a4de10805f5685d6af39,Juvenile Fiction
6989a4de10805f5685d6af3b,Body
6989a4de10805f5685d6af3b,Mind
6989a4de10805f5685d6af3d,Drama
6989a4de10805f5685d6af3e,Pets
6989a4de10805f5685d6af40,Counted Thread Embroidery
6989a4de10805f5685d6af42,General
6989a4de10805f5685d6af43,Juvenile Fiction
6989a4de10805f5685d6af45,General
6989a4de10805f5685d6af46,Juvenile Fiction
6989a4de10805f5685d6af47,Fiction
6989a4de10805f5685d6af49,Language Arts
6989a4de10805f5685d6af4b,Fiction
6989a4de10805f5685d6af4d,Fiction
6989a4de10805f5685d6af4f,Juvenile Fiction
6989a4de10805f5685d6af50,Fiction
6989a4de10805f5685d6af51,Music
6989a4de10805f5685d6af53,Fiction
6989a4de10805f5685d6af55,General
6989a4de10805f5685d6af56,Children Of Migrant Laborers
6989a4de10805f5685d6af57,Young Adult Fiction
6989a4de10805f5685d6af59,Design
6989a4de10805f5685d6af5b,Foreign Language Study
6989a4de10805f5685d6af5d,General
6989a4de10805f5685d6af5e,Baptists
6989a4de10805f5685d6af60,Fiction
6989a4de10805f5685d6af62,Fiction
6989a4de10805f5685d6af64,Juvenile Fiction
6989a4de10805f5685d6af66,Cooking
6989a4de10805f5685d6af68,Animals
6989a4de10805f5685d6af69,Family
6989a4de10805f5685d6af6b,General
6989a4de10805f5685d6af6c,Literary Criticism
6989a4de10805f5685d6af6e,Fiction
6989a4de10805f5685d6af6f,Fiction
6989a4de10805f5685d6af70,Juvenile Fiction
6989a4de10805f5685d6af72,Fiction
6989a4de10805f5685d6af74,General
6989a4de10805f5685d6af76,Authors
6989a4de10805f5685d6af76,American
6989a4de10805f5685d6af77,Fiction
6989a4de10805f5685d6af78,Fiction
6989a4de10805f5685d6af79,Fiction
6989a4de10805f5685d6af7a,Fiction
6989a4de10805f5685d6af7c,Science
6989a4de10805f5685d6af7e,Juvenile Fiction
6989a4de10805f5685d6af7f,Foreign Language Study
6989a4de10805f5685d6af81,Family
6989a4de10805f5685d6af83,Australian Fiction
6989a4de10805f5685d6af85,Juvenile Fiction
6989a4de10805f5685d6af87,Fiction
6989a4de10805f5685d6af89,Self-preservation
6989a4de10805f5685d6af8b,General
6989a4de10805f5685d6af8d,Erotic Literature
6989a4de10805f5685d6af8f,Cooking
6989a4de10805f5685d6af91,Literary Collections
6989a4de10805f5685d6af93,Body
6989a4de10805f5685d6af93,Mind
6989a4de10805f5685d6af95,Fiction
6989a4de10805f5685d6af97,Fiction
6989a4de10805f5685d6af99,Self-help
6989a4de10805f5685d6af9b,Juvenile Fiction
6989a4de10805f5685d6af9c,Fiction
6989a4de10805f5685d6af9e,Marriage Proposals
6989a4de10805f5685d6afa0,General
6989a4de10805f5685d6afa2,Cats
6989a4de10805f5685d6afa3,Social Science
6989a4de10805f5685d6afa5,Science
6989a4de10805f5685d6afa7,Fiction
6989a4de10805f5685d6afa8,Biography
6989a4de10805f5685d6afaa,Fiction
6989a4de10805f5685d6afac,Biography
6989a4de10805f5685d6afad,Fiction
6989a4de10805f5685d6afae,Photography
6989a4de10805f5685d6afb0,Fiction
6989a4de10805f5685d6afb1,Design
6989a4de10805f5685d6afb3,General
6989a4de10805f5685d6afb5,Fiction
6989a4de10805f5685d6afb7,Juvenile Fiction
6989a4de10805f5685d6afb8,Children's Literature
6989a4de10805f5685d6afb9,Fiction
6989a4de10805f5685d6afba,General
6989a4de10805f5685d6afbb,Biography
6989a4de10805f5685d6afbd,Fiction
6989a4de10805f5685d6afbe,Fiction
6989a4de10805f5685d6afc0,Fiction
6989a4de10805f5685d6afc2,Cooking
6989a4de10805f5685d6afc4,General
6989a4de10805f5685d6afc6,Christian Life
6989a4de10805f5685d6afc7,Fiction
6989a4de10805f5685d6afc8,Fiction
6989a4de10805f5685d6afc9,Fiction
6989a4de10805f5685d6afcb,Travel
6989a4de10805f5685d6afcd,Fiction
6989a4de10805f5685d6afcf,Social Science
6989a4de10805f5685d6afd1,Juvenile Fiction
6989a4de10805f5685d6afd2,Education
6989a4de10805f5685d6afd4,Furniture
6989a4de10805f5685d6afd5,Juvenile Fiction
6989a4de10805f5685d6afd7,Literary Criticism
6989a4de10805f5685d6afd9,Fiction
6989a4de10805f5685d6afdb,Fiction
6989a4de10805f5685d6afdd,General
6989a4de10805f5685d6afde,Juvenile Fiction
6989a4de10805f5685d6afdf,Biography
6989a4de10805f5685d6afe1,Fiction
6989a4de10805f5685d6afe3,Fiction
6989a4de10805f5685d6afe5,Christmas Stories
6989a4de10805f5685d6afe5,American
6989a4de10805f5685d6afe7,Fiction
6989a4de10805f5685d6afe9,Performing Arts
6989a4de10805f5685d6afeb,Family
6989a4de10805f5685d6afed,Fiction
6989a4de10805f5685d6afef,Fiction
6989a4de10805f5685d6aff0,Fiction
6989a4de10805f5685d6aff1,Fiction
6989a4de10805f5685d6aff2,General
6989a4de10805f5685d6aff3,Health
6989a4de10805f5685d6aff5,History
6989a4de10805f5685d6aff7,Juvenile Fiction
6989a4de10805f5685d6aff9,Fiction
6989a4de10805f5685d6affa,Illegitimate Children
6989a4de10805f5685d6affc,Art
6989a4de10805f5685d6affe,Science
6989a4de10805f5685d6b000,Philosophy
6989a4de10805f5685d6b001,Fiction
6989a4de10805f5685d6b002,Young Adult Fiction
6989a4de10805f5685d6b004,Fiction
6989a4de10805f5685d6b005,True Crime
6989a4de10805f5685d6b007,Foreign Language Study
6989a4de10805f5685d6b009,Law
6989a4de10805f5685d6b00b,Social Science
6989a4de10805f5685d6b00d,Juvenile Fiction
6989a4de10805f5685d6b00f,Games
6989a4de10805f5685d6b011,Imaginary Wars And Battles
6989a4de10805f5685d6b013,Cooking
6989a4de10805f5685d6b015,General
6989a4de10805f5685d6b016,Fiction
6989a4de10805f5685d6b018,General
6989a4de10805f5685d6b01a,Fiction
6989a4de10805f5685d6b01b,History
6989a4de10805f5685d6b01d,General
6989a4de10805f5685d6b01e,General
6989a4de10805f5685d6b01f,Psychology
6989a4de10805f5685d6b021,Fiction
6989a4de10805f5685d6b023,Fiction
6989a4de10805f5685d6b025,Bibles
6989a4de10805f5685d6b026,Fiction
6989a4de10805f5685d6b027,Fiction
6989a4de10805f5685d6b029,Religion
6989a4de10805f5685d6b02b,General
6989a4de10805f5685d6b02d,Religion
6989a4de10805f5685d6b02f,Large Type Books
6989a4de10805f5685d6b030,Fiction
6989a4de10805f5685d6b032,Fiction
6989a4de10805f5685d6b034,Fiction
6989a4de10805f5685d6b035,Literary Criticism
6989a4de10805f5685d6b037,General
6989a4de10805f5685d6b038,General
6989a4de10805f5685d6b039,Fiction
6989a4de10805f5685d6b03a,True Crime
6989a4de10805f5685d6b03c,General
6989a4de10805f5685d6b03e,Fiction
6989a4de10805f5685d6b040,Fiction
6989a4de10805f5685d6b041,Fiction
6989a4de10805f5685d6b042,Fiction
6989a4de10805f5685d6b044,Juvenile Fiction
6989a4de10805f5685d6b045,Fiction
6989a4de10805f5685d6b047,Fiction
6989a4de10805f5685d6b049,General
6989a4de10805f5685d6b04b,General
6989a4de10805f5685d6b04d,Fiction
6989a4de10805f5685d6b04f,Art
6989a4de10805f5685d6b051,American Literature
6989a4de10805f5685d6b052,General
6989a4de10805f5685d6b054,Historical Fiction
6989a4de10805f5685d6b054,English
6989a4de10805f5685d6b056,Business
6989a4de10805f5685d6b058,Biography
6989a4de10805f5685d6b05a,Fiction
6989a4de10805f5685d6b05b,Weight Lifting
6989a4de10805f5685d6b05d,Body
6989a4de10805f5685d6b05d,Mind
6989a4de10805f5685d6b05f,Body
6989a4de10805f5685d6b05f,Mind
6989a4de10805f5685d6b061,Poetry
6989a4de10805f5685d6b063,Fiction
6989a4de10805f5685d6b064,Biography
6989a4de10805f5685d6b066,Fiction
6989a4de10805f5685d6b067,Juvenile Nonfiction
6989a4de10805f5685d6b069,General
6989a4de10805f5685d6b06a,General
6989a4de10805f5685d6b06b,Juvenile Fiction
6989a4de10805f5685d6b06d,Fiction
6989a4de10805f5685d6b06e,Fiction
6989a4de10805f5685d6b070,Literary Criticism
6989a4de10805f5685d6b071,General
6989a4de10805f5685d6b072,History
6989a4de10805f5685d6b074,Fiction
6989a4de10805f5685d6b075,Food Supply
6989a4de10805f5685d6b076,Humor
6989a4de10805f5685d6b078,Religion
6989a4de10805f5685d6b079,American Literature
6989a4de10805f5685d6b07a,Travel
6989a4de10805f5685d6b07c,Fiction
6989a4de10805f5685d6b07e,Humor
6989a4de10805f5685d6b080,Family
6989a4de10805f5685d6b082,Fiction
6989a4de10805f5685d6b084,Body
6989a4de10805f5685d6b084,Mind
6989a4de10805f5685d6b086,Self-help
6989a4de10805f5685d6b088,Social Science
6989a4de10805f5685d6b08a,Psychology
6989a4de10805f5685d6b08c,Juvenile Fiction
6989a4de10805f5685d6b08d,Fiction
6989a4de10805f5685d6b08f,General
6989a4de10805f5685d6b090,Fiction
6989a4de10805f5685d6b091,Cooking
6989a4de10805f5685d6b093,Religion
6989a4de10805f5685d6b094,Fiction
6989a4de10805f5685d6b095,General
6989a4de10805f5685d6b097,Fiction
6989a4de10805f5685d6b099,Art
6989a4de10805f5685d6b09b,Education
6989a4de10805f5685d6b09d,Fiction
6989a4de10805f5685d6b09f,Fiction
6989a4de10805f5685d6b0a1,General
6989a4de10805f5685d6b0a2,Biography
6989a4de10805f5685d6b0a4,Pets
6989a4de10805f5685d6b0a6,Fiction
6989a4de10805f5685d6b0a8,General
6989a4de10805f5685d6b0aa,Fiction
6989a4de10805f5685d6b0ac,General
6989a4de10805f5685d6b0ad,General
6989a4de10805f5685d6b0ae,General
6989a4de10805f5685d6b0af,Juvenile Fiction
6989a4de10805f5685d6b0b0,Aged Men
6989a4de10805f5685d6b0b2,Fiction
6989a4de10805f5685d6b0b4,Memory
6989a4de10805f5685d6b0b6,Young Adult Fiction
6989a4de10805f5685d6b0b7,General
6989a4de10805f5685d6b0b9,True Crime
6989a4de10805f5685d6b0ba,Fiction
6989a4de10805f5685d6b0bb,Language Arts
6989a4de10805f5685d6b0bd,Juvenile Fiction
6989a4de10805f5685d6b0bf,Fiction
6989a4de10805f5685d6b0c0,Fiction
6989a4de10805f5685d6b0c1,Political Science
6989a4de10805f5685d6b0c3,Fiction
6989a4de10805f5685d6b0c4,Nature
6989a4de10805f5685d6b0c5,Music
6989a4de10805f5685d6b0c7,Fathers And Sons
6989a4de10805f5685d6b0c8,Religion
6989a4de10805f5685d6b0ca,History
6989a4de10805f5685d6b0cb,Biography
6989a4de10805f5685d6b0cd,Fiction
6989a4de10805f5685d6b0ce,General
6989a4de10805f5685d6b0cf,Gardening
6989a4de10805f5685d6b0d1,General
6989a4de10805f5685d6b0d3,Performing Arts
6989a4de10805f5685d6b0d4,Biography
6989a4de10805f5685d6b0d6,Political Science
6989a4de10805f5685d6b0d8,Fiction
6989a4de10805f5685d6b0d9,Social Science
6989a4de10805f5685d6b0db,Popular Music
6989a4de10805f5685d6b0dc,Biography
6989a4de10805f5685d6b0dd,Self-help
6989a4de10805f5685d6b0df,General
6989a4de10805f5685d6b0e0,Collective Memory
6989a4de10805f5685d6b0e2,Social Science
6989a4de10805f5685d6b0e3,Self-help
6989a4de10805f5685d6b0e5,Religion
6989a4de10805f5685d6b0e7,True Crime
6989a4de10805f5685d6b0e9,Fiction
6989a4de10805f5685d6b0ea,Great Plains
6989a4de10805f5685d6b0ec,Fiction
6989a4de10805f5685d6b0ee,Fiction
6989a4de10805f5685d6b0ef,Juvenile Fiction
6989a4de10805f5685d6b0f1,Fiction
6989a4de10805f5685d6b0f2,Fiction
6989a4de10805f5685d6b0f4,Fiction
6989a4de10805f5685d6b0f5,Social Science
6989a4de10805f5685d6b0f7,Health
6989a4de10805f5685d6b0f9,Fiction
6989a4de10805f5685d6b0fa,African American Musicians
6989a4de10805f5685d6b0fc,Fiction
6989a4de10805f5685d6b0fd,Juvenile Fiction
6989a4de10805f5685d6b0fe,Biography
6989a4de10805f5685d6b100,Religion
6989a4de10805f5685d6b101,Fiction
6989a4de10805f5685d6b103,Fiction
6989a4de10805f5685d6b104,General
6989a4de10805f5685d6b106,Juvenile Fiction
6989a4de10805f5685d6b108,Fiction
6989a4de10805f5685d6b10a,Music
6989a4de10805f5685d6b10c,Juvenile Fiction
6989a4de10805f5685d6b10e,Foreign Language Study
6989a4de10805f5685d6b110,Fiction
6989a4de10805f5685d6b111,Language Arts
6989a4de10805f5685d6b113,General
6989a4de10805f5685d6b114,Family
6989a4de10805f5685d6b116,Cooking
6989a4de10805f5685d6b118,Fiction
6989a4de10805f5685d6b11a,Children
6989a4de10805f5685d6b11c,General
6989a4de10805f5685d6b11d,Fiction
6989a4de10805f5685d6b11e,Fiction
6989a4de10805f5685d6b11f,Fiction
6989a4de10805f5685d6b120,Biography
6989a4de10805f5685d6b122,Fiction
6989a4de10805f5685d6b123,Fiction
6989a4de10805f5685d6b125,Fiction
6989a4de10805f5685d6b126,Juvenile Fiction
6989a4de10805f5685d6b127,General
6989a4de10805f5685d6b128,Fiction
6989a4de10805f5685d6b12a,History
6989a4de10805f5685d6b12b,Humor
6989a4de10805f5685d6b12d,True Crime
6989a4de10805f5685d6b12f,Biography
6989a4de10805f5685d6b130,Fiction
6989a4de10805f5685d6b132,Fiction
6989a4de10805f5685d6b134,Fiction
6989a4de10805f5685d6b136,Religion
6989a4de10805f5685d6b138,Fiction
6989a4de10805f5685d6b139,General
6989a4de10805f5685d6b13a,Alternative Histories (fiction)
6989a4de10805f5685d6b13a,American
6989a4de10805f5685d6b13c,Computers
6989a4de10805f5685d6b13e,Fiction
6989a4de10805f5685d6b140,General
6989a4de10805f5685d6b141,Religion
6989a4de10805f5685d6b143,Fiction
6989a4de10805f5685d6b145,Fiction
6989a4de10805f5685d6b147,Juvenile Fiction
6989a4de10805f5685d6b149,General
6989a4de10805f5685d6b14a,Religion
6989a4de10805f5685d6b14c,Fiction
6989a4de10805f5685d6b14e,Fiction
6989a4de10805f5685d6b14f,Social Science
6989a4de10805f5685d6b151,Fiction
6989a4de10805f5685d6b152,Performing Arts
6989a4de10805f5685d6b154,History
6989a4de10805f5685d6b156,Fiction
6989a4de10805f5685d6b157,History
6989a4de10805f5685d6b159,Fiction
6989a4de10805f5685d6b15b,Literary Criticism
6989a4de10805f5685d6b15c,Sports
6989a4de10805f5685d6b15e,Juvenile Fiction
6989a4de10805f5685d6b160,Fiction
6989a4de10805f5685d6b161,Political Science
6989a4de10805f5685d6b163,Fiction
6989a4de10805f5685d6b164,Fiction
6989a4de10805f5685d6b165,Literary Collections
6989a4de10805f5685d6b167,Foreign Language Study
6989a4de10805f5685d6b168,Atheletes
6989a4de10805f5685d6b16a,Fiction
6989a4de10805f5685d6b16b,Computers
6989a4de10805f5685d6b16d,General
6989a4de10805f5685d6b16e,Fiction
6989a4de10805f5685d6b16f,Juvenile Nonfiction
6989a4de10805f5685d6b171,General
6989a4de10805f5685d6b172,Literary Criticism
6989a4de10805f5685d6b174,Fiction
6989a4de10805f5685d6b175,Language Arts
6989a4de10805f5685d6b176,Science
6989a4de10805f5685d6b178,Fiction
6989a4de10805f5685d6b17a,Fiction
6989a4de10805f5685d6b17b,Sports
6989a4de10805f5685d6b17d,Fiction
6989a4de10805f5685d6b17f,Business
6989a4de10805f5685d6b181,Juvenile Fiction
6989a4de10805f5685d6b183,Fiction
6989a4de10805f5685d6b185,Biography
6989a4de10805f5685d6b187,Fiction
6989a4de10805f5685d6b189,Fiction
6989a4de10805f5685d6b18a,Hindu Sects
6989a4de10805f5685d6b18c,Art
6989a4de10805f5685d6b18e,Political Science
6989a4de10805f5685d6b190,Fiction
6989a4de10805f5685d6b192,Travel
6989a4de10805f5685d6b194,China
6989a4de10805f5685d6b195,Books
6989a4de10805f5685d6b196,Fiction
6989a4de10805f5685d6b198,Fiction
6989a4de10805f5685d6b199,General
6989a4de10805f5685d6b19b,Language Arts
6989a4de10805f5685d6b19d,Juvenile Fiction
6989a4de10805f5685d6b19e,Fiction
6989a4de10805f5685d6b1a0,Fiction
6989a4de10805f5685d6b1a2,Fiction
6989a4de10805f5685d6b1a4,Juvenile Nonfiction
6989a4de10805f5685d6b1a6,Juvenile Fiction
6989a4de10805f5685d6b1a8,Fiction
6989a4de10805f5685d6b1aa,Juvenile Nonfiction
6989a4de10805f5685d6b1ac,General
6989a4de10805f5685d6b1ad,Fiction
6989a4de10805f5685d6b1af,Fiction
6989a4de10805f5685d6b1b1,Friendship
6989a4de10805f5685d6b1b2,Juvenile Fiction
6989a4de10805f5685d6b1b4,Fiction
6989a4de10805f5685d6b1b5,History
6989a4de10805f5685d6b1b7,Fiction
6989a4de10805f5685d6b1b8,Literary Criticism
6989a4de10805f5685d6b1ba,History
6989a4de10805f5685d6b1bc,Fiction
6989a4de10805f5685d6b1bd,General
6989a4de10805f5685d6b1bf,Fiction
6989a4de10805f5685d6b1c0,Fiction
6989a4de10805f5685d6b1c2,Fiction
6989a4de10805f5685d6b1c4,Demonology
6989a4de10805f5685d6b1c6,Business
6989a4de10805f5685d6b1c8,Biography
6989a4de10805f5685d6b1ca,Fiction
6989a4de10805f5685d6b1cb,History
6989a4de10805f5685d6b1cc,General
6989a4de10805f5685d6b1cd,Fiction
6989a4de10805f5685d6b1ce,Performing Arts
6989a4de10805f5685d6b1d0,Juvenile Fiction
6989a4de10805f5685d6b1d2,General
6989a4de10805f5685d6b1d4,Fiction
6989a4de10805f5685d6b1d6,General
6989a4de10805f5685d6b1d8,Fiction
6989a4de10805f5685d6b1da,Fiction
6989a4de10805f5685d6b1dc,General
6989a4de10805f5685d6b1dd,Education
6989a4de10805f5685d6b1de,Fiction
6989a4de10805f5685d6b1e0,General
6989a4de10805f5685d6b1e2,Fiction
6989a4de10805f5685d6b1e3,Sports
6989a4de10805f5685d6b1e5,Fiction
6989a4de10805f5685d6b1e7,Horsemanship
6989a4de10805f5685d6b1e9,General
6989a4de10805f5685d6b1ea,General
6989a4de10805f5685d6b1eb,Human-alien Encounters
6989a4de10805f5685d6b1ec,Comics
6989a4de10805f5685d6b1ee,Chance
6989a4de10805f5685d6b1f0,Drama
6989a4de10805f5685d6b1f1,Vietnam War
6989a4de10805f5685d6b1f1,1961-1975
6989a4de10805f5685d6b1f3,Fiction
6989a4de10805f5685d6b1f4,Business
6989a4de10805f5685d6b1f6,Fiction
6989a4de10805f5685d6b1f8,Fiction
6989a4de10805f5685d6b1fa,Punjab (india)
6989a4de10805f5685d6b1fc,History
6989a4de10805f5685d6b1fe,Fiction
6989a4de10805f5685d6b1ff,General
6989a4de10805f5685d6b200,General
6989a4de10805f5685d6b201,Transportation
6989a4de10805f5685d6b203,Juvenile Fiction
6989a4de10805f5685d6b204,Cooking
6989a4de10805f5685d6b206,General
6989a4de10805f5685d6b207,General
6989a4de10805f5685d6b208,History
6989a4de10805f5685d6b20a,Buddha (the Concept)
6989a4de10805f5685d6b20c,Biography
6989a4de10805f5685d6b20e,Juvenile Fiction
6989a4de10805f5685d6b20f,Juvenile Fiction
6989a4de10805f5685d6b210,General
6989a4de10805f5685d6b212,Religion
6989a4de10805f5685d6b214,Biography
6989a4de10805f5685d6b216,Fiction
6989a4de10805f5685d6b218,Juvenile Fiction
6989a4de10805f5685d6b219,Fiction
6989a4de10805f5685d6b21a,Fiction
6989a4de10805f5685d6b21c,Body
6989a4de10805f5685d6b21c,Mind
6989a4de10805f5685d6b21e,General
6989a4de10805f5685d6b220,Fiction
6989a4de10805f5685d6b222,History
6989a4de10805f5685d6b224,General
6989a4de10805f5685d6b225,General
6989a4de10805f5685d6b227,Young Adult Fiction
6989a4de10805f5685d6b228,General
6989a4de10805f5685d6b229,Fiction
6989a4de10805f5685d6b22a,Juvenile Nonfiction
6989a4de10805f5685d6b22b,Dyslexic Children
6989a4de10805f5685d6b22d,Juvenile Fiction
6989a4de10805f5685d6b22e,History
6989a4de10805f5685d6b22f,Fiction
6989a4de10805f5685d6b230,Religion
6989a4de10805f5685d6b232,Fiction
6989a4de10805f5685d6b234,Religion
6989a4de10805f5685d6b235,Pets
6989a4de10805f5685d6b237,Fiction
6989a4de10805f5685d6b239,Juvenile Fiction
6989a4de10805f5685d6b23a,Fiction
6989a4de10805f5685d6b23c,Adventure And Adventurers
6989a4de10805f5685d6b23e,Juvenile Fiction
6989a4de10805f5685d6b240,Fiction
6989a4de10805f5685d6b241,Juvenile Fiction
6989a4de10805f5685d6b242,Art
6989a4de10805f5685d6b244,Fiction
6989a4de10805f5685d6b246,Fiction
6989a4de10805f5685d6b248,Fiction
6989a4de10805f5685d6b249,General
6989a4de10805f5685d6b24a,Fiction
6989a4de10805f5685d6b24b,Fiction
6989a4de10805f5685d6b24d,Juvenile Fiction
6989a4de10805f5685d6b24f,Art
6989a4de10805f5685d6b251,Fiction
6989a4de10805f5685d6b252,Grocery Shopping
6989a4de10805f5685d6b254,Fiction
6989a4de10805f5685d6b255,Fiction
6989a4de10805f5685d6b256,Religion
6989a4de10805f5685d6b258,Fiction
6989a4de10805f5685d6b259,Juvenile Nonfiction
6989a4de10805f5685d6b25a,Fiction
6989a4de10805f5685d6b25b,Fiction
6989a4de10805f5685d6b25c,Business
6989a4de10805f5685d6b25d,Foreign Language Study
6989a4de10805f5685d6b25f,Fiction
6989a4de10805f5685d6b260,Fiction
6989a4de10805f5685d6b262,Fiction
6989a4de10805f5685d6b264,Fiction
6989a4de10805f5685d6b265,Fiction
6989a4de10805f5685d6b266,General
6989a4de10805f5685d6b268,Body
6989a4de10805f5685d6b268,Mind
6989a4de10805f5685d6b26a,Fiction
6989a4de10805f5685d6b26c,History
6989a4de10805f5685d6b26e,Performing Arts
6989a4de10805f5685d6b26f,Fiction
6989a4de10805f5685d6b270,Biography
6989a4de10805f5685d6b272,Health
6989a4de10805f5685d6b273,Fiction
6989a4de10805f5685d6b274,Fantasy
6989a4de10805f5685d6b276,Religion
6989a4de10805f5685d6b277,Juvenile Fiction
6989a4de10805f5685d6b278,History
6989a4de10805f5685d6b27a,Fiction
6989a4de10805f5685d6b27c,Fiction
6989a4de10805f5685d6b27e,Fiction
6989a4de10805f5685d6b27f,Cerebral Palsied Children
6989a4de10805f5685d6b281,Young Adult Fiction
6989a4de10805f5685d6b283,Juvenile Fiction
6989a4de10805f5685d6b285,General
6989a4de10805f5685d6b286,Fiction
6989a4de10805f5685d6b287,General
6989a4de10805f5685d6b288,Fiction
6989a4de10805f5685d6b289,Fiction
6989a4de10805f5685d6b28b,Young Adult Fiction
6989a4de10805f5685d6b28d,Fiction
6989a4de10805f5685d6b28f,Captiva Island (fla.)
6989a4de10805f5685d6b291,Fiction
6989a4de10805f5685d6b292,General
6989a4de10805f5685d6b293,Fiction
6989a4de10805f5685d6b294,General
6989a4de10805f5685d6b295,Poetry
6989a4de10805f5685d6b297,General
6989a4de10805f5685d6b298,Fiction
6989a4de10805f5685d6b29a,Medical
6989a4de10805f5685d6b29c,General
6989a4de10805f5685d6b29e,Fiction
6989a4de10805f5685d6b29f,Fiction
6989a4de10805f5685d6b2a1,Fiction
6989a4de10805f5685d6b2a3,American Poetry
6989a4de10805f5685d6b2a5,Fiction
6989a4de10805f5685d6b2a6,Fiction
6989a4de10805f5685d6b2a8,General
6989a4de10805f5685d6b2a9,Art
6989a4de10805f5685d6b2ab,Fiction
6989a4de10805f5685d6b2ad,Fiction
6989a4de10805f5685d6b2ae,Self-realization
6989a4de10805f5685d6b2af,General
6989a4de10805f5685d6b2b0,China
6989a4de10805f5685d6b2b2,Biography
6989a4de10805f5685d6b2b4,Fiction
6989a4de10805f5685d6b2b6,Finance
6989a4de10805f5685d6b2b6,Personal
6989a4de10805f5685d6b2b8,Fiction
6989a4de10805f5685d6b2b9,General
6989a4de10805f5685d6b2bb,Wizards-juvenile Fiction
6989a4de10805f5685d6b2bb,Autism
6989a4de10805f5685d6b2bb,Fantasy
6989a4de10805f5685d6b2bc,Angels
6989a4de10805f5685d6b2be,General
6989a4de10805f5685d6b2c0,American Literature
6989a4de10805f5685d6b2c2,True Crime
6989a4de10805f5685d6b2c4,History
6989a4de10805f5685d6b2c6,Biography
6989a4de10805f5685d6b2c8,Fiction
6989a4de10805f5685d6b2c9,Biography
6989a4de10805f5685d6b2ca,Fiction
6989a4de10805f5685d6b2cb,History
6989a4de10805f5685d6b2cc,History
6989a4de10805f5685d6b2cd,Fiction
6989a4de10805f5685d6b2ce,Antitrust Law
6989a4de10805f5685d6b2d0,Fiction
6989a4de10805f5685d6b2d1,General
6989a4de10805f5685d6b2d2,Electronic Books
6989a4de10805f5685d6b2d3,Camping
6989a4de10805f5685d6b2d5,Social Science
6989a4de10805f5685d6b2d7,Fiction
6989a4de10805f5685d6b2d8,Fiction
6989a4de10805f5685d6b2da,Fiction
6989a4de10805f5685d6b2db,Fiction
6989a4de10805f5685d6b2dc,Antiques
6989a4de10805f5685d6b2de,Juvenile Fiction
6989a4de10805f5685d6b2e0,Religion
6989a4de10805f5685d6b2e2,Fiction
6989a4de10805f5685d6b2e4,General
6989a4de10805f5685d6b2e5,Biography
6989a4de10805f5685d6b2e6,Juvenile Fiction
6989a4de10805f5685d6b2e8,Bolan
6989a4de10805f5685d6b2e8,Mack (fictitious Character)
6989a4de10805f5685d6b2e9,Biography
6989a4de10805f5685d6b2eb,Fiction
6989a4de10805f5685d6b2ed,Domestic Fiction
6989a4de10805f5685d6b2ef,Biography
6989a4de10805f5685d6b2f1,Fiction
6989a4de10805f5685d6b2f3,Juvenile Fiction
6989a4de10805f5685d6b2f5,Juvenile Nonfiction
6989a4de10805f5685d6b2f6,Fiction
6989a4de10805f5685d6b2f7,Literary Criticism
6989a4de10805f5685d6b2f9,Political Science
6989a4de10805f5685d6b2fb,Juvenile Fiction
6989a4de10805f5685d6b2fd,Language Arts
6989a4de10805f5685d6b2fe,Fiction
6989a4de10805f5685d6b300,Indians Of North America
6989a4de10805f5685d6b302,General
6989a4de10805f5685d6b304,General
6989a4de10805f5685d6b305,Families
6989a4de10805f5685d6b307,Sales Personnel
6989a4de10805f5685d6b309,Fiction
6989a4de10805f5685d6b30b,Fiction
6989a4de10805f5685d6b30d,Poetry
6989a4de10805f5685d6b30f,Religion
6989a4de10805f5685d6b311,Juvenile Nonfiction
6989a4de10805f5685d6b313,Conduct Of Life
6989a4de10805f5685d6b315,Fiction
6989a4de10805f5685d6b317,General
6989a4de10805f5685d6b318,Fiction
6989a4de10805f5685d6b31a,History
6989a4de10805f5685d6b31c,Art
6989a4de10805f5685d6b31e,Penny Dreadfuls
6989a4de10805f5685d6b320,Juvenile Nonfiction
6989a4de10805f5685d6b322,Fiction
6989a4de10805f5685d6b324,Computers
6989a4de10805f5685d6b326,Bibles
6989a4de10805f5685d6b328,General
6989a4de10805f5685d6b329,Religion
6989a4de10805f5685d6b32b,Fiction
6989a4de10805f5685d6b32d,Adventure Stories
6989a4de10805f5685d6b32f,Comics
6989a4de10805f5685d6b330,Fiction
6989a4de10805f5685d6b331,Biography
6989a4de10805f5685d6b333,Family
6989a4de10805f5685d6b335,Fiction
6989a4de10805f5685d6b336,Nuclear Warfare
6989a4de10805f5685d6b338,History
6989a4de10805f5685d6b33a,Education
6989a4de10805f5685d6b33c,Computers
6989a4de10805f5685d6b33e,General
6989a4de10805f5685d6b33f,France
6989a4de10805f5685d6b340,General
6989a4de10805f5685d6b341,Children's Stories
6989a4de10805f5685d6b343,Crafts
6989a4de10805f5685d6b344,Cataloging
6989a4de10805f5685d6b346,Fiction
6989a4de10805f5685d6b348,General
6989a4de10805f5685d6b349,Fiction
6989a4de10805f5685d6b34b,Blizzards
6989a4de10805f5685d6b34d,Business
6989a4de10805f5685d6b34f,Fiction
6989a4de10805f5685d6b350,Fiction
6989a4de10805f5685d6b351,Fiction
6989a4de10805f5685d6b352,Juvenile Fiction
6989a4de10805f5685d6b353,Education
6989a4de10805f5685d6b355,Juvenile Nonfiction
6989a4de10805f5685d6b357,Fiction
6989a4de10805f5685d6b358,Humor
6989a4de10805f5685d6b359,Religion
6989a4de10805f5685d6b35a,Fiction
6989a4de10805f5685d6b35b,Psychology
6989a4de10805f5685d6b35d,Pets
6989a4de10805f5685d6b35f,General
6989a4de10805f5685d6b361,Juvenile Fiction
6989a4de10805f5685d6b362,Body
6989a4de10805f5685d6b362,Mind
6989a4de10805f5685d6b364,Fiction
6989a4de10805f5685d6b366,General
6989a4de10805f5685d6b368,Biography
6989a4de10805f5685d6b36a,Fiction
6989a4de10805f5685d6b36c,Fiction
6989a4de10805f5685d6b36e,Cooking
6989a4de10805f5685d6b370,Fiction
6989a4de10805f5685d6b371,True Crime
6989a4de10805f5685d6b373,Drama
6989a4de10805f5685d6b375,Social Science
6989a4de10805f5685d6b377,General
6989a4de10805f5685d6b379,Nursery Schools
6989a4de10805f5685d6b37b,Juvenile Nonfiction
6989a4de10805f5685d6b37d,Business
6989a4de10805f5685d6b37f,Sex Instruction
6989a4de10805f5685d6b381,General
6989a4de10805f5685d6b382,General
6989a4de10805f5685d6b383,History
6989a4de10805f5685d6b384,Children's Stories
6989a4de10805f5685d6b386,Education
6989a4de10805f5685d6b388,General
6989a4de10805f5685d6b389,Social Science
6989a4de10805f5685d6b38b,Fiction
6989a4de10805f5685d6b38d,Fiction
6989a4de10805f5685d6b38f,Social Science
6989a4de10805f5685d6b391,Fiction
6989a4de10805f5685d6b392,History
6989a4de10805f5685d6b394,General
6989a4de10805f5685d6b395,Fiction
6989a4de10805f5685d6b397,Social Science
6989a4de10805f5685d6b399,Fiction
6989a4de10805f5685d6b39a,Happiness
6989a4de10805f5685d6b39b,Fiction
6989a4de10805f5685d6b39d,Drama
6989a4de10805f5685d6b39e,Political Science
6989a4de10805f5685d6b3a0,Fiction
6989a4de10805f5685d6b3a1,Fiction
6989a4de10805f5685d6b3a2,Fiction
6989a4de10805f5685d6b3a4,Mathematics
6989a4de10805f5685d6b3a6,General
6989a4de10805f5685d6b3a7,Young Adult Fiction
6989a4de10805f5685d6b3a9,Cooking
6989a4de10805f5685d6b3ab,Fiction
6989a4de10805f5685d6b3ad,General
6989a4de10805f5685d6b3af,Religion
6989a4de10805f5685d6b3b1,General
6989a4de10805f5685d6b3b2,Children's Literature
6989a4de10805f5685d6b3b3,Fiction
6989a4de10805f5685d6b3b4,Content Area Reading
6989a4de10805f5685d6b3b6,Fiction
6989a4de10805f5685d6b3b7,Self-realization In Women
6989a4de10805f5685d6b3b8,General
6989a4de10805f5685d6b3b9,Interpersonal Relations
6989a4de10805f5685d6b3ba,Fiction
6989a4de10805f5685d6b3bc,Performing Arts
6989a4de10805f5685d6b3be,Fiction
6989a4de10805f5685d6b3c0,Juvenile Nonfiction
6989a4de10805f5685d6b3c2,Juvenile Fiction
6989a4de10805f5685d6b3c3,Birthdays
6989a4de10805f5685d6b3c4,Self-help
6989a4de10805f5685d6b3c6,Fiction
6989a4de10805f5685d6b3c8,Biography
6989a4de10805f5685d6b3ca,General
6989a4de10805f5685d6b3cb,American Fiction
6989a4de10805f5685d6b3cd,Language Arts
6989a4de10805f5685d6b3cf,General
6989a4de10805f5685d6b3d1,Religion
6989a4de10805f5685d6b3d3,History
6989a4de10805f5685d6b3d4,General
6989a4de10805f5685d6b3d6,Business
6989a4de10805f5685d6b3d8,Fiction
6989a4de10805f5685d6b3da,Fiction
6989a4de10805f5685d6b3dc,Mathematics
6989a4de10805f5685d6b3de,New York (n.y.)
6989a4de10805f5685d6b3e0,General
6989a4de10805f5685d6b3e1,Fiction
6989a4de10805f5685d6b3e2,Body
6989a4de10805f5685d6b3e2,Mind
6989a4de10805f5685d6b3e4,Fiction
6989a4de10805f5685d6b3e6,Eastern Question (far East)
6989a4de10805f5685d6b3e8,Fiction
6989a4de10805f5685d6b3ea,Nature
6989a4de10805f5685d6b3ec,Biography
6989a4de10805f5685d6b3ee,Literary Criticism
6989a4de10805f5685d6b3f0,Poetry
6989a4de10805f5685d6b3f2,Fiction
6989a4de10805f5685d6b3f3,Justice In Art
6989a4de10805f5685d6b3f4,Private Investigation
6989a4de10805f5685d6b3f6,Juvenile Fiction
6989a4de10805f5685d6b3f7,General
6989a4de10805f5685d6b3f8,Fiction
6989a4de10805f5685d6b3fa,Juvenile Fiction
6989a4de10805f5685d6b3fc,Audiobooks
6989a4de10805f5685d6b3fe,Humor
6989a4de10805f5685d6b400,Fiction
6989a4de10805f5685d6b402,Fiction
6989a4de10805f5685d6b404,Statistics.
6989a4de10805f5685d6b406,Fiction
6989a4de10805f5685d6b408,Fiction
6989a4de10805f5685d6b40a,Pets
6989a4de10805f5685d6b40c,Biography
6989a4de10805f5685d6b40e,Science Fiction
6989a4de10805f5685d6b40f,Fiction
6989a4de10805f5685d6b411,Religion
6989a4de10805f5685d6b413,Religion
6989a4de10805f5685d6b415,Fiction
6989a4de10805f5685d6b416,History
6989a4de10805f5685d6b418,Fiction
6989a4de10805f5685d6b41a,Fiction
6989a4de10805f5685d6b41c,Philosophy
6989a4de10805f5685d6b41e,Sports
6989a4de10805f5685d6b420,Fiction
6989a4de10805f5685d6b422,Fiction
6989a4de10805f5685d6b423,Arizona
6989a4de10805f5685d6b425,Design
6989a4de10805f5685d6b427,Comics
6989a4de10805f5685d6b429,General
6989a4de10805f5685d6b42b,Arts
6989a4de10805f5685d6b42c,Fiction
6989a4de10805f5685d6b42e,Religion
6989a4de10805f5685d6b430,American Literature
6989a4de10805f5685d6b431,Nature
6989a4de10805f5685d6b432,Brothers And Sisters
6989a4de10805f5685d6b434,Fiction
6989a4de10805f5685d6b435,Poetry
6989a4de10805f5685d6b437,General
6989a4de10805f5685d6b438,Fiction
6989a4de10805f5685d6b439,Biography
6989a4de10805f5685d6b43b,General
6989a4de10805f5685d6b43c,Self-help
6989a4de10805f5685d6b43e,Body
6989a4de10805f5685d6b43e,Mind
6989a4de10805f5685d6b440,Body
6989a4de10805f5685d6b440,Mind
6989a4de10805f5685d6b441,Law
6989a4de10805f5685d6b443,Biography
6989a4de10805f5685d6b445,Fiction
6989a4de10805f5685d6b446,General
6989a4de10805f5685d6b447,Fiction
6989a4de10805f5685d6b449,Fiction
6989a4de10805f5685d6b44b,Social Science
6989a4de10805f5685d6b44d,History
6989a4de10805f5685d6b44f,Medical
6989a4de10805f5685d6b451,Science
6989a4de10805f5685d6b453,Fiction
6989a4de10805f5685d6b455,Fiction
6989a4de10805f5685d6b457,Acrobats
6989a4de10805f5685d6b459,Body
6989a4de10805f5685d6b459,Mind
6989a4de10805f5685d6b45b,Nature
6989a4de10805f5685d6b45d,Body
6989a4de10805f5685d6b45d,Mind
6989a4de10805f5685d6b45f,Japanese Americans
6989a4de10805f5685d6b461,Music
6989a4de10805f5685d6b463,General
6989a4de10805f5685d6b464,Juvenile Nonfiction
6989a4de10805f5685d6b465,Fiction
6989a4de10805f5685d6b466,Fiction
6989a4de10805f5685d6b467,Humor
6989a4de10805f5685d6b468,Self-help
6989a4de10805f5685d6b46a,Literary Collections
6989a4de10805f5685d6b46c,Fiction
6989a4de10805f5685d6b46d,Juvenile Fiction
6989a4de10805f5685d6b46f,Crafts
6989a4de10805f5685d6b471,Religion
6989a4de10805f5685d6b473,Biography
6989a4de10805f5685d6b475,Juvenile Fiction
6989a4de10805f5685d6b477,Fiction
6989a4de10805f5685d6b478,General
6989a4de10805f5685d6b479,Fiction
6989a4de10805f5685d6b47a,Poetry
6989a4de10805f5685d6b47c,Humanity
6989a4de10805f5685d6b47e,Business
6989a4de10805f5685d6b480,History
6989a4de10805f5685d6b482,Political Science
6989a4de10805f5685d6b484,Spanish Drama (comedy)
6989a4de10805f5685d6b486,Fiction
6989a4de10805f5685d6b487,Young Adult Fiction
6989a4de10805f5685d6b489,Social Science
6989a4de10805f5685d6b48b,Fiction
6989a4de10805f5685d6b48d,Fiction
6989a4de10805f5685d6b48f,Fiction
6989a4de10805f5685d6b490,True Crime
6989a4de10805f5685d6b492,Biography
6989a4de10805f5685d6b494,Fiction
6989a4de10805f5685d6b495,Religion
6989a4de10805f5685d6b497,Technology
6989a4de10805f5685d6b499,Geography
6989a4de10805f5685d6b49b,Self-help
6989a4de10805f5685d6b49c,Biography
6989a4de10805f5685d6b49e,Fiction
6989a4de10805f5685d6b4a0,Fiction
6989a4de10805f5685d6b4a2,Cooking
6989a4de10805f5685d6b4a4,Humor
6989a4de10805f5685d6b4a6,Science
6989a4de10805f5685d6b4a8,Fiction
6989a4de10805f5685d6b4a9,Fiction
6989a4de10805f5685d6b4aa,Fiction
6989a4de10805f5685d6b4ab,Fiction
6989a4de10805f5685d6b4ad,Body
6989a4de10805f5685d6b4ad,Mind
6989a4de10805f5685d6b4ae,Social Science
6989a4de10805f5685d6b4b0,Philosophy
6989a4de10805f5685d6b4b2,General
6989a4de10805f5685d6b4b4,Religion
6989a4de10805f5685d6b4b6,Fiction
6989a4de10805f5685d6b4b8,Juvenile Fiction
6989a4de10805f5685d6b4ba,Recreational Vehicle Living
6989a4de10805f5685d6b4bc,Fiction
6989a4de10805f5685d6b4be,Discernment Of Spirits
6989a4de10805f5685d6b4c0,Fiction
6989a4de10805f5685d6b4c2,General
6989a4de10805f5685d6b4c3,Games
6989a4de10805f5685d6b4c5,Fiction
6989a4de10805f5685d6b4c7,Juvenile Nonfiction
6989a4de10805f5685d6b4c8,History
6989a4de10805f5685d6b4ca,Artists
6989a4de10805f5685d6b4cc,General
6989a4de10805f5685d6b4cd,Fiction
6989a4de10805f5685d6b4cf,Juvenile Fiction
6989a4de10805f5685d6b4d0,Fiction
6989a4de10805f5685d6b4d2,Fiction
6989a4de10805f5685d6b4d4,Juvenile Fiction
6989a4de10805f5685d6b4d5,Fiction
6989a4de10805f5685d6b4d6,General
6989a4de10805f5685d6b4d7,General
6989a4de10805f5685d6b4d8,Education
6989a4de10805f5685d6b4da,Psychology
6989a4de10805f5685d6b4dc,Art
6989a4de10805f5685d6b4de,Biography
6989a4de10805f5685d6b4e0,Humor
6989a4de10805f5685d6b4e2,Questions And Answers
6989a4de10805f5685d6b4e3,Medical
6989a4de10805f5685d6b4e5,General
6989a4de10805f5685d6b4e6,Business
6989a4de10805f5685d6b4e8,Fiction
6989a4de10805f5685d6b4e9,General
6989a4de10805f5685d6b4ea,Fiction
6989a4de10805f5685d6b4eb,Juvenile Fiction
6989a4de10805f5685d6b4ec,Fiction
6989a4de10805f5685d6b4ed,Religion
6989a4de10805f5685d6b4ef,Arab Americans
6989a4de10805f5685d6b4f1,September 11 Terrorist Attacks
6989a4de10805f5685d6b4f1,2001
6989a4de10805f5685d6b4f3,Fiction
6989a4de10805f5685d6b4f5,Art
6989a4de10805f5685d6b4f7,General
6989a4de10805f5685d6b4f9,Fiction
6989a4de10805f5685d6b4fb,Fiction
6989a4de10805f5685d6b4fd,Fiction
6989a4de10805f5685d6b4ff,Fiction
6989a4de10805f5685d6b500,Antiques
6989a4de10805f5685d6b502,Philosophy
6989a4de10805f5685d6b504,Gardening
6989a4de10805f5685d6b505,Fiction
6989a4de10805f5685d6b507,History
6989a4de10805f5685d6b509,Fiction
6989a4de10805f5685d6b50b,History
6989a4de10805f5685d6b50d,Art
6989a4de10805f5685d6b50f,Biography
6989a4de10805f5685d6b511,History
6989a4de10805f5685d6b513,Fiction
6989a4de10805f5685d6b515,History
6989a4de10805f5685d6b517,General
6989a4de10805f5685d6b518,Publishers' Catalogs
6989a4de10805f5685d6b519,Juvenile Fiction
6989a4de10805f5685d6b51b,Acid Rain
6989a4de10805f5685d6b51d,General
6989a4de10805f5685d6b51f,History
6989a4de10805f5685d6b521,Fiction
6989a4de10805f5685d6b523,Comics
6989a4de10805f5685d6b524,General
6989a4de10805f5685d6b525,Croatia
6989a4de10805f5685d6b527,Fiction
6989a4de10805f5685d6b528,Health
6989a4de10805f5685d6b52a,Drama
6989a4de10805f5685d6b52c,General
6989a4de10805f5685d6b52d,Religion
6989a4de10805f5685d6b52e,Juvenile Nonfiction
6989a4de10805f5685d6b530,Nature
6989a4de10805f5685d6b532,Social Science
6989a4de10805f5685d6b534,Business
6989a4de10805f5685d6b536,Political Science
6989a4de10805f5685d6b538,Performing Arts
6989a4de10805f5685d6b53a,General
6989a4de10805f5685d6b53b,Bible
6989a4de10805f5685d6b53d,Fiction
6989a4de10805f5685d6b53e,Romances
6989a4de10805f5685d6b540,Biography
6989a4de10805f5685d6b542,Performing Arts
6989a4de10805f5685d6b544,General
6989a4de10805f5685d6b545,History
6989a4de10805f5685d6b547,Fiction
6989a4de10805f5685d6b548,Fiction
6989a4de10805f5685d6b549,Juvenile Nonfiction
6989a4de10805f5685d6b54b,Fiction
6989a4de10805f5685d6b54d,Fiction
6989a4de10805f5685d6b54f,Chivalry
6989a4de10805f5685d6b550,Poetry
6989a4de10805f5685d6b551,Detective And Mystery Stories
6989a4de10805f5685d6b553,Political Science
6989a4de10805f5685d6b555,General
6989a4de10805f5685d6b556,Alphabet
6989a4de10805f5685d6b558,Fiction
6989a4de10805f5685d6b55a,Sports
6989a4de10805f5685d6b55c,Body
6989a4de10805f5685d6b55c,Mind
6989a4de10805f5685d6b55e,Biography
6989a4de10805f5685d6b560,General
6989a4de10805f5685d6b561,Health
6989a4de10805f5685d6b563,Fiction
6989a4de10805f5685d6b565,Self-help
6989a4de10805f5685d6b567,Juvenile Nonfiction
6989a4de10805f5685d6b568,Fiction
6989a4de10805f5685d6b569,General
6989a4de10805f5685d6b56a,Fiction
6989a4de10805f5685d6b56c,Fiction
6989a4de10805f5685d6b56e,Fiction
6989a4de10805f5685d6b570,Holocaust
6989a4de10805f5685d6b570,Jewish (1939-1945)
6989a4de10805f5685d6b572,Planets
6989a4de10805f5685d6b574,Drama
6989a4de10805f5685d6b576,Psychology
6989a4de10805f5685d6b578,Foreign Language Study
6989a4de10805f5685d6b57a,Fiction
6989a4de10805f5685d6b57b,General
6989a4de10805f5685d6b57d,Literary Collections
6989a4de10805f5685d6b57f,Fiction
6989a4de10805f5685d6b580,Gardening
6989a4de10805f5685d6b582,Music
6989a4de10805f5685d6b584,Fiction
6989a4de10805f5685d6b585,Fiction
6989a4de10805f5685d6b587,Juvenile Fiction
6989a4de10805f5685d6b589,Law
6989a4de10805f5685d6b58b,Humor
6989a4de10805f5685d6b58c,Fiction
6989a4de10805f5685d6b58e,General
6989a4de10805f5685d6b58f,General
6989a4de10805f5685d6b590,Fiction
6989a4de10805f5685d6b592,Fiction
6989a4de10805f5685d6b593,Juvenile Nonfiction
6989a4de10805f5685d6b595,Fiction
6989a4de10805f5685d6b597,Religion
6989a4de10805f5685d6b599,Fiction
6989a4de10805f5685d6b59b,Juvenile Nonfiction
6989a4de10805f5685d6b59d,Fiction
6989a4de10805f5685d6b59f,General
6989a4de10805f5685d6b5a0,Fiction
6989a4de10805f5685d6b5a2,Religion
6989a4de10805f5685d6b5a4,Family
6989a4de10805f5685d6b5a6,History
6989a4de10805f5685d6b5a8,Detective And Mystery Stories
6989a4de10805f5685d6b5aa,Conduct Of Life
6989a4de10805f5685d6b5ac,Business
6989a4de10805f5685d6b5ae,Fiction
6989a4de10805f5685d6b5af,Biography
6989a4de10805f5685d6b5b1,Fiction
6989a4de10805f5685d6b5b2,Drama
6989a4de10805f5685d6b5b3,Fiction
6989a4de10805f5685d6b5b4,General
6989a4de10805f5685d6b5b5,History
6989a4de10805f5685d6b5b7,Juvenile Fiction
6989a4de10805f5685d6b5b8,Juvenile Nonfiction
6989a4de10805f5685d6b5b9,Agriculture
6989a4de10805f5685d6b5bb,Juvenile Fiction
6989a4de10805f5685d6b5bc,Fiction
6989a4de10805f5685d6b5be,Fiction
6989a4de10805f5685d6b5c0,Fiction
6989a4de10805f5685d6b5c1,Africa
6989a4de10805f5685d6b5c1,Sub-saharan
6989a4de10805f5685d6b5c3,General
6989a4de10805f5685d6b5c4,General
6989a4de10805f5685d6b5c5,Comics
6989a4de10805f5685d6b5c7,Performing Arts
6989a4de10805f5685d6b5c9,Occultism
6989a4de10805f5685d6b5cb,General
6989a4de10805f5685d6b5cd,Family
6989a4de10805f5685d6b5ce,Health
6989a4de10805f5685d6b5cf,Business
6989a4de10805f5685d6b5d1,Family
6989a4de10805f5685d6b5d3,Juvenile Fiction
6989a4de10805f5685d6b5d5,Fiction
6989a4de10805f5685d6b5d6,Drama
6989a4de10805f5685d6b5d8,Law
6989a4de10805f5685d6b5da,Family
6989a4de10805f5685d6b5dc,Juvenile Fiction
6989a4de10805f5685d6b5dd,Biography
6989a4de10805f5685d6b5df,Science Fiction
6989a4de10805f5685d6b5e1,True Crime
6989a4de10805f5685d6b5e3,Fiction
6989a4de10805f5685d6b5e4,Fiction
6989a4de10805f5685d6b5e5,History
6989a4de10805f5685d6b5e7,Religion
6989a4de10805f5685d6b5e8,True Crime
6989a4de10805f5685d6b5ea,Fiction
6989a4de10805f5685d6b5ec,Self-help
6989a4de10805f5685d6b5ee,American Literature
6989a4de10805f5685d6b5ef,Fiction
6989a4de10805f5685d6b5f0,General
6989a4de10805f5685d6b5f2,Animal Welfare
6989a4de10805f5685d6b5f4,General
6989a4de10805f5685d6b5f5,Detective And Mystery Stories
6989a4de10805f5685d6b5f6,Fiction
6989a4de10805f5685d6b5f7,Christian Biography
6989a4de10805f5685d6b5f9,Sports
6989a4de10805f5685d6b5fb,Biography
6989a4de10805f5685d6b5fd,Chicago (ill.)
6989a4de10805f5685d6b5ff,Music
6989a4de10805f5685d6b601,General
6989a4de10805f5685d6b602,History
6989a4de10805f5685d6b604,Akenfield (england)
6989a4de10805f5685d6b606,Animal Ark (imaginary Organization)
6989a4de10805f5685d6b608,Gift Books
6989a4de10805f5685d6b60a,Juvenile Nonfiction
6989a4de10805f5685d6b60b,Fiction
6989a4de10805f5685d6b60d,General
6989a4de10805f5685d6b60e,Fiction
6989a4de10805f5685d6b60f,Social Science
6989a4de10805f5685d6b611,Juvenile Fiction
6989a4de10805f5685d6b612,Juvenile Fiction
6989a4de10805f5685d6b614,Biography
6989a4de10805f5685d6b616,Social Science
6989a4de10805f5685d6b618,Self-help
6989a4de10805f5685d6b619,Foreign Language Study
6989a4de10805f5685d6b61b,Fiction
6989a4de10805f5685d6b61d,Fiction
6989a4de10805f5685d6b61e,History
6989a4de10805f5685d6b620,Fiction
6989a4de10805f5685d6b622,Fiction
6989a4de10805f5685d6b624,Comic Books
6989a4de10805f5685d6b624,Strips
6989a4de10805f5685d6b624,Etc
6989a4de10805f5685d6b626,Juvenile Fiction
6989a4de10805f5685d6b627,Education
6989a4de10805f5685d6b629,Actors
6989a4de10805f5685d6b62b,General
6989a4de10805f5685d6b62c,Fiction
6989a4de10805f5685d6b62e,Fiction
6989a4de10805f5685d6b630,Family
6989a4de10805f5685d6b632,History
6989a4de10805f5685d6b634,Psychology
6989a4de10805f5685d6b636,Poetry
6989a4de10805f5685d6b638,Sports
6989a4de10805f5685d6b63a,General
6989a4de10805f5685d6b63b,American Literature
6989a4de10805f5685d6b63c,Fiction
6989a4de10805f5685d6b63d,Fiction
6989a4de10805f5685d6b63f,Family
6989a4de10805f5685d6b641,Fiction
6989a4de10805f5685d6b642,Friendship
6989a4de10805f5685d6b643,Fiction
6989a4de10805f5685d6b645,General
6989a4de10805f5685d6b646,Comics
6989a4de10805f5685d6b648,Science
6989a4de10805f5685d6b64a,Philosophy
6989a4de10805f5685d6b64c,Social Science
6989a4de10805f5685d6b64d,General
6989a4de10805f5685d6b64e,Religion
6989a4de10805f5685d6b650,Business
6989a4de10805f5685d6b652,Fiction
6989a4de10805f5685d6b653,History
6989a4de10805f5685d6b655,Fiction
6989a4de10805f5685d6b656,General
6989a4de10805f5685d6b657,Fiction
6989a4de10805f5685d6b658,Fiction
6989a4de10805f5685d6b65a,Health
6989a4de10805f5685d6b65c,Self-help
6989a4de10805f5685d6b65e,Literary Criticism
6989a4de10805f5685d6b660,General
6989a4de10805f5685d6b661,Religion
6989a4de10805f5685d6b663,Juvenile Fiction
6989a4de10805f5685d6b664,General
6989a4de10805f5685d6b666,General
6989a4de10805f5685d6b668,General
6989a4de10805f5685d6b669,Fiction
6989a4de10805f5685d6b66a,General
6989a4de10805f5685d6b66c,Biography
6989a4de10805f5685d6b66e,Editions
6989a4de10805f5685d6b66f,Fiction
6989a4de10805f5685d6b671,Nature
6989a4de10805f5685d6b673,Fiction
6989a4de10805f5685d6b675,Religion
6989a4de10805f5685d6b677,Body
6989a4de10805f5685d6b677,Mind
6989a4de10805f5685d6b678,Prehistoric Peoples
6989a4de10805f5685d6b67a,Creative Ability
6989a4de10805f5685d6b67c,Sports
6989a4de10805f5685d6b67e,Education
6989a4de10805f5685d6b680,France
6989a4de10805f5685d6b682,Fiction
6989a4de10805f5685d6b684,Fiction
6989a4de10805f5685d6b685,Young Adult Fiction
6989a4de10805f5685d6b687,Health
6989a4de10805f5685d6b689,Fiction
6989a4de10805f5685d6b68b,General
6989a4de10805f5685d6b68d,Literary Criticism
6989a4de10805f5685d6b68e,Fiction
6989a4de10805f5685d6b68f,Juvenile Nonfiction
6989a4de10805f5685d6b691,General
6989a4de10805f5685d6b692,Science
6989a4de10805f5685d6b694,General
6989a4de10805f5685d6b695,Juvenile Fiction
6989a4de10805f5685d6b696,Fiction
6989a4de10805f5685d6b697,Science
6989a4de10805f5685d6b698,Religion
6989a4de10805f5685d6b69a,Fiction
6989a4de10805f5685d6b69c,Beauty
6989a4de10805f5685d6b69c,Personal
6989a4de10805f5685d6b69d,Music
6989a4de10805f5685d6b69f,General
6989a4de10805f5685d6b6a1,Social Science
6989a4de10805f5685d6b6a3,Philosophy
6989a4de10805f5685d6b6a4,Science
6989a4de10805f5685d6b6a5,General
6989a4de10805f5685d6b6a6,Father And Child
6989a4de10805f5685d6b6a8,Juvenile Fiction
6989a4de10805f5685d6b6aa,General
6989a4de10805f5685d6b6ab,Fiction
6989a4de10805f5685d6b6ad,General
6989a4de10805f5685d6b6ae,Los Angeles (calif.)
6989a4de10805f5685d6b6b0,Hygiene
6989a4de10805f5685d6b6b2,Religion
6989a4de10805f5685d6b6b3,General
6989a4de10805f5685d6b6b4,General
6989a4de10805f5685d6b6b5,Fiction
6989a4de10805f5685d6b6b7,Fiction
6989a4de10805f5685d6b6b9,Fiction
6989a4de10805f5685d6b6bb,General
6989a4de10805f5685d6b6bd,Fiction
6989a4de10805f5685d6b6bf,Fiction
6989a4de10805f5685d6b6c1,Arctic Regions
6989a4de10805f5685d6b6c3,General
6989a4de10805f5685d6b6c5,General
6989a4de10805f5685d6b6c6,Fiction
6989a4de10805f5685d6b6c8,General
6989a4de10805f5685d6b6c9,Biography
6989a4de10805f5685d6b6cb,Performing Arts
6989a4de10805f5685d6b6cd,General
6989a4de10805f5685d6b6ce,Juvenile Fiction
6989a4de10805f5685d6b6d0,Computers
6989a4de10805f5685d6b6d2,General
6989a4de10805f5685d6b6d3,Fiction
6989a4de10805f5685d6b6d5,Advertising
6989a4de10805f5685d6b6d7,Biography
6989a4de10805f5685d6b6d9,Children's Stories
6989a4de10805f5685d6b6d9,American.
6989a4de10805f5685d6b6db,Fiction
6989a4de10805f5685d6b6dc,Bears
6989a4de10805f5685d6b6de,General
6989a4de10805f5685d6b6e0,Body
6989a4de10805f5685d6b6e0,Mind
6989a4de10805f5685d6b6e2,Health
6989a4de10805f5685d6b6e4,General
6989a4de10805f5685d6b6e5,Social Science
6989a4de10805f5685d6b6e7,Fiction
6989a4de10805f5685d6b6e8,Fiction
6989a4de10805f5685d6b6e9,Fiction
6989a4de10805f5685d6b6ea,History
6989a4de10805f5685d6b6ec,History
6989a4de10805f5685d6b6ee,Fiction
6989a4de10805f5685d6b6ef,Commercial Crimes
6989a4de10805f5685d6b6f1,Fiction
6989a4de10805f5685d6b6f2,Juvenile Fiction
6989a4de10805f5685d6b6f4,Religion
6989a4de10805f5685d6b6f6,Children
6989a4de10805f5685d6b6f8,Fiction
6989a4de10805f5685d6b6f9,General
6989a4de10805f5685d6b6fb,General
6989a4de10805f5685d6b6fd,Fiction
6989a4de10805f5685d6b6fe,Arizona
6989a4de10805f5685d6b700,Love
6989a4de10805f5685d6b702,Music
6989a4de10805f5685d6b704,Fiction
6989a4de10805f5685d6b705,History
6989a4de10805f5685d6b707,Religion
6989a4de10805f5685d6b708,Health
6989a4de10805f5685d6b709,Fiction
6989a4de10805f5685d6b70a,Fiction
6989a4de10805f5685d6b70b,General
6989a4de10805f5685d6b70c,Fiction
6989a4de10805f5685d6b70d,Fiction
6989a4de10805f5685d6b70e,Fiction
6989a4de10805f5685d6b70f,Fiction
6989a4de10805f5685d6b711,Social Science
6989a4de10805f5685d6b713,Biography
6989a4de10805f5685d6b715,Brothers And Sisters
6989a4de10805f5685d6b717,Fiction
6989a4de10805f5685d6b719,Cooking
6989a4de10805f5685d6b71b,Fiction
6989a4de10805f5685d6b71d,Health
6989a4de10805f5685d6b71f,General
6989a4de10805f5685d6b721,Hudson River Valley (n.y. And N.j.)
6989a4de10805f5685d6b723,Fiction
6989a4de10805f5685d6b724,Humor
6989a4de10805f5685d6b726,Nature
6989a4de10805f5685d6b728,General
6989a4de10805f5685d6b729,Corrections
6989a4de10805f5685d6b72b,Fiction
6989a4de10805f5685d6b72c,Fiction
6989a4de10805f5685d6b72e,Fiction
6989a4de10805f5685d6b730,Adventure Games
6989a4de10805f5685d6b732,Bullets
6989a4de10805f5685d6b734,Religion
6989a4de10805f5685d6b736,History
6989a4de10805f5685d6b738,General
6989a4de10805f5685d6b739,General
6989a4de10805f5685d6b73a,Fiction
6989a4de10805f5685d6b73b,Pets
6989a4de10805f5685d6b73d,Detective And Mystery Stories
6989a4de10805f5685d6b73d,English
6989a4de10805f5685d6b73f,Travel
6989a4de10805f5685d6b740,Biography
6989a4de10805f5685d6b742,Fiction
6989a4de10805f5685d6b743,Cooking
6989a4de10805f5685d6b745,Marple
6989a4de10805f5685d6b745,Jane (fictitious Character)
6989a4de10805f5685d6b746,Business
6989a4de10805f5685d6b748,Philosophy
6989a4de10805f5685d6b74a,Dogs
6989a4de10805f5685d6b74c,Fiction
6989a4de10805f5685d6b74d,General
6989a4de10805f5685d6b74e,Language Arts
6989a4de10805f5685d6b750,Fiction
6989a4de10805f5685d6b751,Social Science
6989a4de10805f5685d6b753,Fiction
6989a4de10805f5685d6b755,Psychology
6989a4de10805f5685d6b757,Religion
6989a4de10805f5685d6b759,Conduct Of Life
6989a4de10805f5685d6b75b,Fiction
6989a4de10805f5685d6b75d,Fiction
6989a4de10805f5685d6b75e,Paperbacks
6989a4de10805f5685d6b75f,Murder
6989a4de10805f5685d6b761,Religion
6989a4de10805f5685d6b762,Alaska
6989a4de10805f5685d6b764,Fiction
6989a4de10805f5685d6b765,Fiction
6989a4de10805f5685d6b766,Religion
6989a4de10805f5685d6b768,First Loves
6989a4de10805f5685d6b76a,Biography
6989a4de10805f5685d6b76c,Juvenile Nonfiction
6989a4de10805f5685d6b76e,Fiction
6989a4de10805f5685d6b76f,General
6989a4de10805f5685d6b770,Business
6989a4de10805f5685d6b772,General
6989a4de10805f5685d6b774,General
6989a4de10805f5685d6b776,Music
6989a4de10805f5685d6b777,Religion
6989a4de10805f5685d6b778,Fiction
6989a4de10805f5685d6b779,Fiction
6989a4de10805f5685d6b77b,Biography
6989a4de10805f5685d6b77d,Law
6989a4de10805f5685d6b77f,Sports
6989a4de10805f5685d6b781,Fiction
6989a4de10805f5685d6b783,Actresses
6989a4de10805f5685d6b785,General
6989a4de10805f5685d6b786,Fiction
6989a4de10805f5685d6b787,Fiction
6989a4de10805f5685d6b789,Prayer
6989a4de10805f5685d6b78b,Fiction
6989a4de10805f5685d6b78c,Fiction
6989a4de10805f5685d6b78e,Juvenile Fiction
6989a4de10805f5685d6b790,General
6989a4de10805f5685d6b791,General
6989a4de10805f5685d6b792,Fiction
6989a4de10805f5685d6b793,Philosophy
6989a4de10805f5685d6b794,American Literature
6989a4de10805f5685d6b795,Admirals
6989a4de10805f5685d6b797,Fiction
6989a4de10805f5685d6b799,Nature
6989a4de10805f5685d6b79b,Fiction
6989a4de10805f5685d6b79d,Psychology
6989a4de10805f5685d6b79f,Adventure Stories
6989a4de10805f5685d6b7a0,General
6989a4de10805f5685d6b7a1,Sports
6989a4de10805f5685d6b7a3,Bonsai
6989a4de10805f5685d6b7a5,Juvenile Fiction
6989a4de10805f5685d6b7a7,Body
6989a4de10805f5685d6b7a7,Mind
6989a4de10805f5685d6b7a8,Ghosts
6989a4de10805f5685d6b7aa,Fiction
6989a4de10805f5685d6b7ab,Literary Criticism
6989a4de10805f5685d6b7ad,Fiction
6989a4de10805f5685d6b7ae,Assisted Suicide
6989a4de10805f5685d6b7b0,Fiction
6989a4de10805f5685d6b7b2,Christian Life
6989a4de10805f5685d6b7b3,Biography
6989a4de10805f5685d6b7b5,Juvenile Nonfiction
6989a4de10805f5685d6b7b7,Poetry
6989a4de10805f5685d6b7b8,Comic Books
6989a4de10805f5685d6b7b8,Strips
6989a4de10805f5685d6b7b8,Etc
6989a4de10805f5685d6b7b9,General
6989a4de10805f5685d6b7ba,General
6989a4de10805f5685d6b7bb,Fiction
6989a4de10805f5685d6b7bc,General
6989a4de10805f5685d6b7be,General
6989a4de10805f5685d6b7bf,Health
6989a4de10805f5685d6b7c1,Juvenile Fiction
6989a4de10805f5685d6b7c3,Language Arts
6989a4de10805f5685d6b7c4,General
6989a4de10805f5685d6b7c5,Performing Arts
6989a4de10805f5685d6b7c7,Religion
6989a4de10805f5685d6b7c9,Fiction
6989a4de10805f5685d6b7ca,Fiction
6989a4de10805f5685d6b7cb,General
6989a4de10805f5685d6b7cc,General
6989a4de10805f5685d6b7cd,Social Science
6989a4de10805f5685d6b7cf,Depression
6989a4de10805f5685d6b7cf,Mental
6989a4de10805f5685d6b7d1,Fiction
6989a4de10805f5685d6b7d2,General
6989a4de10805f5685d6b7d3,Performing Arts
6989a4de10805f5685d6b7d5,General
6989a4de10805f5685d6b7d6,Fiction
6989a4de10805f5685d6b7d8,Fiction
6989a4de10805f5685d6b7da,Fiction
6989a4de10805f5685d6b7dc,Juvenile Fiction
6989a4de10805f5685d6b7dd,Language Arts
6989a4de10805f5685d6b7df,Biography
6989a4de10805f5685d6b7e1,Biography
6989a4de10805f5685d6b7e3,Sports
6989a4de10805f5685d6b7e5,Young Adult Fiction
6989a4de10805f5685d6b7e6,Fiction
6989a4de10805f5685d6b7e8,Biography
6989a4de10805f5685d6b7e9,Biography
6989a4de10805f5685d6b7eb,Fiction
6989a4de10805f5685d6b7ec,English Fiction
6989a4de10805f5685d6b7ed,Poetry
6989a4de10805f5685d6b7ef,General
6989a4de10805f5685d6b7f0,General
6989a4de10805f5685d6b7f1,Country Life
6989a4de10805f5685d6b7f3,Fiction
6989a4de10805f5685d6b7f5,Fiction
6989a4de10805f5685d6b7f7,General
6989a4de10805f5685d6b7f8,Business
6989a4de10805f5685d6b7fa,Fiction
6989a4de10805f5685d6b7fc,Religion
6989a4de10805f5685d6b7fd,Games
6989a4de10805f5685d6b7fe,General
6989a4de10805f5685d6b7ff,General
6989a4de10805f5685d6b801,Art
6989a4de10805f5685d6b803,Business
6989a4de10805f5685d6b805,Fiction
6989a4de10805f5685d6b807,American Literature
6989a4de10805f5685d6b808,General
6989a4de10805f5685d6b809,Medical
6989a4de10805f5685d6b80b,Fiction
6989a4de10805f5685d6b80d,Fiction
6989a4de10805f5685d6b80e,Religion
6989a4de10805f5685d6b80f,Fiction
6989a4de10805f5685d6b811,General
6989a4de10805f5685d6b813,Fiction
6989a4de10805f5685d6b815,Animals
6989a4de10805f5685d6b817,Child Abuse
6989a4de10805f5685d6b819,Fiction
6989a4de10805f5685d6b81b,General
6989a4de10805f5685d6b81c,General
6989a4de10805f5685d6b81d,Fiction
6989a4de10805f5685d6b81f,Fiction
6989a4de10805f5685d6b820,Art
6989a4de10805f5685d6b822,Fiction
6989a4de10805f5685d6b824,Biography
6989a4de10805f5685d6b826,Body
6989a4de10805f5685d6b826,Mind
6989a4de10805f5685d6b827,Health
6989a4de10805f5685d6b829,Fiction
6989a4de10805f5685d6b82a,Fiction
6989a4de10805f5685d6b82b,General
6989a4de10805f5685d6b82c,Fiction
6989a4de10805f5685d6b82d,Fiction
6989a4de10805f5685d6b82f,Fiction
6989a4de10805f5685d6b831,Performing Arts
6989a4de10805f5685d6b833,Fiction
6989a4de10805f5685d6b835,Fiction
6989a4de10805f5685d6b837,Fiction
6989a4de10805f5685d6b838,General
6989a4de10805f5685d6b839,Fiction
6989a4de10805f5685d6b83b,Literary Collections
6989a4de10805f5685d6b83c,General
6989a4de10805f5685d6b83d,Fiction
6989a4de10805f5685d6b83f,Derelicts
6989a4de10805f5685d6b841,Fiction
6989a4de10805f5685d6b842,Fiction
6989a4de10805f5685d6b844,Juvenile Fiction
6989a4de10805f5685d6b846,Holocaust
6989a4de10805f5685d6b846,Jewish (1939-1945)
6989a4de10805f5685d6b848,General
6989a4de10805f5685d6b849,General
6989a4de10805f5685d6b84a,Fiction
6989a4de10805f5685d6b84b,Juvenile Fiction
6989a4de10805f5685d6b84c,Fiction
6989a4de10805f5685d6b84e,Education
6989a4de10805f5685d6b850,Authors
6989a4de10805f5685d6b850,American
6989a4de10805f5685d6b852,General
6989a4de10805f5685d6b854,Castro (san Francisco
6989a4de10805f5685d6b854,Calif.)
6989a4de10805f5685d6b856,College Sports
6989a4de10805f5685d6b858,General
6989a4de10805f5685d6b85a,Body
6989a4de10805f5685d6b85a,Mind
6989a4de10805f5685d6b85c,Religion
6989a4de10805f5685d6b85e,Religion
6989a4de10805f5685d6b860,Art
6989a4de10805f5685d6b862,Juvenile Nonfiction
6989a4de10805f5685d6b864,Fiction
6989a4de10805f5685d6b866,Family
6989a4de10805f5685d6b868,Astronomy
6989a4de10805f5685d6b86a,Computers
6989a4de10805f5685d6b86c,Food
6989a4de10805f5685d6b86e,Juvenile Fiction
6989a4de10805f5685d6b870,General
6989a4de10805f5685d6b871,Edinburgh (scotland)
6989a4de10805f5685d6b872,Technology
6989a4de10805f5685d6b874,Medical
6989a4de10805f5685d6b876,Fiction
6989a4de10805f5685d6b877,Egypt
6989a4de10805f5685d6b879,History
6989a4de10805f5685d6b87a,Fiction
6989a4de10805f5685d6b87b,General
6989a4de10805f5685d6b87c,Poetry
6989a4de10805f5685d6b87d,Juvenile Fiction
6989a4de10805f5685d6b87f,Fiction
6989a4de10805f5685d6b880,Business
6989a4de10805f5685d6b882,Juvenile Fiction
6989a4de10805f5685d6b884,Fiction
6989a4de10805f5685d6b886,General
6989a4de10805f5685d6b887,Literary Collections
6989a4de10805f5685d6b889,Fiction
6989a4de10805f5685d6b88b,Inheritance And Succession
6989a4de10805f5685d6b88c,Education
6989a4de10805f5685d6b88e,General
6989a4de10805f5685d6b88f,Fiction
6989a4de10805f5685d6b891,Pets
6989a4de10805f5685d6b893,Fiction
6989a4de10805f5685d6b894,General
6989a4de10805f5685d6b896,Fiction
6989a4de10805f5685d6b897,Juvenile Fiction
6989a4de10805f5685d6b899,General
6989a4de10805f5685d6b89a,Fiction
6989a4de10805f5685d6b89b,Business
6989a4de10805f5685d6b89d,Reference
6989a4de10805f5685d6b89f,Fiction
6989a4de10805f5685d6b8a1,Religion
6989a4de10805f5685d6b8a3,History
6989a4de10805f5685d6b8a5,General
6989a4de10805f5685d6b8a6,Fiction
6989a4de10805f5685d6b8a7,Fiction
6989a4de10805f5685d6b8a8,General
6989a4de10805f5685d6b8a9,Amusements
6989a4de10805f5685d6b8ab,Fiction
6989a4de10805f5685d6b8ad,Biography
6989a4de10805f5685d6b8af,General
6989a4de10805f5685d6b8b1,Indic Poetry (english)
6989a4de10805f5685d6b8b3,Fiction
6989a4de10805f5685d6b8b4,Fiction
6989a4de10805f5685d6b8b6,Literary Criticism
6989a4de10805f5685d6b8b8,General
6989a4de10805f5685d6b8ba,Nature
6989a4de10805f5685d6b8bc,English Language
6989a4de10805f5685d6b8be,General
6989a4de10805f5685d6b8bf,Comics
6989a4de10805f5685d6b8c1,History
6989a4de10805f5685d6b8c3,Education
6989a4de10805f5685d6b8c5,History
6989a4de10805f5685d6b8c7,England
6989a4de10805f5685d6b8c8,General
6989a4de10805f5685d6b8c9,Fiction
6989a4de10805f5685d6b8ca,Fiction
6989a4de10805f5685d6b8cb,Babies
6989a4de10805f5685d6b8cc,Fiction
6989a4de10805f5685d6b8ce,Fiction
6989a4de10805f5685d6b8d0,Biography
6989a4de10805f5685d6b8d2,General
6989a4de10805f5685d6b8d3,History
6989a4de10805f5685d6b8d5,Literary Collections
6989a4de10805f5685d6b8d7,Business
6989a4de10805f5685d6b8d9,Logic
6989a4de10805f5685d6b8da,Language Arts
6989a4de10805f5685d6b8dc,History
6989a4de10805f5685d6b8de,General
6989a4de10805f5685d6b8df,Family
6989a4de10805f5685d6b8e1,Fiction
6989a4de10805f5685d6b8e2,Comics
6989a4de10805f5685d6b8e4,Comics
6989a4de10805f5685d6b8e6,Fiction
6989a4de10805f5685d6b8e7,Psychology
6989a4de10805f5685d6b8e8,Juvenile Fiction
6989a4de10805f5685d6b8ea,General
6989a4de10805f5685d6b8ec,History
6989a4de10805f5685d6b8ee,General
6989a4de10805f5685d6b8ef,Fiction
6989a4de10805f5685d6b8f0,Comics
6989a4de10805f5685d6b8f2,General
6989a4de10805f5685d6b8f3,Literary Collections
6989a4de10805f5685d6b8f4,Fiction
6989a4de10805f5685d6b8f5,Biography
6989a4de10805f5685d6b8f7,Fiction
6989a4de10805f5685d6b8f9,Business
6989a4de10805f5685d6b8fb,General
6989a4de10805f5685d6b8fc,Biography
6989a4de10805f5685d6b8fe,Psychology
6989a4de10805f5685d6b8ff,Education
6989a4de10805f5685d6b901,Biography
6989a4de10805f5685d6b902,Fiction
6989a4de10805f5685d6b904,Fiction
6989a4de10805f5685d6b905,Juvenile Nonfiction
6989a4de10805f5685d6b907,Philosophy
6989a4de10805f5685d6b909,Science
6989a4de10805f5685d6b90b,General
6989a4de10805f5685d6b90c,Fiction
6989a4de10805f5685d6b90e,Juvenile Nonfiction
6989a4de10805f5685d6b910,Cats
6989a4de10805f5685d6b912,Fiction
6989a4de10805f5685d6b914,Literary Collections
6989a4de10805f5685d6b916,General
6989a4de10805f5685d6b917,General
6989a4de10805f5685d6b918,Drama
6989a4de10805f5685d6b919,Children's Poetry
6989a4de10805f5685d6b919,Australian
6989a4de10805f5685d6b91b,General
6989a4de10805f5685d6b91d,Fiction
6989a4de10805f5685d6b91e,Antique Dealers
6989a4de10805f5685d6b920,Fiction
6989a4de10805f5685d6b921,Religion
6989a4de10805f5685d6b923,Cancer
6989a4de10805f5685d6b925,Fiction
6989a4de10805f5685d6b926,Fiction
6989a4de10805f5685d6b928,Religion
6989a4de10805f5685d6b92a,Fiction
6989a4de10805f5685d6b92c,Architecture
6989a4de10805f5685d6b92e,Self-help
6989a4de10805f5685d6b930,History
6989a4de10805f5685d6b932,Nature
6989a4de10805f5685d6b934,Medical
6989a4de10805f5685d6b936,General
6989a4de10805f5685d6b937,Education
6989a4de10805f5685d6b939,Religion
6989a4de10805f5685d6b93b,Fiction
6989a4de10805f5685d6b93d,Literary Criticism
6989a4de10805f5685d6b93e,General
6989a4de10805f5685d6b93f,Health
6989a4de10805f5685d6b941,Cannes (france)
6989a4de10805f5685d6b942,Creative Thinking
6989a4de10805f5685d6b943,History
6989a4de10805f5685d6b945,History
6989a4de10805f5685d6b947,Fiction
6989a4de10805f5685d6b948,Catalogs
6989a4de10805f5685d6b948,Classified
6989a4de10805f5685d6b94a,Fiction
6989a4de10805f5685d6b94c,Travel
6989a4de10805f5685d6b94d,Bible
6989a4de10805f5685d6b94e,General
6989a4de10805f5685d6b950,General
6989a4de10805f5685d6b951,General
6989a4de10805f5685d6b953,Fiction
6989a4de10805f5685d6b954,Fiction
6989a4de10805f5685d6b956,Family
6989a4de10805f5685d6b958,History
6989a4de10805f5685d6b95a,Fiction
6989a4de10805f5685d6b95b,Fiction
6989a4de10805f5685d6b95c,Fiction
6989a4de10805f5685d6b95d,Biography
6989a4de10805f5685d6b95f,Fiction
6989a4de10805f5685d6b961,Fiction
6989a4de10805f5685d6b962,Fiction
6989a4de10805f5685d6b963,Political Science
6989a4de10805f5685d6b965,General
6989a4de10805f5685d6b966,General
6989a4de10805f5685d6b967,Europe
6989a4de10805f5685d6b969,Biography
6989a4de10805f5685d6b96b,Business
6989a4de10805f5685d6b96d,Juvenile Fiction
6989a4de10805f5685d6b96f,Detective And Mystery Stories
6989a4de10805f5685d6b970,Fiction
6989a4de10805f5685d6b972,Europe
6989a4de10805f5685d6b974,Travel
6989a4de10805f5685d6b976,Fiction
6989a4de10805f5685d6b978,General
6989a4de10805f5685d6b979,Business
6989a4de10805f5685d6b97b,History
6989a4de10805f5685d6b97d,Juvenile Fiction
6989a4de10805f5685d6b97f,Fiction
6989a4de10805f5685d6b981,Family
6989a4de10805f5685d6b983,Fiction
6989a4de10805f5685d6b984,Social Science
6989a4de10805f5685d6b986,Juvenile Fiction
6989a4de10805f5685d6b987,Biography
6989a4de10805f5685d6b988,Genetic Engineering
6989a4de10805f5685d6b989,Large Type Books
6989a4de10805f5685d6b98b,Travel
6989a4de10805f5685d6b98c,General
6989a4de10805f5685d6b98d,Biography
6989a4de10805f5685d6b98f,Juvenile Nonfiction
6989a4de10805f5685d6b991,General
6989a4de10805f5685d6b992,Authors
6989a4de10805f5685d6b993,Juvenile Fiction
6989a4de10805f5685d6b995,General
6989a4de10805f5685d6b996,Body
6989a4de10805f5685d6b996,Mind
6989a4de10805f5685d6b997,Biography
6989a4de10805f5685d6b999,Fiction
6989a4de10805f5685d6b99a,Fiction
6989a4de10805f5685d6b99c,Fiction
6989a4de10805f5685d6b99e,General
6989a4de10805f5685d6b99f,Reference
6989a4de10805f5685d6b9a0,Fiction
6989a4de10805f5685d6b9a1,Language Arts
6989a4de10805f5685d6b9a2,Biography
6989a4de10805f5685d6b9a4,Juvenile Fiction
6989a4de10805f5685d6b9a6,Religion
6989a4de10805f5685d6b9a8,Authors
6989a4de10805f5685d6b9a8,English
6989a4de10805f5685d6b9aa,General
6989a4de10805f5685d6b9ab,Philosophy
6989a4de10805f5685d6b9ac,Best Books
6989a4de10805f5685d6b9ad,Cooking
6989a4de10805f5685d6b9af,Fiction
6989a4de10805f5685d6b9b1,Fiction
6989a4de10805f5685d6b9b2,Nature
6989a4de10805f5685d6b9b4,Biography
6989a4de10805f5685d6b9b6,Young Adult Fiction
6989a4de10805f5685d6b9b8,Computers
6989a4de10805f5685d6b9ba,Fiction
6989a4de10805f5685d6b9bb,Lesbians
6989a4de10805f5685d6b9bd,Africa
6989a4de10805f5685d6b9bd,Southern
6989a4de10805f5685d6b9bf,General
6989a4de10805f5685d6b9c0,Juvenile Fiction
6989a4de10805f5685d6b9c2,Fiction
6989a4de10805f5685d6b9c4,Biography
6989a4de10805f5685d6b9c6,Family
6989a4de10805f5685d6b9c7,Pets
6989a4de10805f5685d6b9c9,Fiction
6989a4de10805f5685d6b9ca,Fiction
6989a4de10805f5685d6b9cc,Political Science
6989a4de10805f5685d6b9ce,Adult Children
6989a4de10805f5685d6b9d0,Friendship
6989a4de10805f5685d6b9d2,Generative Organs
6989a4de10805f5685d6b9d2,Female
6989a4de10805f5685d6b9d4,Biography
6989a4de10805f5685d6b9d6,Nature
6989a4de10805f5685d6b9d8,American Literature
6989a4de10805f5685d6b9d9,General
6989a4de10805f5685d6b9da,Political Science
6989a4de10805f5685d6b9dc,Sports
6989a4de10805f5685d6b9dd,Business
6989a4de10805f5685d6b9df,Fiction
6989a4de10805f5685d6b9e0,Drama
6989a4de10805f5685d6b9e2,Fiction
6989a4de10805f5685d6b9e4,Science
6989a4de10805f5685d6b9e6,Fiction
6989a4de10805f5685d6b9e7,Religion
6989a4de10805f5685d6b9e9,Fiction
6989a4de10805f5685d6b9eb,Self-help
6989a4de10805f5685d6b9ec,Fiction
6989a4de10805f5685d6b9ee,Construction Workers
6989a4de10805f5685d6b9f0,General
6989a4de10805f5685d6b9f1,Insects
6989a4de10805f5685d6b9f2,General
6989a4de10805f5685d6b9f3,Fiction
6989a4de10805f5685d6b9f4,Egypt
6989a4de10805f5685d6b9f6,Fiction
6989a4de10805f5685d6b9f8,Jet Lag
6989a4de10805f5685d6b9fa,Biography
6989a4de10805f5685d6b9fc,Fiction
6989a4de10805f5685d6b9fd,Fiction
6989a4de10805f5685d6b9ff,Language Arts
6989a4de10805f5685d6ba01,Competition (psychology)
6989a4de10805f5685d6ba03,Bears
6989a4de10805f5685d6ba05,Fiction
6989a4de10805f5685d6ba07,Fiction
6989a4de10805f5685d6ba08,Body
6989a4de10805f5685d6ba08,Mind
6989a4de10805f5685d6ba09,Body
6989a4de10805f5685d6ba09,Mind
6989a4de10805f5685d6ba0a,Friendship
6989a4de10805f5685d6ba0b,Juvenile Nonfiction
6989a4de10805f5685d6ba0d,Fiction
6989a4de10805f5685d6ba0f,General
6989a4de10805f5685d6ba10,Fiction
6989a4de10805f5685d6ba11,Juvenile Nonfiction
6989a4de10805f5685d6ba13,Juvenile Fiction
6989a4de10805f5685d6ba15,Fiction
6989a4de10805f5685d6ba17,Fiction
6989a4de10805f5685d6ba19,Psychology
6989a4de10805f5685d6ba1a,Fiction
6989a4de10805f5685d6ba1c,Comics
6989a4de10805f5685d6ba1e,Fiction
6989a4de10805f5685d6ba1f,Computers
6989a4de10805f5685d6ba21,Political Science
6989a4de10805f5685d6ba23,Literary Collections
6989a4de10805f5685d6ba24,General
6989a4de10805f5685d6ba25,General
6989a4de10805f5685d6ba26,Religion
6989a4de10805f5685d6ba27,Reference
6989a4de10805f5685d6ba29,Biography
6989a4de10805f5685d6ba2b,Family
6989a4de10805f5685d6ba2d,History
6989a4de10805f5685d6ba2f,Young Adult Nonfiction
6989a4de10805f5685d6ba31,Comics
6989a4de10805f5685d6ba33,Gardening
6989a4de10805f5685d6ba35,Juvenile Fiction
6989a4de10805f5685d6ba36,Fiction
6989a4de10805f5685d6ba38,Juvenile Fiction
6989a4de10805f5685d6ba3a,Social Science
6989a4de10805f5685d6ba3c,Fiction
6989a4de10805f5685d6ba3e,Language Arts
6989a4de10805f5685d6ba3f,General
6989a4de10805f5685d6ba41,Fiction
6989a4de10805f5685d6ba43,Fiction
6989a4de10805f5685d6ba45,Juvenile Nonfiction
6989a4de10805f5685d6ba47,Juvenile Fiction
6989a4de10805f5685d6ba49,Comics
6989a4de10805f5685d6ba4b,Comics
6989a4de10805f5685d6ba4d,Biography
6989a4de10805f5685d6ba4e,Science
6989a4de10805f5685d6ba50,Biography
6989a4de10805f5685d6ba52,Fiction
6989a4de10805f5685d6ba54,Fiction
6989a4de10805f5685d6ba55,Juvenile Nonfiction
6989a4de10805f5685d6ba56,Juvenile Fiction
6989a4de10805f5685d6ba57,Fiction
6989a4de10805f5685d6ba59,Fiction
6989a4de10805f5685d6ba5b,Art
6989a4de10805f5685d6ba5d,Electronic Books
6989a4de10805f5685d6ba5f,Fiction
6989a4de10805f5685d6ba61,General
6989a4de10805f5685d6ba63,Sports
6989a4de10805f5685d6ba65,Family
6989a4de10805f5685d6ba67,Juvenile Fiction
6989a4de10805f5685d6ba68,English Poetry
6989a4de10805f5685d6ba69,Drama
6989a4de10805f5685d6ba6b,Nature
6989a4de10805f5685d6ba6c,Biography
6989a4de10805f5685d6ba6e,Biography
6989a4de10805f5685d6ba70,1. Short Stories-science Fiction
6989a4de10805f5685d6ba72,Drama
6989a4de10805f5685d6ba74,Fiction
6989a4de10805f5685d6ba76,General
6989a4de10805f5685d6ba78,General
6989a4de10805f5685d6ba7a,Juvenile Fiction
6989a4de10805f5685d6ba7b,Children
6989a4de10805f5685d6ba7d,Fiction
6989a4de10805f5685d6ba7f,Short Stories
6989a4de10805f5685d6ba7f,Canadian
6989a4de10805f5685d6ba80,Fiction
6989a4de10805f5685d6ba82,Fiction
6989a4de10805f5685d6ba84,Philosophy
6989a4de10805f5685d6ba85,Fiction
6989a4de10805f5685d6ba87,General
6989a4de10805f5685d6ba88,Health
6989a4de10805f5685d6ba8a,Biography
6989a4de10805f5685d6ba8c,Juvenile Nonfiction
6989a4de10805f5685d6ba8e,General
6989a4de10805f5685d6ba90,Science
6989a4de10805f5685d6ba92,Literary Criticism
6989a4de10805f5685d6ba94,Family
6989a4de10805f5685d6ba96,Fiction
6989a4de10805f5685d6ba98,Fiction
6989a4de10805f5685d6ba99,General
6989a4de10805f5685d6ba9a,General
6989a4de10805f5685d6ba9b,General
6989a4de10805f5685d6ba9c,Social Science
6989a4de10805f5685d6ba9e,Fiction
6989a4de10805f5685d6ba9f,Music
6989a4de10805f5685d6baa1,Man-woman Relationships
6989a4de10805f5685d6baa3,General
6989a4de10805f5685d6baa4,Juvenile Fiction
6989a4de10805f5685d6baa6,Poetry
6989a4de10805f5685d6baa7,Fiction
6989a4de10805f5685d6baa8,Fiction
6989a4de10805f5685d6baaa,Social Science
6989a4de10805f5685d6baac,Fiction
6989a4de10805f5685d6baae,General
6989a4de10805f5685d6bab0,Biography
6989a4de10805f5685d6bab2,Geography
6989a4de10805f5685d6bab3,Literary Criticism
6989a4de10805f5685d6bab5,Juvenile Fiction
6989a4de10805f5685d6bab6,Fiction
6989a4de10805f5685d6bab8,Family
6989a4de10805f5685d6baba,Fiction
6989a4de10805f5685d6babb,Juvenile Fiction
6989a4de10805f5685d6babd,Fiction
6989a4de10805f5685d6babf,Fiction
6989a4de10805f5685d6bac0,Religion
6989a4de10805f5685d6bac2,Science
6989a4de10805f5685d6bac3,Railroad Stories
6989a4de10805f5685d6bac5,Juvenile Fiction
6989a4de10805f5685d6bac6,General
6989a4de10805f5685d6bac7,Religion
6989a4de10805f5685d6bac9,History
6989a4de10805f5685d6bacb,Juvenile Fiction
6989a4de10805f5685d6bacd,Juvenile Nonfiction
6989a4de10805f5685d6bacf,Fiction
6989a4de10805f5685d6bad0,Fiction
6989a4de10805f5685d6bad2,Fiction
6989a4de10805f5685d6bad4,Business
6989a4de10805f5685d6bad6,Fiction
6989a4de10805f5685d6bad8,Fantasy Fiction
6989a4de10805f5685d6bada,Travel
6989a4de10805f5685d6badc,Fiction
6989a4de10805f5685d6bade,Fiction
6989a4de10805f5685d6bae0,General
6989a4de10805f5685d6bae2,Fiction
6989a4de10805f5685d6bae4,Fiction
6989a4de10805f5685d6bae5,General
6989a4de10805f5685d6bae6,General
6989a4de10805f5685d6bae7,Brothers And Sisters
6989a4de10805f5685d6bae9,General
6989a4de10805f5685d6baea,Fiction
6989a4de10805f5685d6baeb,Biography
6989a4de10805f5685d6baed,Fiction
6989a4de10805f5685d6baee,Fiction
6989a4de10805f5685d6baf0,Juvenile Nonfiction
6989a4de10805f5685d6baf2,Fiction
6989a4de10805f5685d6baf3,Fiction
6989a4de10805f5685d6baf5,Travel
6989a4de10805f5685d6baf7,Adventure And Adventurers
6989a4de10805f5685d6baf9,Business
6989a4de10805f5685d6bafb,Architecture
6989a4de10805f5685d6bafd,Fiction
6989a4de10805f5685d6bafe,Fiction
6989a4de10805f5685d6baff,History
6989a4de10805f5685d6bb01,History
6989a4de10805f5685d6bb03,Cavalry Pioneer Troops
6989a4de10805f5685d6bb05,African Americans
6989a4de10805f5685d6bb07,History
6989a4de10805f5685d6bb08,Literary Criticism
6989a4de10805f5685d6bb0a,Religion
6989a4de10805f5685d6bb0b,American Literature
6989a4de10805f5685d6bb0c,Fiction
6989a4de10805f5685d6bb0d,Fiction
6989a4de10805f5685d6bb0e,Fiction
6989a4de10805f5685d6bb10,Fiction
6989a4de10805f5685d6bb11,Conflict Management
6989a4de10805f5685d6bb13,Body
6989a4de10805f5685d6bb13,Mind
6989a4de10805f5685d6bb15,Climatic Changes
6989a4de10805f5685d6bb16,Biography
6989a4de10805f5685d6bb18,History
6989a4de10805f5685d6bb1a,General
6989a4de10805f5685d6bb1c,Science
6989a4de10805f5685d6bb1e,Humor
6989a4de10805f5685d6bb20,Psychology
6989a4de10805f5685d6bb21,History
6989a4de10805f5685d6bb23,Rock Musicians
6989a4de10805f5685d6bb25,Literary Collections
6989a4de10805f5685d6bb27,Fiction
6989a4de10805f5685d6bb28,General
6989a4de10805f5685d6bb2a,Self-help
6989a4de10805f5685d6bb2c,General
6989a4de10805f5685d6bb2d,General
6989a4de10805f5685d6bb2f,Interpersonal Communication
6989a4de10805f5685d6bb31,Philosophy
6989a4de10805f5685d6bb33,Fiction
6989a4de10805f5685d6bb35,Fiction
6989a4de10805f5685d6bb37,Fiction
6989a4de10805f5685d6bb39,Diaries
6989a4de10805f5685d6bb3b,Fiction
6989a4de10805f5685d6bb3d,Language Arts
6989a4de10805f5685d6bb3f,History
6989a4de10805f5685d6bb40,Literary Collections
6989a4de10805f5685d6bb42,Travel
6989a4de10805f5685d6bb44,True Crime
6989a4de10805f5685d6bb46,Comics
6989a4de10805f5685d6bb48,Biography
6989a4de10805f5685d6bb4a,General
6989a4de10805f5685d6bb4b,Actresses
6989a4de10805f5685d6bb4c,Social Science
6989a4de10805f5685d6bb4e,General
6989a4de10805f5685d6bb50,Fiction
6989a4de10805f5685d6bb52,Reference
6989a4de10805f5685d6bb54,General
6989a4de10805f5685d6bb55,French Drama
6989a4de10805f5685d6bb57,Detective And Mystery Stories
6989a4de10805f5685d6bb59,Fiction
6989a4de10805f5685d6bb5a,General
6989a4de10805f5685d6bb5b,Health
6989a4de10805f5685d6bb5d,Fiction
6989a4de10805f5685d6bb5e,Fiction
6989a4de10805f5685d6bb60,Juvenile Fiction
6989a4de10805f5685d6bb61,General
6989a4de10805f5685d6bb63,Humor
6989a4de10805f5685d6bb65,General
6989a4de10805f5685d6bb66,Juvenile Fiction
6989a4de10805f5685d6bb68,General
6989a4de10805f5685d6bb69,Black Holes (astronomy)
6989a4de10805f5685d6bb6b,General
6989a4de10805f5685d6bb6c,Great Britain
6989a4de10805f5685d6bb6e,Fiction
6989a4de10805f5685d6bb6f,Games
6989a4de10805f5685d6bb70,Fiction
6989a4de10805f5685d6bb71,True Crime
6989a4de10805f5685d6bb73,Self-help
6989a4de10805f5685d6bb75,Language Arts
6989a4de10805f5685d6bb77,Nature
6989a4de10805f5685d6bb78,Juvenile Fiction
6989a4de10805f5685d6bb7a,Psychology
6989a4de10805f5685d6bb7b,Fiction
6989a4de10805f5685d6bb7c,General
6989a4de10805f5685d6bb7e,Fiction
6989a4de10805f5685d6bb7f,Erotic Stories
6989a4de10805f5685d6bb7f,American
6989a4de10805f5685d6bb80,General
6989a4de10805f5685d6bb81,General
6989a4de10805f5685d6bb82,Humor
6989a4de10805f5685d6bb84,Performing Arts
6989a4de10805f5685d6bb86,Biography
6989a4de10805f5685d6bb88,Juvenile Nonfiction
6989a4de10805f5685d6bb8a,Business
6989a4de10805f5685d6bb8b,Juvenile Fiction
6989a4de10805f5685d6bb8c,Health
6989a4de10805f5685d6bb8e,Fiction
6989a4de10805f5685d6bb8f,Biography
6989a4de10805f5685d6bb91,Fiction
6989a4de10805f5685d6bb92,General
6989a4de10805f5685d6bb94,Social Science
6989a4de10805f5685d6bb96,Business
6989a4de10805f5685d6bb98,Body
6989a4de10805f5685d6bb98,Mind
6989a4de10805f5685d6bb99,Travel
6989a4de10805f5685d6bb9b,Fiction
6989a4de10805f5685d6bb9c,Fiction
6989a4de10805f5685d6bb9e,Sports
6989a4de10805f5685d6bba0,General
6989a4de10805f5685d6bba1,Fiction
6989a4de10805f5685d6bba2,General
6989a4de10805f5685d6bba3,Nature
6989a4de10805f5685d6bba5,Juvenile Nonfiction
6989a4de10805f5685d6bba7,Cornwall (england : County)
6989a4de10805f5685d6bba8,Performing Arts
6989a4de10805f5685d6bbaa,Computers
6989a4de10805f5685d6bbac,Fiction
6989a4de10805f5685d6bbad,Juvenile Nonfiction
6989a4de10805f5685d6bbaf,Literary Collections
6989a4de10805f5685d6bbb1,Juvenile Fiction
6989a4de10805f5685d6bbb3,General
6989a4de10805f5685d6bbb5,Social Science
6989a4de10805f5685d6bbb6,General
6989a4de10805f5685d6bbb7,Fiction
6989a4de10805f5685d6bbb8,Travel
6989a4de10805f5685d6bbb9,Juvenile Fiction
6989a4de10805f5685d6bbbb,General
6989a4de10805f5685d6bbbc,Social Science
6989a4de10805f5685d6bbbe,Religion
6989a4de10805f5685d6bbc0,Enlightenment
6989a4de10805f5685d6bbc2,History
6989a4de10805f5685d6bbc4,Juvenile Fiction
6989a4de10805f5685d6bbc6,Algebra
6989a4de10805f5685d6bbc8,Fiction
6989a4de10805f5685d6bbca,Science
6989a4de10805f5685d6bbcc,Juvenile Fiction
6989a4de10805f5685d6bbcd,Soups
6989a4de10805f5685d6bbcf,Fiction
6989a4de10805f5685d6bbd0,Poetry
6989a4de10805f5685d6bbd1,General
6989a4de10805f5685d6bbd3,American Sign Language
6989a4de10805f5685d6bbd5,General
6989a4de10805f5685d6bbd6,True Crime
6989a4de10805f5685d6bbd8,Fiction
6989a4de10805f5685d6bbda,Psychology
6989a4de10805f5685d6bbdc,Fiction
6989a4de10805f5685d6bbdd,General
6989a4de10805f5685d6bbde,Reference
6989a4de10805f5685d6bbe0,Philosophy
6989a4de10805f5685d6bbe2,Business
6989a4de10805f5685d6bbe3,Juvenile Fiction
6989a4de10805f5685d6bbe5,General
6989a4de10805f5685d6bbe7,Fiction
6989a4de10805f5685d6bbe8,Biography
6989a4de10805f5685d6bbea,Fantasy Fiction
6989a4de10805f5685d6bbeb,Fiction
6989a4de10805f5685d6bbec,General
6989a4de10805f5685d6bbed,Business
6989a4de10805f5685d6bbef,General
6989a4de10805f5685d6bbf0,Health
6989a4de10805f5685d6bbf2,Fiction
6989a4de10805f5685d6bbf4,Body
6989a4de10805f5685d6bbf4,Mind
6989a4de10805f5685d6bbf6,Juvenile Fiction
6989a4de10805f5685d6bbf7,Biography
6989a4de10805f5685d6bbf9,General
6989a4de10805f5685d6bbfa,Fiction
6989a4de10805f5685d6bbfc,Fiction
6989a4de10805f5685d6bbfd,Language Arts
6989a4de10805f5685d6bbff,General
6989a4de10805f5685d6bc01,Juvenile Fiction
6989a4de10805f5685d6bc02,Art
6989a4de10805f5685d6bc04,Love
6989a4de10805f5685d6bc04,Maternal.
6989a4de10805f5685d6bc06,General
6989a4de10805f5685d6bc07,General
6989a4de10805f5685d6bc09,Juvenile Fiction
6989a4de10805f5685d6bc0b,General
6989a4de10805f5685d6bc0c,Juvenile Nonfiction
6989a4de10805f5685d6bc0e,Fiction
6989a4de10805f5685d6bc10,General
6989a4de10805f5685d6bc11,Men
6989a4de10805f5685d6bc13,Religion
6989a4de10805f5685d6bc15,Fiction
6989a4de10805f5685d6bc16,History
6989a4de10805f5685d6bc18,Fiction
6989a4de10805f5685d6bc19,Juvenile Nonfiction
6989a4de10805f5685d6bc1b,Business
6989a4de10805f5685d6bc1d,Juvenile Fiction
6989a4de10805f5685d6bc1e,General
6989a4de10805f5685d6bc1f,Fiction
6989a4de10805f5685d6bc20,Psychology
6989a4de10805f5685d6bc22,Fiction
6989a4de10805f5685d6bc24,Juvenile Nonfiction
6989a4de10805f5685d6bc25,Religion
6989a4de10805f5685d6bc27,Cooking
6989a4de10805f5685d6bc29,General
6989a4de10805f5685d6bc2b,Fiction
6989a4de10805f5685d6bc2c,Travel
6989a4de10805f5685d6bc2e,Fiction
6989a4de10805f5685d6bc30,Competition (psychology)
6989a4de10805f5685d6bc32,General
6989a4de10805f5685d6bc33,Fiction
6989a4de10805f5685d6bc34,Body
6989a4de10805f5685d6bc34,Mind
6989a4de10805f5685d6bc36,General
6989a4de10805f5685d6bc37,Literary Criticism
6989a4de10805f5685d6bc39,Fiction
6989a4de10805f5685d6bc3b,History
6989a4de10805f5685d6bc3d,Fiction
6989a4de10805f5685d6bc3e,Religion
6989a4de10805f5685d6bc40,Religion
6989a4de10805f5685d6bc42,Fiction
6989a4de10805f5685d6bc43,General
6989a4de10805f5685d6bc44,History
6989a4de10805f5685d6bc46,Health
6989a4de10805f5685d6bc47,History
6989a4de10805f5685d6bc49,Body
6989a4de10805f5685d6bc49,Mind
6989a4de10805f5685d6bc4b,General
6989a4de10805f5685d6bc4c,Fiction
6989a4de10805f5685d6bc4d,House
6989a4de10805f5685d6bc4f,Fiction
6989a4de10805f5685d6bc50,Fiction
6989a4de10805f5685d6bc51,Social Science
6989a4de10805f5685d6bc53,General
6989a4de10805f5685d6bc54,General
6989a4de10805f5685d6bc56,History
6989a4de10805f5685d6bc58,Biography
6989a4de10805f5685d6bc5a,Nova Scotia
6989a4de10805f5685d6bc5c,General
6989a4de10805f5685d6bc5d,House
6989a4de10805f5685d6bc5f,Psychology
6989a4de10805f5685d6bc61,Fantasy Fiction
6989a4de10805f5685d6bc62,Fiction
6989a4de10805f5685d6bc64,Fiction
6989a4de10805f5685d6bc65,Computers
6989a4de10805f5685d6bc67,General
6989a4de10805f5685d6bc68,Juvenile Fiction
6989a4de10805f5685d6bc6a,General
6989a4de10805f5685d6bc6b,Fiction
6989a4de10805f5685d6bc6d,Social Science
6989a4de10805f5685d6bc6f,Baking
6989a4de10805f5685d6bc70,Juvenile Fiction
6989a4de10805f5685d6bc71,Fiction
6989a4de10805f5685d6bc72,Fiction
6989a4de10805f5685d6bc73,Self-help
6989a4de10805f5685d6bc74,History
6989a4de10805f5685d6bc76,Fiction
6989a4de10805f5685d6bc77,General
6989a4de10805f5685d6bc78,Fiction
6989a4de10805f5685d6bc7a,Alternative Lifestyles
6989a4de10805f5685d6bc7c,Fiction
6989a4de10805f5685d6bc7d,Authors
6989a4de10805f5685d6bc7d,American
6989a4de10805f5685d6bc7f,French Drama
6989a4de10805f5685d6bc81,General
6989a4de10805f5685d6bc83,Fiction
6989a4de10805f5685d6bc85,Computers
6989a4de10805f5685d6bc87,History
6989a4de10805f5685d6bc89,Fiction
6989a4de10805f5685d6bc8a,English Language
6989a4de10805f5685d6bc8c,Fiction
6989a4de10805f5685d6bc8e,Social Science
6989a4de10805f5685d6bc90,Body Marking
6989a4de10805f5685d6bc92,Juvenile Fiction
6989a4de10805f5685d6bc94,Psychology
6989a4de10805f5685d6bc96,Fiction
6989a4de10805f5685d6bc97,Fiction
6989a4de10805f5685d6bc98,Fiction
6989a4de10805f5685d6bc9a,Young Adult Fiction
6989a4de10805f5685d6bc9c,Fiction
6989a4de10805f5685d6bc9e,Fiction
6989a4de10805f5685d6bc9f,Political Science
6989a4de10805f5685d6bca0,Fiction
6989a4de10805f5685d6bca1,Juvenile Nonfiction
6989a4de10805f5685d6bca3,General
6989a4de10805f5685d6bca4,Fiction
6989a4de10805f5685d6bca6,Fiction In English
6989a4de10805f5685d6bca7,History
6989a4de10805f5685d6bca8,American Wit And Humor.
6989a4de10805f5685d6bca9,General
6989a4de10805f5685d6bcaa,General
6989a4de10805f5685d6bcab,General
6989a4de10805f5685d6bcac,Fiction
6989a4de10805f5685d6bcae,General
6989a4de10805f5685d6bcaf,Juvenile Fiction
6989a4de10805f5685d6bcb0,Fiction
6989a4de10805f5685d6bcb1,Business
6989a4de10805f5685d6bcb3,Fiction
6989a4de10805f5685d6bcb5,Fiction
6989a4de10805f5685d6bcb6,Homosexuality
6989a4de10805f5685d6bcb8,Military Art And Science
6989a4de10805f5685d6bcb9,Fiction
6989a4de10805f5685d6bcba,General
6989a4de10805f5685d6bcbb,Fiction
6989a4de10805f5685d6bcbc,Juvenile Fiction
6989a4de10805f5685d6bcbe,Travel
6989a4de10805f5685d6bcbf,Fiction
6989a4de10805f5685d6bcc0,Fiction
6989a4de10805f5685d6bcc2,Business
6989a4de10805f5685d6bcc4,Computers
6989a4de10805f5685d6bcc6,Biography
6989a4de10805f5685d6bcc8,Juvenile Fiction
6989a4de10805f5685d6bcca,General
6989a4de10805f5685d6bccb,General
6989a4de10805f5685d6bccc,Fiction
6989a4de10805f5685d6bcce,Political Science
6989a4de10805f5685d6bccf,General
6989a4de10805f5685d6bcd0,Biography
6989a4de10805f5685d6bcd2,General
6989a4de10805f5685d6bcd4,Juvenile Fiction
6989a4de10805f5685d6bcd6,Young Adult Fiction
6989a4de10805f5685d6bcd7,Fiction
6989a4de10805f5685d6bcd8,Biography
6989a4de10805f5685d6bcda,General
6989a4de10805f5685d6bcdb,Social Science
6989a4de10805f5685d6bcdd,Fiction
6989a4de10805f5685d6bcdf,General
6989a4de10805f5685d6bce1,Body
6989a4de10805f5685d6bce1,Mind
6989a4de10805f5685d6bce2,Fiction
6989a4de10805f5685d6bce3,Biography
6989a4de10805f5685d6bce5,Humor
6989a4de10805f5685d6bce6,Biography
6989a4de10805f5685d6bce8,Fiction
6989a4de10805f5685d6bce9,Literary Criticism
6989a4de10805f5685d6bcea,Juvenile Fiction
6989a4de10805f5685d6bcec,Literary Collections
6989a4de10805f5685d6bcee,General
6989a4de10805f5685d6bcef,General
6989a4de10805f5685d6bcf0,Nature
6989a4de10805f5685d6bcf2,Poetry
6989a4de10805f5685d6bcf4,Biography
6989a4de10805f5685d6bcf6,General
6989a4de10805f5685d6bcf8,Fiction
6989a4de10805f5685d6bcfa,Biography
6989a4de10805f5685d6bcfc,General
6989a4de10805f5685d6bcfe,Audiobooks
6989a4de10805f5685d6bcff,Poetry
6989a4de10805f5685d6bd01,Language Arts
6989a4de10805f5685d6bd03,General
6989a4de10805f5685d6bd04,Fiction
6989a4de10805f5685d6bd05,Sports
6989a4de10805f5685d6bd07,Pets
6989a4de10805f5685d6bd09,American Literature
6989a4de10805f5685d6bd0a,Biography
6989a4de10805f5685d6bd0c,General
6989a4de10805f5685d6bd0d,Biography
6989a4de10805f5685d6bd0e,Fiction
6989a4de10805f5685d6bd0f,Fiction
6989a4de10805f5685d6bd11,Juvenile Fiction
6989a4de10805f5685d6bd12,Fiction
6989a4de10805f5685d6bd14,General
6989a4de10805f5685d6bd15,Fiction
6989a4de10805f5685d6bd16,Fiction
6989a4de10805f5685d6bd18,Reference
6989a4de10805f5685d6bd1a,Fiction
6989a4de10805f5685d6bd1b,Fiction
6989a4de10805f5685d6bd1d,Body
6989a4de10805f5685d6bd1d,Mind
6989a4de10805f5685d6bd1f,Fiction
6989a4de10805f5685d6bd21,General
6989a4de10805f5685d6bd22,Fiction
6989a4de10805f5685d6bd23,Fiction
6989a4de10805f5685d6bd25,Gardening
6989a4de10805f5685d6bd27,Fiction
6989a4de10805f5685d6bd29,General
6989a4de10805f5685d6bd2a,Self-help
6989a4de10805f5685d6bd2b,Biography
6989a4de10805f5685d6bd2c,Fiction
6989a4de10805f5685d6bd2e,General
6989a4de10805f5685d6bd2f,General
6989a4de10805f5685d6bd30,Fiction
6989a4de10805f5685d6bd32,History
6989a4de10805f5685d6bd34,Social Science
6989a4de10805f5685d6bd36,General
6989a4de10805f5685d6bd37,Reference
6989a4de10805f5685d6bd39,Fiction
6989a4de10805f5685d6bd3b,General
6989a4de10805f5685d6bd3d,General
6989a4de10805f5685d6bd3e,Fiction
6989a4de10805f5685d6bd3f,Fiction
6989a4de10805f5685d6bd40,General
6989a4de10805f5685d6bd41,Fiction
6989a4de10805f5685d6bd43,General
6989a4de10805f5685d6bd45,Political Science
6989a4de10805f5685d6bd46,Accident Victims
6989a4de10805f5685d6bd48,Travel
6989a4de10805f5685d6bd49,Philosophy
6989a4de10805f5685d6bd4b,Juvenile Fiction
6989a4de10805f5685d6bd4c,General
6989a4de10805f5685d6bd4d,Religion
6989a4de10805f5685d6bd4f,Juvenile Fiction
6989a4de10805f5685d6bd50,Fiction
6989a4de10805f5685d6bd52,General
6989a4de10805f5685d6bd54,General
6989a4de10805f5685d6bd55,General
6989a4de10805f5685d6bd56,Fiction
6989a4de10805f5685d6bd57,Religion
6989a4de10805f5685d6bd59,Fiction
6989a4de10805f5685d6bd5b,Religion
6989a4de10805f5685d6bd5d,Juvenile Fiction
6989a4de10805f5685d6bd5f,Juvenile Fiction
6989a4de10805f5685d6bd61,General
6989a4de10805f5685d6bd62,General
6989a4de10805f5685d6bd64,Science
6989a4de10805f5685d6bd65,Family
6989a4de10805f5685d6bd67,General
6989a4de10805f5685d6bd68,Drama
6989a4de10805f5685d6bd69,Frontier And Pioneer Life
6989a4de10805f5685d6bd6b,Biography
6989a4de10805f5685d6bd6d,General
6989a4de10805f5685d6bd6f,Fiction
6989a4de10805f5685d6bd71,Social Science
6989a4de10805f5685d6bd73,Fiction
6989a4de10805f5685d6bd74,General
6989a4de10805f5685d6bd76,Political Science
6989a4de10805f5685d6bd78,Fiction
6989a4de10805f5685d6bd7a,General
6989a4de10805f5685d6bd7b,Sports
6989a4de10805f5685d6bd7d,Science Fiction
6989a4de10805f5685d6bd7e,Social Science
6989a4de10805f5685d6bd80,Art
6989a4de10805f5685d6bd82,General
6989a4de10805f5685d6bd83,Gardening
6989a4de10805f5685d6bd84,Psychology
6989a4de10805f5685d6bd86,General
6989a4de10805f5685d6bd87,General
6989a4de10805f5685d6bd88,Literary Collections
6989a4de10805f5685d6bd8a,Fiction
6989a4de10805f5685d6bd8b,History
6989a4de10805f5685d6bd8d,Philosophy
6989a4de10805f5685d6bd8f,Biography
6989a4de10805f5685d6bd91,Juvenile Fiction
6989a4de10805f5685d6bd93,Fiction
6989a4de10805f5685d6bd94,General
6989a4de10805f5685d6bd95,Fiction
6989a4de10805f5685d6bd96,Fiction
6989a4de10805f5685d6bd98,Fiction
6989a4de10805f5685d6bd99,Mathematics
6989a4de10805f5685d6bd9b,Fiction
6989a4de10805f5685d6bd9d,Children's Stories
6989a4de10805f5685d6bd9e,General
6989a4de10805f5685d6bd9f,Fiction
6989a4de10805f5685d6bda1,General
6989a4de10805f5685d6bda2,Drama
6989a4de10805f5685d6bda3,General
6989a4de10805f5685d6bda5,Fiction
6989a4de10805f5685d6bda6,Fiction
6989a4de10805f5685d6bda7,Fiction
6989a4de10805f5685d6bda9,General
6989a4de10805f5685d6bdab,Juvenile Fiction
6989a4de10805f5685d6bdad,General
6989a4de10805f5685d6bdae,Family
6989a4de10805f5685d6bdb0,Fiction
6989a4de10805f5685d6bdb2,Poetry
6989a4de10805f5685d6bdb4,Business
6989a4de10805f5685d6bdb6,Fiction
6989a4de10805f5685d6bdb7,Art
6989a4de10805f5685d6bdb9,Family
6989a4de10805f5685d6bdbb,Fiction
6989a4de10805f5685d6bdbd,Business
6989a4de10805f5685d6bdbf,Occultism
6989a4de10805f5685d6bdc1,General
6989a4de10805f5685d6bdc3,Authors
6989a4de10805f5685d6bdc3,American
6989a4de10805f5685d6bdc5,Fiction
6989a4de10805f5685d6bdc6,Fiction
6989a4de10805f5685d6bdc7,General
6989a4de10805f5685d6bdc9,Divorce
6989a4de10805f5685d6bdcb,Family
6989a4de10805f5685d6bdcd,Health
6989a4de10805f5685d6bdcf,Juvenile Fiction
6989a4de10805f5685d6bdd1,Religion
6989a4de10805f5685d6bdd3,Juvenile Nonfiction
6989a4de10805f5685d6bdd4,General
6989a4de10805f5685d6bdd5,Fiction
6989a4de10805f5685d6bdd7,True Crime
6989a4de10805f5685d6bdd9,General
6989a4de10805f5685d6bdda,Fiction
6989a4de10805f5685d6bddb,Fiction
6989a4de10805f5685d6bddc,Fiction
6989a4de10805f5685d6bdde,General
6989a4de10805f5685d6bddf,Self-help
6989a4de10805f5685d6bde0,Fiction
6989a4de10805f5685d6bde2,Fiction
6989a4de10805f5685d6bde3,Fiction
6989a4de10805f5685d6bde4,General
6989a4de10805f5685d6bde6,Fiction
6989a4de10805f5685d6bde8,Religion
6989a4de10805f5685d6bdea,Fiction
6989a4de10805f5685d6bdeb,General
6989a4de10805f5685d6bdec,Juvenile Nonfiction
6989a4de10805f5685d6bdee,Fiction
6989a4de10805f5685d6bdef,History
6989a4de10805f5685d6bdf1,Fiction
6989a4de10805f5685d6bdf2,Self-help
6989a4de10805f5685d6bdf4,Fiction
6989a4de10805f5685d6bdf5,Curiosities And Wonders
6989a4de10805f5685d6bdf7,Fiction
6989a4de10805f5685d6bdf9,General
6989a4de10805f5685d6bdfa,Juvenile Fiction
6989a4de10805f5685d6bdfc,General
6989a4de10805f5685d6bdfd,General
6989a4de10805f5685d6bdfe,Academic Achievement
6989a4de10805f5685d6be00,Auschwitz (concentration Camp) -- History
6989a4de10805f5685d6be02,Fiction
6989a4de10805f5685d6be04,Business
6989a4de10805f5685d6be06,Family
6989a4de10805f5685d6be07,Drama
6989a4de10805f5685d6be08,Fiction
6989a4de10805f5685d6be0a,Religion
6989a4de10805f5685d6be0c,Family
6989a4de10805f5685d6be0e,Fiction
6989a4de10805f5685d6be10,Fiction
6989a4de10805f5685d6be11,Fiction
6989a4de10805f5685d6be12,God
6989a4de10805f5685d6be14,Knitting
6989a4de10805f5685d6be16,Fiction
6989a4de10805f5685d6be18,Health
6989a4de10805f5685d6be1a,General
6989a4de10805f5685d6be1b,Travel
6989a4de10805f5685d6be1d,Fiction
6989a4de10805f5685d6be1e,True Crime
6989a4de10805f5685d6be20,Fiction
6989a4de10805f5685d6be21,American Literature
6989a4de10805f5685d6be22,General
6989a4de10805f5685d6be23,Photography
6989a4de10805f5685d6be25,Social Science
6989a4de10805f5685d6be27,Fiction
6989a4de10805f5685d6be28,Psychology
6989a4de10805f5685d6be2a,Fiction
6989a4de10805f5685d6be2b,Fiction
6989a4de10805f5685d6be2c,Fiction
6989a4de10805f5685d6be2e,Family
6989a4de10805f5685d6be2f,Social Science
6989a4de10805f5685d6be31,Body
6989a4de10805f5685d6be31,Mind
6989a4de10805f5685d6be33,Art
6989a4de10805f5685d6be35,Fiction
6989a4de10805f5685d6be36,Body
6989a4de10805f5685d6be36,Mind
6989a4de10805f5685d6be38,Fiction
6989a4de10805f5685d6be3a,Biography
6989a4de10805f5685d6be3c,General
6989a4de10805f5685d6be3d,Family
6989a4de10805f5685d6be3f,Music
6989a4de10805f5685d6be41,Fiction
6989a4de10805f5685d6be43,Juvenile Fiction
6989a4de10805f5685d6be45,General
6989a4de10805f5685d6be46,Juvenile Fiction
6989a4de10805f5685d6be47,General
6989a4de10805f5685d6be48,Fiction
6989a4de10805f5685d6be49,Psychology
6989a4de10805f5685d6be4b,Fiction
6989a4de10805f5685d6be4c,General
6989a4de10805f5685d6be4d,Fiction
6989a4de10805f5685d6be4e,General
6989a4de10805f5685d6be50,Self-help
6989a4de10805f5685d6be52,Artist Couples
6989a4de10805f5685d6be53,Education
6989a4de10805f5685d6be55,Behavior
6989a4de10805f5685d6be57,General
6989a4de10805f5685d6be58,General
6989a4de10805f5685d6be59,General
6989a4de10805f5685d6be5b,American Fiction
6989a4de10805f5685d6be5c,General
6989a4de10805f5685d6be5d,General
6989a4de10805f5685d6be5e,Angels
6989a4de10805f5685d6be60,General
6989a4de10805f5685d6be61,Fiction
6989a4de10805f5685d6be63,General
6989a4de10805f5685d6be64,Biography
6989a4de10805f5685d6be66,General
6989a4de10805f5685d6be67,Juvenile Fiction
6989a4de10805f5685d6be69,American Fiction
6989a4de10805f5685d6be6b,Fiction
6989a4de10805f5685d6be6d,Fiction
6989a4de10805f5685d6be6e,Architecture
6989a4de10805f5685d6be70,Fiction
6989a4de10805f5685d6be71,History
6989a4de10805f5685d6be73,Child Rearing
6989a4de10805f5685d6be75,Fiction
6989a4de10805f5685d6be76,Presidents
6989a4de10805f5685d6be78,Juvenile Fiction
6989a4de10805f5685d6be7a,Fiction
6989a4de10805f5685d6be7c,General
6989a4de10805f5685d6be7d,Multiple Personality
6989a4de10805f5685d6be7f,Blind Musicians
6989a4de10805f5685d6be81,Detectives
6989a4de10805f5685d6be82,Fiction
6989a4de10805f5685d6be84,Picture Puzzles
6989a4de10805f5685d6be86,Body
6989a4de10805f5685d6be86,Mind
6989a4de10805f5685d6be88,Sports
6989a4de10805f5685d6be8a,Foreign Language Study
6989a4de10805f5685d6be8c,General
6989a4de10805f5685d6be8e,General
6989a4de10805f5685d6be8f,General
6989a4de10805f5685d6be90,Juvenile Fiction
6989a4de10805f5685d6be92,Fiction
6989a4de10805f5685d6be94,Fiction
6989a4de10805f5685d6be95,Social Science
6989a4de10805f5685d6be97,General
6989a4de10805f5685d6be99,Health
6989a4de10805f5685d6be9a,Fiction
6989a4de10805f5685d6be9c,Science Fiction
6989a4de10805f5685d6be9d,Antiques
6989a4de10805f5685d6be9f,Fiction
6989a4de10805f5685d6bea0,Fiction
6989a4de10805f5685d6bea1,General
6989a4de10805f5685d6bea2,Cooking
6989a4de10805f5685d6bea4,Political Science
6989a4de10805f5685d6bea6,History
6989a4de10805f5685d6bea8,American Fiction
6989a4de10805f5685d6beaa,Body
6989a4de10805f5685d6beaa,Mind
6989a4de10805f5685d6beac,General
6989a4de10805f5685d6bead,Children's Literature
6989a4de10805f5685d6beae,Fiction
6989a4de10805f5685d6beaf,Fiction
6989a4de10805f5685d6beb0,Computers
6989a4de10805f5685d6beb2,Fiction
6989a4de10805f5685d6beb3,Fiction
6989a4de10805f5685d6beb4,Fiction
6989a4de10805f5685d6beb5,Fiction
6989a4de10805f5685d6beb6,Fiction
6989a4de10805f5685d6beb8,Biography
6989a4de10805f5685d6beba,General
6989a4de10805f5685d6bebb,Appleby
6989a4de10805f5685d6bebb,John
6989a4de10805f5685d6bebb,Sir (fictitious Character)
6989a4de10805f5685d6bebd,Fiction
6989a4de10805f5685d6bebe,General
6989a4de10805f5685d6bebf,Medical
6989a4de10805f5685d6bec1,Fiction
6989a4de10805f5685d6bec3,Juvenile Nonfiction
6989a4de10805f5685d6bec5,Fiction
6989a4de10805f5685d6bec7,Fiction
6989a4de10805f5685d6bec8,Communism
6989a4de10805f5685d6beca,Photography
6989a4de10805f5685d6becc,Fiction
6989a4de10805f5685d6becd,Social Science
6989a4de10805f5685d6becf,General
6989a4de10805f5685d6bed1,Journalism
6989a4de10805f5685d6bed2,Cooking
6989a4de10805f5685d6bed4,Fiction
6989a4de10805f5685d6bed5,Fiction
6989a4de10805f5685d6bed6,Nature
6989a4de10805f5685d6bed7,Fiction
6989a4de10805f5685d6bed8,General
6989a4de10805f5685d6bed9,Fiction
6989a4de10805f5685d6beda,General
6989a4de10805f5685d6bedb,General
6989a4de10805f5685d6bedc,Fiction
6989a4de10805f5685d6bede,Comics
6989a4de10805f5685d6bedf,Local Transit
6989a4de10805f5685d6bee1,Fiction
6989a4de10805f5685d6bee3,Juvenile Fiction
6989a4de10805f5685d6bee4,Juvenile Fiction
6989a4de10805f5685d6bee5,Fiction
6989a4de10805f5685d6bee7,General
6989a4de10805f5685d6bee8,Detective And Mystery Stories
6989a4de10805f5685d6bee8,American
6989a4de10805f5685d6bee9,Biography
6989a4de10805f5685d6beeb,Fiction
6989a4de10805f5685d6beec,French Fiction
6989a4de10805f5685d6beee,Fiction
6989a4de10805f5685d6bef0,History
6989a4de10805f5685d6bef2,Electronic Books
6989a4de10805f5685d6bef4,General
6989a4de10805f5685d6bef5,Fiction
6989a4de10805f5685d6bef6,Business
6989a4de10805f5685d6bef8,General
6989a4de10805f5685d6befa,Domestic Fiction
6989a4de10805f5685d6befc,Political Science
6989a4de10805f5685d6befe,Sports
6989a4de10805f5685d6bf00,Alaska
6989a4de10805f5685d6bf02,Fiction
6989a4de10805f5685d6bf03,Comic Books
6989a4de10805f5685d6bf03,Strips
6989a4de10805f5685d6bf03,Etc
6989a4de10805f5685d6bf05,Vegetarian Cooking
6989a4de10805f5685d6bf06,Juvenile Nonfiction
6989a4de10805f5685d6bf07,General
6989a4de10805f5685d6bf08,Caricatures And Cartoons
6989a4de10805f5685d6bf09,Breast
6989a4de10805f5685d6bf0b,Juvenile Fiction
6989a4de10805f5685d6bf0d,Business
6989a4de10805f5685d6bf0f,Fiction
6989a4de10805f5685d6bf10,General
6989a4de10805f5685d6bf11,Body
6989a4de10805f5685d6bf11,Mind
6989a4de10805f5685d6bf13,Fiction
6989a4de10805f5685d6bf15,Fiction
6989a4de10805f5685d6bf16,History
6989a4de10805f5685d6bf18,Fiction
6989a4de10805f5685d6bf1a,General
6989a4de10805f5685d6bf1c,Fiction
6989a4de10805f5685d6bf1e,Fiction
6989a4de10805f5685d6bf1f,Fiction
6989a4de10805f5685d6bf20,Adventure Stories
6989a4de10805f5685d6bf22,Medical
6989a4de10805f5685d6bf24,Fiction
6989a4de10805f5685d6bf26,Humor
6989a4de10805f5685d6bf28,Fiction
6989a4de10805f5685d6bf2a,Biography
6989a4de10805f5685d6bf2c,Biography
6989a4de10805f5685d6bf2e,Religion
6989a4de10805f5685d6bf2f,General
6989a4de10805f5685d6bf30,Fiction
6989a4de10805f5685d6bf32,General
6989a4de10805f5685d6bf33,Children
6989a4de10805f5685d6bf34,Nature
6989a4de10805f5685d6bf36,Fiction
6989a4de10805f5685d6bf38,Family
6989a4de10805f5685d6bf3a,Social Science
6989a4de10805f5685d6bf3c,General
6989a4de10805f5685d6bf3d,American Literature
6989a4de10805f5685d6bf3e,Fiction
6989a4de10805f5685d6bf3f,Fiction
6989a4de10805f5685d6bf41,Travel
6989a4de10805f5685d6bf43,Songs
6989a4de10805f5685d6bf45,General
6989a4de10805f5685d6bf47,Fiction
6989a4de10805f5685d6bf49,General
6989a4de10805f5685d6bf4a,Halloween
6989a4de10805f5685d6bf4c,Philosophy
6989a4de10805f5685d6bf4e,Fiction
6989a4de10805f5685d6bf50,General
6989a4de10805f5685d6bf51,Deaf Gay Men
6989a4de10805f5685d6bf53,True Crime
6989a4de10805f5685d6bf55,Transportation
6989a4de10805f5685d6bf57,General
6989a4de10805f5685d6bf58,General
6989a4de10805f5685d6bf5a,Black Mountain (n.c.)
6989a4de10805f5685d6bf5c,Fiction
6989a4de10805f5685d6bf5e,Science
6989a4de10805f5685d6bf60,Fiction
6989a4de10805f5685d6bf62,Fiction
6989a4de10805f5685d6bf63,Fiction
6989a4de10805f5685d6bf64,General
6989a4de10805f5685d6bf66,General
6989a4de10805f5685d6bf67,Sports
6989a4de10805f5685d6bf69,Business
6989a4de10805f5685d6bf6b,Family
6989a4de10805f5685d6bf6d,Juvenile Fiction
6989a4de10805f5685d6bf6f,Juvenile Fiction
6989a4de10805f5685d6bf70,General
6989a4de10805f5685d6bf72,Fiction
6989a4de10805f5685d6bf73,Religion
6989a4de10805f5685d6bf75,Parenting
6989a4de10805f5685d6bf76,Fiction
6989a4de10805f5685d6bf78,Fiction
6989a4de10805f5685d6bf7a,Fiction
6989a4de10805f5685d6bf7c,Biography
6989a4de10805f5685d6bf7e,General
6989a4de10805f5685d6bf7f,Literary Criticism
6989a4de10805f5685d6bf81,Clouds
6989a4de10805f5685d6bf83,Cooking
6989a4de10805f5685d6bf83,American
6989a4de10805f5685d6bf85,Dungeons And Dragons (game)
6989a4de10805f5685d6bf87,Biography
6989a4de10805f5685d6bf88,General
6989a4de10805f5685d6bf8a,General
6989a4de10805f5685d6bf8b,Cooking
6989a4de10805f5685d6bf8c,Pets
6989a4de10805f5685d6bf8d,Law
6989a4de10805f5685d6bf8f,Fiction
6989a4de10805f5685d6bf91,Business
6989a4de10805f5685d6bf93,General
6989a4de10805f5685d6bf94,General
6989a4de10805f5685d6bf96,Biography
6989a4de10805f5685d6bf98,Family
6989a4de10805f5685d6bf9a,Nature
6989a4de10805f5685d6bf9c,Health
6989a4de10805f5685d6bf9d,Reference
6989a4de10805f5685d6bf9f,General
6989a4de10805f5685d6bfa0,Audiobooks
6989a4de10805f5685d6bfa1,Large Type Books
6989a4de10805f5685d6bfa3,History
6989a4de10805f5685d6bfa5,General
6989a4de10805f5685d6bfa6,Religion
6989a4de10805f5685d6bfa8,Fiction
6989a4de10805f5685d6bfa9,Fiction
6989a4de10805f5685d6bfaa,Religion
6989a4de10805f5685d6bfac,Psychology
6989a4de10805f5685d6bfae,Fiction
6989a4de10805f5685d6bfaf,Fiction
6989a4de10805f5685d6bfb1,Literary Criticism
6989a4de10805f5685d6bfb3,Architecture
6989a4de10805f5685d6bfb5,Fiction
6989a4de10805f5685d6bfb6,General
6989a4de10805f5685d6bfb8,Sports
6989a4de10805f5685d6bfba,Philosophy
6989a4de10805f5685d6bfbc,Total Quality Management
6989a4de10805f5685d6bfbe,General
6989a4de10805f5685d6bfbf,Fiction
6989a4de10805f5685d6bfc0,General
6989a4de10805f5685d6bfc1,Reference
6989a4de10805f5685d6bfc3,Psychology
6989a4de10805f5685d6bfc5,Actors
6989a4de10805f5685d6bfc7,Biography
6989a4de10805f5685d6bfc9,General
6989a4de10805f5685d6bfcb,Philosophy
6989a4de10805f5685d6bfcc,History
6989a4de10805f5685d6bfce,Fiction
6989a4de10805f5685d6bfcf,Political Science
6989a4de10805f5685d6bfd1,Fiction
6989a4de10805f5685d6bfd3,Fiction
6989a4de10805f5685d6bfd5,Business
6989a4de10805f5685d6bfd7,History
6989a4de10805f5685d6bfd9,Biography
6989a4de10805f5685d6bfdb,Language Arts
6989a4de10805f5685d6bfdc,General
6989a4de10805f5685d6bfdd,United States
6989a4de10805f5685d6bfde,General
6989a4de10805f5685d6bfdf,General
6989a4de10805f5685d6bfe0,Medical
6989a4de10805f5685d6bfe2,Juvenile Fiction
6989a4de10805f5685d6bfe4,Fiction
6989a4de10805f5685d6bfe6,Language Arts
6989a4de10805f5685d6bfe8,Religion
6989a4de10805f5685d6bfea,Juvenile Fiction
6989a4de10805f5685d6bfec,Juvenile Nonfiction
6989a4de10805f5685d6bfed,General
6989a4de10805f5685d6bfef,Fiction
6989a4de10805f5685d6bff1,Large Type Books
6989a4de10805f5685d6bff3,Biography
6989a4de10805f5685d6bff4,Fiction
6989a4de10805f5685d6bff6,Fiction
6989a4de10805f5685d6bff8,Biography
6989a4de10805f5685d6bffa,Religion
6989a4de10805f5685d6bffb,Sports
6989a4de10805f5685d6bffd,Legends
6989a4de10805f5685d6bfff,Health
6989a4de10805f5685d6c001,History
6989a4de10805f5685d6c003,Political Science
6989a4de10805f5685d6c005,Performing Arts
6989a4de10805f5685d6c007,Fiction
6989a4de10805f5685d6c008,Fiction
6989a4de10805f5685d6c00a,Fiction
6989a4de10805f5685d6c00c,Fiction
6989a4de10805f5685d6c00e,General
6989a4de10805f5685d6c00f,Fiction
6989a4de10805f5685d6c010,General
6989a4de10805f5685d6c011,Children's Literature
6989a4de10805f5685d6c013,Religion
6989a4de10805f5685d6c015,Juvenile Fiction
6989a4de10805f5685d6c016,Fiction
6989a4de10805f5685d6c017,Interpersonal Relations
6989a4de10805f5685d6c019,Union Catalogs
6989a4de10805f5685d6c01a,Fiction
6989a4de10805f5685d6c01c,Fiction
6989a4de10805f5685d6c01d,Language Arts
6989a4de10805f5685d6c01f,Detective And Mystery Stories
6989a4de10805f5685d6c020,Fiction
6989a4de10805f5685d6c022,Fiction
6989a4de10805f5685d6c024,Fiction
6989a4de10805f5685d6c025,Crafts
6989a4de10805f5685d6c027,General
6989a4de10805f5685d6c028,Education
6989a4de10805f5685d6c02a,General
6989a4de10805f5685d6c02b,Fiction
6989a4de10805f5685d6c02d,Fiction
6989a4de10805f5685d6c02f,Literary Criticism
6989a4de10805f5685d6c031,Cooking
6989a4de10805f5685d6c033,Fiction
6989a4de10805f5685d6c034,Fiction
6989a4de10805f5685d6c036,General
6989a4de10805f5685d6c037,Murder
6989a4de10805f5685d6c039,Fiction
6989a4de10805f5685d6c03a,Reference
6989a4de10805f5685d6c03b,Juvenile Fiction
6989a4de10805f5685d6c03c,Motherhood
6989a4de10805f5685d6c03e,General
6989a4de10805f5685d6c03f,Fiction
6989a4de10805f5685d6c040,Bildungsromans
6989a4de10805f5685d6c042,Actresses
6989a4de10805f5685d6c044,General
6989a4de10805f5685d6c045,Fiction
6989a4de10805f5685d6c047,Copyright
6989a4de10805f5685d6c048,General
6989a4de10805f5685d6c049,General
6989a4de10805f5685d6c04a,General
6989a4de10805f5685d6c04b,Fiction
6989a4de10805f5685d6c04c,Language Arts
6989a4de10805f5685d6c04e,Self-help
6989a4de10805f5685d6c050,Fiction
6989a4de10805f5685d6c052,Fiction
6989a4de10805f5685d6c054,General
6989a4de10805f5685d6c056,Fiction
6989a4de10805f5685d6c057,Food
6989a4de10805f5685d6c059,Juvenile Fiction
6989a4de10805f5685d6c05a,General
6989a4de10805f5685d6c05c,Fiction
6989a4de10805f5685d6c05d,Fiction
6989a4de10805f5685d6c05e,Chicago (ill.)
6989a4de10805f5685d6c060,Juvenile Nonfiction
6989a4de10805f5685d6c062,Fiction
6989a4de10805f5685d6c064,Gardening
6989a4de10805f5685d6c066,Fiction
6989a4de10805f5685d6c067,History
6989a4de10805f5685d6c068,Fiction
6989a4de10805f5685d6c069,History
6989a4de10805f5685d6c06b,History
6989a4de10805f5685d6c06d,Comics
6989a4de10805f5685d6c06f,Fiction
6989a4de10805f5685d6c070,Automobile Travel
6989a4de10805f5685d6c072,Juvenile Fiction
6989a4de10805f5685d6c074,Science
6989a4de10805f5685d6c076,Juvenile Fiction
6989a4de10805f5685d6c077,General
6989a4de10805f5685d6c078,Biography
6989a4de10805f5685d6c07a,Travel
6989a4de10805f5685d6c07b,General
6989a4de10805f5685d6c07d,Fiction
6989a4de10805f5685d6c07e,Fiction
6989a4de10805f5685d6c080,Fiction
6989a4de10805f5685d6c081,Fiction
6989a4de10805f5685d6c083,Fiction
6989a4de10805f5685d6c085,Christian Biography
6989a4de10805f5685d6c087,History
6989a4de10805f5685d6c089,Health
6989a4de10805f5685d6c08b,Art
6989a4de10805f5685d6c08d,Fiction
6989a4de10805f5685d6c08e,Philosophy
6989a4de10805f5685d6c090,Religion
6989a4de10805f5685d6c092,Fiction
6989a4de10805f5685d6c094,General
6989a4de10805f5685d6c096,General
6989a4de10805f5685d6c097,General
6989a4de10805f5685d6c098,General
6989a4de10805f5685d6c099,Science Fiction
6989a4de10805f5685d6c09b,General
6989a4de10805f5685d6c09d,Self-help
6989a4de10805f5685d6c09f,Juvenile Fiction
6989a4de10805f5685d6c0a0,General
6989a4de10805f5685d6c0a1,Fiction
6989a4de10805f5685d6c0a3,Fiction
6989a4de10805f5685d6c0a5,Self-help
6989a4de10805f5685d6c0a7,Fiction
6989a4de10805f5685d6c0a9,Fiction
6989a4de10805f5685d6c0aa,Young Adult Fiction
6989a4de10805f5685d6c0ac,Fiction
6989a4de10805f5685d6c0ad,Humor
6989a4de10805f5685d6c0ae,General
6989a4de10805f5685d6c0af,History
6989a4de10805f5685d6c0b1,General
6989a4de10805f5685d6c0b2,Fiction
6989a4de10805f5685d6c0b4,Juvenile Fiction
6989a4de10805f5685d6c0b5,Best Books
6989a4de10805f5685d6c0b6,General
6989a4de10805f5685d6c0b7,English Language
6989a4de10805f5685d6c0b8,Medical
6989a4de10805f5685d6c0ba,Fiction
6989a4de10805f5685d6c0bc,Adult Children Of Alcoholics
6989a4de10805f5685d6c0be,General
6989a4de10805f5685d6c0c0,Fiction
6989a4de10805f5685d6c0c1,Fiction
6989a4de10805f5685d6c0c3,Fiction
6989a4de10805f5685d6c0c4,Juvenile Fiction
6989a4de10805f5685d6c0c5,Fiction
6989a4de10805f5685d6c0c6,Juvenile Fiction
6989a4de10805f5685d6c0c7,Reference
6989a4de10805f5685d6c0c8,Fiction
6989a4de10805f5685d6c0c9,Body
6989a4de10805f5685d6c0c9,Mind
6989a4de10805f5685d6c0cb,Fiction
6989a4de10805f5685d6c0cc,Fiction
6989a4de10805f5685d6c0cd,Fiction
6989a4de10805f5685d6c0ce,Juvenile Fiction
6989a4de10805f5685d6c0d0,Biography
6989a4de10805f5685d6c0d2,Horror Tales
6989a4de10805f5685d6c0d4,Fiction
6989a4de10805f5685d6c0d6,Young Adult Fiction
6989a4de10805f5685d6c0d7,Juvenile Fiction
6989a4de10805f5685d6c0d8,History
6989a4de10805f5685d6c0da,Fiction
6989a4de10805f5685d6c0db,Fiction
6989a4de10805f5685d6c0dd,General
6989a4de10805f5685d6c0df,Fiction
6989a4de10805f5685d6c0e0,Comics
6989a4de10805f5685d6c0e2,Young Adult Fiction
6989a4de10805f5685d6c0e3,Juvenile Fiction
6989a4de10805f5685d6c0e4,General
6989a4de10805f5685d6c0e5,Fiction
6989a4de10805f5685d6c0e7,General
6989a4de10805f5685d6c0e8,Social Science
6989a4de10805f5685d6c0ea,Fiction
6989a4de10805f5685d6c0ec,Fiction
6989a4de10805f5685d6c0ed,Fiction
6989a4de10805f5685d6c0ee,Fiction
6989a4de10805f5685d6c0f0,General
6989a4de10805f5685d6c0f1,Iraq War
6989a4de10805f5685d6c0f1,2003-
6989a4de10805f5685d6c0f3,True Crime
6989a4de10805f5685d6c0f5,Religion
6989a4de10805f5685d6c0f7,Fiction
6989a4de10805f5685d6c0f8,Juvenile Fiction
6989a4de10805f5685d6c0fa,Fiction
6989a4de10805f5685d6c0fc,General
6989a4de10805f5685d6c0fd,General
6989a4de10805f5685d6c0fe,Self-help
6989a4de10805f5685d6c100,House
6989a4de10805f5685d6c102,Fiction
6989a4de10805f5685d6c104,Fiction
6989a4de10805f5685d6c106,Travel
6989a4de10805f5685d6c108,General
6989a4de10805f5685d6c10a,Income Distribution
6989a4de10805f5685d6c10c,Religion
6989a4de10805f5685d6c10d,Fiction
6989a4de10805f5685d6c10e,Children
6989a4de10805f5685d6c110,Fiction
6989a4de10805f5685d6c111,Fiction
6989a4de10805f5685d6c113,Fiction
6989a4de10805f5685d6c115,Fiction
6989a4de10805f5685d6c117,Social Science
6989a4de10805f5685d6c118,Psychology
6989a4de10805f5685d6c11a,Juvenile Fiction
6989a4de10805f5685d6c11c,Crafts
6989a4de10805f5685d6c11e,Poetry
6989a4de10805f5685d6c120,Etiquette
6989a4de10805f5685d6c122,Fiction
6989a4de10805f5685d6c123,Drama
6989a4de10805f5685d6c125,General
6989a4de10805f5685d6c126,History
6989a4de10805f5685d6c127,Young Adult Fiction
6989a4de10805f5685d6c129,Fiction
6989a4de10805f5685d6c12a,Juvenile Fiction
6989a4de10805f5685d6c12b,Fiction
6989a4de10805f5685d6c12d,Juvenile Fiction
6989a4de10805f5685d6c12e,General
6989a4de10805f5685d6c12f,Fiction
6989a4de10805f5685d6c131,General
6989a4de10805f5685d6c132,Juvenile Fiction
6989a4de10805f5685d6c133,General
6989a4de10805f5685d6c135,General
6989a4de10805f5685d6c136,Fiction
6989a4de10805f5685d6c138,Detective And Mystery Stories
6989a4de10805f5685d6c13a,Fiction
6989a4de10805f5685d6c13c,General
6989a4de10805f5685d6c13d,Juvenile Fiction
6989a4de10805f5685d6c13e,Fiction
6989a4de10805f5685d6c140,Cooking
6989a4de10805f5685d6c142,Fiction
6989a4de10805f5685d6c144,English Fiction
6989a4de10805f5685d6c145,Fiction
6989a4de10805f5685d6c147,Fiction
6989a4de10805f5685d6c148,General
6989a4de10805f5685d6c14a,Health
6989a4de10805f5685d6c14c,Language Arts
6989a4de10805f5685d6c14d,Nature
6989a4de10805f5685d6c14f,General
6989a4de10805f5685d6c150,Fiction
6989a4de10805f5685d6c151,Family
6989a4de10805f5685d6c152,General
6989a4de10805f5685d6c153,Fiction
6989a4de10805f5685d6c154,Fiction
6989a4de10805f5685d6c156,Juvenile Fiction
6989a4de10805f5685d6c158,Thailand
6989a4de10805f5685d6c15a,Juvenile Fiction
6989a4de10805f5685d6c15c,General
6989a4de10805f5685d6c15d,Fiction
6989a4de10805f5685d6c15e,Scotland
6989a4de10805f5685d6c15f,Drama
6989a4de10805f5685d6c160,Art
6989a4de10805f5685d6c162,General
6989a4de10805f5685d6c163,Business
6989a4de10805f5685d6c165,Colombo (sri Lanka)
6989a4de10805f5685d6c167,General
6989a4de10805f5685d6c169,Body
6989a4de10805f5685d6c169,Mind
6989a4de10805f5685d6c16b,Religion
6989a4de10805f5685d6c16d,Literary Criticism
6989a4de10805f5685d6c16f,Fiction
6989a4de10805f5685d6c171,General
6989a4de10805f5685d6c173,Great Britain
6989a4de10805f5685d6c174,Photography
6989a4de10805f5685d6c176,General
6989a4de10805f5685d6c177,Religion
6989a4de10805f5685d6c179,Rational Emotive Behavior Therapy
6989a4de10805f5685d6c17b,History
6989a4de10805f5685d6c17d,Juvenile Nonfiction
6989a4de10805f5685d6c17f,Fiction
6989a4de10805f5685d6c180,Europe
6989a4de10805f5685d6c182,General
6989a4de10805f5685d6c183,Fantasy Games
6989a4de10805f5685d6c185,Pool (game)
6989a4de10805f5685d6c187,Fiction
6989a4de10805f5685d6c189,Nature
6989a4de10805f5685d6c18b,General
6989a4de10805f5685d6c18c,General
6989a4de10805f5685d6c18d,History
6989a4de10805f5685d6c18f,Single Tax
6989a4de10805f5685d6c190,General
6989a4de10805f5685d6c191,Fiction
6989a4de10805f5685d6c193,Fiction
6989a4de10805f5685d6c195,Fiction
6989a4de10805f5685d6c197,Motion Picture Actors And Actresses
6989a4de10805f5685d6c199,Music
6989a4de10805f5685d6c19b,Fiction
6989a4de10805f5685d6c19c,Crime
6989a4de10805f5685d6c19e,Social Science
6989a4de10805f5685d6c1a0,Juvenile Fiction
6989a4de10805f5685d6c1a1,Medical
6989a4de10805f5685d6c1a3,Fiction
6989a4de10805f5685d6c1a5,Eminent Domain
6989a4de10805f5685d6c1a7,Fiction
6989a4de10805f5685d6c1a8,Young Adult Fiction
6989a4de10805f5685d6c1aa,Accelerated Readers
6989a4de10805f5685d6c1ac,General
6989a4de10805f5685d6c1ad,Fiction
6989a4de10805f5685d6c1ae,Adolescence
6989a4de10805f5685d6c1b0,True Crime
6989a4de10805f5685d6c1b2,General
6989a4de10805f5685d6c1b4,Fiction
6989a4de10805f5685d6c1b6,Books
6989a4de10805f5685d6c1b7,General
6989a4de10805f5685d6c1b8,Great Britain
6989a4de10805f5685d6c1b9,Business
6989a4de10805f5685d6c1bb,Fiction
6989a4de10805f5685d6c1bc,Cheyenne Indians
6989a4de10805f5685d6c1bd,Fiction
6989a4de10805f5685d6c1be,Fiction
6989a4de10805f5685d6c1c0,Fiction
6989a4de10805f5685d6c1c1,Juvenile Fiction
6989a4de10805f5685d6c1c2,Religion
6989a4de10805f5685d6c1c4,Literary Criticism
6989a4de10805f5685d6c1c6,Fiction
6989a4de10805f5685d6c1c7,History
6989a4de10805f5685d6c1c9,Juvenile Fiction
6989a4de10805f5685d6c1cb,Fiction
6989a4de10805f5685d6c1cd,History
6989a4de10805f5685d6c1cf,Juvenile Fiction
6989a4de10805f5685d6c1d0,Drama
6989a4de10805f5685d6c1d2,Religion
6989a4de10805f5685d6c1d4,American Literature
6989a4de10805f5685d6c1d5,General
6989a4de10805f5685d6c1d6,General
6989a4de10805f5685d6c1d7,Sports
6989a4de10805f5685d6c1d8,Brothers
6989a4de10805f5685d6c1da,Fiction
6989a4de10805f5685d6c1db,Cooking
6989a4de10805f5685d6c1dd,Religion
6989a4de10805f5685d6c1df,Fiction
6989a4de10805f5685d6c1e0,General
6989a4de10805f5685d6c1e1,General
6989a4de10805f5685d6c1e3,Comic Books
6989a4de10805f5685d6c1e3,Strips
6989a4de10805f5685d6c1e3,Etc
6989a4de10805f5685d6c1e5,General
6989a4de10805f5685d6c1e6,Fiction
6989a4de10805f5685d6c1e8,American Fiction
6989a4de10805f5685d6c1e9,Comics
6989a4de10805f5685d6c1ea,General
6989a4de10805f5685d6c1eb,Juvenile Nonfiction
6989a4de10805f5685d6c1ed,Alaska
6989a4de10805f5685d6c1ee,Fiction
6989a4de10805f5685d6c1ef,Jammu And Kashmir (india)
6989a4de10805f5685d6c1f1,Schools
6989a4de10805f5685d6c1f3,Religion
6989a4de10805f5685d6c1f5,General
6989a4de10805f5685d6c1f6,Juvenile Fiction
6989a4de10805f5685d6c1f8,Comics
6989a4de10805f5685d6c1f9,Fiction
6989a4de10805f5685d6c1fb,Family
6989a4de10805f5685d6c1fd,Fiction
6989a4de10805f5685d6c1fe,United States
6989a4de10805f5685d6c1ff,General
6989a4de10805f5685d6c201,General
6989a4de10805f5685d6c203,General
6989a4de10805f5685d6c204,Fiction
6989a4de10805f5685d6c205,General
6989a4de10805f5685d6c207,Self-help
6989a4de10805f5685d6c209,Health
6989a4de10805f5685d6c20b,Biography
6989a4de10805f5685d6c20c,Cooking
6989a4de10805f5685d6c20e,Squirrels
6989a4de10805f5685d6c210,General
6989a4de10805f5685d6c211,Philosophy
6989a4de10805f5685d6c213,General
6989a4de10805f5685d6c214,Poetry
6989a4de10805f5685d6c216,Business
6989a4de10805f5685d6c218,Human Anatomy
6989a4de10805f5685d6c21a,Family
6989a4de10805f5685d6c21c,Comics
6989a4de10805f5685d6c21e,Self-help
6989a4de10805f5685d6c220,Children's Stories
6989a4de10805f5685d6c222,General
6989a4de10805f5685d6c223,General
6989a4de10805f5685d6c224,Contests
6989a4de10805f5685d6c225,Juvenile Nonfiction
6989a4de10805f5685d6c227,Language Arts
6989a4de10805f5685d6c229,Young Adult Fiction
6989a4de10805f5685d6c22a,Copyright
6989a4de10805f5685d6c22b,Fiction
6989a4de10805f5685d6c22c,Fiction
6989a4de10805f5685d6c22e,Children's Stories
6989a4de10805f5685d6c22e,Danish
6989a4de10805f5685d6c22f,General
6989a4de10805f5685d6c231,Astronomy
6989a4de10805f5685d6c233,Juvenile Fiction
6989a4de10805f5685d6c234,Fiction
6989a4de10805f5685d6c236,General
6989a4de10805f5685d6c237,Science
6989a4de10805f5685d6c239,Juvenile Nonfiction
6989a4de10805f5685d6c23b,Fiction
6989a4de10805f5685d6c23c,Biography
6989a4de10805f5685d6c23e,Fiction
6989a4de10805f5685d6c23f,Animals
6989a4de10805f5685d6c240,Fiction
6989a4de10805f5685d6c242,General
6989a4de10805f5685d6c244,Fiction
6989a4de10805f5685d6c246,History
6989a4de10805f5685d6c248,General
6989a4de10805f5685d6c249,Sports
6989a4de10805f5685d6c24b,Fiction
6989a4de10805f5685d6c24c,General
6989a4de10805f5685d6c24e,Colonial Williamsburg (williamsburg
6989a4de10805f5685d6c24e,Va.)
6989a4de10805f5685d6c250,Education
6989a4de10805f5685d6c252,Criticism
6989a4de10805f5685d6c254,Business
6989a4de10805f5685d6c256,Literary Collections
6989a4de10805f5685d6c258,General
6989a4de10805f5685d6c259,General
6989a4de10805f5685d6c25b,Health
6989a4de10805f5685d6c25c,General
6989a4de10805f5685d6c25d,Discipline Of Children
6989a4de10805f5685d6c25f,Young Adult Fiction
6989a4de10805f5685d6c261,Fiction
6989a4de10805f5685d6c262,General
6989a4de10805f5685d6c263,Young Adult Fiction
6989a4de10805f5685d6c264,Fiction
6989a4de10805f5685d6c266,Biography
6989a4de10805f5685d6c268,History
6989a4de10805f5685d6c26a,General
6989a4de10805f5685d6c26c,Family
6989a4de10805f5685d6c26e,General
6989a4de10805f5685d6c26f,General
6989a4de10805f5685d6c270,Fiction
6989a4de10805f5685d6c272,Philosophy
6989a4de10805f5685d6c274,Fiction
6989a4de10805f5685d6c275,Fiction
6989a4de10805f5685d6c277,Biography
6989a4de10805f5685d6c279,Fiction
6989a4de10805f5685d6c27a,General
6989a4de10805f5685d6c27b,Fiction
6989a4de10805f5685d6c27d,Family
6989a4de10805f5685d6c27f,Science
6989a4de10805f5685d6c281,Business
6989a4de10805f5685d6c283,General
6989a4de10805f5685d6c284,Ghost Stories
6989a4de10805f5685d6c285,Business
6989a4de10805f5685d6c287,Fiction
6989a4de10805f5685d6c288,Humor
6989a4de10805f5685d6c28a,General
6989a4de10805f5685d6c28c,Nature
6989a4de10805f5685d6c28d,Juvenile Nonfiction
6989a4de10805f5685d6c28f,History
6989a4de10805f5685d6c291,Education
6989a4de10805f5685d6c293,Fiction
6989a4de10805f5685d6c295,Business
6989a4de10805f5685d6c296,History
6989a4de10805f5685d6c298,Music
6989a4de10805f5685d6c29a,Fiction
6989a4de10805f5685d6c29b,Juvenile Fiction
6989a4de10805f5685d6c29d,Fiction
6989a4de10805f5685d6c29f,General
6989a4de10805f5685d6c2a1,Fiction
6989a4de10805f5685d6c2a3,Promptbooks
6989a4de10805f5685d6c2a4,Social Science
6989a4de10805f5685d6c2a6,Juvenile Fiction
6989a4de10805f5685d6c2a7,Children
6989a4de10805f5685d6c2a8,Romance Fiction
6989a4de10805f5685d6c2a9,General
6989a4de10805f5685d6c2aa,Political Science
6989a4de10805f5685d6c2ac,Sports
6989a4de10805f5685d6c2ae,Literary Collections
6989a4de10805f5685d6c2b0,Fiction
6989a4de10805f5685d6c2b2,Juvenile Nonfiction
6989a4de10805f5685d6c2b4,Sweden
6989a4de10805f5685d6c2b6,Biography
6989a4de10805f5685d6c2b8,Biography
6989a4de10805f5685d6c2ba,Fiction
6989a4de10805f5685d6c2bc,Religion
6989a4de10805f5685d6c2be,Family
6989a4de10805f5685d6c2bf,Change (psychology)
6989a4de10805f5685d6c2c1,Mathematics
6989a4de10805f5685d6c2c3,Social Science
6989a4de10805f5685d6c2c5,Magic
6989a4de10805f5685d6c2c7,General
6989a4de10805f5685d6c2c9,Fiction
6989a4de10805f5685d6c2ca,Caldecott Medal
6989a4de10805f5685d6c2cc,History
6989a4de10805f5685d6c2ce,Fiction
6989a4de10805f5685d6c2d0,Body
6989a4de10805f5685d6c2d0,Mind
6989a4de10805f5685d6c2d2,Education
6989a4de10805f5685d6c2d4,Juvenile Fiction
6989a4de10805f5685d6c2d6,Fiction
6989a4de10805f5685d6c2d7,Fiction
6989a4de10805f5685d6c2d8,United States
6989a4de10805f5685d6c2da,General
6989a4de10805f5685d6c2dc,American Literature
6989a4de10805f5685d6c2dd,General
6989a4de10805f5685d6c2de,Fiction
6989a4de10805f5685d6c2e0,Business
6989a4de10805f5685d6c2e2,Fiction
6989a4de10805f5685d6c2e3,Body
6989a4de10805f5685d6c2e3,Mind
6989a4de10805f5685d6c2e4,Adventure Stories
6989a4de10805f5685d6c2e6,General
6989a4de10805f5685d6c2e7,Man-woman Relationships
6989a4de10805f5685d6c2e8,Detective And Mystery Stories
6989a4de10805f5685d6c2e8,English
6989a4de10805f5685d6c2ea,Computers
6989a4de10805f5685d6c2ec,Cameras
6989a4de10805f5685d6c2ee,Fiction
6989a4de10805f5685d6c2ef,Juvenile Fiction
6989a4de10805f5685d6c2f1,Alternative Lifestyles
6989a4de10805f5685d6c2f3,Biography
6989a4de10805f5685d6c2f5,History
6989a4de10805f5685d6c2f7,History
6989a4de10805f5685d6c2f9,Social Science
6989a4de10805f5685d6c2fb,Fiction
6989a4de10805f5685d6c2fc,Juvenile Fiction
6989a4de10805f5685d6c2fd,Bible
6989a4de10805f5685d6c2ff,Literary Collections
6989a4de10805f5685d6c301,General
6989a4de10805f5685d6c302,Juvenile Fiction
6989a4de10805f5685d6c304,Biography
6989a4de10805f5685d6c306,Fiction
6989a4de10805f5685d6c308,Dakota Indians
6989a4de10805f5685d6c30a,Chicago (ill.)
6989a4de10805f5685d6c30c,Engineers
6989a4de10805f5685d6c30d,Microwave Cooking
6989a4de10805f5685d6c30f,Religion
6989a4de10805f5685d6c311,Human-alien Encounters
6989a4de10805f5685d6c313,Fiction
6989a4de10805f5685d6c314,Reference
6989a4de10805f5685d6c316,Drama
6989a4de10805f5685d6c318,History
6989a4de10805f5685d6c319,Fiction
6989a4de10805f5685d6c31b,Science
6989a4de10805f5685d6c31d,Fiction
6989a4de10805f5685d6c31f,Fiction
6989a4de10805f5685d6c321,Biography
6989a4de10805f5685d6c323,General
6989a4de10805f5685d6c325,Religion
6989a4de10805f5685d6c327,Biography
6989a4de10805f5685d6c328,Juvenile Nonfiction
6989a4de10805f5685d6c329,Biography
6989a4de10805f5685d6c32b,Fiction
6989a4de10805f5685d6c32d,History
6989a4de10805f5685d6c32f,Social Science
6989a4de10805f5685d6c331,Fiction
6989a4de10805f5685d6c333,Religion
6989a4de10805f5685d6c335,Fiction
6989a4de10805f5685d6c337,General
6989a4de10805f5685d6c338,General
6989a4de10805f5685d6c339,General
6989a4de10805f5685d6c33b,Fiction
6989a4de10805f5685d6c33c,Electronic Books
6989a4de10805f5685d6c33e,Fiction
6989a4de10805f5685d6c340,Fathers And Daughters
6989a4de10805f5685d6c342,Landlord And Tenant
6989a4de10805f5685d6c344,Fiction
6989a4de10805f5685d6c346,Fiction
6989a4de10805f5685d6c348,General
6989a4de10805f5685d6c349,Religion
6989a4de10805f5685d6c34b,Medicine
6989a4de10805f5685d6c34b,Psychosomatic
6989a4de10805f5685d6c34d,Fuentes De Oñoro
6989a4de10805f5685d6c34d,Battle Of
6989a4de10805f5685d6c34d,Fuentes De Oñoro
6989a4de10805f5685d6c34e,Juvenile Nonfiction
6989a4de10805f5685d6c350,Family
6989a4de10805f5685d6c351,Juvenile Fiction
6989a4de10805f5685d6c352,Religion
6989a4de10805f5685d6c354,Fiction
6989a4de10805f5685d6c356,Juvenile Fiction
6989a4de10805f5685d6c357,General
6989a4de10805f5685d6c358,General
6989a4de10805f5685d6c35a,General
6989a4de10805f5685d6c35b,Fiction
6989a4de10805f5685d6c35d,General
6989a4de10805f5685d6c35e,Architecture
6989a4de10805f5685d6c360,Body
6989a4de10805f5685d6c360,Mind
6989a4de10805f5685d6c362,Fiction
6989a4de10805f5685d6c363,Large Type Books
6989a4de10805f5685d6c364,Farm Life
6989a4de10805f5685d6c366,Travel
6989a4de10805f5685d6c367,Religion
6989a4de10805f5685d6c369,Reference
6989a4de10805f5685d6c36b,Fiction
6989a4de10805f5685d6c36c,Literary Collections
6989a4de10805f5685d6c36d,Fantasy Fiction
6989a4de10805f5685d6c36e,General
6989a4de10805f5685d6c36f,Philosophy
6989a4de10805f5685d6c370,Fiction
6989a4de10805f5685d6c372,Fiction
6989a4de10805f5685d6c374,Fiction
6989a4de10805f5685d6c376,General
6989a4de10805f5685d6c378,Jewish Fiction
6989a4de10805f5685d6c379,Biography
6989a4de10805f5685d6c37b,Large Type Books
6989a4de10805f5685d6c37d,Body
6989a4de10805f5685d6c37d,Mind
6989a4de10805f5685d6c37f,Crafts
6989a4de10805f5685d6c381,History
6989a4de10805f5685d6c383,Medical
6989a4de10805f5685d6c385,Fiction
6989a4de10805f5685d6c386,Fiction
6989a4de10805f5685d6c388,General
6989a4de10805f5685d6c38a,Fiction
6989a4de10805f5685d6c38c,General
6989a4de10805f5685d6c38d,Juvenile Fiction
6989a4de10805f5685d6c38e,Biography
6989a4de10805f5685d6c390,Technology
6989a4de10805f5685d6c392,Fiction
6989a4de10805f5685d6c393,Comics
6989a4de10805f5685d6c395,Philosophy
6989a4de10805f5685d6c397,United States
6989a4de10805f5685d6c399,General
6989a4de10805f5685d6c39a,General
6989a4de10805f5685d6c39b,Fiction
6989a4de10805f5685d6c39d,Juvenile Nonfiction
6989a4de10805f5685d6c39f,Fiction
6989a4de10805f5685d6c3a0,Computers
6989a4de10805f5685d6c3a2,Self-help
6989a4de10805f5685d6c3a4,Foreign Language Study
6989a4de10805f5685d6c3a6,Health
6989a4de10805f5685d6c3a8,Fiction
6989a4de10805f5685d6c3a9,Biography
6989a4de10805f5685d6c3ab,General
6989a4de10805f5685d6c3ac,General
6989a4de10805f5685d6c3ad,General
6989a4de10805f5685d6c3ae,History
6989a4de10805f5685d6c3b0,Cerebral Dominance
6989a4de10805f5685d6c3b2,Art
6989a4de10805f5685d6c3b4,Animals
6989a4de10805f5685d6c3b6,African American Women
6989a4de10805f5685d6c3b7,Artists
6989a4de10805f5685d6c3b7,Dutch
6989a4de10805f5685d6c3b9,Periodicals
6989a4de10805f5685d6c3ba,General
6989a4de10805f5685d6c3bc,Fiction
6989a4de10805f5685d6c3be,Fiction
6989a4de10805f5685d6c3bf,Fiction
6989a4de10805f5685d6c3c1,California
6989a4de10805f5685d6c3c3,General
6989a4de10805f5685d6c3c5,Political Science
6989a4de10805f5685d6c3c7,Juvenile Nonfiction
6989a4de10805f5685d6c3c9,Castles
6989a4de10805f5685d6c3cb,Female Offenders
6989a4de10805f5685d6c3cd,Fiction
6989a4de10805f5685d6c3cf,Fiction
6989a4de10805f5685d6c3d1,Games
6989a4de10805f5685d6c3d3,General
6989a4de10805f5685d6c3d4,General
6989a4de10805f5685d6c3d5,Fiction
6989a4de10805f5685d6c3d6,Philosophy
6989a4de10805f5685d6c3d7,General
6989a4de10805f5685d6c3d8,Juvenile Fiction
6989a4de10805f5685d6c3da,Biography
6989a4de10805f5685d6c3db,Poetry
6989a4de10805f5685d6c3dd,Fiction
6989a4de10805f5685d6c3df,General
6989a4de10805f5685d6c3e0,General
6989a4de10805f5685d6c3e1,Fiction
6989a4de10805f5685d6c3e3,General
6989a4de10805f5685d6c3e4,General
6989a4de10805f5685d6c3e5,General
6989a4de10805f5685d6c3e6,Biography
6989a4de10805f5685d6c3e8,Fiction
6989a4de10805f5685d6c3ea,Family
6989a4de10805f5685d6c3eb,Religion
6989a4de10805f5685d6c3ed,Comics
6989a4de10805f5685d6c3ef,Fiction
6989a4de10805f5685d6c3f1,Canvas Embroidery
6989a4de10805f5685d6c3f3,Cooking
6989a4de10805f5685d6c3f5,Crusades
6989a4de10805f5685d6c3f6,General
6989a4de10805f5685d6c3f7,Juvenile Nonfiction
6989a4de10805f5685d6c3f9,Nature
6989a4de10805f5685d6c3fb,General
6989a4de10805f5685d6c3fc,General
6989a4de10805f5685d6c3fd,Detective And Mystery Stories
6989a4de10805f5685d6c3ff,Juvenile Nonfiction
6989a4de10805f5685d6c400,Family
6989a4de10805f5685d6c402,General
6989a4de10805f5685d6c403,Fiction
6989a4de10805f5685d6c404,General
6989a4de10805f5685d6c405,General
6989a4de10805f5685d6c406,Travel
6989a4de10805f5685d6c408,General
6989a4de10805f5685d6c409,Business
6989a4de10805f5685d6c40a,Channeling (spiritualism)
6989a4de10805f5685d6c40b,General
6989a4de10805f5685d6c40c,Fiction
6989a4de10805f5685d6c40d,Fiction
6989a4de10805f5685d6c40f,Travel
6989a4de10805f5685d6c410,Art
6989a4de10805f5685d6c412,Fiction
6989a4de10805f5685d6c414,General
6989a4de10805f5685d6c415,General
6989a4de10805f5685d6c416,Fiction
6989a4de10805f5685d6c417,General
6989a4de10805f5685d6c418,Fiction
6989a4de10805f5685d6c419,Fiction
6989a4de10805f5685d6c41a,Fiction
6989a4de10805f5685d6c41b,Cooking
6989a4de10805f5685d6c41d,Body
6989a4de10805f5685d6c41d,Mind
6989a4de10805f5685d6c41f,Fiction
6989a4de10805f5685d6c420,Fiction
6989a4de10805f5685d6c422,Highway Planning
6989a4de10805f5685d6c423,Fiction
6989a4de10805f5685d6c424,Child Development
6989a4de10805f5685d6c426,Religion
6989a4de10805f5685d6c428,General
6989a4de10805f5685d6c429,Language Arts
6989a4de10805f5685d6c42b,Business
6989a4de10805f5685d6c42d,Fiction
6989a4de10805f5685d6c42e,History
6989a4de10805f5685d6c430,Biography
6989a4de10805f5685d6c432,Fiction
6989a4de10805f5685d6c433,Fiction
6989a4de10805f5685d6c435,Literary Criticism
6989a4de10805f5685d6c436,General
6989a4de10805f5685d6c437,Health
6989a4de10805f5685d6c438,Commercial Art
6989a4de10805f5685d6c439,Mexican American Women
6989a4de10805f5685d6c43b,General
6989a4de10805f5685d6c43c,Health
6989a4de10805f5685d6c43e,Fiction
6989a4de10805f5685d6c440,Fiction
6989a4de10805f5685d6c441,Biography
6989a4de10805f5685d6c443,Reference
6989a4de10805f5685d6c445,Fiction
6989a4de10805f5685d6c447,General
6989a4de10805f5685d6c448,Juvenile Fiction
6989a4de10805f5685d6c44a,Religion
6989a4de10805f5685d6c44c,General
6989a4de10805f5685d6c44d,Fiction
6989a4de10805f5685d6c44e,General
6989a4de10805f5685d6c44f,Sports
6989a4de10805f5685d6c451,Juvenile Fiction
6989a4de10805f5685d6c452,Fiction
6989a4de10805f5685d6c453,History
6989a4de10805f5685d6c455,General
6989a4de10805f5685d6c456,Fiction
6989a4de10805f5685d6c458,Fiction
6989a4de10805f5685d6c459,Fiction
6989a4de10805f5685d6c45a,Juvenile Fiction
6989a4de10805f5685d6c45b,Ethics
6989a4de10805f5685d6c45c,Napoleonic Wars
6989a4de10805f5685d6c45c,1800-1815
6989a4de10805f5685d6c45e,Fiction
6989a4de10805f5685d6c460,General
6989a4de10805f5685d6c461,Fiction
6989a4de10805f5685d6c462,Fiction
6989a4de10805f5685d6c463,Biography
6989a4de10805f5685d6c465,Religion
6989a4de10805f5685d6c467,Fiction
6989a4de10805f5685d6c468,Fiction
6989a4de10805f5685d6c46a,Fiction
6989a4de10805f5685d6c46c,Detective And Mystery Stories
6989a4de10805f5685d6c46e,Fiction
6989a4de10805f5685d6c470,Housing
6989a4de10805f5685d6c472,Romance Fiction
6989a4de10805f5685d6c474,Nature
6989a4de10805f5685d6c476,Fiction
6989a4de10805f5685d6c477,History
6989a4de10805f5685d6c479,General
6989a4de10805f5685d6c47a,Fiction
6989a4de10805f5685d6c47c,Philosophy
6989a4de10805f5685d6c47e,General
6989a4de10805f5685d6c480,Self-help
6989a4de10805f5685d6c481,Fiction
6989a4de10805f5685d6c483,General
6989a4de10805f5685d6c485,General
6989a4de10805f5685d6c487,Fiction
6989a4de10805f5685d6c489,Ants
6989a4de10805f5685d6c48b,Fiction
6989a4de10805f5685d6c48c,Juvenile Fiction
6989a4de10805f5685d6c48d,Psychology
6989a4de10805f5685d6c48f,Poetry
6989a4de10805f5685d6c491,General
6989a4de10805f5685d6c492,Authors
6989a4de10805f5685d6c492,English
6989a4de10805f5685d6c493,Ethnology
6989a4de10805f5685d6c495,Business
6989a4de10805f5685d6c497,Fiction
6989a4de10805f5685d6c499,Biography
6989a4de10805f5685d6c49b,Great Britain
6989a4de10805f5685d6c49c,Sports
6989a4de10805f5685d6c49e,Fiction
6989a4de10805f5685d6c49f,Performing Arts
6989a4de10805f5685d6c4a1,Travel
6989a4de10805f5685d6c4a2,Fiction
6989a4de10805f5685d6c4a3,Gardening
6989a4de10805f5685d6c4a5,Biography
6989a4de10805f5685d6c4a7,Religion
6989a4de10805f5685d6c4a9,Biography
6989a4de10805f5685d6c4ab,Canada
6989a4de10805f5685d6c4ac,History
6989a4de10805f5685d6c4ad,Philosophy
6989a4de10805f5685d6c4af,General
6989a4de10805f5685d6c4b0,Fiction
6989a4de10805f5685d6c4b2,Fiction
6989a4de10805f5685d6c4b4,Fiction
6989a4de10805f5685d6c4b6,Bedtime
6989a4de10805f5685d6c4b8,General
6989a4de10805f5685d6c4b9,Humor
6989a4de10805f5685d6c4bb,Fiction
6989a4de10805f5685d6c4bd,General
6989a4de10805f5685d6c4bf,Young Adult Nonfiction
6989a4de10805f5685d6c4c1,General
6989a4de10805f5685d6c4c2,Fiction
6989a4de10805f5685d6c4c4,Science
6989a4de10805f5685d6c4c6,Fiction
6989a4de10805f5685d6c4c7,Juvenile Nonfiction
6989a4de10805f5685d6c4c9,Fiction
6989a4de10805f5685d6c4ca,Philosophy
6989a4de10805f5685d6c4cc,Business
6989a4de10805f5685d6c4ce,Mathematics
6989a4de10805f5685d6c4d0,Juvenile Fiction
6989a4de10805f5685d6c4d2,General
6989a4de10805f5685d6c4d3,English Fiction
6989a4de10805f5685d6c4d5,Biography
6989a4de10805f5685d6c4d7,Fiction
6989a4de10805f5685d6c4d9,Poetry
6989a4de10805f5685d6c4db,Biography
6989a4de10805f5685d6c4dc,Fiction
6989a4de10805f5685d6c4de,Cats
6989a4de10805f5685d6c4e0,Fiction
6989a4de10805f5685d6c4e1,Juvenile Nonfiction
6989a4de10805f5685d6c4e3,Fiction
6989a4de10805f5685d6c4e5,Art
6989a4de10805f5685d6c4e6,Biography
6989a4de10805f5685d6c4e8,General
6989a4de10805f5685d6c4e9,Social Science
6989a4de10805f5685d6c4eb,Comics
6989a4de10805f5685d6c4ed,Health
6989a4de10805f5685d6c4ef,Fiction
6989a4de10805f5685d6c4f0,History
6989a4de10805f5685d6c4f2,Body
6989a4de10805f5685d6c4f2,Mind
6989a4de10805f5685d6c4f4,Travel
6989a4de10805f5685d6c4f6,Christian Life
6989a4de10805f5685d6c4f8,Fiction
6989a4de10805f5685d6c4f9,Religion
6989a4de10805f5685d6c4fb,Talking Books
6989a4de10805f5685d6c4fc,General
6989a4de10805f5685d6c4fd,General
6989a4de10805f5685d6c4fe,Language Arts
6989a4de10805f5685d6c500,Self-help
6989a4de10805f5685d6c501,Juvenile Fiction
6989a4de10805f5685d6c503,Fiction
6989a4de10805f5685d6c505,Literary Collections
6989a4de10805f5685d6c507,History
6989a4de10805f5685d6c509,Ghosts
6989a4de10805f5685d6c50b,Self-help
6989a4de10805f5685d6c50c,Mathematics
6989a4de10805f5685d6c50e,History
6989a4de10805f5685d6c510,Art
6989a4de10805f5685d6c512,General
6989a4de10805f5685d6c513,Psychology
6989a4de10805f5685d6c514,Health
6989a4de10805f5685d6c516,Literary Criticism
6989a4de10805f5685d6c517,Juvenile Fiction
6989a4de10805f5685d6c518,Biography
6989a4de10805f5685d6c519,Karate
6989a4de10805f5685d6c51b,Competition
6989a4de10805f5685d6c51b,International
6989a4de10805f5685d6c51d,General
6989a4de10805f5685d6c51e,Photography
6989a4de10805f5685d6c520,History
6989a4de10805f5685d6c522,Juvenile Nonfiction
6989a4de10805f5685d6c524,General
6989a4de10805f5685d6c525,Social Science
6989a4de10805f5685d6c527,Fiction
6989a4de10805f5685d6c528,Fiction
6989a4de10805f5685d6c52a,Juvenile Fiction
6989a4de10805f5685d6c52c,Self-help
6989a4de10805f5685d6c52e,Juvenile Fiction
6989a4de10805f5685d6c52f,Fiction
6989a4de10805f5685d6c531,General
6989a4de10805f5685d6c533,Fiction
6989a4de10805f5685d6c534,American Literature
6989a4de10805f5685d6c535,Social Science
6989a4de10805f5685d6c537,General
6989a4de10805f5685d6c538,General
6989a4de10805f5685d6c539,Cooking
6989a4de10805f5685d6c53b,Cooking
6989a4de10805f5685d6c53c,Fiction
6989a4de10805f5685d6c53e,Education
6989a4de10805f5685d6c540,Journalists
6989a4de10805f5685d6c542,Personnel Management
6989a4de10805f5685d6c544,Health
6989a4de10805f5685d6c546,Heavy Metal (music)
6989a4de10805f5685d6c547,Leisure Class
6989a4de10805f5685d6c549,Performing Arts
6989a4de10805f5685d6c54b,Music
6989a4de10805f5685d6c54d,Juvenile Fiction
6989a4de10805f5685d6c54f,Sacred Space
6989a4de10805f5685d6c551,England
6989a4de10805f5685d6c553,Fiction
6989a4de10805f5685d6c555,Literary Criticism
6989a4de10805f5685d6c557,General
6989a4de10805f5685d6c558,Photography
6989a4de10805f5685d6c55a,General
6989a4de10805f5685d6c55c,House
6989a4de10805f5685d6c55e,Social Science
6989a4de10805f5685d6c55f,Language Arts
6989a4de10805f5685d6c560,General
6989a4de10805f5685d6c562,Fiction
6989a4de10805f5685d6c563,Juvenile Fiction
6989a4de10805f5685d6c564,General
6989a4de10805f5685d6c565,Business
6989a4de10805f5685d6c567,Fiction
6989a4de10805f5685d6c569,Fiction
6989a4de10805f5685d6c56b,Body
6989a4de10805f5685d6c56b,Mind
6989a4de10805f5685d6c56d,History
6989a4de10805f5685d6c56f,Architecture
6989a4de10805f5685d6c571,General
6989a4de10805f5685d6c572,General
6989a4de10805f5685d6c574,Fiction
6989a4de10805f5685d6c575,Folklore
6989a4de10805f5685d6c577,General
6989a4de10805f5685d6c579,Juvenile Fiction
6989a4de10805f5685d6c57a,Self-help
6989a4de10805f5685d6c57c,Fiction
6989a4de10805f5685d6c57e,Juvenile Fiction
6989a4de10805f5685d6c580,Juvenile Fiction
6989a4de10805f5685d6c581,History
6989a4de10805f5685d6c583,Fiction
6989a4de10805f5685d6c584,Biography
6989a4de10805f5685d6c586,Fiction
6989a4de10805f5685d6c588,General
6989a4de10805f5685d6c589,Fiction
6989a4de10805f5685d6c58b,Chemistry
6989a4de10805f5685d6c58d,Biography
6989a4de10805f5685d6c58f,Fiction
6989a4de10805f5685d6c591,Fiction
6989a4de10805f5685d6c593,Technology
6989a4de10805f5685d6c595,Literary Criticism
6989a4de10805f5685d6c597,North Atlantic Ocean
6989a4de10805f5685d6c599,Fiction
6989a4de10805f5685d6c59a,General
6989a4de10805f5685d6c59c,Arkansas
6989a4de10805f5685d6c59e,Religion
6989a4de10805f5685d6c59f,Juvenile Fiction
6989a4de10805f5685d6c5a1,Fiction
6989a4de10805f5685d6c5a3,Photography
6989a4de10805f5685d6c5a5,Juvenile Fiction
6989a4de10805f5685d6c5a7,Fiction
6989a4de10805f5685d6c5a9,Fairy Tales
6989a4de10805f5685d6c5aa,Anti-apartheid Movements
6989a4de10805f5685d6c5ac,Fiction
6989a4de10805f5685d6c5ae,General
6989a4de10805f5685d6c5af,Fiction
6989a4de10805f5685d6c5b1,Juvenile Nonfiction
6989a4de10805f5685d6c5b3,General
6989a4de10805f5685d6c5b4,Nature
6989a4de10805f5685d6c5b6,Art
6989a4de10805f5685d6c5b8,Religion
6989a4de10805f5685d6c5ba,General
6989a4de10805f5685d6c5bb,History
6989a4de10805f5685d6c5bd,Juvenile Fiction
6989a4de10805f5685d6c5bf,Religion
6989a4de10805f5685d6c5c1,Fiction
6989a4de10805f5685d6c5c2,Sports
6989a4de10805f5685d6c5c3,Religion
6989a4de10805f5685d6c5c5,Fiction
6989a4de10805f5685d6c5c6,Cats
6989a4de10805f5685d6c5c8,Fiction
6989a4de10805f5685d6c5ca,Juvenile Fiction
6989a4de10805f5685d6c5cb,Children's Stories
6989a4de10805f5685d6c5cd,Fiction
6989a4de10805f5685d6c5cf,General
6989a4de10805f5685d6c5d0,Historic Buildings
6989a4de10805f5685d6c5d2,Fiction
6989a4de10805f5685d6c5d4,Biography
6989a4de10805f5685d6c5d6,Poetry
6989a4de10805f5685d6c5d8,Law
6989a4de10805f5685d6c5da,Juvenile Fiction
6989a4de10805f5685d6c5db,General
6989a4de10805f5685d6c5dc,General
6989a4de10805f5685d6c5dd,Fiction
6989a4de10805f5685d6c5df,Travel
6989a4de10805f5685d6c5e1,General
6989a4de10805f5685d6c5e2,Nature
6989a4de10805f5685d6c5e3,Mathematics
6989a4de10805f5685d6c5e5,History
6989a4de10805f5685d6c5e7,Fiction
6989a4de10805f5685d6c5e8,Travel
6989a4de10805f5685d6c5ea,Juvenile Fiction
6989a4de10805f5685d6c5ec,General
6989a4de10805f5685d6c5ed,Pets
6989a4de10805f5685d6c5ef,Juvenile Fiction
6989a4de10805f5685d6c5f0,Cooking
6989a4de10805f5685d6c5f2,General
6989a4de10805f5685d6c5f4,History
6989a4de10805f5685d6c5f6,General
6989a4de10805f5685d6c5f7,Social Science
6989a4de10805f5685d6c5f9,Self-help
6989a4de10805f5685d6c5fb,Fiction
6989a4de10805f5685d6c5fc,Juvenile Fiction
6989a4de10805f5685d6c5fe,Fiction
6989a4de10805f5685d6c5ff,Fiction
6989a4de10805f5685d6c600,Fiction
6989a4de10805f5685d6c601,Juvenile Fiction
6989a4de10805f5685d6c603,General
6989a4de10805f5685d6c604,General
6989a4de10805f5685d6c605,Juvenile Nonfiction
6989a4de10805f5685d6c607,General
6989a4de10805f5685d6c608,Biography
6989a4de10805f5685d6c60a,General
6989a4de10805f5685d6c60b,Fiction
6989a4de10805f5685d6c60c,Fiction
6989a4de10805f5685d6c60d,Fiction
6989a4de10805f5685d6c60f,Photography
6989a4de10805f5685d6c610,Abused Children
6989a4de10805f5685d6c612,Fiction
6989a4de10805f5685d6c614,Political Science
6989a4de10805f5685d6c616,Body
6989a4de10805f5685d6c616,Mind
6989a4de10805f5685d6c617,Fiction
6989a4de10805f5685d6c618,Juvenile Fiction
6989a4de10805f5685d6c619,Fiction
6989a4de10805f5685d6c61b,Business
6989a4de10805f5685d6c61d,Rock Musicians
6989a4de10805f5685d6c61f,General
6989a4de10805f5685d6c620,Biography
6989a4de10805f5685d6c622,General
6989a4de10805f5685d6c623,American Literature
6989a4de10805f5685d6c624,Fiction
6989a4de10805f5685d6c626,Fiction
6989a4de10805f5685d6c627,Literary Collections
6989a4de10805f5685d6c629,Fiction
6989a4de10805f5685d6c62a,General
6989a4de10805f5685d6c62c,General
6989a4de10805f5685d6c62e,Fiction
6989a4de10805f5685d6c62f,General
6989a4de10805f5685d6c630,Fiction
6989a4de10805f5685d6c632,Juvenile Fiction
6989a4de10805f5685d6c633,Cooking
6989a4de10805f5685d6c635,Artists
6989a4de10805f5685d6c637,Juvenile Fiction
6989a4de10805f5685d6c638,Juvenile Fiction
6989a4de10805f5685d6c63a,Fiction
6989a4de10805f5685d6c63c,Gardening
6989a4de10805f5685d6c63e,Social Science
6989a4de10805f5685d6c640,Biography
6989a4de10805f5685d6c642,Child Rearing
6989a4de10805f5685d6c644,Fiction
6989a4de10805f5685d6c645,Fantasy
6989a4de10805f5685d6c646,Fiction
6989a4de10805f5685d6c648,Fiction
6989a4de10805f5685d6c64a,Demonology
6989a4de10805f5685d6c64c,Fiction
6989a4de10805f5685d6c64e,General
6989a4de10805f5685d6c64f,Comics
6989a4de10805f5685d6c650,Religion
6989a4de10805f5685d6c652,Fiction
6989a4de10805f5685d6c654,History
6989a4de10805f5685d6c655,Murder
6989a4de10805f5685d6c656,Animal Rescue
6989a4de10805f5685d6c658,Religion
6989a4de10805f5685d6c65a,Family
6989a4de10805f5685d6c65c,Juvenile Nonfiction
6989a4de10805f5685d6c65e,General
6989a4de10805f5685d6c65f,History
6989a4de10805f5685d6c661,Fiction
6989a4de10805f5685d6c663,Bible
6989a4de10805f5685d6c664,Philosophy
6989a4de10805f5685d6c665,Biography
6989a4de10805f5685d6c666,Fiction
6989a4de10805f5685d6c668,Fiction
6989a4de10805f5685d6c669,Success
6989a4de10805f5685d6c66a,Business
6989a4de10805f5685d6c66c,General
6989a4de10805f5685d6c66d,Science
6989a4de10805f5685d6c66f,General
6989a4de10805f5685d6c670,General
6989a4de10805f5685d6c671,Psychology
6989a4de10805f5685d6c673,Fiction
6989a4de10805f5685d6c674,General
6989a4de10805f5685d6c676,Performing Arts
6989a4de10805f5685d6c677,General
6989a4de10805f5685d6c678,Political Science
6989a4de10805f5685d6c67a,Travel
6989a4de10805f5685d6c67b,Business
6989a4de10805f5685d6c67d,Fiction
6989a4de10805f5685d6c67f,Propaganda
6989a4de10805f5685d6c681,Fiction
6989a4de10805f5685d6c683,History
6989a4de10805f5685d6c685,General
6989a4de10805f5685d6c686,Creative Writing
6989a4de10805f5685d6c688,American Literature
6989a4de10805f5685d6c689,Self-help
6989a4de10805f5685d6c68b,Sports
6989a4de10805f5685d6c68d,In The Bleak Midwinter (motion Picture)
6989a4de10805f5685d6c68e,Juvenile Nonfiction
6989a4de10805f5685d6c690,Fiction
6989a4de10805f5685d6c692,Philosophy
6989a4de10805f5685d6c694,Characters And Characteristics In Literature
6989a4de10805f5685d6c695,American Literature
6989a4de10805f5685d6c696,Business
6989a4de10805f5685d6c698,Fiction
6989a4de10805f5685d6c69a,General
6989a4de10805f5685d6c69b,General
6989a4de10805f5685d6c69c,General
6989a4de10805f5685d6c69d,Self-help
6989a4de10805f5685d6c69f,Philosophy
6989a4de10805f5685d6c6a1,Fiction
6989a4de10805f5685d6c6a3,Religion
6989a4de10805f5685d6c6a5,General
6989a4de10805f5685d6c6a6,World War
6989a4de10805f5685d6c6a6,1939-1945
6989a4de10805f5685d6c6a8,Biography
6989a4de10805f5685d6c6a9,Nature
6989a4de10805f5685d6c6ab,Juvenile Fiction
6989a4de10805f5685d6c6ac,Fiction
6989a4de10805f5685d6c6ae,Humor
6989a4de10805f5685d6c6b0,General
6989a4de10805f5685d6c6b1,Ethnology
6989a4de10805f5685d6c6b3,Literary Criticism
6989a4de10805f5685d6c6b5,Fiction
6989a4de10805f5685d6c6b7,Language Arts
6989a4de10805f5685d6c6b9,Nineteen Twenties
6989a4de10805f5685d6c6ba,Fiction
6989a4de10805f5685d6c6bc,Religion
6989a4de10805f5685d6c6be,Reference
6989a4de10805f5685d6c6c0,Fiction
6989a4de10805f5685d6c6c2,Fiction
6989a4de10805f5685d6c6c4,General
6989a4de10805f5685d6c6c5,Drama
6989a4de10805f5685d6c6c6,Fiction
6989a4de10805f5685d6c6c8,Philosophy
6989a4de10805f5685d6c6ca,Juvenile Fiction
6989a4de10805f5685d6c6cb,Biography
6989a4de10805f5685d6c6cd,General
6989a4de10805f5685d6c6cf,Juvenile Fiction
6989a4de10805f5685d6c6d1,Health
6989a4de10805f5685d6c6d3,General
6989a4de10805f5685d6c6d5,History
6989a4de10805f5685d6c6d7,Fiction
6989a4de10805f5685d6c6d9,Religion
6989a4de10805f5685d6c6da,Health
6989a4de10805f5685d6c6dc,Social Science
6989a4de10805f5685d6c6de,Juvenile Fiction
6989a4de10805f5685d6c6df,General
6989a4de10805f5685d6c6e0,Fiction
6989a4de10805f5685d6c6e1,Juvenile Fiction
6989a4de10805f5685d6c6e2,General
6989a4de10805f5685d6c6e3,Poetry
6989a4de10805f5685d6c6e5,Nature
6989a4de10805f5685d6c6e7,Fiction
6989a4de10805f5685d6c6e8,General
6989a4de10805f5685d6c6e9,Juvenile Fiction
6989a4de10805f5685d6c6ea,General
6989a4de10805f5685d6c6eb,General
6989a4de10805f5685d6c6ec,Fiction
6989a4de10805f5685d6c6ee,Science Fiction.
6989a4de10805f5685d6c6ef,General
6989a4de10805f5685d6c6f0,Fiction
6989a4de10805f5685d6c6f1,Grease (motion Picture)
6989a4de10805f5685d6c6f3,History
6989a4de10805f5685d6c6f5,Fiction
6989a4de10805f5685d6c6f6,Juvenile Fiction
6989a4de10805f5685d6c6f8,Biography
6989a4de10805f5685d6c6fa,Fiction
6989a4de10805f5685d6c6fb,Juvenile Fiction
6989a4de10805f5685d6c6fc,Reference
6989a4de10805f5685d6c6fe,Fiction
6989a4de10805f5685d6c700,Fiction
6989a4de10805f5685d6c702,Germany
6989a4de10805f5685d6c704,Juvenile Fiction
6989a4de10805f5685d6c706,Religion
6989a4de10805f5685d6c708,Fiction
6989a4de10805f5685d6c70a,Fiction
6989a4de10805f5685d6c70c,Fiction
6989a4de10805f5685d6c70e,General
6989a4de10805f5685d6c70f,General
6989a4de10805f5685d6c711,Audiobooks
6989a4de10805f5685d6c712,Sports
6989a4de10805f5685d6c714,Fiction
6989a4de10805f5685d6c715,Self-help
6989a4de10805f5685d6c717,General
6989a4de10805f5685d6c718,Fiction
6989a4de10805f5685d6c71a,General
6989a4de10805f5685d6c71c,Abandoned Children
6989a4de10805f5685d6c71e,General
6989a4de10805f5685d6c71f,Fiction
6989a4de10805f5685d6c720,Language Arts
6989a4de10805f5685d6c721,General
6989a4de10805f5685d6c722,Religion
6989a4de10805f5685d6c724,Biography
6989a4de10805f5685d6c726,Fiction
6989a4de10805f5685d6c727,Fiction
6989a4de10805f5685d6c728,American Literature
6989a4de10805f5685d6c729,Biography
6989a4de10805f5685d6c72a,Fiction
6989a4de10805f5685d6c72b,Fiction
6989a4de10805f5685d6c72d,General
6989a4de10805f5685d6c72e,Comics
6989a4de10805f5685d6c72f,General
6989a4de10805f5685d6c730,Fiction
6989a4de10805f5685d6c732,Design
6989a4de10805f5685d6c734,Fiction
6989a4de10805f5685d6c735,Family
6989a4de10805f5685d6c737,Nature
6989a4de10805f5685d6c739,Fiction
6989a4de10805f5685d6c73b,Self-help
6989a4de10805f5685d6c73d,Dogs
6989a4de10805f5685d6c73f,Juvenile Fiction
6989a4de10805f5685d6c741,Performing Arts
6989a4de10805f5685d6c743,Fiction
6989a4de10805f5685d6c745,Language Arts
6989a4de10805f5685d6c747,Games
6989a4de10805f5685d6c749,High School Students
6989a4de10805f5685d6c74a,Foreign Language Study
6989a4de10805f5685d6c74c,Pets
6989a4de10805f5685d6c74e,General
6989a4de10805f5685d6c74f,Religion
6989a4de10805f5685d6c751,Biography
6989a4de10805f5685d6c753,Great Britain
6989a4de10805f5685d6c755,Juvenile Nonfiction
6989a4de10805f5685d6c756,Juvenile Fiction
6989a4de10805f5685d6c757,Biography
6989a4de10805f5685d6c759,American Literature
6989a4de10805f5685d6c75a,Crafts
6989a4de10805f5685d6c75c,Social Science
6989a4de10805f5685d6c75e,Religion
6989a4de10805f5685d6c760,Social Science
6989a4de10805f5685d6c762,General
6989a4de10805f5685d6c763,Fiction
6989a4de10805f5685d6c764,Computers
6989a4de10805f5685d6c765,Fiction
6989a4de10805f5685d6c767,Reference
6989a4de10805f5685d6c769,Fiction
6989a4de10805f5685d6c76b,Biography
6989a4de10805f5685d6c76d,Fiction
6989a4de10805f5685d6c76f,Fiction
6989a4de10805f5685d6c770,General
6989a4de10805f5685d6c771,Gardening
6989a4de10805f5685d6c773,Fiction
6989a4de10805f5685d6c774,Crossword Puzzles
6989a4de10805f5685d6c776,Health
6989a4de10805f5685d6c778,General
6989a4de10805f5685d6c779,Medical
6989a4de10805f5685d6c77b,Cooking
6989a4de10805f5685d6c77d,Body
6989a4de10805f5685d6c77d,Mind
6989a4de10805f5685d6c77f,Reference
6989a4de10805f5685d6c780,Large Type Books
6989a4de10805f5685d6c781,Fiction
6989a4de10805f5685d6c782,Family
6989a4de10805f5685d6c784,General
6989a4de10805f5685d6c786,Juvenile Fiction
6989a4de10805f5685d6c787,Cooking
6989a4de10805f5685d6c788,Religion
6989a4de10805f5685d6c789,Fiction
6989a4de10805f5685d6c78b,Authors
6989a4de10805f5685d6c78c,Fiction
6989a4de10805f5685d6c78d,Juvenile Fiction
6989a4de10805f5685d6c78f,Fiction
6989a4de10805f5685d6c791,Fiction
6989a4de10805f5685d6c792,General
6989a4de10805f5685d6c793,Social Science
6989a4de10805f5685d6c794,Fiction
6989a4de10805f5685d6c795,Fiction
6989a4de10805f5685d6c796,General
6989a4de10805f5685d6c797,General
6989a4de10805f5685d6c798,Comics
6989a4de10805f5685d6c799,Juvenile Fiction
6989a4de10805f5685d6c79b,History
6989a4de10805f5685d6c79d,Comics
6989a4de10805f5685d6c79f,Fiction
6989a4de10805f5685d6c7a1,Fiction
6989a4de10805f5685d6c7a3,History
6989a4de10805f5685d6c7a5,General
6989a4de10805f5685d6c7a6,Juvenile Fiction
6989a4de10805f5685d6c7a8,Juvenile Fiction
6989a4de10805f5685d6c7aa,Country Life
6989a4de10805f5685d6c7ac,General
6989a4de10805f5685d6c7ad,Art
6989a4de10805f5685d6c7af,Fiction
6989a4de10805f5685d6c7b1,General
6989a4de10805f5685d6c7b2,Education
6989a4de10805f5685d6c7b4,Juvenile Nonfiction
6989a4de10805f5685d6c7b6,Gardening
6989a4de10805f5685d6c7b8,Fiction
6989a4de10805f5685d6c7ba,History
6989a4de10805f5685d6c7bc,Religion
6989a4de10805f5685d6c7be,Psychology
6989a4de10805f5685d6c7bf,Young Adult Fiction
6989a4de10805f5685d6c7c1,Fiction
6989a4de10805f5685d6c7c2,Fiction
6989a4de10805f5685d6c7c3,Fiction
6989a4de10805f5685d6c7c4,Fiction
6989a4de10805f5685d6c7c6,Juvenile Fiction
6989a4de10805f5685d6c7c8,Fiction
6989a4de10805f5685d6c7ca,Photography
6989a4de10805f5685d6c7ca,Artistic
6989a4de10805f5685d6c7cc,Biography
6989a4de10805f5685d6c7ce,Fiction
6989a4de10805f5685d6c7d0,Mindfulness (psychology)
6989a4de10805f5685d6c7d2,Language Arts
6989a4de10805f5685d6c7d4,Cologne (germany)
6989a4de10805f5685d6c7d5,Biography
6989a4de10805f5685d6c7d7,Psychology
6989a4de10805f5685d6c7d9,Biography
6989a4de10805f5685d6c7db,Comics
6989a4de10805f5685d6c7dd,Bartholomew
6989a4de10805f5685d6c7dd,Peter (fictitious Character)
6989a4de10805f5685d6c7de,Press And Politics
6989a4de10805f5685d6c7e0,Biography
6989a4de10805f5685d6c7e2,Iguana (genus)
6989a4de10805f5685d6c7e4,Body
6989a4de10805f5685d6c7e4,Mind
6989a4de10805f5685d6c7e6,Fiction
6989a4de10805f5685d6c7e7,Fiction
6989a4de10805f5685d6c7e8,General
6989a4de10805f5685d6c7e9,Biography
6989a4de10805f5685d6c7eb,History
6989a4de10805f5685d6c7ed,Performing Arts
6989a4de10805f5685d6c7ef,General
6989a4de10805f5685d6c7f0,Juvenile Nonfiction
6989a4de10805f5685d6c7f1,English Language
6989a4de10805f5685d6c7f3,Adolescence
6989a4de10805f5685d6c7f5,Gardening
6989a4de10805f5685d6c7f7,General
6989a4de10805f5685d6c7f8,Science
6989a4de10805f5685d6c7fa,Fiction
6989a4de10805f5685d6c7fc,Poetry
6989a4de10805f5685d6c7fd,Psychology
6989a4de10805f5685d6c7fe,Body
6989a4de10805f5685d6c7fe,Mind
6989a4de10805f5685d6c800,Fiction
6989a4de10805f5685d6c801,History
6989a4de10805f5685d6c803,Fiction
6989a4de10805f5685d6c804,Foreign Language Study
6989a4de10805f5685d6c806,Fiction
6989a4de10805f5685d6c808,Religion
6989a4de10805f5685d6c80a,Fiction
6989a4de10805f5685d6c80b,Fiction
6989a4de10805f5685d6c80d,History
6989a4de10805f5685d6c80e,Juvenile Fiction
6989a4de10805f5685d6c810,Juvenile Fiction
6989a4de10805f5685d6c812,Biography
6989a4de10805f5685d6c814,Juvenile Fiction
6989a4de10805f5685d6c816,Literary Criticism
6989a4de10805f5685d6c818,Juvenile Fiction
6989a4de10805f5685d6c819,Fiction
6989a4de10805f5685d6c81b,Foreign Language Study
6989a4de10805f5685d6c81d,Detective And Mystery Stories
6989a4de10805f5685d6c81f,History
6989a4de10805f5685d6c821,Fiction
6989a4de10805f5685d6c823,General
6989a4de10805f5685d6c824,General
6989a4de10805f5685d6c825,Argentine Fiction
6989a4de10805f5685d6c827,Religion
6989a4de10805f5685d6c829,Fiction
6989a4de10805f5685d6c82a,Juvenile Fiction
6989a4de10805f5685d6c82c,Religion
6989a4de10805f5685d6c82d,Poetry
6989a4de10805f5685d6c82e,General
6989a4de10805f5685d6c830,General
6989a4de10805f5685d6c831,Psychology
6989a4de10805f5685d6c833,Religion
6989a4de10805f5685d6c835,Biography
6989a4de10805f5685d6c837,Fiction
6989a4de10805f5685d6c839,Nature
6989a4de10805f5685d6c83a,Humor
6989a4de10805f5685d6c83c,General
6989a4de10805f5685d6c83d,Religion
6989a4de10805f5685d6c83e,Religion
6989a4de10805f5685d6c840,History
6989a4de10805f5685d6c842,Family
6989a4de10805f5685d6c844,Juvenile Fiction
6989a4de10805f5685d6c846,Art
6989a4de10805f5685d6c848,Health
6989a4de10805f5685d6c84a,Juvenile Nonfiction
6989a4de10805f5685d6c84c,Juvenile Fiction
6989a4de10805f5685d6c84d,General
6989a4de10805f5685d6c84e,Mathematics
6989a4de10805f5685d6c850,Fiction
6989a4de10805f5685d6c852,Biology
6989a4de10805f5685d6c854,Business
6989a4de10805f5685d6c856,General
6989a4de10805f5685d6c858,Fantasy Fiction
6989a4de10805f5685d6c859,Games
6989a4de10805f5685d6c85b,Fiction
6989a4de10805f5685d6c85c,Juvenile Fiction
6989a4de10805f5685d6c85d,Business
6989a4de10805f5685d6c85f,Business
6989a4de10805f5685d6c861,Fiction
6989a4de10805f5685d6c862,Communication In Marriage
6989a4de10805f5685d6c864,Philosophy
6989a4de10805f5685d6c865,American Literature
6989a4de10805f5685d6c866,Language Arts
6989a4de10805f5685d6c867,Fiction
6989a4de10805f5685d6c869,Religion
6989a4de10805f5685d6c86b,Crafts
6989a4de10805f5685d6c86d,Juvenile Fiction
6989a4de10805f5685d6c86e,Fiction
6989a4de10805f5685d6c870,Biography
6989a4de10805f5685d6c872,Photography
6989a4de10805f5685d6c874,General
6989a4de10805f5685d6c875,Social Science
6989a4de10805f5685d6c877,Literary Criticism
6989a4de10805f5685d6c879,Life On Other Planets
6989a4de10805f5685d6c87a,Fiction
6989a4de10805f5685d6c87b,Juvenile Fiction
6989a4de10805f5685d6c87c,Fiction
6989a4de10805f5685d6c87e,General
6989a4de10805f5685d6c87f,Painting
6989a4de10805f5685d6c87f,American
6989a4de10805f5685d6c881,Family
6989a4de10805f5685d6c883,Cats
6989a4de10805f5685d6c884,Religion
6989a4de10805f5685d6c886,Fiction
6989a4de10805f5685d6c888,American Literature
6989a4de10805f5685d6c889,France
6989a4de10805f5685d6c88b,Fiction
6989a4de10805f5685d6c88c,General
6989a4de10805f5685d6c88d,Fiction
6989a4de10805f5685d6c88f,Fiction
6989a4de10805f5685d6c890,Horsemanship
6989a4de10805f5685d6c892,Fiction
6989a4de10805f5685d6c894,Social Science
6989a4de10805f5685d6c896,Fiction
6989a4de10805f5685d6c898,Education
6989a4de10805f5685d6c89a,Fiction
6989a4de10805f5685d6c89c,History
6989a4de10805f5685d6c89e,Music
6989a4de10805f5685d6c8a0,Fiction
6989a4de10805f5685d6c8a2,Humor
6989a4de10805f5685d6c8a4,Pets
6989a4de10805f5685d6c8a6,General
6989a4de10805f5685d6c8a7,Young Adult Fiction
6989a4de10805f5685d6c8a8,Art
6989a4de10805f5685d6c8aa,Fiction
6989a4de10805f5685d6c8ac,History
6989a4de10805f5685d6c8ae,Fiction
6989a4de10805f5685d6c8af,Religion
6989a4de10805f5685d6c8b0,Fiction
6989a4de10805f5685d6c8b1,Fiction
6989a4de10805f5685d6c8b2,History
6989a4de10805f5685d6c8b4,Hockey Stories
6989a4de10805f5685d6c8b5,Fiction
6989a4de10805f5685d6c8b7,Fiction
6989a4de10805f5685d6c8b9,Gardening
6989a4de10805f5685d6c8bb,Fiction
6989a4de10805f5685d6c8bc,Biography
6989a4de10805f5685d6c8be,Fiction
6989a4de10805f5685d6c8bf,Psychology
6989a4de10805f5685d6c8c1,General
6989a4de10805f5685d6c8c2,Fiction
6989a4de10805f5685d6c8c3,Science Fiction Comic Books
6989a4de10805f5685d6c8c3,Strips
6989a4de10805f5685d6c8c3,Etc
6989a4de10805f5685d6c8c5,Science
6989a4de10805f5685d6c8c7,Fiction
6989a4de10805f5685d6c8c9,General
6989a4de10805f5685d6c8ca,General
6989a4de10805f5685d6c8cb,Children's Stories
6989a4de10805f5685d6c8cc,Juvenile Fiction
6989a4de10805f5685d6c8cd,Fiction
6989a4de10805f5685d6c8ce,Juvenile Fiction
6989a4de10805f5685d6c8d0,Self-help
6989a4de10805f5685d6c8d2,Body
6989a4de10805f5685d6c8d2,Mind
6989a4de10805f5685d6c8d4,General
6989a4de10805f5685d6c8d5,Juvenile Fiction
6989a4de10805f5685d6c8d7,Fiction
6989a4de10805f5685d6c8d9,General
6989a4de10805f5685d6c8db,Fiction
6989a4de10805f5685d6c8dd,History
6989a4de10805f5685d6c8df,Fiction
6989a4de10805f5685d6c8e0,Juvenile Fiction
6989a4de10805f5685d6c8e2,Fiction
6989a4de10805f5685d6c8e4,Ireland
6989a4de10805f5685d6c8e6,Business
6989a4de10805f5685d6c8e7,Juvenile Fiction
6989a4de10805f5685d6c8e9,General
6989a4de10805f5685d6c8eb,General
6989a4de10805f5685d6c8ed,Biography
6989a4de10805f5685d6c8ee,Business
6989a4de10805f5685d6c8f0,Juvenile Nonfiction
6989a4de10805f5685d6c8f1,Fiction
6989a4de10805f5685d6c8f2,Biography
6989a4de10805f5685d6c8f3,Birds
6989a4de10805f5685d6c8f4,Fiction
6989a4de10805f5685d6c8f5,Fiction
6989a4de10805f5685d6c8f7,General
6989a4de10805f5685d6c8f9,Sports
6989a4de10805f5685d6c8fb,Fiction
6989a4de10805f5685d6c8fc,Religion
6989a4de10805f5685d6c8fe,Finance
6989a4de10805f5685d6c8fe,Personal
6989a4de10805f5685d6c900,Computers
6989a4de10805f5685d6c902,Adventure Stories
6989a4de10805f5685d6c903,General
6989a4de10805f5685d6c904,General
6989a4de10805f5685d6c905,General
6989a4de10805f5685d6c906,Religion
6989a4de10805f5685d6c908,Comics
6989a4de10805f5685d6c909,Fiction
6989a4de10805f5685d6c90b,Juvenile Fiction
6989a4de10805f5685d6c90c,Fiction
6989a4de10805f5685d6c90d,Fiction
6989a4de10805f5685d6c90f,Biography
6989a4de10805f5685d6c911,Fiction
6989a4de10805f5685d6c912,Cooking
6989a4de10805f5685d6c914,General
6989a4de10805f5685d6c915,Computers
6989a4de10805f5685d6c917,Children's Dreams
6989a4de10805f5685d6c918,Business
6989a4de10805f5685d6c91a,Language Arts
6989a4de10805f5685d6c91b,Fiction
6989a4de10805f5685d6c91d,Religion
6989a4de10805f5685d6c91f,Travel
6989a4de10805f5685d6c921,Fiction
6989a4de10805f5685d6c923,Family
6989a4de10805f5685d6c925,Science
6989a4de10805f5685d6c927,Fiction
6989a4de10805f5685d6c928,Angels
6989a4de10805f5685d6c92a,Fiction
6989a4de10805f5685d6c92c,Rock Musicians
6989a4de10805f5685d6c92e,Fiction
6989a4de10805f5685d6c930,Social Science
6989a4de10805f5685d6c932,Family
6989a4de10805f5685d6c934,Self-help
6989a4de10805f5685d6c936,Fiction
6989a4de10805f5685d6c938,General
6989a4de10805f5685d6c939,Fiction In English
6989a4de10805f5685d6c93a,Travel
6989a4de10805f5685d6c93b,General
6989a4de10805f5685d6c93d,Animals
6989a4de10805f5685d6c93e,Fiction
6989a4de10805f5685d6c93f,Capital Punishment
6989a4de10805f5685d6c941,Games
6989a4de10805f5685d6c943,Nature
6989a4de10805f5685d6c944,Scotland
6989a4de10805f5685d6c946,Fiction
6989a4de10805f5685d6c948,Fiction
6989a4de10805f5685d6c949,Fiction
6989a4de10805f5685d6c94b,Fiction
6989a4de10805f5685d6c94d,Body
6989a4de10805f5685d6c94d,Mind
6989a4de10805f5685d6c94e,Agriculture
6989a4de10805f5685d6c94f,Comics
6989a4de10805f5685d6c951,Juvenile Fiction
6989a4de10805f5685d6c953,Fiction
6989a4de10805f5685d6c955,Religion
6989a4de10805f5685d6c957,Computers
6989a4de10805f5685d6c959,Health
6989a4de10805f5685d6c95b,General
6989a4de10805f5685d6c95d,Astronomy
6989a4de10805f5685d6c95d,Ancient
6989a4de10805f5685d6c95f,Fiction
6989a4de10805f5685d6c961,True Crime
6989a4de10805f5685d6c963,Poetry
6989a4de10805f5685d6c965,Fiction
6989a4de10805f5685d6c966,General
6989a4de10805f5685d6c967,Southern States
6989a4de10805f5685d6c969,Fiction
6989a4de10805f5685d6c96a,Fiction
6989a4de10805f5685d6c96c,Fiction
6989a4de10805f5685d6c96e,Pets
6989a4de10805f5685d6c96f,General
6989a4de10805f5685d6c971,Health
6989a4de10805f5685d6c973,Fiction
6989a4de10805f5685d6c975,General
6989a4de10805f5685d6c977,Fiction
6989a4de10805f5685d6c978,Lesbians
6989a4de10805f5685d6c97a,Biography
6989a4de10805f5685d6c97c,Religion
6989a4de10805f5685d6c97d,Travel
6989a4de10805f5685d6c97f,Fiction
6989a4de10805f5685d6c981,General
6989a4de10805f5685d6c982,Fiction
6989a4de10805f5685d6c984,Psychology
6989a4de10805f5685d6c985,Fiction
6989a4de10805f5685d6c986,Business
6989a4de10805f5685d6c988,Performing Arts
6989a4de10805f5685d6c98a,Fiction
6989a4de10805f5685d6c98c,Philosophy
6989a4de10805f5685d6c98d,Business
6989a4de10805f5685d6c98f,Fiction
6989a4de10805f5685d6c990,Fiction
6989a4de10805f5685d6c992,Biography
6989a4de10805f5685d6c994,General
6989a4de10805f5685d6c995,General
6989a4de10805f5685d6c996,Fiction
6989a4de10805f5685d6c997,General
6989a4de10805f5685d6c999,Beef
6989a4de10805f5685d6c99a,Fiction
6989a4de10805f5685d6c99c,Education
6989a4de10805f5685d6c99e,Religion
6989a4de10805f5685d6c9a0,Mystery
6989a4de10805f5685d6c9a1,Children's Stories
6989a4de10805f5685d6c9a3,Nature
6989a4de10805f5685d6c9a4,Fiction
6989a4de10805f5685d6c9a5,Fiction
6989a4de10805f5685d6c9a6,Bosch
6989a4de10805f5685d6c9a6,Harry (fictitious Character)
6989a4de10805f5685d6c9a7,General
6989a4de10805f5685d6c9a8,Juvenile Fiction
6989a4de10805f5685d6c9aa,Language Arts
6989a4de10805f5685d6c9ac,Fiction
6989a4de10805f5685d6c9ad,General
6989a4de10805f5685d6c9ae,Religion
6989a4de10805f5685d6c9b0,Fiction
6989a4de10805f5685d6c9b2,Religion
6989a4de10805f5685d6c9b4,General
6989a4de10805f5685d6c9b5,Cooking
6989a4de10805f5685d6c9b7,Juvenile Fiction
6989a4de10805f5685d6c9b9,Religion
6989a4de10805f5685d6c9bb,Digriz
6989a4de10805f5685d6c9bb,James Bolivar (fictitious Character)
6989a4de10805f5685d6c9bc,Lewis And Clark Expedition
6989a4de10805f5685d6c9be,Fiction
6989a4de10805f5685d6c9c0,Fiction
6989a4de10805f5685d6c9c1,General
6989a4de10805f5685d6c9c2,Fiction
6989a4de10805f5685d6c9c3,Bibliography
6989a4de10805f5685d6c9c3,National
6989a4de10805f5685d6c9c4,Literary Criticism
6989a4de10805f5685d6c9c6,Games
6989a4de10805f5685d6c9c8,Fiction
6989a4de10805f5685d6c9ca,Juvenile Fiction
6989a4de10805f5685d6c9cb,Fiction
6989a4de10805f5685d6c9cc,Music
6989a4de10805f5685d6c9ce,Fiction
6989a4de10805f5685d6c9d0,General
6989a4de10805f5685d6c9d1,Fiction
6989a4de10805f5685d6c9d3,Jackrabbits
6989a4de10805f5685d6c9d5,Fiction
6989a4de10805f5685d6c9d6,Latin America
6989a4de10805f5685d6c9d8,General
6989a4de10805f5685d6c9d9,Body
6989a4de10805f5685d6c9d9,Mind
6989a4de10805f5685d6c9db,Colorado
6989a4de10805f5685d6c9dc,Foreign Language Study
6989a4de10805f5685d6c9de,Religion
6989a4de10805f5685d6c9df,Biography
6989a4de10805f5685d6c9e1,Juvenile Fiction
6989a4de10805f5685d6c9e3,Juvenile Fiction
6989a4de10805f5685d6c9e5,Literary Criticism
6989a4de10805f5685d6c9e7,Biography
6989a4de10805f5685d6c9e9,Travelers
6989a4de10805f5685d6c9eb,Crafts
6989a4de10805f5685d6c9ec,Juvenile Fiction
6989a4de10805f5685d6c9ee,Juvenile Fiction
6989a4de10805f5685d6c9ef,Comics
6989a4de10805f5685d6c9f1,Comics
6989a4de10805f5685d6c9f2,Fiction
6989a4de10805f5685d6c9f4,Fiction
6989a4de10805f5685d6c9f5,Science
6989a4de10805f5685d6c9f7,Juvenile Fiction
6989a4de10805f5685d6c9f9,Fiction
6989a4de10805f5685d6c9fa,Crafts
6989a4de10805f5685d6c9fc,Business
6989a4de10805f5685d6c9fe,Social Science
6989a4de10805f5685d6ca00,Religion
6989a4de10805f5685d6ca02,Fiction
6989a4de10805f5685d6ca04,Humor
6989a4de10805f5685d6ca06,Fiction
6989a4de10805f5685d6ca07,Philosophy
6989a4de10805f5685d6ca09,Comics
6989a4de10805f5685d6ca0a,Business
6989a4de10805f5685d6ca0c,General
6989a4de10805f5685d6ca0d,Fiction
6989a4de10805f5685d6ca0f,Revolutions
6989a4de10805f5685d6ca11,Language Arts
6989a4de10805f5685d6ca13,Fiction
6989a4de10805f5685d6ca15,Travel
6989a4de10805f5685d6ca17,Philosophy
6989a4de10805f5685d6ca19,History
6989a4de10805f5685d6ca1a,Poetry
6989a4de10805f5685d6ca1b,Business
6989a4de10805f5685d6ca1d,Religion
6989a4de10805f5685d6ca1f,Fiction
6989a4de10805f5685d6ca20,Social Science
6989a4de10805f5685d6ca22,Self-help
6989a4de10805f5685d6ca24,General
6989a4de10805f5685d6ca25,General
6989a4de10805f5685d6ca27,Adventure Stories
6989a4de10805f5685d6ca28,Religion
6989a4de10805f5685d6ca2a,Art
6989a4de10805f5685d6ca2c,Fiction
6989a4de10805f5685d6ca2e,General
6989a4de10805f5685d6ca2f,Performing Arts
6989a4de10805f5685d6ca31,General
6989a4de10805f5685d6ca32,Adventure And Adventurers
6989a4de10805f5685d6ca34,Automobiles
6989a4de10805f5685d6ca35,Fiction
6989a4de10805f5685d6ca36,Family
6989a4de10805f5685d6ca38,Fiction
6989a4de10805f5685d6ca3a,Meditations
6989a4de10805f5685d6ca3c,General
6989a4de10805f5685d6ca3d,Botany
6989a4de10805f5685d6ca3f,General
6989a4de10805f5685d6ca41,Biography
6989a4de10805f5685d6ca43,Young Adult Fiction
6989a4de10805f5685d6ca45,Fiction
6989a4de10805f5685d6ca47,Reference
6989a4de10805f5685d6ca49,General
6989a4de10805f5685d6ca4a,Juvenile Fiction
6989a4de10805f5685d6ca4b,Fiction
6989a4de10805f5685d6ca4d,Fiction
6989a4de10805f5685d6ca4e,Fiction
6989a4de10805f5685d6ca4f,Family
6989a4de10805f5685d6ca51,Fiction
6989a4de10805f5685d6ca53,Law
6989a4de10805f5685d6ca55,Fiction
6989a4de10805f5685d6ca56,Pets
6989a4de10805f5685d6ca58,Body
6989a4de10805f5685d6ca58,Mind
6989a4de10805f5685d6ca59,General
6989a4de10805f5685d6ca5a,African Americans
6989a4de10805f5685d6ca5b,Poetry
6989a4de10805f5685d6ca5d,General
6989a4de10805f5685d6ca5e,General
6989a4de10805f5685d6ca5f,General
6989a4de10805f5685d6ca60,Young Adult Fiction
6989a4de10805f5685d6ca62,General
6989a4de10805f5685d6ca64,History
6989a4de10805f5685d6ca66,General
6989a4de10805f5685d6ca67,Self-help
6989a4de10805f5685d6ca69,Cooking
6989a4de10805f5685d6ca6b,Fiction
6989a4de10805f5685d6ca6c,Fiction
6989a4de10805f5685d6ca6d,Philosophy
6989a4de10805f5685d6ca6f,Fiction
6989a4de10805f5685d6ca71,General
6989a4de10805f5685d6ca72,Horror Stories.
6989a4de10805f5685d6ca73,Religion
6989a4de10805f5685d6ca75,Life On Other Planets
6989a4de10805f5685d6ca77,General
6989a4de10805f5685d6ca78,Literary Collections
6989a4de10805f5685d6ca79,Psychology
6989a4de10805f5685d6ca7b,Children's Stories
6989a4de10805f5685d6ca7d,Juvenile Nonfiction
6989a4de10805f5685d6ca7f,Fiction
6989a4de10805f5685d6ca81,Fiction
6989a4de10805f5685d6ca83,Women
6989a4de10805f5685d6ca84,Fiction
6989a4de10805f5685d6ca85,Fiction
6989a4de10805f5685d6ca86,Juvenile Fiction
6989a4de10805f5685d6ca87,Language Arts
6989a4de10805f5685d6ca89,Fiction
6989a4de10805f5685d6ca8b,Philosophy
6989a4de10805f5685d6ca8d,General
6989a4de10805f5685d6ca8f,Fiction
6989a4de10805f5685d6ca90,Sports
6989a4de10805f5685d6ca92,African American Teenage Girls
6989a4de10805f5685d6ca94,General
6989a4de10805f5685d6ca95,General
6989a4de10805f5685d6ca96,Fiction
6989a4de10805f5685d6ca97,History
6989a4de10805f5685d6ca99,Detective And Mystery Stories
6989a4de10805f5685d6ca9b,Religion
6989a4de10805f5685d6ca9d,Biography
6989a4de10805f5685d6ca9f,Fiction
6989a4de10805f5685d6caa0,General
6989a4de10805f5685d6caa1,Religion
6989a4de10805f5685d6caa3,Body
6989a4de10805f5685d6caa3,Mind
6989a4de10805f5685d6caa5,Fiction
6989a4de10805f5685d6caa7,Rocks
6989a4de10805f5685d6caa9,Criminal Defense Lawyers
6989a4de10805f5685d6caaa,Fiction
6989a4de10805f5685d6caab,True Crime
6989a4de10805f5685d6caad,General
6989a4de10805f5685d6caae,History
6989a4de10805f5685d6caaf,History
6989a4de10805f5685d6cab0,Grammar
6989a4de10805f5685d6cab0,Comparative And General
6989a4de10805f5685d6cab2,General
6989a4de10805f5685d6cab3,General
6989a4de10805f5685d6cab4,General
6989a4de10805f5685d6cab6,Fiction
6989a4de10805f5685d6cab8,Juvenile Nonfiction
6989a4de10805f5685d6caba,Blind
6989a4de10805f5685d6cabb,General
6989a4de10805f5685d6cabd,Occupations
6989a4de10805f5685d6cabe,Fiction
6989a4de10805f5685d6cac0,Social Science
6989a4de10805f5685d6cac2,Health
6989a4de10805f5685d6cac4,Juvenile Fiction
6989a4de10805f5685d6cac5,Political Science
6989a4de10805f5685d6cac7,Biography
6989a4de10805f5685d6cac9,Art
6989a4de10805f5685d6cacb,Self-help
6989a4de10805f5685d6cacd,Fiction
6989a4de10805f5685d6cacf,Fiction
6989a4de10805f5685d6cad1,Family
6989a4de10805f5685d6cad2,Family
6989a4de10805f5685d6cad4,General
6989a4de10805f5685d6cad5,History
6989a4de10805f5685d6cad7,Elves
6989a4de10805f5685d6cad9,True Crime
6989a4de10805f5685d6cadb,History
6989a4de10805f5685d6cadd,Humor
6989a4de10805f5685d6cade,Amish
6989a4de10805f5685d6cadf,General
6989a4de10805f5685d6cae0,Photography
6989a4de10805f5685d6cae2,Health
6989a4de10805f5685d6cae4,Reference
6989a4de10805f5685d6cae6,General
6989a4de10805f5685d6cae7,Foreign Language Study
6989a4de10805f5685d6cae9,Fiction
6989a4de10805f5685d6caeb,Fiction
6989a4de10805f5685d6caec,Fiction
6989a4de10805f5685d6caee,Foreign Language Study
6989a4de10805f5685d6caef,History
6989a4de10805f5685d6caf1,Fiction
6989a4de10805f5685d6caf2,Poetry
6989a4de10805f5685d6caf4,General
6989a4de10805f5685d6caf5,Political Science
6989a4de10805f5685d6caf7,Fiction
6989a4de10805f5685d6caf9,General
6989a4de10805f5685d6cafa,General
6989a4de10805f5685d6cafb,Fiction
6989a4de10805f5685d6cafc,Religion
6989a4de10805f5685d6cafe,Frogs
6989a4de10805f5685d6cb00,General
6989a4de10805f5685d6cb01,Fiction
6989a4de10805f5685d6cb03,Family
6989a4de10805f5685d6cb05,Fiction
6989a4de10805f5685d6cb07,Fiction
6989a4de10805f5685d6cb09,General
6989a4de10805f5685d6cb0b,Fiction
6989a4de10805f5685d6cb0d,Fiction
6989a4de10805f5685d6cb0f,Comics
6989a4de10805f5685d6cb10,American Literature
6989a4de10805f5685d6cb11,Juvenile Fiction
6989a4de10805f5685d6cb13,General
6989a4de10805f5685d6cb14,Fiction
6989a4de10805f5685d6cb15,Fiction
6989a4de10805f5685d6cb17,Religion
6989a4de10805f5685d6cb18,Crafts
6989a4de10805f5685d6cb1a,Fiction
6989a4de10805f5685d6cb1c,Fiction
6989a4de10805f5685d6cb1d,Fiction
6989a4de10805f5685d6cb1f,Body
6989a4de10805f5685d6cb1f,Mind
6989a4de10805f5685d6cb21,Foreign Language Study
6989a4de10805f5685d6cb23,Sports
6989a4de10805f5685d6cb25,Cooking
6989a4de10805f5685d6cb27,Fiction
6989a4de10805f5685d6cb28,General
6989a4de10805f5685d6cb29,Fiction
6989a4de10805f5685d6cb2a,Social Science
6989a4de10805f5685d6cb2c,Humor
6989a4de10805f5685d6cb2e,Literary Collections
6989a4de10805f5685d6cb30,Social Science
6989a4de10805f5685d6cb32,Political Science
6989a4de10805f5685d6cb34,Law
6989a4de10805f5685d6cb36,Handicraft
6989a4de10805f5685d6cb38,Body
6989a4de10805f5685d6cb38,Mind
6989a4de10805f5685d6cb3a,Travel
6989a4de10805f5685d6cb3b,Self-help
6989a4de10805f5685d6cb3d,General
6989a4de10805f5685d6cb3e,General
6989a4de10805f5685d6cb40,Political Science
6989a4de10805f5685d6cb42,Juvenile Fiction
6989a4de10805f5685d6cb43,General
6989a4de10805f5685d6cb45,Body
6989a4de10805f5685d6cb45,Mind
6989a4de10805f5685d6cb47,Business
6989a4de10805f5685d6cb49,Juvenile Fiction
6989a4de10805f5685d6cb4a,Business
6989a4de10805f5685d6cb4b,Family
6989a4de10805f5685d6cb4d,Comics
6989a4de10805f5685d6cb4e,Fiction
6989a4de10805f5685d6cb50,Humor
6989a4de10805f5685d6cb52,Religion
6989a4de10805f5685d6cb54,Chess
6989a4de10805f5685d6cb55,Fiction
6989a4de10805f5685d6cb56,Fiction
6989a4de10805f5685d6cb58,Juvenile Nonfiction
6989a4de10805f5685d6cb5a,History
6989a4de10805f5685d6cb5c,Family
6989a4de10805f5685d6cb5e,Fiction
6989a4de10805f5685d6cb60,Language Arts
6989a4de10805f5685d6cb61,Fiction
6989a4de10805f5685d6cb62,Falstaff
6989a4de10805f5685d6cb62,John
6989a4de10805f5685d6cb62,Sir (fictitious Character)
6989a4de10805f5685d6cb63,Alzheimer's Disease
6989a4de10805f5685d6cb65,Performing Arts
6989a4de10805f5685d6cb67,Science Fiction
6989a4de10805f5685d6cb68,Labor Leaders
6989a4de10805f5685d6cb6a,Fiction
6989a4de10805f5685d6cb6b,Fiction
6989a4de10805f5685d6cb6c,Rabbits
6989a4de10805f5685d6cb6e,Fiction
6989a4de10805f5685d6cb70,General
6989a4de10805f5685d6cb71,History
6989a4de10805f5685d6cb73,General
6989a4de10805f5685d6cb74,Social Science
6989a4de10805f5685d6cb76,General
6989a4de10805f5685d6cb78,Religion
6989a4de10805f5685d6cb7a,Health
6989a4de10805f5685d6cb7c,Music
6989a4de10805f5685d6cb7e,General
6989a4de10805f5685d6cb7f,Children
6989a4de10805f5685d6cb80,History
6989a4de10805f5685d6cb82,Performing Arts
6989a4de10805f5685d6cb84,Body
6989a4de10805f5685d6cb84,Mind
6989a4de10805f5685d6cb86,Fiction
6989a4de10805f5685d6cb88,Brewing
6989a4de10805f5685d6cb8a,Drama
6989a4de10805f5685d6cb8b,Astronomy
6989a4de10805f5685d6cb8d,Fiction
6989a4de10805f5685d6cb8f,Nature
6989a4de10805f5685d6cb91,Family
6989a4de10805f5685d6cb93,Fiction
6989a4de10805f5685d6cb94,General
6989a4de10805f5685d6cb95,Foreign Language Study
6989a4de10805f5685d6cb97,Business
6989a4de10805f5685d6cb99,General
6989a4de10805f5685d6cb9a,Drawing
6989a4de10805f5685d6cb9c,Fiction
6989a4de10805f5685d6cb9d,Biography
6989a4de10805f5685d6cb9f,Travel
6989a4de10805f5685d6cba0,Feminists
6989a4de10805f5685d6cba1,History
6989a4de10805f5685d6cba3,Fiction
6989a4de10805f5685d6cba4,England
6989a4de10805f5685d6cba6,General
6989a4de10805f5685d6cba7,Poetry
6989a4de10805f5685d6cba9,Fiction
6989a4de10805f5685d6cbab,Fiction
6989a4de10805f5685d6cbac,Fiction
6989a4de10805f5685d6cbae,Juvenile Fiction
6989a4de10805f5685d6cbaf,Espionage
6989a4de10805f5685d6cbb1,Science
6989a4de10805f5685d6cbb2,Communication In Families
6989a4de10805f5685d6cbb4,Handicraft
6989a4de10805f5685d6cbb6,Fantasy Games
6989a4de10805f5685d6cbb8,Fiction
6989a4de10805f5685d6cbba,Computers
6989a4de10805f5685d6cbbc,General
6989a4de10805f5685d6cbbd,Photography
6989a4de10805f5685d6cbbf,Antiques
6989a4de10805f5685d6cbc1,Juvenile Nonfiction
6989a4de10805f5685d6cbc3,Fiction
6989a4de10805f5685d6cbc4,General
6989a4de10805f5685d6cbc5,Self-help
6989a4de10805f5685d6cbc6,History
6989a4de10805f5685d6cbc8,Fiction
6989a4de10805f5685d6cbca,Fiction
6989a4de10805f5685d6cbcb,Literary Criticism
6989a4de10805f5685d6cbcd,Health
6989a4de10805f5685d6cbcf,Fiction
6989a4de10805f5685d6cbd0,Psychology
6989a4de10805f5685d6cbd2,New Zealand
6989a4de10805f5685d6cbd4,Africa
6989a4de10805f5685d6cbd6,Biography
6989a4de10805f5685d6cbd8,Family
6989a4de10805f5685d6cbda,History
6989a4de10805f5685d6cbdc,Fiction
6989a4de10805f5685d6cbde,Juvenile Fiction
6989a4de10805f5685d6cbe0,Juvenile Fiction
6989a4de10805f5685d6cbe1,Language Arts
6989a4de10805f5685d6cbe3,Fiction
6989a4de10805f5685d6cbe5,Fiction
6989a4de10805f5685d6cbe7,Self-help
6989a4de10805f5685d6cbe8,Christian Life
6989a4de10805f5685d6cbea,Fiction
6989a4de10805f5685d6cbeb,Fiction
6989a4de10805f5685d6cbed,Fiction
6989a4de10805f5685d6cbee,Study Aids
6989a4de10805f5685d6cbf0,Biography
6989a4de10805f5685d6cbf2,Women Painters
6989a4de10805f5685d6cbf3,Fathers And Daughters
6989a4de10805f5685d6cbf5,Literary Criticism
6989a4de10805f5685d6cbf7,General
6989a4de10805f5685d6cbf9,Fiction
6989a4de10805f5685d6cbfa,Biography
6989a4de10805f5685d6cbfc,History
6989a4de10805f5685d6cbfe,Health
6989a4de10805f5685d6cc00,Fiction
6989a4de10805f5685d6cc02,Biography
6989a4de10805f5685d6cc04,General
6989a4de10805f5685d6cc05,General
6989a4de10805f5685d6cc06,Fiction
6989a4de10805f5685d6cc08,Juvenile Fiction
6989a4de10805f5685d6cc09,Self-help
6989a4de10805f5685d6cc0b,Art
6989a4de10805f5685d6cc0d,Literary Criticism
6989a4de10805f5685d6cc0f,Computers
6989a4de10805f5685d6cc11,Sports
6989a4de10805f5685d6cc13,Fiction
6989a4de10805f5685d6cc14,General
6989a4de10805f5685d6cc15,General
6989a4de10805f5685d6cc16,Science Fiction Comic Books
6989a4de10805f5685d6cc16,Strips
6989a4de10805f5685d6cc16,Etc
6989a4de10805f5685d6cc18,Christmas Decorations
6989a4de10805f5685d6cc1a,General
6989a4de10805f5685d6cc1b,Religion
6989a4de10805f5685d6cc1d,Architecture
6989a4de10805f5685d6cc1f,General
6989a4de10805f5685d6cc20,Home-based Businesses
6989a4de10805f5685d6cc22,General
6989a4de10805f5685d6cc24,Gays
6989a4de10805f5685d6cc26,General
6989a4de10805f5685d6cc27,Fiction
6989a4de10805f5685d6cc28,Audiobooks
6989a4de10805f5685d6cc29,Fiction
6989a4de10805f5685d6cc2b,Education
6989a4de10805f5685d6cc2d,Biography
6989a4de10805f5685d6cc2f,Fiction
6989a4de10805f5685d6cc30,Body
6989a4de10805f5685d6cc30,Mind
6989a4de10805f5685d6cc32,Alzheimer's Disease
6989a4de10805f5685d6cc34,General
6989a4de10805f5685d6cc35,General
6989a4de10805f5685d6cc36,Travel
6989a4de10805f5685d6cc38,Authors
6989a4de10805f5685d6cc38,English
6989a4de10805f5685d6cc39,General
6989a4de10805f5685d6cc3a,Religion
6989a4de10805f5685d6cc3c,General
6989a4de10805f5685d6cc3d,Fiction
6989a4de10805f5685d6cc3f,General
6989a4de10805f5685d6cc40,Fiction
6989a4de10805f5685d6cc41,General
6989a4de10805f5685d6cc43,Herbs
6989a4de10805f5685d6cc45,Health
6989a4de10805f5685d6cc47,History
6989a4de10805f5685d6cc49,Canada
6989a4de10805f5685d6cc4a,Biography
6989a4de10805f5685d6cc4c,Biography
6989a4de10805f5685d6cc4d,History
6989a4de10805f5685d6cc4f,Fiction
6989a4de10805f5685d6cc51,Biography
6989a4de10805f5685d6cc53,Fiction
6989a4de10805f5685d6cc55,Fiction
6989a4de10805f5685d6cc56,Juvenile Fiction
6989a4de10805f5685d6cc57,Soft Toy Making.
6989a4de10805f5685d6cc59,Fiction
6989a4de10805f5685d6cc5b,Calculus
6989a4de10805f5685d6cc5c,Cooking
6989a4de10805f5685d6cc5e,Fiction
6989a4de10805f5685d6cc60,Fiction
6989a4de10805f5685d6cc61,Business
6989a4de10805f5685d6cc63,History
6989a4de10805f5685d6cc65,History
6989a4de10805f5685d6cc67,Detective And Mystery Stories
6989a4de10805f5685d6cc68,Fiction
6989a4de10805f5685d6cc69,Language Arts
6989a4de10805f5685d6cc6b,General
6989a4de10805f5685d6cc6d,Fiction
6989a4de10805f5685d6cc6f,Juvenile Fiction
6989a4de10805f5685d6cc70,Fiction
6989a4de10805f5685d6cc72,Games
6989a4de10805f5685d6cc73,General
6989a4de10805f5685d6cc74,Fiction
6989a4de10805f5685d6cc76,Biography
6989a4de10805f5685d6cc78,Fiction
6989a4de10805f5685d6cc7a,Accidents
6989a4de10805f5685d6cc7c,Family
6989a4de10805f5685d6cc7e,General
6989a4de10805f5685d6cc80,Fiction
6989a4de10805f5685d6cc81,Travel
6989a4de10805f5685d6cc83,Fiction
6989a4de10805f5685d6cc85,Biography
6989a4de10805f5685d6cc87,Law
6989a4de10805f5685d6cc89,Philosophy
6989a4de10805f5685d6cc8a,Education
6989a4de10805f5685d6cc8c,Fiction
6989a4de10805f5685d6cc8d,Fiction
6989a4de10805f5685d6cc8e,Music
6989a4de10805f5685d6cc8f,History
6989a4de10805f5685d6cc91,Fiction
6989a4de10805f5685d6cc92,Fiction
6989a4de10805f5685d6cc93,Biography
6989a4de10805f5685d6cc95,Fiction
6989a4de10805f5685d6cc96,Fiction
6989a4de10805f5685d6cc97,Music
6989a4de10805f5685d6cc99,General
6989a4de10805f5685d6cc9a,Religion
6989a4de10805f5685d6cc9c,Health
6989a4de10805f5685d6cc9e,Fiction
6989a4de10805f5685d6cc9f,Science
6989a4de10805f5685d6cca1,Business Enterprises
6989a4de10805f5685d6cca3,Nature
6989a4de10805f5685d6cca5,Fiction
6989a4de10805f5685d6cca7,Fiction
6989a4de10805f5685d6cca9,American Drama
6989a4de10805f5685d6ccaa,Photography
6989a4de10805f5685d6ccac,General
6989a4de10805f5685d6ccae,Biography
6989a4de10805f5685d6ccb0,American Literature
6989a4de10805f5685d6ccb1,Juvenile Fiction
6989a4de10805f5685d6ccb3,Crafts
6989a4de10805f5685d6ccb5,Fiction
6989a4de10805f5685d6ccb6,Family
6989a4de10805f5685d6ccb8,Fiction
6989a4de10805f5685d6ccb9,Gardening
6989a4de10805f5685d6ccbb,General
6989a4de10805f5685d6ccbc,General
6989a4de10805f5685d6ccbe,Fiction
6989a4de10805f5685d6ccc0,Generals
6989a4de10805f5685d6ccc2,Fiction
6989a4de10805f5685d6ccc3,Biography
6989a4de10805f5685d6ccc5,Biography
6989a4de10805f5685d6ccc7,House
6989a4de10805f5685d6ccc9,Yugoslav War
6989a4de10805f5685d6ccc9,1991-
6989a4de10805f5685d6cccb,Family
6989a4de10805f5685d6cccd,Fiction
6989a4de10805f5685d6cccf,Humor
6989a4de10805f5685d6ccd1,General
6989a4de10805f5685d6ccd2,Fishes
6989a4de10805f5685d6ccd3,General
6989a4de10805f5685d6ccd4,History
6989a4de10805f5685d6ccd6,Juvenile Fiction
6989a4de10805f5685d6ccd8,Juvenile Fiction
6989a4de10805f5685d6ccda,Fiction
6989a4de10805f5685d6ccdb,Juvenile Fiction
6989a4de10805f5685d6ccdc,General
6989a4de10805f5685d6ccdd,Channeling (spiritualism)
6989a4de10805f5685d6ccdf,Fiction
6989a4de10805f5685d6cce0,Sports
6989a4de10805f5685d6cce2,History
6989a4de10805f5685d6cce4,Poetry
6989a4de10805f5685d6cce6,General
6989a4de10805f5685d6cce7,Fiction
6989a4de10805f5685d6cce9,Social Science
6989a4de10805f5685d6ccea,Crime
6989a4de10805f5685d6cceb,Fiction
6989a4de10805f5685d6cced,History
6989a4de10805f5685d6ccef,General
6989a4de10805f5685d6ccf0,General
6989a4de10805f5685d6ccf1,American Wit And Humor
6989a4de10805f5685d6ccf1,Pictorial
6989a4de10805f5685d6ccf2,Religion
6989a4de10805f5685d6ccf3,True Crime
6989a4de10805f5685d6ccf4,General
6989a4de10805f5685d6ccf6,Juvenile Fiction
6989a4de10805f5685d6ccf8,Medical
6989a4de10805f5685d6ccfa,Health
6989a4de10805f5685d6ccfc,Travel
6989a4de10805f5685d6ccfd,General
6989a4de10805f5685d6ccfe,Fiction
6989a4de10805f5685d6ccff,General
6989a4de10805f5685d6cd00,Fiction
6989a4de10805f5685d6cd01,Religion
6989a4de10805f5685d6cd02,Fiction
6989a4de10805f5685d6cd03,Biography
6989a4de10805f5685d6cd05,Fiction
6989a4de10805f5685d6cd07,Fiction
6989a4de10805f5685d6cd08,Carols
6989a4de10805f5685d6cd0a,Self-help
6989a4de10805f5685d6cd0c,General
6989a4de10805f5685d6cd0d,Women Comedians
6989a4de10805f5685d6cd0f,General
6989a4de10805f5685d6cd10,General
6989a4de10805f5685d6cd11,Juvenile Fiction
6989a4de10805f5685d6cd13,Education
6989a4de10805f5685d6cd15,Juvenile Nonfiction
6989a4de10805f5685d6cd17,Fiction
6989a4de10805f5685d6cd19,General
6989a4de10805f5685d6cd1a,Fiction
6989a4de10805f5685d6cd1c,Fiction
6989a4de10805f5685d6cd1d,Literary Criticism
6989a4de10805f5685d6cd1f,Humor
6989a4de10805f5685d6cd21,American Literature
6989a4de10805f5685d6cd22,Fiction
6989a4de10805f5685d6cd23,Landscape
6989a4de10805f5685d6cd25,Cooking
6989a4de10805f5685d6cd27,Juvenile Fiction
6989a4de10805f5685d6cd28,Health
6989a4de10805f5685d6cd29,Science
6989a4de10805f5685d6cd2b,Renaissance
6989a4de10805f5685d6cd2d,Evangelistic Work
6989a4de10805f5685d6cd2f,Fiction
6989a4de10805f5685d6cd31,Family
6989a4de10805f5685d6cd33,Fiction
6989a4de10805f5685d6cd34,General
6989a4de10805f5685d6cd35,Education
6989a4de10805f5685d6cd37,General
6989a4de10805f5685d6cd38,Adjustment Disorders
6989a4de10805f5685d6cd3a,Philosophy
6989a4de10805f5685d6cd3c,True Crime
6989a4de10805f5685d6cd3e,General
6989a4de10805f5685d6cd3f,Foreign Language Study
6989a4de10805f5685d6cd41,Religion
6989a4de10805f5685d6cd43,Philosophy
6989a4de10805f5685d6cd45,General
6989a4de10805f5685d6cd47,Interpersonal Relations.
6989a4de10805f5685d6cd48,General
6989a4de10805f5685d6cd49,Psychology
6989a4de10805f5685d6cd4b,General
6989a4de10805f5685d6cd4c,Fiction
6989a4de10805f5685d6cd4d,Fiction
6989a4de10805f5685d6cd4f,Biography
6989a4de10805f5685d6cd51,Autobiographical Fiction
6989a4de10805f5685d6cd53,Biography
6989a4de10805f5685d6cd55,Business
6989a4de10805f5685d6cd56,General
6989a4de10805f5685d6cd58,Fiction
6989a4de10805f5685d6cd59,Fiction
6989a4de10805f5685d6cd5a,Performing Arts
6989a4de10805f5685d6cd5c,Devotional Calendars.
6989a4de10805f5685d6cd5e,Fiction
6989a4de10805f5685d6cd60,General
6989a4de10805f5685d6cd62,Biography
6989a4de10805f5685d6cd64,Literary Collections
6989a4de10805f5685d6cd65,History
6989a4de10805f5685d6cd67,Homosexuality
6989a4de10805f5685d6cd68,Fiction
6989a4de10805f5685d6cd69,Biography
6989a4de10805f5685d6cd6b,Discworld (imaginary Place)
6989a4de10805f5685d6cd6c,Fantasy Fiction
6989a4de10805f5685d6cd6d,Fiction
6989a4de10805f5685d6cd6e,Travel
6989a4de10805f5685d6cd70,Fiction
6989a4de10805f5685d6cd72,History
6989a4de10805f5685d6cd74,General
6989a4de10805f5685d6cd75,Fiction
6989a4de10805f5685d6cd77,Juvenile Fiction
6989a4de10805f5685d6cd78,Popular Literature
6989a4de10805f5685d6cd79,Cooking
6989a4de10805f5685d6cd79,American
6989a4de10805f5685d6cd7b,Fiction
6989a4de10805f5685d6cd7c,Ireland
6989a4de10805f5685d6cd7e,Fiction
6989a4de10805f5685d6cd80,Social Science
6989a4de10805f5685d6cd82,Family
6989a4de10805f5685d6cd84,Railroads
6989a4de10805f5685d6cd86,Religion
6989a4de10805f5685d6cd88,Young Adult Fiction
6989a4de10805f5685d6cd89,General
6989a4de10805f5685d6cd8b,Fiction
6989a4de10805f5685d6cd8d,General
6989a4de10805f5685d6cd8e,Fiction
6989a4de10805f5685d6cd8f,Fiction
6989a4de10805f5685d6cd90,Algebra
6989a4de10805f5685d6cd92,Juvenile Fiction
6989a4de10805f5685d6cd94,Fiction
6989a4de10805f5685d6cd95,Fiction
6989a4de10805f5685d6cd97,Fiction
6989a4de10805f5685d6cd99,Social Science
6989a4de10805f5685d6cd9b,Women
6989a4de10805f5685d6cd9c,Biography
6989a4de10805f5685d6cd9e,Children
6989a4de10805f5685d6cd9f,Fiction
6989a4de10805f5685d6cda1,Religion
6989a4de10805f5685d6cda3,Fiction
6989a4de10805f5685d6cda5,Fiction
6989a4de10805f5685d6cda6,Body
6989a4de10805f5685d6cda6,Mind
6989a4de10805f5685d6cda8,Fiction
6989a4de10805f5685d6cda9,Political Science
6989a4de10805f5685d6cdab,Fiction
6989a4de10805f5685d6cdad,Crops And Climate
6989a4de10805f5685d6cdae,History
6989a4de10805f5685d6cdb0,Biography
6989a4de10805f5685d6cdb2,Fiction
6989a4de10805f5685d6cdb4,Social Science
6989a4de10805f5685d6cdb6,Fiction
6989a4de10805f5685d6cdb8,Literary Criticism
6989a4de10805f5685d6cdb9,General
6989a4de10805f5685d6cdba,Travel
6989a4de10805f5685d6cdbb,Self-help
6989a4de10805f5685d6cdbd,Fiction
6989a4de10805f5685d6cdbf,General
6989a4de10805f5685d6cdc0,Philosophy
6989a4de10805f5685d6cdc2,Fiction
6989a4de10805f5685d6cdc4,Social Science
6989a4de10805f5685d6cdc6,General
6989a4de10805f5685d6cdc8,Fiction
6989a4de10805f5685d6cdc9,Cooking
6989a4de10805f5685d6cdcb,Performing Arts
6989a4de10805f5685d6cdcd,General
6989a4de10805f5685d6cdcf,Fiction
6989a4de10805f5685d6cdd0,Fiction
6989a4de10805f5685d6cdd2,Fiction
6989a4de10805f5685d6cdd4,Fiction
6989a4de10805f5685d6cdd5,Fiction
6989a4de10805f5685d6cdd6,Fiction
6989a4de10805f5685d6cdd7,Fiction
6989a4de10805f5685d6cdd9,Fiction
6989a4de10805f5685d6cddb,Art
6989a4de10805f5685d6cddd,Juvenile Nonfiction
6989a4de10805f5685d6cddf,General
6989a4de10805f5685d6cde0,Design
6989a4de10805f5685d6cde2,Comics
6989a4de10805f5685d6cde4,Fiction
6989a4de10805f5685d6cde6,Biography
6989a4de10805f5685d6cde8,General
6989a4de10805f5685d6cde9,General
6989a4de10805f5685d6cdea,General
6989a4de10805f5685d6cdec,Body
6989a4de10805f5685d6cdec,Mind
6989a4de10805f5685d6cdee,General
6989a4de10805f5685d6cdf0,Juvenile Fiction
6989a4de10805f5685d6cdf1,Large Type Books
6989a4de10805f5685d6cdf2,Religion
6989a4de10805f5685d6cdf4,Juvenile Nonfiction
6989a4de10805f5685d6cdf5,History
6989a4de10805f5685d6cdf7,Juvenile Nonfiction
6989a4de10805f5685d6cdf9,General
6989a4de10805f5685d6cdfa,Juvenile Fiction
6989a4de10805f5685d6cdfc,Fiction
6989a4de10805f5685d6cdfe,Anarchism
6989a4de10805f5685d6ce00,Dogs
6989a4de10805f5685d6ce02,Fiction
6989a4de10805f5685d6ce03,Fiction
6989a4de10805f5685d6ce05,Comics
6989a4de10805f5685d6ce06,Fiction
6989a4de10805f5685d6ce08,Fiction
6989a4de10805f5685d6ce09,Business
6989a4de10805f5685d6ce0b,Fiction
6989a4de10805f5685d6ce0c,Juvenile Fiction
6989a4de10805f5685d6ce0d,General
6989a4de10805f5685d6ce0e,Sports
6989a4de10805f5685d6ce0f,Fiction
6989a4de10805f5685d6ce10,Juvenile Romance
6989a4de10805f5685d6ce11,Social Science
6989a4de10805f5685d6ce13,General
6989a4de10805f5685d6ce15,Religion
6989a4de10805f5685d6ce16,Drama
6989a4de10805f5685d6ce17,Fiction
6989a4de10805f5685d6ce19,History
6989a4de10805f5685d6ce1b,History
6989a4de10805f5685d6ce1d,Comics
6989a4de10805f5685d6ce1f,Computers
6989a4de10805f5685d6ce21,California
6989a4de10805f5685d6ce22,Fell
6989a4de10805f5685d6ce22,Gideon (fictitious Character)
6989a4de10805f5685d6ce24,Travel
6989a4de10805f5685d6ce26,Juvenile Fiction
6989a4de10805f5685d6ce28,Fiction
6989a4de10805f5685d6ce29,Body
6989a4de10805f5685d6ce29,Mind
6989a4de10805f5685d6ce2b,Literary Criticism
6989a4de10805f5685d6ce2d,Political Science
6989a4de10805f5685d6ce2f,Conduct Of Life
6989a4de10805f5685d6ce31,Fiction
6989a4de10805f5685d6ce32,Biography
6989a4de10805f5685d6ce34,Business
6989a4de10805f5685d6ce36,Body
6989a4de10805f5685d6ce36,Mind
6989a4de10805f5685d6ce38,Biography
6989a4de10805f5685d6ce3a,Religion
6989a4de10805f5685d6ce3b,Fiction
6989a4de10805f5685d6ce3d,Body
6989a4de10805f5685d6ce3d,Mind
6989a4de10805f5685d6ce3e,General
6989a4de10805f5685d6ce3f,Biography
6989a4de10805f5685d6ce40,Aquarium Fishes
6989a4de10805f5685d6ce42,Fiction
6989a4de10805f5685d6ce43,Fiction
6989a4de10805f5685d6ce45,Literary Criticism
6989a4de10805f5685d6ce47,Fiction
6989a4de10805f5685d6ce49,Juvenile Fiction
6989a4de10805f5685d6ce4b,Bible And Evolution
6989a4de10805f5685d6ce4d,General
6989a4de10805f5685d6ce4e,Fiction
6989a4de10805f5685d6ce50,General
6989a4de10805f5685d6ce52,Science
6989a4de10805f5685d6ce54,History
6989a4de10805f5685d6ce56,Juvenile Nonfiction
6989a4de10805f5685d6ce58,Fiction
6989a4de10805f5685d6ce59,History
6989a4de10805f5685d6ce5b,Language Arts
6989a4de10805f5685d6ce5d,Performing Arts
6989a4de10805f5685d6ce5e,Fiction
6989a4de10805f5685d6ce5f,Comics
6989a4de10805f5685d6ce60,Fiction
6989a4de10805f5685d6ce62,Fiction
6989a4de10805f5685d6ce63,Fiction
6989a4de10805f5685d6ce65,Fiction
6989a4de10805f5685d6ce66,General
6989a4de10805f5685d6ce67,General
6989a4de10805f5685d6ce68,Fiction
6989a4de10805f5685d6ce69,General
6989a4de10805f5685d6ce6a,Language Arts
6989a4de10805f5685d6ce6c,General
6989a4de10805f5685d6ce6d,General
6989a4de10805f5685d6ce6e,Satanism
6989a4de10805f5685d6ce70,Juvenile Fiction
6989a4de10805f5685d6ce72,Juvenile Fiction
6989a4de10805f5685d6ce73,Fiction
6989a4de10805f5685d6ce75,Religion
6989a4de10805f5685d6ce76,General
6989a4de10805f5685d6ce78,Biography
6989a4de10805f5685d6ce7a,Baseball Stories
6989a4de10805f5685d6ce7b,Biography
6989a4de10805f5685d6ce7d,Health
6989a4de10805f5685d6ce7f,Actors
6989a4de10805f5685d6ce80,Fiction
6989a4de10805f5685d6ce81,Social Science
6989a4de10805f5685d6ce83,Fiction
6989a4de10805f5685d6ce84,Natural History
6989a4de10805f5685d6ce85,Business
6989a4de10805f5685d6ce87,Philosophy
6989a4de10805f5685d6ce89,Self-help
6989a4de10805f5685d6ce8a,Humor
6989a4de10805f5685d6ce8c,General
6989a4de10805f5685d6ce8d,Juvenile Nonfiction
6989a4de10805f5685d6ce8f,General
6989a4de10805f5685d6ce90,Fiction
6989a4de10805f5685d6ce92,General
6989a4de10805f5685d6ce94,Fiction
6989a4de10805f5685d6ce96,Fiction
6989a4de10805f5685d6ce97,Fiction
6989a4de10805f5685d6ce99,Fiction
6989a4de10805f5685d6ce9b,Fiction
6989a4de10805f5685d6ce9d,True Crime
6989a4de10805f5685d6ce9f,Fiction
6989a4de10805f5685d6cea0,Medicine
6989a4de10805f5685d6cea2,General
6989a4de10805f5685d6cea4,Fiction
6989a4de10805f5685d6cea6,General
6989a4de10805f5685d6cea7,Body
6989a4de10805f5685d6cea7,Mind
6989a4de10805f5685d6cea8,Juvenile Nonfiction
6989a4de10805f5685d6ceaa,China
6989a4de10805f5685d6ceac,Biography
6989a4de10805f5685d6ceae,Fiction
6989a4de10805f5685d6ceb0,Girls' Clothing
6989a4de10805f5685d6ceb2,History
6989a4de10805f5685d6ceb4,Psychology
6989a4de10805f5685d6ceb6,France
6989a4de10805f5685d6ceb7,General
6989a4de10805f5685d6ceb9,Self-help
6989a4de10805f5685d6ceba,Pets
6989a4de10805f5685d6cebc,Fiction
6989a4de10805f5685d6cebe,Family
6989a4de10805f5685d6cebf,Transportation
6989a4de10805f5685d6cec1,General
6989a4de10805f5685d6cec2,Fiction
6989a4de10805f5685d6cec4,Language Arts
6989a4de10805f5685d6cec5,Drama
6989a4de10805f5685d6cec6,Adultery
6989a4de10805f5685d6cec8,Science
6989a4de10805f5685d6cec9,Body
6989a4de10805f5685d6cec9,Mind
6989a4de10805f5685d6cecb,General
6989a4de10805f5685d6cecc,Children's Stories
6989a4de10805f5685d6cecd,Brothers And Sisters
6989a4de10805f5685d6cece,Fiction
6989a4de10805f5685d6cecf,Pets
6989a4de10805f5685d6ced1,Readers (adult)
6989a4de10805f5685d6ced3,Biography
6989a4de10805f5685d6ced5,General
6989a4de10805f5685d6ced7,Health
6989a4de10805f5685d6ced8,Fiction
6989a4de10805f5685d6ced9,Family
6989a4de10805f5685d6cedb,Fiction
6989a4de10805f5685d6cedd,Fiction
6989a4de10805f5685d6cedf,Fiction
6989a4de10805f5685d6cee1,Nature
6989a4de10805f5685d6cee3,Fiction
6989a4de10805f5685d6cee5,Juvenile Fiction
6989a4de10805f5685d6cee6,Psychology
6989a4de10805f5685d6cee8,Fiction
6989a4de10805f5685d6ceea,Games
6989a4de10805f5685d6ceec,Young Adult Fiction
6989a4de10805f5685d6ceed,Health
6989a4de10805f5685d6ceee,Fiction
6989a4de10805f5685d6cef0,Cookies
6989a4de10805f5685d6cef1,Art
6989a4de10805f5685d6cef3,Body
6989a4de10805f5685d6cef3,Mind
6989a4de10805f5685d6cef4,Cooking
6989a4de10805f5685d6cef6,Fiction
6989a4de10805f5685d6cef8,Fiction
6989a4de10805f5685d6cefa,General
6989a4de10805f5685d6cefb,Harness Racing
6989a4de10805f5685d6cefd,General
6989a4de10805f5685d6cefe,General
6989a4de10805f5685d6ceff,English Poetry
6989a4de10805f5685d6cf00,Performing Arts
6989a4de10805f5685d6cf02,General
6989a4de10805f5685d6cf03,General
6989a4de10805f5685d6cf05,Games
6989a4de10805f5685d6cf07,Owls
6989a4de10805f5685d6cf08,Murder
6989a4de10805f5685d6cf0a,Fiction
6989a4de10805f5685d6cf0c,Art
6989a4de10805f5685d6cf0e,Family
6989a4de10805f5685d6cf10,General
6989a4de10805f5685d6cf11,Juvenile Fiction
6989a4de10805f5685d6cf12,Political Science
6989a4de10805f5685d6cf14,Social Science
6989a4de10805f5685d6cf15,General
6989a4de10805f5685d6cf16,Self-acceptance
6989a4de10805f5685d6cf18,Computers
6989a4de10805f5685d6cf1a,Health
6989a4de10805f5685d6cf1b,General
6989a4de10805f5685d6cf1c,General
6989a4de10805f5685d6cf1d,Fiction
6989a4de10805f5685d6cf1e,General
6989a4de10805f5685d6cf1f,Fiction
6989a4de10805f5685d6cf20,General
6989a4de10805f5685d6cf21,General
6989a4de10805f5685d6cf22,Religion
6989a4de10805f5685d6cf24,Juvenile Fiction
6989a4de10805f5685d6cf26,Juvenile Nonfiction
6989a4de10805f5685d6cf28,Body
6989a4de10805f5685d6cf28,Mind
6989a4de10805f5685d6cf2a,Fiction
6989a4de10805f5685d6cf2c,Self-help
6989a4de10805f5685d6cf2e,Self-help
6989a4de10805f5685d6cf30,Fiction
6989a4de10805f5685d6cf31,Comics
6989a4de10805f5685d6cf33,Fiction
6989a4de10805f5685d6cf35,General
6989a4de10805f5685d6cf36,General
6989a4de10805f5685d6cf38,Fiction
6989a4de10805f5685d6cf3a,Fantasy
6989a4de10805f5685d6cf3c,Fiction
6989a4de10805f5685d6cf3d,Body
6989a4de10805f5685d6cf3d,Mind
6989a4de10805f5685d6cf3f,Humor
6989a4de10805f5685d6cf40,Philosophy
6989a4de10805f5685d6cf42,Belden
6989a4de10805f5685d6cf42,Trixie (fictitious Character)
6989a4de10805f5685d6cf43,Fiction
6989a4de10805f5685d6cf45,General
6989a4de10805f5685d6cf47,Religion
6989a4de10805f5685d6cf49,Fiction
6989a4de10805f5685d6cf4a,Young Adult Fiction
6989a4de10805f5685d6cf4c,Mathematics
6989a4de10805f5685d6cf4e,Fiction
6989a4de10805f5685d6cf4f,General
6989a4de10805f5685d6cf50,Fiction
6989a4de10805f5685d6cf51,Fiction
6989a4de10805f5685d6cf52,Juvenile Fiction
6989a4de10805f5685d6cf54,General
6989a4de10805f5685d6cf55,General
6989a4de10805f5685d6cf56,Psychology
6989a4de10805f5685d6cf58,Astronomy
6989a4de10805f5685d6cf5a,Bicycles
6989a4de10805f5685d6cf5c,Fiction
6989a4de10805f5685d6cf5d,Fiction
6989a4de10805f5685d6cf5e,Calder Family (fictitious Characters)
6989a4de10805f5685d6cf5f,Biography
6989a4de10805f5685d6cf61,Biography
6989a4de10805f5685d6cf63,Social Science
6989a4de10805f5685d6cf65,Fiction
6989a4de10805f5685d6cf66,Fiction
6989a4de10805f5685d6cf68,Fiction
6989a4de10805f5685d6cf69,General
6989a4de10805f5685d6cf6b,Imperialism
6989a4de10805f5685d6cf6c,English Drama
6989a4de10805f5685d6cf6e,General
6989a4de10805f5685d6cf6f,Gay Erotic Photography
6989a4de10805f5685d6cf71,Presidents
6989a4de10805f5685d6cf73,Fiction
6989a4de10805f5685d6cf75,Family
6989a4de10805f5685d6cf77,Fiction
6989a4de10805f5685d6cf79,Business
6989a4de10805f5685d6cf7b,Indian Art
6989a4de10805f5685d6cf7d,General
6989a4de10805f5685d6cf7e,General
6989a4de10805f5685d6cf80,General
6989a4de10805f5685d6cf81,Casinos
6989a4de10805f5685d6cf83,History
6989a4de10805f5685d6cf85,General
6989a4de10805f5685d6cf86,True Crime
6989a4de10805f5685d6cf87,Fiction
6989a4de10805f5685d6cf88,Fiction
6989a4de10805f5685d6cf8a,Fiction
6989a4de10805f5685d6cf8c,Biography
6989a4de10805f5685d6cf8e,Fiction
6989a4de10805f5685d6cf8f,Biography
6989a4de10805f5685d6cf91,Business
6989a4de10805f5685d6cf93,General
6989a4de10805f5685d6cf95,Fiction
6989a4de10805f5685d6cf97,Language Arts
6989a4de10805f5685d6cf99,Antiques
6989a4de10805f5685d6cf9b,Fiction
6989a4de10805f5685d6cf9d,Music
6989a4de10805f5685d6cf9f,History
6989a4de10805f5685d6cf9f,Modern
6989a4de10805f5685d6cfa0,Fiction
6989a4de10805f5685d6cfa2,Bibles
6989a4de10805f5685d6cfa4,Fiction
6989a4de10805f5685d6cfa5,Social Science
6989a4de10805f5685d6cfa7,Fiction
6989a4de10805f5685d6cfa8,Political Science
6989a4de10805f5685d6cfaa,Comics
6989a4de10805f5685d6cfab,General
6989a4de10805f5685d6cfad,Religion
6989a4de10805f5685d6cfae,Fiction
6989a4de10805f5685d6cfaf,Fiction
6989a4de10805f5685d6cfb1,Adventure Stories
6989a4de10805f5685d6cfb2,Science Fiction
6989a4de10805f5685d6cfb3,General
6989a4de10805f5685d6cfb4,Social Science
6989a4de10805f5685d6cfb5,Board Books
6989a4de10805f5685d6cfb7,General
6989a4de10805f5685d6cfb8,Health
6989a4de10805f5685d6cfba,Social Science
6989a4de10805f5685d6cfbb,Business
6989a4de10805f5685d6cfbd,Fiction
6989a4de10805f5685d6cfbf,Intelligence Officers
6989a4de10805f5685d6cfc1,Fiction
6989a4de10805f5685d6cfc3,Young Adult Fiction
6989a4de10805f5685d6cfc5,Body
6989a4de10805f5685d6cfc5,Mind
6989a4de10805f5685d6cfc7,Fiction
6989a4de10805f5685d6cfc9,Fiction
6989a4de10805f5685d6cfca,Fiction
6989a4de10805f5685d6cfcb,Fiction
6989a4de10805f5685d6cfcc,Juvenile Fiction
6989a4de10805f5685d6cfcd,Biography
6989a4de10805f5685d6cfcf,Juvenile Fiction
6989a4de10805f5685d6cfd1,Literary Criticism
6989a4de10805f5685d6cfd2,Alaska
6989a4de10805f5685d6cfd4,Fiction
6989a4de10805f5685d6cfd5,Fermi's Paradox
6989a4de10805f5685d6cfd7,Fiction
6989a4de10805f5685d6cfd9,Humor
6989a4de10805f5685d6cfdb,Language Arts
6989a4de10805f5685d6cfdc,Fiction
6989a4de10805f5685d6cfde,General
6989a4de10805f5685d6cfdf,General
6989a4de10805f5685d6cfe0,Humor
6989a4de10805f5685d6cfe2,Family
6989a4de10805f5685d6cfe4,Self-help
6989a4de10805f5685d6cfe6,Fiction
6989a4de10805f5685d6cfe7,Body
6989a4de10805f5685d6cfe7,Mind
6989a4de10805f5685d6cfe9,History
6989a4de10805f5685d6cfeb,Fiction
6989a4de10805f5685d6cfec,Fiction
6989a4de10805f5685d6cfee,Biography
6989a4de10805f5685d6cff0,Hamptons (n.y.)
6989a4de10805f5685d6cff2,General
6989a4de10805f5685d6cff3,Raccoon
6989a4de10805f5685d6cff5,General
6989a4de10805f5685d6cff6,Fiction
6989a4de10805f5685d6cff8,Fiction
6989a4de10805f5685d6cff9,Computer Adventure Games
6989a4de10805f5685d6cffb,Fiction
6989a4de10805f5685d6cffc,Poetry
6989a4de10805f5685d6cffd,Health
6989a4de10805f5685d6cfff,Fiction
6989a4de10805f5685d6d001,Fiction
6989a4de10805f5685d6d002,Detective And Mystery Stories
6989a4de10805f5685d6d003,Cooking
6989a4de10805f5685d6d005,Transportation
6989a4de10805f5685d6d007,Business
6989a4de10805f5685d6d009,History
6989a4de10805f5685d6d00b,Juvenile Fiction
6989a4de10805f5685d6d00c,Boston (mass.)
6989a4de10805f5685d6d00e,Fiction
6989a4de10805f5685d6d010,Electronic Books
6989a4de10805f5685d6d011,Fiction
6989a4de10805f5685d6d013,General
6989a4de10805f5685d6d014,Fiction
6989a4de10805f5685d6d016,Biography
6989a4de10805f5685d6d018,Fiction
6989a4de10805f5685d6d019,Fiction
6989a4de10805f5685d6d01a,Nature
6989a4de10805f5685d6d01c,General
6989a4de10805f5685d6d01d,Fiction
6989a4de10805f5685d6d01f,Fantasy Fiction
6989a4de10805f5685d6d020,Fiction
6989a4de10805f5685d6d021,Self-help
6989a4de10805f5685d6d022,Fiction
6989a4de10805f5685d6d023,Business
6989a4de10805f5685d6d025,Friendship
6989a4de10805f5685d6d027,Fiction
6989a4de10805f5685d6d029,Music
6989a4de10805f5685d6d02b,Fiction
6989a4de10805f5685d6d02c,Juvenile Fiction
6989a4de10805f5685d6d02e,Fiction
6989a4de10805f5685d6d030,Fiction
6989a4de10805f5685d6d031,Juvenile Fiction
6989a4de10805f5685d6d033,Nature
6989a4de10805f5685d6d035,Crafts
6989a4de10805f5685d6d037,Juvenile Fiction
6989a4de10805f5685d6d038,Biography
6989a4de10805f5685d6d03a,Painting
6989a4de10805f5685d6d03c,Fiction
6989a4de10805f5685d6d03d,Fiction
6989a4de10805f5685d6d03e,Fiction
6989a4de10805f5685d6d040,Science
6989a4de10805f5685d6d042,General
6989a4de10805f5685d6d043,Young Adult Fiction
6989a4de10805f5685d6d045,History
6989a4de10805f5685d6d046,Fiction
6989a4de10805f5685d6d047,Humor
6989a4de10805f5685d6d049,Fiction
6989a4de10805f5685d6d04b,Reference
6989a4de10805f5685d6d04d,Psychology
6989a4de10805f5685d6d04f,Business
6989a4de10805f5685d6d051,Juvenile Fiction
6989a4de10805f5685d6d053,Military Funerals
6989a4de10805f5685d6d055,History
6989a4de10805f5685d6d057,General
6989a4de10805f5685d6d059,Law
6989a4de10805f5685d6d05b,Fiction
6989a4de10805f5685d6d05c,Cooking
6989a4de10805f5685d6d05e,Animals
6989a4de10805f5685d6d05f,Fiction
6989a4de10805f5685d6d061,General
6989a4de10805f5685d6d062,Religion
6989a4de10805f5685d6d063,Games
6989a4de10805f5685d6d065,Fiction
6989a4de10805f5685d6d066,General
6989a4de10805f5685d6d068,Fiction
6989a4de10805f5685d6d069,Social Science
6989a4de10805f5685d6d06b,Fiction
6989a4de10805f5685d6d06c,Fiction
6989a4de10805f5685d6d06e,General
6989a4de10805f5685d6d06f,Art
6989a4de10805f5685d6d071,Fiction
6989a4de10805f5685d6d072,Social Science
6989a4de10805f5685d6d074,Fiction
6989a4de10805f5685d6d075,Fiction
6989a4de10805f5685d6d076,Fiction
6989a4de10805f5685d6d078,Business
6989a4de10805f5685d6d079,Fiction
6989a4de10805f5685d6d07b,General
6989a4de10805f5685d6d07d,Social Science
6989a4de10805f5685d6d07f,Fiction
6989a4de10805f5685d6d081,Fiction
6989a4de10805f5685d6d082,Nature
6989a4de10805f5685d6d084,Detective And Mystery Stories
6989a4de10805f5685d6d085,Fiction
6989a4de10805f5685d6d086,Dragons
6989a4de10805f5685d6d088,Poetry
6989a4de10805f5685d6d089,General
6989a4de10805f5685d6d08b,Fiction
6989a4de10805f5685d6d08d,General
6989a4de10805f5685d6d08f,Performing Arts
6989a4de10805f5685d6d091,History
6989a4de10805f5685d6d093,Biography
6989a4de10805f5685d6d094,Juvenile Fiction
6989a4de10805f5685d6d095,Fiction
6989a4de10805f5685d6d096,Fiction
6989a4de10805f5685d6d097,Social Science
6989a4de10805f5685d6d099,Fiction
6989a4de10805f5685d6d09a,Brothers And Sisters
6989a4de10805f5685d6d09c,Comics
6989a4de10805f5685d6d09d,Fiction
6989a4de10805f5685d6d09f,Fiction
6989a4de10805f5685d6d0a0,History
6989a4de10805f5685d6d0a2,Drama
6989a4de10805f5685d6d0a4,Health
6989a4de10805f5685d6d0a5,Music
6989a4de10805f5685d6d0a7,Fiction
6989a4de10805f5685d6d0a8,Self-help
6989a4de10805f5685d6d0aa,General
6989a4de10805f5685d6d0ac,Fiction
6989a4de10805f5685d6d0ad,Fiction
6989a4de10805f5685d6d0ae,Detective And Mystery Stories
6989a4de10805f5685d6d0af,Fiction
6989a4de10805f5685d6d0b1,Canada
6989a4de10805f5685d6d0b2,General
6989a4de10805f5685d6d0b3,Religion
6989a4de10805f5685d6d0b5,Social Science
6989a4de10805f5685d6d0b7,Health
6989a4de10805f5685d6d0b9,Biography
6989a4de10805f5685d6d0ba,General
6989a4de10805f5685d6d0bb,General
6989a4de10805f5685d6d0bc,Games
6989a4de10805f5685d6d0bd,Biography
6989a4de10805f5685d6d0bf,Medical
6989a4de10805f5685d6d0c1,Biography
6989a4de10805f5685d6d0c3,Fiction
6989a4de10805f5685d6d0c5,General
6989a4de10805f5685d6d0c6,Romance Fiction
6989a4de10805f5685d6d0c6,Hebrew
6989a4de10805f5685d6d0c8,Juvenile Nonfiction
6989a4de10805f5685d6d0ca,Physicians
6989a4de10805f5685d6d0cc,Fiction
6989a4de10805f5685d6d0cd,Bibliography
6989a4de10805f5685d6d0cd,National
6989a4de10805f5685d6d0ce,Fiction
6989a4de10805f5685d6d0cf,Fiction
6989a4de10805f5685d6d0d0,Religion
6989a4de10805f5685d6d0d1,Fiction
6989a4de10805f5685d6d0d2,Fiction
6989a4de10805f5685d6d0d4,Sports
6989a4de10805f5685d6d0d6,Fiction
6989a4de10805f5685d6d0d7,General
6989a4de10805f5685d6d0d8,Biography
6989a4de10805f5685d6d0d9,Advertising
6989a4de10805f5685d6d0db,General
6989a4de10805f5685d6d0dc,Juvenile Fiction
6989a4de10805f5685d6d0de,Juvenile Fiction
6989a4de10805f5685d6d0e0,Science
6989a4de10805f5685d6d0e2,True Crime
6989a4de10805f5685d6d0e4,Biography
6989a4de10805f5685d6d0e6,Juvenile Fiction
6989a4de10805f5685d6d0e8,Fiction
6989a4de10805f5685d6d0ea,Fiction
6989a4de10805f5685d6d0eb,Cooking
6989a4de10805f5685d6d0ed,General
6989a4de10805f5685d6d0ee,Body
6989a4de10805f5685d6d0ee,Mind
6989a4de10805f5685d6d0f0,Juvenile Fiction
6989a4de10805f5685d6d0f1,Fiction
6989a4de10805f5685d6d0f2,Biography
6989a4de10805f5685d6d0f4,Animals
6989a4de10805f5685d6d0f6,Fiction
6989a4de10805f5685d6d0f7,Juvenile Nonfiction
6989a4de10805f5685d6d0f9,General
6989a4de10805f5685d6d0fb,Fiction
6989a4de10805f5685d6d0fc,Body
6989a4de10805f5685d6d0fc,Mind
6989a4de10805f5685d6d0fe,Family
6989a4de10805f5685d6d100,Language Arts
6989a4de10805f5685d6d102,Entomologists
6989a4de10805f5685d6d104,Music
6989a4de10805f5685d6d106,Fiction
6989a4de10805f5685d6d108,Self-help
6989a4de10805f5685d6d10a,Fiction
6989a4de10805f5685d6d10c,Body
6989a4de10805f5685d6d10c,Mind
6989a4de10805f5685d6d10e,Fiction
6989a4de10805f5685d6d10f,Poetry
6989a4de10805f5685d6d111,History
6989a4de10805f5685d6d113,General
6989a4de10805f5685d6d114,General
6989a4de10805f5685d6d115,General
6989a4de10805f5685d6d116,French Fiction
6989a4de10805f5685d6d118,Vampires
6989a4de10805f5685d6d11a,General
6989a4de10805f5685d6d11b,General
6989a4de10805f5685d6d11c,Social Science
6989a4de10805f5685d6d11e,Reference
6989a4de10805f5685d6d120,Biography
6989a4de10805f5685d6d122,Family
6989a4de10805f5685d6d123,Hollywood (los Angeles
6989a4de10805f5685d6d123,Calif.)
6989a4de10805f5685d6d125,Angels
6989a4de10805f5685d6d127,Fiction
6989a4de10805f5685d6d128,Lisbon (portugal)
6989a4de10805f5685d6d129,Performing Arts
6989a4de10805f5685d6d12b,Social Science
6989a4de10805f5685d6d12d,History
6989a4de10805f5685d6d12f,Fiction
6989a4de10805f5685d6d130,Pets
6989a4de10805f5685d6d131,Agricultural Colonies
6989a4de10805f5685d6d133,Biography
6989a4de10805f5685d6d135,Biography
6989a4de10805f5685d6d137,History
6989a4de10805f5685d6d139,General
6989a4de10805f5685d6d13b,Language Arts
6989a4de10805f5685d6d13c,Body
6989a4de10805f5685d6d13c,Mind
6989a4de10805f5685d6d13e,Fiction
6989a4de10805f5685d6d13f,Fiction
6989a4de10805f5685d6d141,Cooking
6989a4de10805f5685d6d143,General
6989a4de10805f5685d6d145,Education
6989a4de10805f5685d6d147,Technology
6989a4de10805f5685d6d149,Asia
6989a4de10805f5685d6d14a,History
6989a4de10805f5685d6d14c,Antisemitism
6989a4de10805f5685d6d14e,Fiction
6989a4de10805f5685d6d150,General
6989a4de10805f5685d6d152,Fiction
6989a4de10805f5685d6d154,Family
6989a4de10805f5685d6d156,Biography
6989a4de10805f5685d6d157,Children's Stories
6989a4de10805f5685d6d159,Juvenile Fiction
6989a4de10805f5685d6d15b,Performing Arts
6989a4de10805f5685d6d15d,Biography
6989a4de10805f5685d6d15f,Social Science
6989a4de10805f5685d6d160,Biography
6989a4de10805f5685d6d162,General
6989a4de10805f5685d6d163,Africa
6989a4de10805f5685d6d165,General
6989a4de10805f5685d6d166,Juvenile Fiction
6989a4de10805f5685d6d168,Cooking
6989a4de10805f5685d6d16a,Fiction
6989a4de10805f5685d6d16c,Pets
6989a4de10805f5685d6d16e,Fiction
6989a4de10805f5685d6d16f,Body
6989a4de10805f5685d6d16f,Mind
6989a4de10805f5685d6d171,Philosophy
6989a4de10805f5685d6d172,Biography
6989a4de10805f5685d6d174,Japan
6989a4de10805f5685d6d176,Juvenile Fiction
6989a4de10805f5685d6d177,Fiction
6989a4de10805f5685d6d178,Fiction
6989a4de10805f5685d6d17a,Fiction
6989a4de10805f5685d6d17b,Political Science
6989a4de10805f5685d6d17d,General
6989a4de10805f5685d6d17e,Fiction
6989a4de10805f5685d6d17f,General
6989a4de10805f5685d6d180,Philosophy
6989a4de10805f5685d6d182,Biography
6989a4de10805f5685d6d184,Family
6989a4de10805f5685d6d186,Biography
6989a4de10805f5685d6d188,General
6989a4de10805f5685d6d189,Fiction
6989a4de10805f5685d6d18b,Bars (drinking Establishments)
6989a4de10805f5685d6d18d,Health
6989a4de10805f5685d6d18f,General
6989a4de10805f5685d6d191,Fiction
6989a4de10805f5685d6d192,Juvenile Nonfiction
6989a4de10805f5685d6d194,Juvenile Fiction
6989a4de10805f5685d6d195,Juvenile Fiction
6989a4de10805f5685d6d197,General
6989a4de10805f5685d6d198,Veterinarians
6989a4de10805f5685d6d19a,Crafts
6989a4de10805f5685d6d19c,Bawdy Poetry
6989a4de10805f5685d6d19e,Fiction
6989a4de10805f5685d6d19f,Best Books
6989a4de10805f5685d6d1a0,Art
6989a4de10805f5685d6d1a2,Biography
6989a4de10805f5685d6d1a4,Guvernören (tanker)
6989a4de10805f5685d6d1a6,Fiction
6989a4de10805f5685d6d1a7,Fiction
6989a4de10805f5685d6d1a9,Technology
6989a4de10805f5685d6d1ab,Reference
6989a4de10805f5685d6d1ad,Drama
6989a4de10805f5685d6d1af,Fiction
6989a4de10805f5685d6d1b0,Fiction
6989a4de10805f5685d6d1b2,Fiction
6989a4de10805f5685d6d1b4,General
6989a4de10805f5685d6d1b5,Fiction
6989a4de10805f5685d6d1b7,England
6989a4de10805f5685d6d1b8,Architecture
6989a4de10805f5685d6d1ba,General
6989a4de10805f5685d6d1bc,Juvenile Fiction
6989a4de10805f5685d6d1bd,Fiction
6989a4de10805f5685d6d1bf,Fiction
6989a4de10805f5685d6d1c1,Fiction
6989a4de10805f5685d6d1c3,History
6989a4de10805f5685d6d1c5,Fiction
6989a4de10805f5685d6d1c7,Fiction
6989a4de10805f5685d6d1c8,Fiction
6989a4de10805f5685d6d1ca,General
6989a4de10805f5685d6d1cc,Fiction
6989a4de10805f5685d6d1ce,Juvenile Fiction
6989a4de10805f5685d6d1cf,Fiction
6989a4de10805f5685d6d1d1,Juvenile Fiction
6989a4de10805f5685d6d1d3,Computers
6989a4de10805f5685d6d1d5,Biography
6989a4de10805f5685d6d1d6,Fiction
6989a4de10805f5685d6d1d8,Biography
6989a4de10805f5685d6d1da,Fiction
6989a4de10805f5685d6d1dc,Biography
6989a4de10805f5685d6d1de,Fiction
6989a4de10805f5685d6d1e0,General
6989a4de10805f5685d6d1e1,Religion
6989a4de10805f5685d6d1e3,Spirit Writings
6989a4de10805f5685d6d1e5,Fiction
6989a4de10805f5685d6d1e7,Fiction
6989a4de10805f5685d6d1e9,Sports
6989a4de10805f5685d6d1eb,General
6989a4de10805f5685d6d1ec,Fiction
6989a4de10805f5685d6d1ed,Health
6989a4de10805f5685d6d1ef,True Crime
6989a4de10805f5685d6d1f1,General
6989a4de10805f5685d6d1f3,Authors
6989a4de10805f5685d6d1f4,General
6989a4de10805f5685d6d1f5,General
6989a4de10805f5685d6d1f6,Fiction
6989a4de10805f5685d6d1f7,General
6989a4de10805f5685d6d1f8,Fiction
6989a4de10805f5685d6d1f9,Fiction
6989a4de10805f5685d6d1fa,Fiction
6989a4de10805f5685d6d1fb,General
6989a4de10805f5685d6d1fc,Juvenile Fiction
6989a4de10805f5685d6d1fd,General
6989a4de10805f5685d6d1fe,General
6989a4de10805f5685d6d1ff,Biography
6989a4de10805f5685d6d200,Cooking
6989a4de10805f5685d6d202,Fiction
6989a4de10805f5685d6d203,Architecture
6989a4de10805f5685d6d205,Fiction
6989a4de10805f5685d6d207,Biography
6989a4de10805f5685d6d208,Fiction
6989a4de10805f5685d6d209,Biography
6989a4de10805f5685d6d20b,Fiction
6989a4de10805f5685d6d20d,Capitalism
6989a4de10805f5685d6d20e,Child Rearing
6989a4de10805f5685d6d210,Biography
6989a4de10805f5685d6d212,Fiction
6989a4de10805f5685d6d213,Philosophy
6989a4de10805f5685d6d215,Actors
6989a4de10805f5685d6d217,Business
6989a4de10805f5685d6d219,General
6989a4de10805f5685d6d21b,Abolitionists
6989a4de10805f5685d6d21d,Humor
6989a4de10805f5685d6d21e,General
6989a4de10805f5685d6d21f,Fiction
6989a4de10805f5685d6d220,Christian Life
6989a4de10805f5685d6d222,Biography
6989a4de10805f5685d6d224,Juvenile Fiction
6989a4de10805f5685d6d226,General
6989a4de10805f5685d6d227,Health
6989a4de10805f5685d6d229,General
6989a4de10805f5685d6d22a,Sports
6989a4de10805f5685d6d22b,Fiction
6989a4de10805f5685d6d22c,Political Science
6989a4de10805f5685d6d22e,Foreign Language Study
6989a4de10805f5685d6d230,Fiction
6989a4de10805f5685d6d231,Literary Collections
6989a4de10805f5685d6d232,Health
6989a4de10805f5685d6d234,Fiction
6989a4de10805f5685d6d235,English Poetry
6989a4de10805f5685d6d237,Fiction
6989a4de10805f5685d6d239,Biography
6989a4de10805f5685d6d23b,Fiction
6989a4de10805f5685d6d23d,Art
6989a4de10805f5685d6d23f,Art
6989a4de10805f5685d6d241,Health
6989a4de10805f5685d6d243,Drama
6989a4de10805f5685d6d244,General
6989a4de10805f5685d6d246,Children's Poetry
6989a4de10805f5685d6d246,English.
6989a4de10805f5685d6d247,Fiction
6989a4de10805f5685d6d249,Fiction
6989a4de10805f5685d6d24a,True Crime
6989a4de10805f5685d6d24c,Language Arts
6989a4de10805f5685d6d24e,General
6989a4de10805f5685d6d24f,General
6989a4de10805f5685d6d250,Fiction
6989a4de10805f5685d6d251,General
6989a4de10805f5685d6d252,Fiction
6989a4de10805f5685d6d253,Philosophy
6989a4de10805f5685d6d255,General
6989a4de10805f5685d6d256,Health
6989a4de10805f5685d6d257,Fiction
6989a4de10805f5685d6d259,Body
6989a4de10805f5685d6d259,Mind
6989a4de10805f5685d6d25b,Family
6989a4de10805f5685d6d25c,Fiction
6989a4de10805f5685d6d25d,History
6989a4de10805f5685d6d25f,Juvenile Nonfiction
6989a4de10805f5685d6d261,Fiction
6989a4de10805f5685d6d263,Fiction
6989a4de10805f5685d6d264,Fiction
6989a4de10805f5685d6d266,Fiction
6989a4de10805f5685d6d267,History
6989a4de10805f5685d6d269,Fiction
6989a4de10805f5685d6d26a,Humor
6989a4de10805f5685d6d26c,Juvenile Fiction
6989a4de10805f5685d6d26d,Readers (elementary)
6989a4de10805f5685d6d26e,England
6989a4de10805f5685d6d26f,Body
6989a4de10805f5685d6d26f,Mind
6989a4de10805f5685d6d271,Fiction
6989a4de10805f5685d6d272,General
6989a4de10805f5685d6d274,General
6989a4de10805f5685d6d276,Juvenile Fiction
6989a4de10805f5685d6d277,General
6989a4de10805f5685d6d278,Fiction
6989a4de10805f5685d6d27a,Fiction
6989a4de10805f5685d6d27b,History
6989a4de10805f5685d6d27d,Juvenile Fiction
6989a4de10805f5685d6d27e,Juvenile Fiction
6989a4de10805f5685d6d27f,History
6989a4de10805f5685d6d280,Crafts
6989a4de10805f5685d6d282,Juvenile Fiction
6989a4de10805f5685d6d284,General
6989a4de10805f5685d6d285,Business
6989a4de10805f5685d6d287,Fiction
6989a4de10805f5685d6d288,Fiction
6989a4de10805f5685d6d289,Juvenile Fiction
6989a4de10805f5685d6d28b,Fiction
6989a4de10805f5685d6d28d,Fiction
6989a4de10805f5685d6d28f,General
6989a4de10805f5685d6d290,Science
6989a4de10805f5685d6d292,Political Participation
6989a4de10805f5685d6d294,General
6989a4de10805f5685d6d295,Science
6989a4de10805f5685d6d297,General
6989a4de10805f5685d6d298,Pets
6989a4de10805f5685d6d29a,Fiction
6989a4de10805f5685d6d29b,Self-help
6989a4de10805f5685d6d29d,Literary Criticism
6989a4de10805f5685d6d29f,Juvenile Fiction
6989a4de10805f5685d6d2a0,Architecture
6989a4de10805f5685d6d2a2,Readers (elementary)
6989a4de10805f5685d6d2a4,Sports
6989a4de10805f5685d6d2a6,General
6989a4de10805f5685d6d2a8,Language Arts
6989a4de10805f5685d6d2a9,General
6989a4de10805f5685d6d2ab,Philosophy
6989a4de10805f5685d6d2ad,Detective And Mystery Stories
6989a4de10805f5685d6d2ae,Fiction
6989a4de10805f5685d6d2b0,Religion
6989a4de10805f5685d6d2b2,American Literature
6989a4de10805f5685d6d2b3,General
6989a4de10805f5685d6d2b4,General
6989a4de10805f5685d6d2b6,General
6989a4de10805f5685d6d2b7,Fiction
6989a4de10805f5685d6d2b8,Social Science
6989a4de10805f5685d6d2ba,Music
6989a4de10805f5685d6d2bb,General
6989a4de10805f5685d6d2bc,General
6989a4de10805f5685d6d2be,Religion
6989a4de10805f5685d6d2c0,General
6989a4de10805f5685d6d2c1,Religion
6989a4de10805f5685d6d2c3,Nature
6989a4de10805f5685d6d2c5,Education
6989a4de10805f5685d6d2c7,Fiction
6989a4de10805f5685d6d2c9,Philosophy
6989a4de10805f5685d6d2cb,Art
6989a4de10805f5685d6d2cd,Children's Stories
6989a4de10805f5685d6d2cd,New Zealand
6989a4de10805f5685d6d2cf,Health
6989a4de10805f5685d6d2d1,Dwellings
6989a4de10805f5685d6d2d3,Juvenile Fiction
6989a4de10805f5685d6d2d5,General
6989a4de10805f5685d6d2d6,Fiction
6989a4de10805f5685d6d2d7,Medical
6989a4de10805f5685d6d2d9,Fiction
6989a4de10805f5685d6d2db,Science Fiction
6989a4de10805f5685d6d2db,American
6989a4de10805f5685d6d2dc,Appleby
6989a4de10805f5685d6d2dc,John
6989a4de10805f5685d6d2dc,Sir (fictitious Character)
6989a4de10805f5685d6d2dd,General
6989a4de10805f5685d6d2de,Juvenile Fiction
6989a4de10805f5685d6d2e0,Religion
6989a4de10805f5685d6d2e2,Performing Arts
6989a4de10805f5685d6d2e4,General
6989a4de10805f5685d6d2e6,Juvenile Fiction
6989a4de10805f5685d6d2e8,Biography
6989a4de10805f5685d6d2e9,Curiosities And Wonders
6989a4de10805f5685d6d2eb,Body
6989a4de10805f5685d6d2eb,Mind
6989a4de10805f5685d6d2ec,Poetry
6989a4de10805f5685d6d2ee,Business
6989a4de10805f5685d6d2f0,Design
6989a4de10805f5685d6d2f2,Cooking
6989a4de10805f5685d6d2f4,General
6989a4de10805f5685d6d2f5,Crafts
6989a4de10805f5685d6d2f7,Juvenile Nonfiction
6989a4de10805f5685d6d2f9,Fiction
6989a4de10805f5685d6d2fb,Social Science
6989a4de10805f5685d6d2fd,Juvenile Fiction
6989a4de10805f5685d6d2fe,Fiction
6989a4de10805f5685d6d300,Animals
6989a4de10805f5685d6d301,Fiction
6989a4de10805f5685d6d302,Fiction
6989a4de10805f5685d6d304,General
6989a4de10805f5685d6d305,Religion
6989a4de10805f5685d6d306,Fiction
6989a4de10805f5685d6d307,Orphans
6989a4de10805f5685d6d309,General
6989a4de10805f5685d6d30a,General
6989a4de10805f5685d6d30c,Fiction
6989a4de10805f5685d6d30d,Body
6989a4de10805f5685d6d30d,Mind
6989a4de10805f5685d6d30f,General
6989a4de10805f5685d6d310,Fiction
6989a4de10805f5685d6d312,Mysticism
6989a4de10805f5685d6d314,Family
6989a4de10805f5685d6d316,Reference
6989a4de10805f5685d6d318,Health
6989a4de10805f5685d6d31a,General
6989a4de10805f5685d6d31b,Body
6989a4de10805f5685d6d31b,Mind
6989a4de10805f5685d6d31d,Fiction
6989a4de10805f5685d6d31f,Fiction
6989a4de10805f5685d6d320,Pets
6989a4de10805f5685d6d322,History
6989a4de10805f5685d6d324,Young Adult Fiction
6989a4de10805f5685d6d325,Biography
6989a4de10805f5685d6d327,Juvenile Fiction
6989a4de10805f5685d6d329,Children's Literature
6989a4de10805f5685d6d32b,General
6989a4de10805f5685d6d32d,Fiction
6989a4de10805f5685d6d32f,History
6989a4de10805f5685d6d331,Expatriation
6989a4de10805f5685d6d333,Gay Men
6989a4de10805f5685d6d334,General
6989a4de10805f5685d6d335,Fiction
6989a4de10805f5685d6d336,Fiction
6989a4de10805f5685d6d338,Juvenile Fiction
6989a4de10805f5685d6d339,Business
6989a4de10805f5685d6d33b,Biography
6989a4de10805f5685d6d33d,Self-help
6989a4de10805f5685d6d33e,Photography
6989a4de10805f5685d6d340,Literary Collections
6989a4de10805f5685d6d341,Fiction
6989a4de10805f5685d6d342,General
6989a4de10805f5685d6d343,Ship Registers
6989a4de10805f5685d6d344,Self-help
6989a4de10805f5685d6d346,Children's Literature
6989a4de10805f5685d6d347,General
6989a4de10805f5685d6d348,Fiction
6989a4de10805f5685d6d34a,General
6989a4de10805f5685d6d34b,Fiction
6989a4de10805f5685d6d34c,General
6989a4de10805f5685d6d34d,Fiction
6989a4de10805f5685d6d34f,Juvenile Fiction
6989a4de10805f5685d6d351,Business
6989a4de10805f5685d6d353,Biography
6989a4de10805f5685d6d354,Poetry
6989a4de10805f5685d6d356,Body
6989a4de10805f5685d6d356,Mind
6989a4de10805f5685d6d358,Biography
6989a4de10805f5685d6d35a,Family
6989a4de10805f5685d6d35c,Business Ethics
6989a4de10805f5685d6d35e,Act Assessment
6989a4de10805f5685d6d35f,Political Science
6989a4de10805f5685d6d361,Photography
6989a4de10805f5685d6d363,Cats
6989a4de10805f5685d6d365,Fiction
6989a4de10805f5685d6d367,Fiction
6989a4de10805f5685d6d368,General
6989a4de10805f5685d6d369,Religion
6989a4de10805f5685d6d36a,General
6989a4de10805f5685d6d36c,Religion
6989a4de10805f5685d6d36d,History
6989a4de10805f5685d6d36f,Fiction
6989a4de10805f5685d6d370,History
6989a4de10805f5685d6d371,Fiction
6989a4de10805f5685d6d372,Brazil
6989a4de10805f5685d6d373,General
6989a4de10805f5685d6d374,Fiction
6989a4de10805f5685d6d376,General
6989a4de10805f5685d6d377,Social Science
6989a4de10805f5685d6d379,General
6989a4de10805f5685d6d37a,Photography
6989a4de10805f5685d6d37b,General
6989a4de10805f5685d6d37d,History
6989a4de10805f5685d6d37e,Self-help
6989a4de10805f5685d6d380,Fiction
6989a4de10805f5685d6d381,Fiction
6989a4de10805f5685d6d383,General
6989a4de10805f5685d6d384,Fiction
6989a4de10805f5685d6d386,Fiction
6989a4de10805f5685d6d387,Cooking
6989a4de10805f5685d6d389,Fiction
6989a4de10805f5685d6d38a,Humor
6989a4de10805f5685d6d38c,General
6989a4de10805f5685d6d38d,Language Arts
6989a4de10805f5685d6d38f,Fiction
6989a4de10805f5685d6d391,General
6989a4de10805f5685d6d393,Education
6989a4de10805f5685d6d395,Manitoba
6989a4de10805f5685d6d397,General
6989a4de10805f5685d6d398,General
6989a4de10805f5685d6d39a,Fiction
6989a4de10805f5685d6d39b,Management
6989a4de10805f5685d6d39d,Christian Saints
6989a4de10805f5685d6d39e,Biography
6989a4de10805f5685d6d39f,Fiction
6989a4de10805f5685d6d3a0,Fiction
6989a4de10805f5685d6d3a2,Executive Departments
6989a4de10805f5685d6d3a4,General
6989a4de10805f5685d6d3a6,General
6989a4de10805f5685d6d3a7,General
6989a4de10805f5685d6d3a9,Juvenile Fiction
6989a4de10805f5685d6d3ab,Drama
6989a4de10805f5685d6d3ad,Fiction
6989a4de10805f5685d6d3ae,True Crime
6989a4de10805f5685d6d3b0,Fiction
6989a4de10805f5685d6d3b1,Cooking
6989a4de10805f5685d6d3b3,Biography
6989a4de10805f5685d6d3b5,Reference
6989a4de10805f5685d6d3b7,Fiction
6989a4de10805f5685d6d3b9,Science
6989a4de10805f5685d6d3bb,General
6989a4de10805f5685d6d3bc,General
6989a4de10805f5685d6d3be,Young Adult Fiction
6989a4de10805f5685d6d3c0,General
6989a4de10805f5685d6d3c1,General
6989a4de10805f5685d6d3c2,Language Arts
6989a4de10805f5685d6d3c4,Fiction
6989a4de10805f5685d6d3c6,Bodyguards
6989a4de10805f5685d6d3c7,Families
6989a4de10805f5685d6d3c8,Social Science
6989a4de10805f5685d6d3ca,Mathematics
6989a4de10805f5685d6d3cc,General
6989a4de10805f5685d6d3ce,Fiction
6989a4de10805f5685d6d3cf,Juvenile Fiction
6989a4de10805f5685d6d3d1,History
6989a4de10805f5685d6d3d3,Medical
6989a4de10805f5685d6d3d5,General
6989a4de10805f5685d6d3d6,General
6989a4de10805f5685d6d3d8,Social Science
6989a4de10805f5685d6d3da,Political Science
6989a4de10805f5685d6d3dc,Science
6989a4de10805f5685d6d3de,Travel
6989a4de10805f5685d6d3e0,Brazil
6989a4de10805f5685d6d3e1,Fiction
6989a4de10805f5685d6d3e3,Fiction
6989a4de10805f5685d6d3e4,Humor
6989a4de10805f5685d6d3e5,Fiction
6989a4de10805f5685d6d3e7,General
6989a4de10805f5685d6d3e8,Biography
6989a4de10805f5685d6d3ea,Education
6989a4de10805f5685d6d3ec,Angels
6989a4de10805f5685d6d3ee,Fiction
6989a4de10805f5685d6d3ef,General
6989a4de10805f5685d6d3f0,General
6989a4de10805f5685d6d3f1,Performing Arts
6989a4de10805f5685d6d3f3,Business
6989a4de10805f5685d6d3f5,Fiction
6989a4de10805f5685d6d3f7,Computers
6989a4de10805f5685d6d3f9,Science
6989a4de10805f5685d6d3fb,Juvenile Fiction
6989a4de10805f5685d6d3fc,Fiction
6989a4de10805f5685d6d3fd,Biography
6989a4de10805f5685d6d3ff,General
6989a4de10805f5685d6d401,History
6989a4de10805f5685d6d403,General
6989a4de10805f5685d6d404,Fiction
6989a4de10805f5685d6d405,Juvenile Nonfiction
6989a4de10805f5685d6d406,American Literature
6989a4de10805f5685d6d407,General
6989a4de10805f5685d6d409,Business
6989a4de10805f5685d6d40b,Biography
6989a4de10805f5685d6d40d,Religion
6989a4de10805f5685d6d40f,General
6989a4de10805f5685d6d411,Fiction
6989a4de10805f5685d6d412,Biography
6989a4de10805f5685d6d414,Pets
6989a4de10805f5685d6d416,Social Science
6989a4de10805f5685d6d418,Detective And Mystery Stories
6989a4de10805f5685d6d419,Crimes Without Victims
6989a4de10805f5685d6d41a,Health
6989a4de10805f5685d6d41c,Juvenile Fiction
6989a4de10805f5685d6d41d,General
6989a4de10805f5685d6d41e,British
6989a4de10805f5685d6d41f,Cooking
6989a4de10805f5685d6d420,Assisi (italy)
6989a4de10805f5685d6d422,Fiction
6989a4de10805f5685d6d423,General
6989a4de10805f5685d6d425,General
6989a4de10805f5685d6d426,Fiction
6989a4de10805f5685d6d428,Fiction
6989a4de10805f5685d6d429,Science Fiction
6989a4de10805f5685d6d42a,General
6989a4de10805f5685d6d42b,Fiction
6989a4de10805f5685d6d42d,General
6989a4de10805f5685d6d42f,Juvenile Fiction
6989a4de10805f5685d6d431,Fiction
6989a4de10805f5685d6d433,Lesbians
6989a4de10805f5685d6d435,Fiction
6989a4de10805f5685d6d436,Biography
6989a4de10805f5685d6d438,Fiction
6989a4de10805f5685d6d43a,Computer Science
6989a4de10805f5685d6d43c,Family
6989a4de10805f5685d6d43e,General
6989a4de10805f5685d6d43f,Fiction
6989a4de10805f5685d6d440,History
6989a4de10805f5685d6d442,English Fiction
6989a4de10805f5685d6d443,Juvenile Fiction
6989a4de10805f5685d6d444,Literary Criticism
6989a4de10805f5685d6d446,Political Science
6989a4de10805f5685d6d447,Fiction
6989a4de10805f5685d6d448,Fiction
6989a4de10805f5685d6d44a,Consumer Goods
6989a4de10805f5685d6d44c,Humor
6989a4de10805f5685d6d44d,General
6989a4de10805f5685d6d44e,Mexican War
6989a4de10805f5685d6d44e,1846-1848
6989a4de10805f5685d6d450,Self-help
6989a4de10805f5685d6d451,General
6989a4de10805f5685d6d452,Business
6989a4de10805f5685d6d453,Nature
6989a4de10805f5685d6d454,History
6989a4de10805f5685d6d456,General
6989a4de10805f5685d6d457,Political Science
6989a4de10805f5685d6d459,Psychology
6989a4de10805f5685d6d45b,Young Adult Fiction
6989a4de10805f5685d6d45d,Social Science
6989a4de10805f5685d6d45f,Business
6989a4de10805f5685d6d461,Fiction
6989a4de10805f5685d6d462,Kissing
6989a4de10805f5685d6d464,Health
6989a4de10805f5685d6d466,Dogs
6989a4de10805f5685d6d467,Family
6989a4de10805f5685d6d469,Music
6989a4de10805f5685d6d46a,Computers
6989a4de10805f5685d6d46c,Fiction
6989a4de10805f5685d6d46e,Psychology
6989a4de10805f5685d6d470,Body
6989a4de10805f5685d6d470,Mind
6989a4de10805f5685d6d472,Fiction
6989a4de10805f5685d6d474,General
6989a4de10805f5685d6d475,General
6989a4de10805f5685d6d476,Cowboys
6989a4de10805f5685d6d478,General
6989a4de10805f5685d6d47a,Fiction
6989a4de10805f5685d6d47c,Political Science
6989a4de10805f5685d6d47e,Books
6989a4de10805f5685d6d47f,Biography
6989a4de10805f5685d6d481,Fiction
6989a4de10805f5685d6d482,General
6989a4de10805f5685d6d483,Drama
6989a4de10805f5685d6d484,Fiction
6989a4de10805f5685d6d485,Biography
6989a4de10805f5685d6d487,General
6989a4de10805f5685d6d488,Juvenile Fiction
6989a4de10805f5685d6d489,Biography
6989a4de10805f5685d6d48b,Fiction
6989a4de10805f5685d6d48c,Fiction
6989a4de10805f5685d6d48d,Fiction
6989a4de10805f5685d6d48e,Fiction
6989a4de10805f5685d6d490,General
6989a4de10805f5685d6d492,General
6989a4de10805f5685d6d494,Body
6989a4de10805f5685d6d494,Mind
6989a4de10805f5685d6d496,Fiction
6989a4de10805f5685d6d497,Gardening
6989a4de10805f5685d6d499,Fiction
6989a4de10805f5685d6d49a,General
6989a4de10805f5685d6d49b,Fiction
6989a4de10805f5685d6d49d,Computers
6989a4de10805f5685d6d49f,Science
6989a4de10805f5685d6d4a1,General
6989a4de10805f5685d6d4a2,Fiction
6989a4de10805f5685d6d4a3,General
6989a4de10805f5685d6d4a4,General
6989a4de10805f5685d6d4a5,General
6989a4de10805f5685d6d4a6,Fiction
6989a4de10805f5685d6d4a8,Juvenile Fiction
6989a4de10805f5685d6d4aa,House
6989a4de10805f5685d6d4ab,Biography
6989a4de10805f5685d6d4ad,Client-centered Psychotherapy
6989a4de10805f5685d6d4af,General
6989a4de10805f5685d6d4b1,Fiction
6989a4de10805f5685d6d4b2,Music
6989a4de10805f5685d6d4b4,General
6989a4de10805f5685d6d4b5,Fiction
6989a4de10805f5685d6d4b7,Performing Arts
6989a4de10805f5685d6d4b9,Reference
6989a4de10805f5685d6d4bb,Fiction
6989a4de10805f5685d6d4bd,Food
6989a4de10805f5685d6d4bf,Fiction
6989a4de10805f5685d6d4c0,History
6989a4de10805f5685d6d4c2,Literary Collections
6989a4de10805f5685d6d4c4,Juvenile Fiction
6989a4de10805f5685d6d4c6,Fiction
6989a4de10805f5685d6d4c7,Juvenile Fiction
6989a4de10805f5685d6d4c8,General
6989a4de10805f5685d6d4c9,Self-help
6989a4de10805f5685d6d4cb,General
6989a4de10805f5685d6d4cc,General
6989a4de10805f5685d6d4cd,Knowledge
6989a4de10805f5685d6d4cd,Theory Of
6989a4de10805f5685d6d4cf,Brothers And Sisters
6989a4de10805f5685d6d4d1,Religion
6989a4de10805f5685d6d4d3,Cookery
6989a4de10805f5685d6d4d3,Italian
6989a4de10805f5685d6d4d5,Congresses And Conventions
6989a4de10805f5685d6d4d6,Juvenile Fiction
6989a4de10805f5685d6d4d7,Motion Picture Industry
6989a4de10805f5685d6d4d9,Fiction
6989a4de10805f5685d6d4da,General
6989a4de10805f5685d6d4dc,Architecture
6989a4de10805f5685d6d4de,Crime
6989a4de10805f5685d6d4e0,Biography
6989a4de10805f5685d6d4e2,Juvenile Nonfiction
6989a4de10805f5685d6d4e4,Fiction
6989a4de10805f5685d6d4e6,Businesspeople
6989a4de10805f5685d6d4e8,Rome
6989a4de10805f5685d6d4ea,Fiction
6989a4de10805f5685d6d4eb,General
6989a4de10805f5685d6d4ec,Etiquette
6989a4de10805f5685d6d4ed,Fiction
6989a4de10805f5685d6d4ef,History
6989a4de10805f5685d6d4f1,Religion
6989a4de10805f5685d6d4f2,Single Mothres
6989a4de10805f5685d6d4f4,New York (n.y.)
6989a4de10805f5685d6d4f5,Fiction
6989a4de10805f5685d6d4f7,Juvenile Fiction
6989a4de10805f5685d6d4f8,Social Science
6989a4de10805f5685d6d4f9,General
6989a4de10805f5685d6d4fa,Fiction
6989a4de10805f5685d6d4fb,Biography
6989a4de10805f5685d6d4fc,Reference
6989a4de10805f5685d6d4fe,Evangelistic Work
6989a4de10805f5685d6d500,History
6989a4de10805f5685d6d502,Arms Race
6989a4de10805f5685d6d504,Fiction
6989a4de10805f5685d6d505,Juvenile Nonfiction
6989a4de10805f5685d6d507,Photography
6989a4de10805f5685d6d509,General
6989a4de10805f5685d6d50a,China
6989a4de10805f5685d6d50b,Cooking
6989a4de10805f5685d6d50d,Fiction
6989a4de10805f5685d6d50f,Fiction
6989a4de10805f5685d6d511,Fiction
6989a4de10805f5685d6d513,Fiction
6989a4de10805f5685d6d514,Nature
6989a4de10805f5685d6d516,Health
6989a4de10805f5685d6d518,Language Arts
6989a4de10805f5685d6d519,Fiction
6989a4de10805f5685d6d51a,General
6989a4de10805f5685d6d51b,General
6989a4de10805f5685d6d51c,Fiction
6989a4de10805f5685d6d51e,General
6989a4de10805f5685d6d51f,General
6989a4de10805f5685d6d520,General
6989a4de10805f5685d6d521,Foreign Language Study
6989a4de10805f5685d6d523,Self-help
6989a4de10805f5685d6d525,Fiction
6989a4de10805f5685d6d526,Biography
6989a4de10805f5685d6d528,Fiction
6989a4de10805f5685d6d52a,Italian American Families
6989a4de10805f5685d6d52b,Fiction
6989a4de10805f5685d6d52c,Nature
6989a4de10805f5685d6d52e,Young Adult Fiction
6989a4de10805f5685d6d530,Fiction
6989a4de10805f5685d6d532,History
6989a4de10805f5685d6d534,Philosophy
6989a4de10805f5685d6d536,Young Adult Fiction
6989a4de10805f5685d6d538,Humor
6989a4de10805f5685d6d53a,History
6989a4de10805f5685d6d53c,Biography
6989a4de10805f5685d6d53e,Fiction
6989a4de10805f5685d6d540,Fiction
6989a4de10805f5685d6d541,Gardening
6989a4de10805f5685d6d543,Foreign Language Study
6989a4de10805f5685d6d545,Fiction
6989a4de10805f5685d6d547,Fiction
6989a4de10805f5685d6d548,Body
6989a4de10805f5685d6d548,Mind
6989a4de10805f5685d6d54a,General
6989a4de10805f5685d6d54b,Nature
6989a4de10805f5685d6d54d,Foreign Language Study
6989a4de10805f5685d6d54f,Belgrade (serbia)
6989a4de10805f5685d6d550,Fiction
6989a4de10805f5685d6d552,Fiction
6989a4de10805f5685d6d554,Juvenile Fiction
6989a4de10805f5685d6d555,Humor
6989a4de10805f5685d6d557,Rock Musicians
6989a4de10805f5685d6d559,General
6989a4de10805f5685d6d55b,Fiction
6989a4de10805f5685d6d55c,Psychoanalysis
6989a4de10805f5685d6d55e,Fiction
6989a4de10805f5685d6d55f,Religion
6989a4de10805f5685d6d561,Body
6989a4de10805f5685d6d561,Mind
6989a4de10805f5685d6d563,General
6989a4de10805f5685d6d564,General
6989a4de10805f5685d6d565,Fiction
6989a4de10805f5685d6d567,Religion
6989a4de10805f5685d6d569,General
6989a4de10805f5685d6d56a,Juvenile Fiction
6989a4de10805f5685d6d56c,Travel
6989a4de10805f5685d6d56e,Fiction
6989a4de10805f5685d6d56f,Fiction
6989a4de10805f5685d6d571,Drama
6989a4de10805f5685d6d573,Cooking
6989a4de10805f5685d6d575,Reference
6989a4de10805f5685d6d577,General
6989a4de10805f5685d6d578,General
6989a4de10805f5685d6d579,Fiction
6989a4de10805f5685d6d57b,Technology
6989a4de10805f5685d6d57d,Fiction
6989a4de10805f5685d6d57e,Biography
6989a4de10805f5685d6d580,Fiction
6989a4de10805f5685d6d581,Health
6989a4de10805f5685d6d583,Business
6989a4de10805f5685d6d585,Film Novelizations
6989a4de10805f5685d6d587,Photography
6989a4de10805f5685d6d589,Religion
6989a4de10805f5685d6d58b,Religion
6989a4de10805f5685d6d58d,Common Fallacies
6989a4de10805f5685d6d58f,African Americans
6989a4de10805f5685d6d591,General
6989a4de10805f5685d6d592,Juvenile Fiction
6989a4de10805f5685d6d594,Business
6989a4de10805f5685d6d596,Detective And Mystery Stories
6989a4de10805f5685d6d597,Children
6989a4de10805f5685d6d598,General
6989a4de10805f5685d6d59a,Fiction
6989a4de10805f5685d6d59c,General
6989a4de10805f5685d6d59d,General
6989a4de10805f5685d6d59e,History
6989a4de10805f5685d6d5a0,Fiction
6989a4de10805f5685d6d5a1,Family
6989a4de10805f5685d6d5a3,Juvenile Fiction
6989a4de10805f5685d6d5a5,Biography
6989a4de10805f5685d6d5a7,General
6989a4de10805f5685d6d5a8,History
6989a4de10805f5685d6d5aa,Freemasonry
6989a4de10805f5685d6d5ac,Fiction
6989a4de10805f5685d6d5ad,English Imprints
6989a4de10805f5685d6d5ae,Social Science
6989a4de10805f5685d6d5b0,General
6989a4de10805f5685d6d5b1,Religion
6989a4de10805f5685d6d5b2,Young Adult Fiction
6989a4de10805f5685d6d5b4,Fiction
6989a4de10805f5685d6d5b6,History
6989a4de10805f5685d6d5b7,Fiction
6989a4de10805f5685d6d5b9,Biography
6989a4de10805f5685d6d5bb,Fiction
6989a4de10805f5685d6d5bc,General
6989a4de10805f5685d6d5bd,Young Adult Fiction
6989a4de10805f5685d6d5be,Juvenile Fiction
6989a4de10805f5685d6d5bf,Popular Music
6989a4de10805f5685d6d5c1,Juvenile Fiction
6989a4de10805f5685d6d5c2,General
6989a4de10805f5685d6d5c3,General
6989a4de10805f5685d6d5c4,Fiction
6989a4de10805f5685d6d5c5,France
6989a4de10805f5685d6d5c7,Fiction
6989a4de10805f5685d6d5c8,Fiction
6989a4de10805f5685d6d5ca,Science
6989a4de10805f5685d6d5cc,Fiction
6989a4de10805f5685d6d5cd,Literary Criticism
6989a4de10805f5685d6d5ce,Detective And Mystery Stories
6989a4de10805f5685d6d5d0,Fiction
6989a4de10805f5685d6d5d1,Science
6989a4de10805f5685d6d5d3,Fiction
6989a4de10805f5685d6d5d4,General
6989a4de10805f5685d6d5d5,Fiction
6989a4de10805f5685d6d5d7,General
6989a4de10805f5685d6d5d8,Fiction
6989a4de10805f5685d6d5d9,Biography
6989a4de10805f5685d6d5db,Family
6989a4de10805f5685d6d5dc,General
6989a4de10805f5685d6d5dd,Fiction
6989a4de10805f5685d6d5df,Hockey Stories
6989a4de10805f5685d6d5e0,General
6989a4de10805f5685d6d5e1,Apologetics
6989a4de10805f5685d6d5e3,Biography
6989a4de10805f5685d6d5e5,Baby Bop (fictitious Character)
6989a4de10805f5685d6d5e7,General
6989a4de10805f5685d6d5e8,Fiction
6989a4de10805f5685d6d5e9,Juvenile Fiction
6989a4de10805f5685d6d5eb,General
6989a4de10805f5685d6d5ec,Social Science
6989a4de10805f5685d6d5ee,Biography
6989a4de10805f5685d6d5ef,History
6989a4de10805f5685d6d5f1,Fiction
6989a4de10805f5685d6d5f2,Philosophy
6989a4de10805f5685d6d5f4,Biography
6989a4de10805f5685d6d5f6,Emblems
6989a4de10805f5685d6d5f8,Lizards
6989a4de10805f5685d6d5fa,Pilgrims (new Plymouth Colony)
6989a4de10805f5685d6d5fc,Fiction
6989a4de10805f5685d6d5fd,Science Fiction
6989a4de10805f5685d6d5fd,American
6989a4de10805f5685d6d5ff,Law
6989a4de10805f5685d6d600,Political Science
6989a4de10805f5685d6d602,Religion
6989a4de10805f5685d6d604,Biography
6989a4de10805f5685d6d606,General
6989a4de10805f5685d6d607,Fiction
6989a4de10805f5685d6d609,Biography
6989a4de10805f5685d6d60b,General
6989a4de10805f5685d6d60c,Friendship
6989a4de10805f5685d6d60d,General
6989a4de10805f5685d6d60f,Drama
6989a4de10805f5685d6d610,Pets
6989a4de10805f5685d6d612,Business
6989a4de10805f5685d6d614,Juvenile Nonfiction
6989a4de10805f5685d6d616,General
6989a4de10805f5685d6d617,General
6989a4de10805f5685d6d618,Poetry
6989a4de10805f5685d6d619,General
6989a4de10805f5685d6d61b,Political Science
6989a4de10805f5685d6d61d,Religion
6989a4de10805f5685d6d61f,Presidents
6989a4de10805f5685d6d620,Fires
6989a4de10805f5685d6d622,Fiction
6989a4de10805f5685d6d623,General
6989a4de10805f5685d6d624,Music
6989a4de10805f5685d6d625,Biography
6989a4de10805f5685d6d627,Fiction
6989a4de10805f5685d6d629,Religion
6989a4de10805f5685d6d62b,Juvenile Fiction
6989a4de10805f5685d6d62d,Self-help
6989a4de10805f5685d6d62e,Juvenile Fiction
6989a4de10805f5685d6d630,Body
6989a4de10805f5685d6d630,Mind
6989a4de10805f5685d6d632,Juvenile Fiction
6989a4de10805f5685d6d634,General
6989a4de10805f5685d6d635,General
6989a4de10805f5685d6d636,Fiction
6989a4de10805f5685d6d638,Juvenile Fiction
6989a4de10805f5685d6d63a,General
6989a4de10805f5685d6d63b,Psychology
6989a4de10805f5685d6d63d,Social Science
6989a4de10805f5685d6d63f,History
6989a4de10805f5685d6d641,General
6989a4de10805f5685d6d642,Fiction
6989a4de10805f5685d6d643,Biography
6989a4de10805f5685d6d645,Seashore
6989a4de10805f5685d6d647,History
6989a4de10805f5685d6d649,Fiction
6989a4de10805f5685d6d64a,Fiction
6989a4de10805f5685d6d64c,Kentucky
6989a4de10805f5685d6d64e,Fiction
6989a4de10805f5685d6d650,Science Fiction
6989a4de10805f5685d6d650,British
6989a4de10805f5685d6d652,General
6989a4de10805f5685d6d654,Performing Arts
6989a4de10805f5685d6d656,Body
6989a4de10805f5685d6d656,Mind
6989a4de10805f5685d6d658,Fiction
6989a4de10805f5685d6d659,Poetry
6989a4de10805f5685d6d65b,Social Science
6989a4de10805f5685d6d65d,Fiction
6989a4de10805f5685d6d65f,Statistics
6989a4de10805f5685d6d661,General
6989a4de10805f5685d6d663,Vampires
6989a4de10805f5685d6d665,General
6989a4de10805f5685d6d666,Fiction
6989a4de10805f5685d6d668,Religion
6989a4de10805f5685d6d669,Fiction
6989a4de10805f5685d6d66b,Juvenile Nonfiction
6989a4de10805f5685d6d66d,Fiction
6989a4de10805f5685d6d66f,General
6989a4de10805f5685d6d670,Transportation
6989a4de10805f5685d6d672,Young Adult Fiction
6989a4de10805f5685d6d674,Social Science
6989a4de10805f5685d6d675,Indians Of North America
6989a4de10805f5685d6d677,General
6989a4de10805f5685d6d679,Juvenile Fiction
6989a4de10805f5685d6d67a,Sports
6989a4de10805f5685d6d67b,Fiction
6989a4de10805f5685d6d67d,Bullies
6989a4de10805f5685d6d67f,Biography
6989a4de10805f5685d6d681,Reference
6989a4de10805f5685d6d683,Fiction
6989a4de10805f5685d6d684,Fiction
6989a4de10805f5685d6d686,Juvenile Nonfiction
6989a4de10805f5685d6d687,General
6989a4de10805f5685d6d688,Love Stories
6989a4de10805f5685d6d689,History
6989a4de10805f5685d6d68b,Science
6989a4de10805f5685d6d68d,Juvenile Fiction
6989a4de10805f5685d6d68e,Bereavement
6989a4de10805f5685d6d68f,General
6989a4de10805f5685d6d690,Fiction
6989a4de10805f5685d6d692,Fiction
6989a4de10805f5685d6d693,Biography
6989a4de10805f5685d6d695,General
6989a4de10805f5685d6d696,Young Adult Fiction
6989a4de10805f5685d6d698,General
6989a4de10805f5685d6d699,Fiction
6989a4de10805f5685d6d69b,Family
6989a4de10805f5685d6d69c,Fiction
6989a4de10805f5685d6d69e,Fiction
6989a4de10805f5685d6d69f,General
6989a4de10805f5685d6d6a0,Juvenile Nonfiction
6989a4de10805f5685d6d6a1,General
6989a4de10805f5685d6d6a2,Los Angeles (calif.)
6989a4de10805f5685d6d6a3,Juvenile Fiction
6989a4de10805f5685d6d6a4,Philosophy
6989a4de10805f5685d6d6a6,Religion
6989a4de10805f5685d6d6a8,Fiction
6989a4de10805f5685d6d6aa,General
6989a4de10805f5685d6d6ab,Social Science
6989a4de10805f5685d6d6ad,General
6989a4de10805f5685d6d6af,Attorneys General
6989a4de10805f5685d6d6b1,General
6989a4de10805f5685d6d6b2,General
6989a4de10805f5685d6d6b3,General
6989a4de10805f5685d6d6b5,Fiction
6989a4de10805f5685d6d6b7,General
6989a4de10805f5685d6d6b8,Consumer Education
6989a4de10805f5685d6d6ba,Sports
6989a4de10805f5685d6d6bb,Nature
6989a4de10805f5685d6d6bd,General
6989a4de10805f5685d6d6be,General
6989a4de10805f5685d6d6bf,History
6989a4de10805f5685d6d6c1,Games
6989a4de10805f5685d6d6c2,Fiction
6989a4de10805f5685d6d6c4,Dwellings
6989a4de10805f5685d6d6c6,Juvenile Fiction
6989a4de10805f5685d6d6c8,Philosophy
6989a4de10805f5685d6d6c9,Childbirth
6989a4de10805f5685d6d6ca,Art
6989a4de10805f5685d6d6cc,General
6989a4de10805f5685d6d6cd,Health
6989a4de10805f5685d6d6cf,Biography
6989a4de10805f5685d6d6d0,Biography
6989a4de10805f5685d6d6d2,Science
6989a4de10805f5685d6d6d4,Cooking
6989a4de10805f5685d6d6d6,Fiction
6989a4de10805f5685d6d6d7,Social Science
6989a4de10805f5685d6d6d9,Architecture
6989a4de10805f5685d6d6db,Art
6989a4de10805f5685d6d6dd,General
6989a4de10805f5685d6d6de,General
6989a4de10805f5685d6d6df,General
6989a4de10805f5685d6d6e1,Fiction
6989a4de10805f5685d6d6e2,Fiction
6989a4de10805f5685d6d6e4,Juvenile Nonfiction
6989a4de10805f5685d6d6e6,Business
6989a4de10805f5685d6d6e7,Juvenile Fiction
6989a4de10805f5685d6d6e9,Juvenile Fiction
6989a4de10805f5685d6d6ea,General
6989a4de10805f5685d6d6eb,Reference
6989a4de10805f5685d6d6ed,Political Science
6989a4de10805f5685d6d6ef,Antisemitism
6989a4de10805f5685d6d6f1,Family
6989a4de10805f5685d6d6f3,Dhtml (document Markup Language)
6989a4de10805f5685d6d6f5,General
6989a4de10805f5685d6d6f6,Fiction
6989a4de10805f5685d6d6f8,Fiction
6989a4de10805f5685d6d6fa,Self-help
6989a4de10805f5685d6d6fc,General
6989a4de10805f5685d6d6fd,Drama
6989a4de10805f5685d6d6fe,Fiction
6989a4de10805f5685d6d700,Juvenile Nonfiction
6989a4de10805f5685d6d702,General
6989a4de10805f5685d6d703,Gardening
6989a4de10805f5685d6d705,Fiction
6989a4de10805f5685d6d706,Fiction
6989a4de10805f5685d6d707,History
6989a4de10805f5685d6d709,Fiction
6989a4de10805f5685d6d70a,General
6989a4de10805f5685d6d70b,General
6989a4de10805f5685d6d70c,General
6989a4de10805f5685d6d70d,General
6989a4de10805f5685d6d70f,General
6989a4de10805f5685d6d711,General
6989a4de10805f5685d6d712,Philosophy
6989a4de10805f5685d6d714,Fiction
6989a4de10805f5685d6d715,Fiction
6989a4de10805f5685d6d716,Fiction
6989a4de10805f5685d6d717,General
6989a4de10805f5685d6d719,Cooking
6989a4de10805f5685d6d71b,History
6989a4de10805f5685d6d71d,General
6989a4de10805f5685d6d71f,General
6989a4de10805f5685d6d721,General
6989a4de10805f5685d6d722,General
6989a4de10805f5685d6d723,Photography
6989a4de10805f5685d6d725,Cooking
6989a4de10805f5685d6d727,Fiction
6989a4de10805f5685d6d728,General
6989a4de10805f5685d6d729,General
6989a4de10805f5685d6d72a,Religion
6989a4de10805f5685d6d72c,Science Fiction
6989a4de10805f5685d6d72e,General
6989a4de10805f5685d6d72f,Juvenile Fiction
6989a4de10805f5685d6d730,English Poetry
6989a4de10805f5685d6d731,Berlin (germany)
6989a4de10805f5685d6d733,Parenting
6989a4de10805f5685d6d735,General
6989a4de10805f5685d6d737,Biography
6989a4de10805f5685d6d738,Catalogs
6989a4de10805f5685d6d738,Union
6989a4de10805f5685d6d739,Fiction
6989a4de10805f5685d6d73a,Performing Arts
6989a4de10805f5685d6d73c,Fiction
6989a4de10805f5685d6d73e,Brandstetter
6989a4de10805f5685d6d73e,Dave (fictitious Character)
6989a4de10805f5685d6d73f,United States
6989a4de10805f5685d6d741,Cuba
6989a4de10805f5685d6d743,Body
6989a4de10805f5685d6d743,Mind
6989a4de10805f5685d6d744,Cooking
6989a4de10805f5685d6d746,General
6989a4de10805f5685d6d747,Family
6989a4de10805f5685d6d749,General
6989a4de10805f5685d6d74a,Social Science
6989a4de10805f5685d6d74c,General
6989a4de10805f5685d6d74d,Fiction
6989a4de10805f5685d6d74e,General
6989a4de10805f5685d6d74f,Fiction
6989a4de10805f5685d6d750,History
6989a4de10805f5685d6d752,Fiction
6989a4de10805f5685d6d753,Foreign Language Study
6989a4de10805f5685d6d754,General
6989a4de10805f5685d6d755,General
6989a4de10805f5685d6d756,General
6989a4de10805f5685d6d757,General
6989a4de10805f5685d6d758,General
6989a4de10805f5685d6d759,General
6989a4de10805f5685d6d75a,History
6989a4de10805f5685d6d75c,Fiction
6989a4de10805f5685d6d75e,Fiction
6989a4de10805f5685d6d760,Fiction
6989a4de10805f5685d6d761,Fiction
6989a4de10805f5685d6d762,Body
6989a4de10805f5685d6d762,Mind
6989a4de10805f5685d6d764,Fiction
6989a4de10805f5685d6d766,Body
6989a4de10805f5685d6d766,Mind
6989a4de10805f5685d6d768,Fiction
6989a4de10805f5685d6d76a,General
6989a4de10805f5685d6d76b,General
6989a4de10805f5685d6d76c,Sports
6989a4de10805f5685d6d76e,Self-help
6989a4de10805f5685d6d770,Technology
6989a4de10805f5685d6d772,History
6989a4de10805f5685d6d773,Business
6989a4de10805f5685d6d775,Philosophy
6989a4de10805f5685d6d777,Juvenile Fiction
6989a4de10805f5685d6d779,Juvenile Nonfiction
6989a4de10805f5685d6d77a,Political Science
6989a4de10805f5685d6d77c,Business
6989a4de10805f5685d6d77d,General
6989a4de10805f5685d6d77e,Social Science
6989a4de10805f5685d6d780,Fiction
6989a4de10805f5685d6d782,General
6989a4de10805f5685d6d783,Fiction
6989a4de10805f5685d6d785,Science
6989a4de10805f5685d6d787,Health
6989a4de10805f5685d6d789,Art
6989a4de10805f5685d6d78b,Horror
6989a4de10805f5685d6d78d,General
6989a4de10805f5685d6d78f,Comics
6989a4de10805f5685d6d791,Union Catalogs
6989a4de10805f5685d6d792,Health
6989a4de10805f5685d6d793,American Literature
6989a4de10805f5685d6d795,Social Science
6989a4de10805f5685d6d797,Religion
6989a4de10805f5685d6d799,Friendship
6989a4de10805f5685d6d79a,General
6989a4de10805f5685d6d79b,General
6989a4de10805f5685d6d79c,Gardening
6989a4de10805f5685d6d79e,Fiction
6989a4de10805f5685d6d7a0,Social Science
6989a4de10805f5685d6d7a2,General
6989a4de10805f5685d6d7a3,Body
6989a4de10805f5685d6d7a3,Mind
6989a4de10805f5685d6d7a5,Fiction
6989a4de10805f5685d6d7a7,Fiction
6989a4de10805f5685d6d7a8,Family
6989a4de10805f5685d6d7aa,Fiction
6989a4de10805f5685d6d7ab,General
6989a4de10805f5685d6d7ad,Fiction
6989a4de10805f5685d6d7af,Mathematics
6989a4de10805f5685d6d7b1,Bands (music)
6989a4de10805f5685d6d7b3,Fiction
6989a4de10805f5685d6d7b5,General
6989a4de10805f5685d6d7b6,Sports
6989a4de10805f5685d6d7b8,Biography
6989a4de10805f5685d6d7ba,Fiction
6989a4de10805f5685d6d7bb,Fiction
6989a4de10805f5685d6d7bc,General
6989a4de10805f5685d6d7bd,Juvenile Nonfiction
6989a4de10805f5685d6d7be,Angkor (extinct City)
6989a4de10805f5685d6d7c0,Juvenile Nonfiction
6989a4de10805f5685d6d7c2,Fiction
6989a4de10805f5685d6d7c3,Juvenile Fiction
6989a4de10805f5685d6d7c4,Reading
6989a4de10805f5685d6d7c6,Ghost Stories
6989a4de10805f5685d6d7c7,Power (social Sciences)
6989a4de10805f5685d6d7c9,Religion
6989a4de10805f5685d6d7cb,Problem Children
6989a4de10805f5685d6d7cd,Crafts
6989a4de10805f5685d6d7cf,Fiction
6989a4de10805f5685d6d7d0,Fiction
6989a4de10805f5685d6d7d1,Body
6989a4de10805f5685d6d7d1,Mind
6989a4de10805f5685d6d7d3,General
6989a4de10805f5685d6d7d4,Self-help
6989a4de10805f5685d6d7d6,Education
6989a4de10805f5685d6d7d8,Fiction
6989a4de10805f5685d6d7da,General
6989a4de10805f5685d6d7db,Fiction
6989a4de10805f5685d6d7dc,Cooking
6989a4de10805f5685d6d7de,Bibles
6989a4de10805f5685d6d7e0,Biography
6989a4de10805f5685d6d7e2,History
6989a4de10805f5685d6d7e4,Psychology
6989a4de10805f5685d6d7e5,Biography
6989a4de10805f5685d6d7e7,Fiction
6989a4de10805f5685d6d7e9,Juvenile Fiction
6989a4de10805f5685d6d7ea,Christian Life
6989a4de10805f5685d6d7eb,General
6989a4de10805f5685d6d7ec,Religion
6989a4de10805f5685d6d7ee,Juvenile Nonfiction
6989a4de10805f5685d6d7f0,General
6989a4de10805f5685d6d7f2,Biography
6989a4de10805f5685d6d7f4,Computers
6989a4de10805f5685d6d7f6,General
6989a4de10805f5685d6d7f7,General
6989a4de10805f5685d6d7f8,Art
6989a4de10805f5685d6d7fa,Fiction
6989a4de10805f5685d6d7fc,General
6989a4de10805f5685d6d7fd,Fiction
6989a4de10805f5685d6d7ff,Fiction
6989a4de10805f5685d6d800,Religion
6989a4de10805f5685d6d802,Fiction
6989a4de10805f5685d6d804,Religion
6989a4de10805f5685d6d806,Billionaires
6989a4de10805f5685d6d807,American Wit And Humor
6989a4de10805f5685d6d808,Audiobooks
6989a4de10805f5685d6d809,Architecture
6989a4de10805f5685d6d80a,Fiction
6989a4de10805f5685d6d80b,Children's Stories
6989a4de10805f5685d6d80d,Fiction
6989a4de10805f5685d6d80e,Fiction
6989a4de10805f5685d6d810,History
6989a4de10805f5685d6d812,General
6989a4de10805f5685d6d813,Body
6989a4de10805f5685d6d813,Mind
6989a4de10805f5685d6d815,Religion
6989a4de10805f5685d6d817,Family
6989a4de10805f5685d6d818,History
6989a4de10805f5685d6d81a,Nature
6989a4de10805f5685d6d81c,General
6989a4de10805f5685d6d81d,Juvenile Fiction
6989a4de10805f5685d6d81f,Pets
6989a4de10805f5685d6d821,General
6989a4de10805f5685d6d822,Fiction
6989a4de10805f5685d6d824,General
6989a4de10805f5685d6d825,Self-help
6989a4de10805f5685d6d827,Social Science
6989a4de10805f5685d6d829,Family
6989a4de10805f5685d6d82b,Social Science
6989a4de10805f5685d6d82d,Social Science
6989a4de10805f5685d6d82f,Biography
6989a4de10805f5685d6d831,Celebrities
6989a4de10805f5685d6d833,History
6989a4de10805f5685d6d835,Juvenile Nonfiction
6989a4de10805f5685d6d836,Fiction
6989a4de10805f5685d6d838,Biography
6989a4de10805f5685d6d83a,History
6989a4de10805f5685d6d83c,Education
6989a4de10805f5685d6d83e,Literary Criticism
6989a4de10805f5685d6d840,Young Adult Fiction
6989a4de10805f5685d6d842,Social Science
6989a4de10805f5685d6d843,Fiction
6989a4de10805f5685d6d844,Fiction
6989a4de10805f5685d6d845,General
6989a4de10805f5685d6d846,Music
6989a4de10805f5685d6d848,Fiction
6989a4de10805f5685d6d849,General
6989a4de10805f5685d6d84a,Gardening
6989a4de10805f5685d6d84c,General
6989a4de10805f5685d6d84d,Travel
6989a4de10805f5685d6d84f,Education
6989a4de10805f5685d6d851,General
6989a4de10805f5685d6d852,Fiction
6989a4de10805f5685d6d853,Fiction
6989a4de10805f5685d6d854,Philosophy
6989a4de10805f5685d6d856,Technology
6989a4de10805f5685d6d858,Language Arts
6989a4de10805f5685d6d85a,Great Britain
6989a4de10805f5685d6d85c,General
6989a4de10805f5685d6d85e,Juvenile Fiction
6989a4de10805f5685d6d860,History
6989a4de10805f5685d6d861,Social Science
6989a4de10805f5685d6d863,Names
6989a4de10805f5685d6d863,Personal
6989a4de10805f5685d6d865,Medical
6989a4de10805f5685d6d867,Political Science
6989a4de10805f5685d6d869,Biography
6989a4de10805f5685d6d86b,Juvenile Nonfiction
6989a4de10805f5685d6d86d,Fiction
6989a4de10805f5685d6d86f,General
6989a4de10805f5685d6d870,Microeconomics
6989a4de10805f5685d6d872,True Crime
6989a4de10805f5685d6d873,Psychology
6989a4de10805f5685d6d875,General
6989a4de10805f5685d6d876,General
6989a4de10805f5685d6d877,General
6989a4de10805f5685d6d878,Political Science
6989a4de10805f5685d6d87a,Light
6989a4de10805f5685d6d87c,Nature
6989a4de10805f5685d6d87e,Biography
6989a4de10805f5685d6d880,General
6989a4de10805f5685d6d882,Religion
6989a4de10805f5685d6d884,Fiction
6989a4de10805f5685d6d886,Drama
6989a4de10805f5685d6d888,Juvenile Fiction
6989a4de10805f5685d6d88a,Fiction
6989a4de10805f5685d6d88c,Philosophy
6989a4de10805f5685d6d88e,General
6989a4de10805f5685d6d88f,Music
6989a4de10805f5685d6d891,Fiction
6989a4de10805f5685d6d893,Juvenile Nonfiction
6989a4de10805f5685d6d894,Religion
6989a4de10805f5685d6d896,Sports
6989a4de10805f5685d6d898,General
6989a4de10805f5685d6d899,General
6989a4de10805f5685d6d89a,General
6989a4de10805f5685d6d89b,Businesswomen
6989a4de10805f5685d6d89d,Family
6989a4de10805f5685d6d89f,Language Arts
6989a4de10805f5685d6d8a1,Performing Arts
6989a4de10805f5685d6d8a3,Biography
6989a4de10805f5685d6d8a5,Christian Ethics
6989a4de10805f5685d6d8a7,Poetry
6989a4de10805f5685d6d8a8,General
6989a4de10805f5685d6d8a9,Fiction
6989a4de10805f5685d6d8ab,Business
6989a4de10805f5685d6d8ad,General
6989a4de10805f5685d6d8ae,Fiction
6989a4de10805f5685d6d8af,Photography
6989a4de10805f5685d6d8b1,General
6989a4de10805f5685d6d8b3,General
6989a4de10805f5685d6d8b5,General
6989a4de10805f5685d6d8b6,Church And State
6989a4de10805f5685d6d8b8,General
6989a4de10805f5685d6d8b9,True Crime
6989a4de10805f5685d6d8bb,True Crime
6989a4de10805f5685d6d8bc,History
6989a4de10805f5685d6d8be,Religion
6989a4de10805f5685d6d8c0,General
6989a4de10805f5685d6d8c1,Religion
6989a4de10805f5685d6d8c3,Juvenile Fiction
6989a4de10805f5685d6d8c4,Computers
6989a4de10805f5685d6d8c6,Motion Pictures
6989a4de10805f5685d6d8c8,Science Fiction
6989a4de10805f5685d6d8c8,American
6989a4de10805f5685d6d8c9,Fiction
6989a4de10805f5685d6d8cb,Juvenile Fiction
6989a4de10805f5685d6d8cd,History
6989a4de10805f5685d6d8cf,Hope
6989a4de10805f5685d6d8d1,Families
6989a4de10805f5685d6d8d3,General
6989a4de10805f5685d6d8d4,General
6989a4de10805f5685d6d8d6,General
6989a4de10805f5685d6d8d7,Fiction
6989a4de10805f5685d6d8d9,History
6989a4de10805f5685d6d8db,Ghosts
6989a4de10805f5685d6d8dd,Nature
6989a4de10805f5685d6d8de,World War
6989a4de10805f5685d6d8de,1939-1945
6989a4de10805f5685d6d8e0,Betrayal
6989a4de10805f5685d6d8e1,Juvenile Fiction
6989a4de10805f5685d6d8e2,General
6989a4de10805f5685d6d8e3,General
6989a4de10805f5685d6d8e4,Fiction
6989a4de10805f5685d6d8e5,Government Publications
6989a4de10805f5685d6d8e7,Computers
6989a4de10805f5685d6d8e9,Mongolia
6989a4de10805f5685d6d8eb,Islam
6989a4de10805f5685d6d8ed,General
6989a4de10805f5685d6d8ee,Fiction
6989a4de10805f5685d6d8ef,General
6989a4de10805f5685d6d8f1,Medical
6989a4de10805f5685d6d8f3,General
6989a4de10805f5685d6d8f4,Juvenile Nonfiction
6989a4de10805f5685d6d8f6,Religion
6989a4de10805f5685d6d8f7,Fiction
6989a4de10805f5685d6d8f8,Cooking
6989a4de10805f5685d6d8fa,General
6989a4de10805f5685d6d8fb,Travel
6989a4de10805f5685d6d8fd,Social Science
6989a4de10805f5685d6d8ff,Fiction
6989a4de10805f5685d6d900,General
6989a4de10805f5685d6d902,General
6989a4de10805f5685d6d903,Cooking
6989a4de10805f5685d6d905,Humor
6989a4de10805f5685d6d907,Fiction
6989a4de10805f5685d6d908,Fiction
6989a4de10805f5685d6d90a,Drama
6989a4de10805f5685d6d90c,General
6989a4de10805f5685d6d90d,Self-help
6989a4de10805f5685d6d90e,Fiction
6989a4de10805f5685d6d90f,Nature
6989a4de10805f5685d6d911,Fiction
6989a4de10805f5685d6d912,Fiction
6989a4de10805f5685d6d913,Juvenile Fiction
6989a4de10805f5685d6d914,Comics
6989a4de10805f5685d6d916,General
6989a4de10805f5685d6d917,General
6989a4de10805f5685d6d918,General
6989a4de10805f5685d6d919,Religion
6989a4de10805f5685d6d91b,Fiction
6989a4de10805f5685d6d91d,Self-help
6989a4de10805f5685d6d91e,Fiction
6989a4de10805f5685d6d91f,Fiction
6989a4de10805f5685d6d920,Biography
6989a4de10805f5685d6d922,Cooking
6989a4de10805f5685d6d924,Juvenile Fiction
6989a4de10805f5685d6d925,Literary Collections
6989a4de10805f5685d6d926,House
6989a4de10805f5685d6d928,Fiction
6989a4de10805f5685d6d92a,Juvenile Nonfiction
6989a4de10805f5685d6d92b,Biography
6989a4de10805f5685d6d92d,Fiction
6989a4de10805f5685d6d92f,Juvenile Nonfiction
6989a4de10805f5685d6d931,Fiction
6989a4de10805f5685d6d932,Fiction
6989a4de10805f5685d6d933,General
6989a4de10805f5685d6d934,Biography
6989a4de10805f5685d6d936,Biography
6989a4de10805f5685d6d938,Travel
6989a4de10805f5685d6d93a,General
6989a4de10805f5685d6d93c,General
6989a4de10805f5685d6d93d,Fiction
6989a4de10805f5685d6d93e,Education
6989a4de10805f5685d6d940,Biography
6989a4de10805f5685d6d942,Feminism And Music
6989a4de10805f5685d6d943,Poetry
6989a4de10805f5685d6d945,Fiction
6989a4de10805f5685d6d946,Juvenile Nonfiction
6989a4de10805f5685d6d947,Religion
6989a4de10805f5685d6d949,Political Science
6989a4de10805f5685d6d94a,Religion
6989a4de10805f5685d6d94c,General
6989a4de10805f5685d6d94e,Religion
6989a4de10805f5685d6d950,General
6989a4de10805f5685d6d951,Fiction
6989a4de10805f5685d6d953,General
6989a4de10805f5685d6d954,Short Stories
6989a4de10805f5685d6d954,English
6989a4de10805f5685d6d956,General
6989a4de10805f5685d6d958,Fiction
6989a4de10805f5685d6d959,Social Science
6989a4de10805f5685d6d95b,Bicycles
6989a4de10805f5685d6d95c,Travel
6989a4de10805f5685d6d95e,Children
6989a4de10805f5685d6d960,Fiction
6989a4de10805f5685d6d961,Juvenile Nonfiction
6989a4de10805f5685d6d963,Biography
6989a4de10805f5685d6d965,Fiction
6989a4de10805f5685d6d967,Normandy (france)
6989a4de10805f5685d6d968,Fiction
6989a4de10805f5685d6d969,General
6989a4de10805f5685d6d96a,General
6989a4de10805f5685d6d96b,Comics
6989a4de10805f5685d6d96d,General
6989a4de10805f5685d6d96e,English Fiction
6989a4de10805f5685d6d96f,Nature
6989a4de10805f5685d6d971,Fiction
6989a4de10805f5685d6d973,Italian Fiction
6989a4de10805f5685d6d975,Biography
6989a4de10805f5685d6d977,Gynecologists
6989a4de10805f5685d6d979,Fiction
6989a4de10805f5685d6d97b,Photography
6989a4de10805f5685d6d97d,Sports
6989a4de10805f5685d6d97e,Fiction
6989a4de10805f5685d6d97f,Biography
6989a4de10805f5685d6d981,General
6989a4de10805f5685d6d982,House
6989a4de10805f5685d6d984,Fiction
6989a4de10805f5685d6d985,Fiction
6989a4de10805f5685d6d987,Performing Arts
6989a4de10805f5685d6d989,Beauty
6989a4de10805f5685d6d989,Personal
6989a4de10805f5685d6d98b,Biography
6989a4de10805f5685d6d98d,Animal Rights Activists
6989a4de10805f5685d6d98e,Pets
6989a4de10805f5685d6d990,Sports
6989a4de10805f5685d6d992,Juvenile Nonfiction
6989a4de10805f5685d6d994,Authors
6989a4de10805f5685d6d994,American
6989a4de10805f5685d6d996,General
6989a4de10805f5685d6d997,Juvenile Fiction
6989a4de10805f5685d6d998,General
6989a4de10805f5685d6d999,Fiction
6989a4de10805f5685d6d99a,Travel
6989a4de10805f5685d6d99c,Art
6989a4de10805f5685d6d99e,Fiction
6989a4de10805f5685d6d9a0,Literary Collections
6989a4de10805f5685d6d9a2,General
6989a4de10805f5685d6d9a3,Psychology
6989a4de10805f5685d6d9a5,Audiobooks
6989a4de10805f5685d6d9a6,Tennis
6989a4de10805f5685d6d9a8,Biography
6989a4de10805f5685d6d9aa,Young Adult Nonfiction
6989a4de10805f5685d6d9ac,Fiction
6989a4de10805f5685d6d9ae,Fiction
6989a4de10805f5685d6d9af,Juvenile Fiction
6989a4de10805f5685d6d9b0,Fiction
6989a4de10805f5685d6d9b1,General
6989a4de10805f5685d6d9b3,Self-help
6989a4de10805f5685d6d9b5,General
6989a4de10805f5685d6d9b6,Juvenile Nonfiction
6989a4de10805f5685d6d9b8,General
6989a4de10805f5685d6d9b9,Psychology
6989a4de10805f5685d6d9bb,Educartion-parents-participation--united States
6989a4de10805f5685d6d9bd,Fiction
6989a4de10805f5685d6d9bf,Religion
6989a4de10805f5685d6d9c0,History
6989a4de10805f5685d6d9c2,Congresses And Conventions
6989a4de10805f5685d6d9c4,Law
6989a4de10805f5685d6d9c6,Fiction
6989a4de10805f5685d6d9c8,Historical Fiction
6989a4de10805f5685d6d9c8,American
6989a4de10805f5685d6d9ca,Australia
6989a4de10805f5685d6d9cc,Large Type Books
6989a4de10805f5685d6d9ce,General
6989a4de10805f5685d6d9cf,General
6989a4de10805f5685d6d9d1,Television
6989a4de10805f5685d6d9d3,Language Arts
6989a4de10805f5685d6d9d5,General
6989a4de10805f5685d6d9d6,Fiction
6989a4de10805f5685d6d9d7,Fiction
6989a4de10805f5685d6d9d9,Religion
6989a4de10805f5685d6d9db,Medical
6989a4de10805f5685d6d9dd,Indic Fiction (english)
6989a4de10805f5685d6d9df,Comics
6989a4de10805f5685d6d9e0,Art
6989a4de10805f5685d6d9e2,Juvenile Fiction
6989a4de10805f5685d6d9e4,Fiction
6989a4de10805f5685d6d9e6,Juvenile Fiction
6989a4de10805f5685d6d9e8,Fiction
6989a4de10805f5685d6d9ea,Juvenile Nonfiction
6989a4de10805f5685d6d9eb,General
6989a4de10805f5685d6d9ec,Religion
6989a4de10805f5685d6d9ee,Children's Literature
6989a4de10805f5685d6d9ee,English
6989a4de10805f5685d6d9ef,Language Arts
6989a4de10805f5685d6d9f1,Foreign Language Study
6989a4de10805f5685d6d9f2,Cornwall (england : County)
6989a4de10805f5685d6d9f4,Self-help
6989a4de10805f5685d6d9f6,Fiction
6989a4de10805f5685d6d9f7,Fiction
6989a4de10805f5685d6d9f9,General
6989a4de10805f5685d6d9fb,Self-help
6989a4de10805f5685d6d9fc,General
6989a4de10805f5685d6d9fe,Fiction
6989a4de10805f5685d6da00,Juvenile Nonfiction
6989a4de10805f5685d6da02,General
6989a4de10805f5685d6da03,General
6989a4de10805f5685d6da04,Detective And Mystery Stories
6989a4de10805f5685d6da05,General
6989a4de10805f5685d6da06,Juvenile Fiction
6989a4de10805f5685d6da07,Fiction
6989a4de10805f5685d6da08,Fiction
6989a4de10805f5685d6da09,Fiction
6989a4de10805f5685d6da0a,General
6989a4de10805f5685d6da0b,Political Science
6989a4de10805f5685d6da0d,General
6989a4de10805f5685d6da0f,Biography
6989a4de10805f5685d6da11,Carnivals
6989a4de10805f5685d6da13,Social Science
6989a4de10805f5685d6da15,Art
6989a4de10805f5685d6da17,Antiques
6989a4de10805f5685d6da18,Juvenile Fiction
6989a4de10805f5685d6da1a,Juvenile Fiction
6989a4de10805f5685d6da1b,Fiction
6989a4de10805f5685d6da1c,Relativity (physics)
6989a4de10805f5685d6da1d,Juvenile Fiction
6989a4de10805f5685d6da1e,General
6989a4de10805f5685d6da20,Berlin Wall
6989a4de10805f5685d6da20,Berlin
6989a4de10805f5685d6da20,Germany
6989a4de10805f5685d6da22,Indonesia
6989a4de10805f5685d6da24,General
6989a4de10805f5685d6da25,Fiction
6989a4de10805f5685d6da26,History
6989a4de10805f5685d6da28,Social Science
6989a4de10805f5685d6da2a,Edible Landscaping
6989a4de10805f5685d6da2c,General
6989a4de10805f5685d6da2d,General
6989a4de10805f5685d6da2e,General
6989a4de10805f5685d6da2f,General
6989a4de10805f5685d6da30,Russia
6989a4de10805f5685d6da32,General
6989a4de10805f5685d6da33,True Crime
6989a4de10805f5685d6da35,General
6989a4de10805f5685d6da37,General
6989a4de10805f5685d6da38,Fiction
6989a4de10805f5685d6da3a,Fiction
6989a4de10805f5685d6da3c,General
6989a4de10805f5685d6da3d,High School Students
6989a4de10805f5685d6da3f,History
6989a4de10805f5685d6da41,Literary Collections
6989a4de10805f5685d6da43,General
6989a4de10805f5685d6da44,Philosophy
6989a4de10805f5685d6da45,General
6989a4de10805f5685d6da46,General
6989a4de10805f5685d6da48,Drama
6989a4de10805f5685d6da49,General
6989a4de10805f5685d6da4b,General
6989a4de10805f5685d6da4c,General
6989a4de10805f5685d6da4d,Juvenile Fiction
6989a4de10805f5685d6da4f,General
6989a4de10805f5685d6da50,Education
6989a4de10805f5685d6da51,Biography
6989a4de10805f5685d6da52,Fiction
6989a4de10805f5685d6da54,Psychology
6989a4de10805f5685d6da56,Poetry
6989a4de10805f5685d6da58,Fiction
6989a4de10805f5685d6da59,Juvenile Fiction
6989a4de10805f5685d6da5b,General
6989a4de10805f5685d6da5c,History
6989a4de10805f5685d6da5e,Fiction
6989a4de10805f5685d6da5f,Juvenile Fiction
6989a4de10805f5685d6da61,Fiction
6989a4de10805f5685d6da62,Art
6989a4de10805f5685d6da64,Crafts
6989a4de10805f5685d6da66,Philosophy
6989a4de10805f5685d6da68,Fiction
6989a4de10805f5685d6da69,Religion
6989a4de10805f5685d6da6b,House
6989a4de10805f5685d6da6d,Astrology
6989a4de10805f5685d6da6f,Religion
6989a4de10805f5685d6da71,Literary Criticism
6989a4de10805f5685d6da73,Juvenile Fiction
6989a4de10805f5685d6da75,Fiction
6989a4de10805f5685d6da77,Discoveries In Geography
6989a4de10805f5685d6da79,Fiction
6989a4de10805f5685d6da7a,Animal Welfare
6989a4de10805f5685d6da7b,Business
6989a4de10805f5685d6da7d,Fiction
6989a4de10805f5685d6da7f,Literary Criticism
6989a4de10805f5685d6da81,Cattle
6989a4de10805f5685d6da83,Biography
6989a4de10805f5685d6da85,Design
6989a4de10805f5685d6da87,Abolitionists
6989a4de10805f5685d6da89,Fiction
6989a4de10805f5685d6da8b,General
6989a4de10805f5685d6da8d,Fiction
6989a4de10805f5685d6da8e,Language Arts
6989a4de10805f5685d6da90,General
6989a4de10805f5685d6da92,Reference
6989a4de10805f5685d6da94,General
6989a4de10805f5685d6da95,Games
6989a4de10805f5685d6da96,Fiction
6989a4de10805f5685d6da98,Domestic Fiction
6989a4de10805f5685d6da99,General
6989a4de10805f5685d6da9a,General
6989a4de10805f5685d6da9b,Evangelistic Sermons
6989a4de10805f5685d6da9c,Family
6989a4de10805f5685d6da9e,German Language
6989a4de10805f5685d6daa0,General
6989a4de10805f5685d6daa2,Fiction
6989a4de10805f5685d6daa4,Business
6989a4de10805f5685d6daa6,Self-help
6989a4de10805f5685d6daa8,Juvenile Fiction
6989a4de10805f5685d6daa9,General
6989a4de10805f5685d6daaa,Fiction
6989a4de10805f5685d6daab,General
6989a4de10805f5685d6daac,Juvenile Fiction
6989a4de10805f5685d6daae,Social Science
6989a4de10805f5685d6dab0,Hatha Yoga
6989a4de10805f5685d6dab2,General
6989a4de10805f5685d6dab3,Juvenile Fiction
6989a4de10805f5685d6dab5,Fiction
6989a4de10805f5685d6dab6,Fiction
6989a4de10805f5685d6dab8,Manners And Customs
6989a4de10805f5685d6daba,Health
6989a4de10805f5685d6dabc,Russia
6989a4de10805f5685d6dabd,Sculptors
6989a4de10805f5685d6dabf,Games
6989a4de10805f5685d6dac1,Occult Fiction
6989a4de10805f5685d6dac3,Sisters
6989a4de10805f5685d6dac5,Fiction
6989a4de10805f5685d6dac6,Business
6989a4de10805f5685d6dac7,Body
6989a4de10805f5685d6dac7,Mind
6989a4de10805f5685d6dac9,Fiction
6989a4de10805f5685d6dacb,General
6989a4de10805f5685d6dacc,Alhambra (granada
6989a4de10805f5685d6dacc,Spain)
6989a4de10805f5685d6dacd,Biography
6989a4de10805f5685d6dacf,Fiction
6989a4de10805f5685d6dad0,Fiction
6989a4de10805f5685d6dad2,Country Life
6989a4de10805f5685d6dad3,Religion
6989a4de10805f5685d6dad5,Self-help
6989a4de10805f5685d6dad7,Religion
6989a4de10805f5685d6dad9,History
6989a4de10805f5685d6dadb,General
6989a4de10805f5685d6dadc,General
6989a4de10805f5685d6dadd,Fiction
6989a4de10805f5685d6dadf,Fiction
6989a4de10805f5685d6dae0,Bibles
6989a4de10805f5685d6dae1,General
6989a4de10805f5685d6dae2,General
6989a4de10805f5685d6dae4,General
6989a4de10805f5685d6dae5,Reference
6989a4de10805f5685d6dae7,Fiction
6989a4de10805f5685d6dae8,Mysticism
6989a4de10805f5685d6dae9,Art
6989a4de10805f5685d6daeb,Body
6989a4de10805f5685d6daeb,Mind
6989a4de10805f5685d6daed,Graphic Novels
6989a4de10805f5685d6daee,General
6989a4de10805f5685d6daef,General
6989a4de10805f5685d6daf0,General
6989a4de10805f5685d6daf2,General
6989a4de10805f5685d6daf3,Fiction
6989a4de10805f5685d6daf4,Fiction
6989a4de10805f5685d6daf5,Art
6989a4de10805f5685d6daf7,General
6989a4de10805f5685d6daf8,General
6989a4de10805f5685d6daf9,Religion
6989a4de10805f5685d6dafa,Biography
6989a4de10805f5685d6dafc,History
6989a4de10805f5685d6dafd,History
6989a4de10805f5685d6dafe,Fiction
6989a4de10805f5685d6daff,Poetry
6989a4de10805f5685d6db00,General
6989a4de10805f5685d6db02,History
6989a4de10805f5685d6db04,Reference
6989a4de10805f5685d6db06,Art
6989a4de10805f5685d6db08,Fiction
6989a4de10805f5685d6db0a,Juvenile Nonfiction
6989a4de10805f5685d6db0b,Art
6989a4de10805f5685d6db0d,Fiction
6989a4de10805f5685d6db0e,Biography
6989a4de10805f5685d6db10,General
6989a4de10805f5685d6db12,Indians Of North America
6989a4de10805f5685d6db14,Body
6989a4de10805f5685d6db14,Mind
6989a4de10805f5685d6db16,Biography
6989a4de10805f5685d6db17,Fiction
6989a4de10805f5685d6db19,Religion
6989a4de10805f5685d6db1b,Fiction
6989a4de10805f5685d6db1d,Children's Poetry
6989a4de10805f5685d6db1e,Health
6989a4de10805f5685d6db20,General
6989a4de10805f5685d6db21,Fiction
6989a4de10805f5685d6db22,Drama
6989a4de10805f5685d6db24,General
6989a4de10805f5685d6db25,General
6989a4de10805f5685d6db26,Education
6989a4de10805f5685d6db28,Religion
6989a4de10805f5685d6db2a,General
6989a4de10805f5685d6db2b,Juvenile Fiction
6989a4de10805f5685d6db2c,History
6989a4de10805f5685d6db2e,True Crime
6989a4de10805f5685d6db30,Travel
6989a4de10805f5685d6db32,Self-help
6989a4de10805f5685d6db34,Literary Criticism
6989a4de10805f5685d6db35,General
6989a4de10805f5685d6db36,Hinduism
6989a4de10805f5685d6db38,Literary Criticism
6989a4de10805f5685d6db3a,Medical
6989a4de10805f5685d6db3c,Religion
6989a4de10805f5685d6db3e,Religion
6989a4de10805f5685d6db3f,Fiction
6989a4de10805f5685d6db41,Fiction
6989a4de10805f5685d6db42,Editions
6989a4de10805f5685d6db43,General
6989a4de10805f5685d6db44,General
6989a4de10805f5685d6db45,Fiction
6989a4de10805f5685d6db47,Social Science
6989a4de10805f5685d6db49,Fiction
6989a4de10805f5685d6db4b,Computers
6989a4de10805f5685d6db4d,Fiction
6989a4de10805f5685d6db4e,Fiction
6989a4de10805f5685d6db50,General
6989a4de10805f5685d6db51,Foreign Language Study
6989a4de10805f5685d6db53,Fiction
6989a4de10805f5685d6db55,Christian Life
6989a4de10805f5685d6db57,Body
6989a4de10805f5685d6db57,Mind
6989a4de10805f5685d6db59,General
6989a4de10805f5685d6db5a,Social Science
6989a4de10805f5685d6db5c,History
6989a4de10805f5685d6db5e,Juvenile Nonfiction
6989a4de10805f5685d6db60,Fiction
6989a4de10805f5685d6db61,Education
6989a4de10805f5685d6db63,Design
6989a4de10805f5685d6db65,Humor
6989a4de10805f5685d6db67,Gardening
6989a4de10805f5685d6db69,Fiction
6989a4de10805f5685d6db6a,General
6989a4de10805f5685d6db6b,General
6989a4de10805f5685d6db6c,Biography
6989a4de10805f5685d6db6e,American Poetry
6989a4de10805f5685d6db70,Fiction
6989a4de10805f5685d6db71,General
6989a4de10805f5685d6db73,Language Arts
6989a4de10805f5685d6db75,Pets
6989a4de10805f5685d6db77,History
6989a4de10805f5685d6db79,Fiction
6989a4de10805f5685d6db7a,General
6989a4de10805f5685d6db7b,Fiction
6989a4de10805f5685d6db7d,Fiction
6989a4de10805f5685d6db7f,Family
6989a4de10805f5685d6db80,Fantasy Fiction
6989a4de10805f5685d6db82,General
6989a4de10805f5685d6db84,Fiction
6989a4de10805f5685d6db86,General
6989a4de10805f5685d6db87,Juvenile Fiction
6989a4de10805f5685d6db89,History
6989a4de10805f5685d6db8b,Fiction
6989a4de10805f5685d6db8d,Language Arts
6989a4de10805f5685d6db8f,Juvenile Fiction
6989a4de10805f5685d6db91,General
6989a4de10805f5685d6db92,Business
6989a4de10805f5685d6db94,Language Arts
6989a4de10805f5685d6db96,Fiction
6989a4de10805f5685d6db98,Self-help
6989a4de10805f5685d6db9a,General
6989a4de10805f5685d6db9b,Juvenile Nonfiction
6989a4de10805f5685d6db9c,Fiction
6989a4de10805f5685d6db9d,Health
6989a4de10805f5685d6db9f,Fiction
6989a4de10805f5685d6dba0,General
6989a4de10805f5685d6dba1,Horror Tales
6989a4de10805f5685d6dba3,General
6989a4de10805f5685d6dba4,Fiction
6989a4de10805f5685d6dba5,Music
6989a4de10805f5685d6dba7,Biography
6989a4de10805f5685d6dba9,Fiction
6989a4de10805f5685d6dbaa,Juvenile Fiction
6989a4de10805f5685d6dbac,General
6989a4de10805f5685d6dbad,Families
6989a4de10805f5685d6dbae,Fiction
6989a4de10805f5685d6dbb0,Fiction
6989a4de10805f5685d6dbb2,Self-help
6989a4de10805f5685d6dbb4,Fiction
6989a4de10805f5685d6dbb5,Family
6989a4de10805f5685d6dbb7,American Literature
6989a4de10805f5685d6dbb8,General
6989a4de10805f5685d6dbba,General
6989a4de10805f5685d6dbbb,Health
6989a4de10805f5685d6dbbd,Fiction
6989a4de10805f5685d6dbbf,Reference
6989a4de10805f5685d6dbc1,General
6989a4de10805f5685d6dbc2,General
6989a4de10805f5685d6dbc3,African Americans
6989a4de10805f5685d6dbc5,General
6989a4de10805f5685d6dbc6,History
6989a4de10805f5685d6dbc8,History
6989a4de10805f5685d6dbca,Self-help
6989a4de10805f5685d6dbcb,Fiction
6989a4de10805f5685d6dbcc,Musical Fiction
6989a4de10805f5685d6dbce,Body
6989a4de10805f5685d6dbce,Mind
6989a4de10805f5685d6dbd0,General
6989a4de10805f5685d6dbd1,Juvenile Nonfiction
6989a4de10805f5685d6dbd3,General
6989a4de10805f5685d6dbd4,General
6989a4de10805f5685d6dbd5,Fiction
6989a4de10805f5685d6dbd7,Juvenile Fiction
6989a4de10805f5685d6dbd8,General
6989a4de10805f5685d6dbd9,Gardening
6989a4de10805f5685d6dbdb,Fiction
6989a4de10805f5685d6dbdc,Art
6989a4de10805f5685d6dbde,General
6989a4de10805f5685d6dbe0,Language Arts
6989a4de10805f5685d6dbe2,Dungeons And Dragons (game)
6989a4de10805f5685d6dbe4,Fiction
6989a4de10805f5685d6dbe5,Cooking
6989a4de10805f5685d6dbe7,General
6989a4de10805f5685d6dbe8,General
6989a4de10805f5685d6dbe9,General
6989a4de10805f5685d6dbea,Medical
6989a4de10805f5685d6dbec,Fiction
6989a4de10805f5685d6dbed,General
6989a4de10805f5685d6dbee,History
6989a4de10805f5685d6dbf0,History
6989a4de10805f5685d6dbf2,Language Arts
6989a4de10805f5685d6dbf3,Fiction
6989a4de10805f5685d6dbf5,Fiction
6989a4de10805f5685d6dbf7,Fiction
6989a4de10805f5685d6dbf9,Religion
6989a4de10805f5685d6dbfb,General
6989a4de10805f5685d6dbfc,General
6989a4de10805f5685d6dbfd,Genealogy
6989a4de10805f5685d6dbff,General
6989a4de10805f5685d6dc00,Fiction
6989a4de10805f5685d6dc01,Biography
6989a4de10805f5685d6dc03,Fiction
6989a4de10805f5685d6dc04,General
6989a4de10805f5685d6dc05,General
6989a4de10805f5685d6dc06,Fiction
6989a4de10805f5685d6dc08,Agricultural Credit
6989a4de10805f5685d6dc0a,Biography
6989a4de10805f5685d6dc0b,Educational Exchanges
6989a4de10805f5685d6dc0d,Fiction
6989a4de10805f5685d6dc0e,General
6989a4de10805f5685d6dc10,General
6989a4de10805f5685d6dc11,History
6989a4de10805f5685d6dc13,General
6989a4de10805f5685d6dc14,Literary Criticism
6989a4de10805f5685d6dc16,Biography
6989a4de10805f5685d6dc18,General
6989a4de10805f5685d6dc19,General
6989a4de10805f5685d6dc1a,Fiction
6989a4de10805f5685d6dc1b,Body
6989a4de10805f5685d6dc1b,Mind
6989a4de10805f5685d6dc1d,General
6989a4de10805f5685d6dc1e,American Literature
6989a4de10805f5685d6dc20,Science
6989a4de10805f5685d6dc22,Biography
6989a4de10805f5685d6dc24,General
6989a4de10805f5685d6dc26,General
6989a4de10805f5685d6dc28,Body
6989a4de10805f5685d6dc28,Mind
6989a4de10805f5685d6dc2a,True Crime
6989a4de10805f5685d6dc2c,Religion
6989a4de10805f5685d6dc2d,General
6989a4de10805f5685d6dc2f,Business
6989a4de10805f5685d6dc31,Fiction
6989a4de10805f5685d6dc32,General
6989a4de10805f5685d6dc33,Fiction
6989a4de10805f5685d6dc35,Games
6989a4de10805f5685d6dc37,Fiction
6989a4de10805f5685d6dc38,Biography
6989a4de10805f5685d6dc3a,Nature
6989a4de10805f5685d6dc3b,Permaculture
6989a4de10805f5685d6dc3c,Fiction
6989a4de10805f5685d6dc3e,Health
6989a4de10805f5685d6dc40,Reference
6989a4de10805f5685d6dc42,Fiction
6989a4de10805f5685d6dc44,General
6989a4de10805f5685d6dc45,Genius
6989a4de10805f5685d6dc47,Juvenile Fiction
6989a4de10805f5685d6dc49,Language Arts
6989a4de10805f5685d6dc4b,Crossword Puzzle Makers
6989a4de10805f5685d6dc4d,Fiction
6989a4de10805f5685d6dc4e,General
6989a4de10805f5685d6dc4f,Philosophy
6989a4de10805f5685d6dc51,General
6989a4de10805f5685d6dc52,Pets
6989a4de10805f5685d6dc54,Social Science
6989a4de10805f5685d6dc56,Body
6989a4de10805f5685d6dc56,Mind
6989a4de10805f5685d6dc57,Bibles
6989a4de10805f5685d6dc58,Philosophy
6989a4de10805f5685d6dc59,Fiction
6989a4de10805f5685d6dc5b,Fiction
6989a4de10805f5685d6dc5c,Self-help
6989a4de10805f5685d6dc5e,Family
6989a4de10805f5685d6dc60,Literary Collections
6989a4de10805f5685d6dc61,Fiction
6989a4de10805f5685d6dc63,Fiction
6989a4de10805f5685d6dc65,General
6989a4de10805f5685d6dc66,Negotiation
6989a4de10805f5685d6dc68,Fiction
6989a4de10805f5685d6dc6a,History
6989a4de10805f5685d6dc6c,Biography
6989a4de10805f5685d6dc6d,True Crime
6989a4de10805f5685d6dc6f,Biography
6989a4de10805f5685d6dc71,Fiction
6989a4de10805f5685d6dc73,Fiction
6989a4de10805f5685d6dc74,Computers
6989a4de10805f5685d6dc76,General
6989a4de10805f5685d6dc77,Fiction
6989a4de10805f5685d6dc79,Psychology
6989a4de10805f5685d6dc7b,General
6989a4de10805f5685d6dc7c,Biology
6989a4de10805f5685d6dc7e,Fiction
6989a4de10805f5685d6dc80,General
6989a4de10805f5685d6dc81,World War
6989a4de10805f5685d6dc81,1939-1945
6989a4de10805f5685d6dc83,Literary Criticism
6989a4de10805f5685d6dc85,Fiction
6989a4de10805f5685d6dc86,Body
6989a4de10805f5685d6dc86,Mind
6989a4de10805f5685d6dc87,Social Science
6989a4de10805f5685d6dc88,Juvenile Fiction
6989a4de10805f5685d6dc89,Texas
6989a4de10805f5685d6dc8a,Juvenile Fiction
6989a4de10805f5685d6dc8b,Fiction
6989a4de10805f5685d6dc8c,Games
6989a4de10805f5685d6dc8e,General
6989a4de10805f5685d6dc8f,General
6989a4de10805f5685d6dc90,General
6989a4de10805f5685d6dc91,Social Science
6989a4de10805f5685d6dc93,Opera
6989a4de10805f5685d6dc95,General
6989a4de10805f5685d6dc96,Fiction
6989a4de10805f5685d6dc97,Education
6989a4de10805f5685d6dc99,History
6989a4de10805f5685d6dc9b,General
6989a4de10805f5685d6dc9c,Folklore
6989a4de10805f5685d6dc9e,Psychology
6989a4de10805f5685d6dca0,Juvenile Fiction
6989a4de10805f5685d6dca2,Children's Stories
6989a4de10805f5685d6dca3,General
6989a4de10805f5685d6dca4,Fiction
6989a4de10805f5685d6dca6,History
6989a4de10805f5685d6dca8,Fiction
6989a4de10805f5685d6dcaa,American Literature
6989a4de10805f5685d6dcab,London (england)
6989a4de10805f5685d6dcad,Fiction
6989a4de10805f5685d6dcae,Fiction
6989a4de10805f5685d6dcb0,General
6989a4de10805f5685d6dcb1,General
6989a4de10805f5685d6dcb2,Fiction
6989a4de10805f5685d6dcb4,Handbooks
6989a4de10805f5685d6dcb4,Vade-mecums
6989a4de10805f5685d6dcb4,Etc
6989a4de10805f5685d6dcb6,Antiques
6989a4de10805f5685d6dcb8,Atomic Bomb
6989a4de10805f5685d6dcba,Fiction
6989a4de10805f5685d6dcbc,Fiction
6989a4de10805f5685d6dcbd,General
6989a4de10805f5685d6dcbf,Fiction
6989a4de10805f5685d6dcc0,General
6989a4de10805f5685d6dcc1,Fiction
6989a4de10805f5685d6dcc2,Biography
6989a4de10805f5685d6dcc4,Reading Comprehension
6989a4de10805f5685d6dcc6,Fiction
6989a4de10805f5685d6dcc7,General
6989a4de10805f5685d6dcc9,Juvenile Fiction
6989a4de10805f5685d6dccb,Social Science
6989a4de10805f5685d6dccd,General
6989a4de10805f5685d6dcce,Missionary Stories
6989a4de10805f5685d6dcd0,Juvenile Fiction
6989a4de10805f5685d6dcd2,Juvenile Fiction
6989a4de10805f5685d6dcd3,General
6989a4de10805f5685d6dcd5,Medical
6989a4de10805f5685d6dcd7,General
6989a4de10805f5685d6dcd9,Boats And Boating
6989a4de10805f5685d6dcdb,General
6989a4de10805f5685d6dcdd,Religion
6989a4de10805f5685d6dcdf,Humor
6989a4de10805f5685d6dce0,General
6989a4de10805f5685d6dce1,General
6989a4de10805f5685d6dce2,Juvenile Nonfiction
6989a4de10805f5685d6dce4,Pets
6989a4de10805f5685d6dce6,Biography
6989a4de10805f5685d6dce7,Audiobooks
6989a4de10805f5685d6dce8,General
6989a4de10805f5685d6dce9,Fiction
6989a4de10805f5685d6dceb,Computers
6989a4de10805f5685d6dced,Travel
6989a4de10805f5685d6dcef,Jewish Fiction
6989a4de10805f5685d6dcf1,History
6989a4de10805f5685d6dcf3,Fiction
6989a4de10805f5685d6dcf5,Biography
6989a4de10805f5685d6dcf7,Fiction
6989a4de10805f5685d6dcf9,Health
6989a4de10805f5685d6dcfb,General
6989a4de10805f5685d6dcfc,Fiction
6989a4de10805f5685d6dcfe,Science
6989a4de10805f5685d6dd00,Sports
6989a4de10805f5685d6dd02,House
6989a4de10805f5685d6dd04,True Crime
6989a4de10805f5685d6dd06,Biography
6989a4de10805f5685d6dd08,Philosophy
6989a4de10805f5685d6dd0a,Cannibalism
6989a4de10805f5685d6dd0c,Social Science
6989a4de10805f5685d6dd0e,General
6989a4de10805f5685d6dd0f,Travel
6989a4de10805f5685d6dd11,Religion
6989a4de10805f5685d6dd13,Fiction
6989a4de10805f5685d6dd14,Art
6989a4de10805f5685d6dd16,Music
6989a4de10805f5685d6dd18,Authors
6989a4de10805f5685d6dd18,French
6989a4de10805f5685d6dd1a,Juvenile Fiction
6989a4de10805f5685d6dd1b,Crafts
6989a4de10805f5685d6dd1d,Religion
6989a4de10805f5685d6dd1f,Fantasy
6989a4de10805f5685d6dd21,Ghost Stories
6989a4de10805f5685d6dd22,Health
6989a4de10805f5685d6dd24,History
6989a4de10805f5685d6dd26,Body
6989a4de10805f5685d6dd26,Mind
6989a4de10805f5685d6dd28,General
6989a4de10805f5685d6dd2a,Detective And Mystery Stories
6989a4de10805f5685d6dd2b,Cooking
6989a4de10805f5685d6dd2d,General
6989a4de10805f5685d6dd2e,Science Fiction
6989a4de10805f5685d6dd2e,American
6989a4de10805f5685d6dd2f,Cooking
6989a4de10805f5685d6dd31,Fiction
6989a4de10805f5685d6dd32,Business
6989a4de10805f5685d6dd33,Fiction
6989a4de10805f5685d6dd34,Young Adult Fiction
6989a4de10805f5685d6dd36,Psychology
6989a4de10805f5685d6dd38,Juvenile Nonfiction
6989a4de10805f5685d6dd39,General
6989a4de10805f5685d6dd3a,English Poetry
6989a4de10805f5685d6dd3c,Biography
6989a4de10805f5685d6dd3e,Biography
6989a4de10805f5685d6dd40,Fiction
6989a4de10805f5685d6dd41,Knights And Knighthood
6989a4de10805f5685d6dd43,Fiction
6989a4de10805f5685d6dd45,General
6989a4de10805f5685d6dd46,Biography
6989a4de10805f5685d6dd48,General
6989a4de10805f5685d6dd49,General
6989a4de10805f5685d6dd4a,Fiction
6989a4de10805f5685d6dd4b,Dogs
6989a4de10805f5685d6dd4c,Performing Arts
6989a4de10805f5685d6dd4e,Computers
6989a4de10805f5685d6dd50,General
6989a4de10805f5685d6dd51,General
6989a4de10805f5685d6dd53,True Crime
6989a4de10805f5685d6dd54,Fiction
6989a4de10805f5685d6dd55,Body
6989a4de10805f5685d6dd55,Mind
6989a4de10805f5685d6dd57,Crafts
6989a4de10805f5685d6dd59,Fiction
6989a4de10805f5685d6dd5b,General
6989a4de10805f5685d6dd5d,Reference
6989a4de10805f5685d6dd5f,Fiction
6989a4de10805f5685d6dd60,Religion
6989a4de10805f5685d6dd62,Fiction
6989a4de10805f5685d6dd64,Fiction
6989a4de10805f5685d6dd65,House
6989a4de10805f5685d6dd67,General
6989a4de10805f5685d6dd68,General
6989a4de10805f5685d6dd69,Fiction
6989a4de10805f5685d6dd6a,Sports
6989a4de10805f5685d6dd6b,Music
6989a4de10805f5685d6dd6d,Motion Picture Actors And Actresses
6989a4de10805f5685d6dd6f,Fiction
6989a4de10805f5685d6dd70,English Language
6989a4de10805f5685d6dd72,Crafts
6989a4de10805f5685d6dd74,Juvenile Fiction
6989a4de10805f5685d6dd75,Education
6989a4de10805f5685d6dd77,Science
6989a4de10805f5685d6dd79,Large Print Books
6989a4de10805f5685d6dd7b,English Fiction
6989a4de10805f5685d6dd7d,Medical
6989a4de10805f5685d6dd7f,Fiction
6989a4de10805f5685d6dd81,Business
6989a4de10805f5685d6dd83,Soldiers
6989a4de10805f5685d6dd85,Religion
6989a4de10805f5685d6dd87,Music
6989a4de10805f5685d6dd89,Juvenile Fiction
6989a4de10805f5685d6dd8b,Quick And Easy Cooking
6989a4de10805f5685d6dd8d,Biography
6989a4de10805f5685d6dd8e,General
6989a4de10805f5685d6dd90,General
6989a4de10805f5685d6dd92,Fiction
6989a4de10805f5685d6dd94,Fiction
6989a4de10805f5685d6dd96,Body
6989a4de10805f5685d6dd96,Mind
6989a4de10805f5685d6dd98,Cooking
6989a4de10805f5685d6dd9a,Literary Criticism
6989a4de10805f5685d6dd9c,American Literature
6989a4de10805f5685d6dd9d,General
6989a4de10805f5685d6dd9e,Literary Criticism
6989a4de10805f5685d6dda0,History
6989a4de10805f5685d6dda2,History
6989a4de10805f5685d6dda4,Literary Criticism
6989a4de10805f5685d6dda6,Literary Collections
6989a4de10805f5685d6dda8,Law Reports
6989a4de10805f5685d6dda8,Digests
6989a4de10805f5685d6dda8,Etc
6989a4de10805f5685d6ddaa,Bookbinding
6989a4de10805f5685d6ddac,Family
6989a4de10805f5685d6ddae,Cats
6989a4de10805f5685d6ddaf,Juvenile Nonfiction
6989a4de10805f5685d6ddb1,Fiction
6989a4de10805f5685d6ddb2,General
6989a4de10805f5685d6ddb3,General
6989a4de10805f5685d6ddb4,Pets
6989a4de10805f5685d6ddb6,Humor
6989a4de10805f5685d6ddb8,Fiction
6989a4de10805f5685d6ddb9,Fiction
6989a4de10805f5685d6ddbb,General
6989a4de10805f5685d6ddbc,General
6989a4de10805f5685d6ddbe,Biography
6989a4de10805f5685d6ddbf,Fiction
6989a4de10805f5685d6ddc1,Augustine
6989a4de10805f5685d6ddc2,General
6989a4de10805f5685d6ddc4,General
6989a4de10805f5685d6ddc5,Fiction
6989a4de10805f5685d6ddc7,Computers
6989a4de10805f5685d6ddc9,Fiction
6989a4de10805f5685d6ddcb,Biography
6989a4de10805f5685d6ddcd,Fiction
6989a4de10805f5685d6ddcf,Fiction
6989a4de10805f5685d6ddd1,Social Science
6989a4de10805f5685d6ddd3,General
6989a4de10805f5685d6ddd5,Tiger
6989a4de10805f5685d6ddd7,Juvenile Fiction
6989a4de10805f5685d6ddd9,Fiction
6989a4de10805f5685d6dddb,Spiritual Life
6989a4de10805f5685d6dddc,Fiction
6989a4de10805f5685d6ddde,Bibles
6989a4de10805f5685d6dddf,Health
6989a4de10805f5685d6dde1,General
6989a4de10805f5685d6dde3,Fiction
6989a4de10805f5685d6dde5,Computers
6989a4de10805f5685d6dde7,General
6989a4de10805f5685d6dde8,Detective And Mystery Stories
6989a4de10805f5685d6ddea,African Americans
6989a4de10805f5685d6ddeb,General
6989a4de10805f5685d6ddec,Fiction
6989a4de10805f5685d6dded,General
6989a4de10805f5685d6ddee,Fiction
6989a4de10805f5685d6ddef,Fiction
6989a4de10805f5685d6ddf1,Poetry
6989a4de10805f5685d6ddf3,Poetry
6989a4de10805f5685d6ddf5,General
6989a4de10805f5685d6ddf7,Cooking
6989a4de10805f5685d6ddf9,General
6989a4de10805f5685d6ddfb,English Fiction
6989a4de10805f5685d6ddfc,Cooking
6989a4de10805f5685d6ddfe,Literary Criticism
6989a4de10805f5685d6de00,American Fiction
6989a4de10805f5685d6de02,Juvenile Fiction
6989a4de10805f5685d6de04,Reference
6989a4de10805f5685d6de06,Fiction
6989a4de10805f5685d6de07,Cosmogony
6989a4de10805f5685d6de08,Art
6989a4de10805f5685d6de0a,Fiction
6989a4de10805f5685d6de0b,General
6989a4de10805f5685d6de0c,General
6989a4de10805f5685d6de0d,General
6989a4de10805f5685d6de0e,Libraries
6989a4de10805f5685d6de0f,General
6989a4de10805f5685d6de11,General
6989a4de10805f5685d6de12,Philosophy
6989a4de10805f5685d6de14,Fiction
6989a4de10805f5685d6de16,History
6989a4de10805f5685d6de18,Fiction
6989a4de10805f5685d6de19,Biography
6989a4de10805f5685d6de1b,Crafts
6989a4de10805f5685d6de1d,Social Science
6989a4de10805f5685d6de1f,Juvenile Nonfiction
6989a4de10805f5685d6de21,Humor
6989a4de10805f5685d6de23,Humor
6989a4de10805f5685d6de25,Religion
6989a4de10805f5685d6de27,Drama
6989a4de10805f5685d6de28,Americans
6989a4de10805f5685d6de29,General
6989a4de10805f5685d6de2a,Historical Romance
6989a4de10805f5685d6de2c,Business
6989a4de10805f5685d6de2e,Biography
6989a4de10805f5685d6de30,American Literature
6989a4de10805f5685d6de31,Juvenile Fiction
6989a4de10805f5685d6de32,Fiction
6989a4de10805f5685d6de33,Children's Stories
6989a4de10805f5685d6de33,American
6989a4de10805f5685d6de35,Literary Collections
6989a4de10805f5685d6de37,Technology
6989a4de10805f5685d6de39,Juvenile Fiction
6989a4de10805f5685d6de3b,Women
6989a4de10805f5685d6de3d,Fiction
6989a4de10805f5685d6de3e,History
6989a4de10805f5685d6de40,Body
6989a4de10805f5685d6de40,Mind
6989a4de10805f5685d6de42,Cooking
6989a4de10805f5685d6de44,General
6989a4de10805f5685d6de45,General
6989a4de10805f5685d6de46,Religion
6989a4de10805f5685d6de48,Science
6989a4de10805f5685d6de4a,Social Science
6989a4de10805f5685d6de4c,Fiction
6989a4de10805f5685d6de4d,Games
6989a4de10805f5685d6de4e,Health
6989a4de10805f5685d6de50,Religion
6989a4de10805f5685d6de52,Fiction
6989a4de10805f5685d6de53,Fiction
6989a4de10805f5685d6de55,History
6989a4de10805f5685d6de57,Computers
6989a4de10805f5685d6de59,Sports
6989a4de10805f5685d6de5b,General
6989a4de10805f5685d6de5c,History
6989a4de10805f5685d6de5e,Religion
6989a4de10805f5685d6de60,Self-help
6989a4de10805f5685d6de62,Short Stories
6989a4de10805f5685d6de62,American.
6989a4de10805f5685d6de64,Religion
6989a4de10805f5685d6de66,English Fiction
6989a4de10805f5685d6de68,Fiction
6989a4de10805f5685d6de69,Family
6989a4de10805f5685d6de6b,Biography
6989a4de10805f5685d6de6d,Philosophy
6989a4de10805f5685d6de6f,Family
6989a4de10805f5685d6de71,Amnesiacs
6989a4de10805f5685d6de72,Fantasy Fiction
6989a4de10805f5685d6de72,American
6989a4de10805f5685d6de73,Juvenile Fiction
6989a4de10805f5685d6de75,African Americans
6989a4de10805f5685d6de77,Design
6989a4de10805f5685d6de79,Cooking
6989a4de10805f5685d6de7b,Manners And Customs
6989a4de10805f5685d6de7c,Games
6989a4de10805f5685d6de7e,Life Cycle
6989a4de10805f5685d6de7e,Human
6989a4de10805f5685d6de7f,General
6989a4de10805f5685d6de81,Fiction
6989a4de10805f5685d6de83,Art
6989a4de10805f5685d6de85,Fiction
6989a4de10805f5685d6de86,Juvenile Fiction
6989a4de10805f5685d6de87,Education
6989a4de10805f5685d6de89,Fiction
6989a4de10805f5685d6de8a,Design
6989a4de10805f5685d6de8c,Nature
6989a4de10805f5685d6de8d,General
6989a4de10805f5685d6de8f,Fiction
6989a4de10805f5685d6de91,Fiction
6989a4de10805f5685d6de92,General
6989a4de10805f5685d6de93,Juvenile Fiction
6989a4de10805f5685d6de94,Religion
6989a4de10805f5685d6de96,Fiction
6989a4de10805f5685d6de98,Juvenile Fiction
6989a4de10805f5685d6de9a,Bible
6989a4de10805f5685d6de9c,Fiction
6989a4de10805f5685d6de9e,Psychology
6989a4de10805f5685d6dea0,Health
6989a4de10805f5685d6dea2,General
6989a4de10805f5685d6dea4,General
6989a4de10805f5685d6dea5,Canadian Periodicals
6989a4de10805f5685d6dea6,General
6989a4de10805f5685d6dea7,Biography
6989a4de10805f5685d6dea9,General
6989a4de10805f5685d6deaa,Travel
6989a4de10805f5685d6deab,Gardening
6989a4de10805f5685d6deac,Families In Art
6989a4de10805f5685d6deae,Juvenile Fiction
6989a4de10805f5685d6deb0,Music
6989a4de10805f5685d6deb1,Fiction
6989a4de10805f5685d6deb2,General
6989a4de10805f5685d6deb3,Travel
6989a4de10805f5685d6deb4,Juvenile Nonfiction
6989a4de10805f5685d6deb6,Games
6989a4de10805f5685d6deb8,Fiction
6989a4de10805f5685d6deb9,Fiction
6989a4de10805f5685d6debb,General
6989a4de10805f5685d6debc,Fiction
6989a4de10805f5685d6debd,General
6989a4de10805f5685d6debe,General
6989a4de10805f5685d6dec0,Law
6989a4de10805f5685d6dec2,General
6989a4de10805f5685d6dec3,Fiction
6989a4de10805f5685d6dec5,Science
6989a4de10805f5685d6dec7,Fiction
6989a4de10805f5685d6dec9,Fiction
6989a4de10805f5685d6decb,Religion
6989a4de10805f5685d6decd,Religion
6989a4de10805f5685d6decf,General
6989a4de10805f5685d6ded0,History
6989a4de10805f5685d6ded2,Juvenile Fiction
6989a4de10805f5685d6ded4,Fiction
6989a4de10805f5685d6ded5,General
6989a4de10805f5685d6ded6,Psychology
6989a4de10805f5685d6ded8,Fiction
6989a4de10805f5685d6deda,Political Science
6989a4de10805f5685d6dedc,Fiction
6989a4de10805f5685d6dede,Young Adult Fiction
6989a4de10805f5685d6dedf,General
6989a4de10805f5685d6dee0,True Crime
6989a4de10805f5685d6dee2,Health
6989a4de10805f5685d6dee4,General
6989a4de10805f5685d6dee5,Religion
6989a4de10805f5685d6dee7,Human Ecology
6989a4de10805f5685d6dee8,Health
6989a4de10805f5685d6deea,General
6989a4de10805f5685d6deeb,Ambassadors
6989a4de10805f5685d6deed,Juvenile Fiction
6989a4de10805f5685d6deee,Fiction
6989a4de10805f5685d6def0,Political Science
6989a4de10805f5685d6def2,Biography
6989a4de10805f5685d6def4,Juvenile Fiction
6989a4de10805f5685d6def5,Fiction
6989a4de10805f5685d6def6,General
6989a4de10805f5685d6def7,General
6989a4de10805f5685d6def8,Board Books
6989a4de10805f5685d6defa,Crafts
6989a4de10805f5685d6defc,Fiction
6989a4de10805f5685d6defd,Humor
6989a4de10805f5685d6deff,Biography
6989a4de10805f5685d6df01,General
6989a4de10805f5685d6df02,Deaf
6989a4de10805f5685d6df04,Games
6989a4de10805f5685d6df06,Education
6989a4de10805f5685d6df08,Philosophy
6989a4de10805f5685d6df0a,Comics
6989a4de10805f5685d6df0c,General
6989a4de10805f5685d6df0e,General
6989a4de10805f5685d6df10,Education
6989a4de10805f5685d6df11,General
6989a4de10805f5685d6df12,Psychology
6989a4de10805f5685d6df13,Fiction
6989a4de10805f5685d6df14,Biography
6989a4de10805f5685d6df15,Performing Arts
6989a4de10805f5685d6df17,Family
6989a4de10805f5685d6df19,Fiction
6989a4de10805f5685d6df1a,Characters And Characteristics In Literature
6989a4de10805f5685d6df1b,Fiction
6989a4de10805f5685d6df1d,History
6989a4de10805f5685d6df1f,Reference
6989a4de10805f5685d6df21,General
6989a4de10805f5685d6df23,Biography
6989a4de10805f5685d6df25,History
6989a4de10805f5685d6df27,Fiction
6989a4de10805f5685d6df28,Religion
6989a4de10805f5685d6df29,Religion
6989a4de10805f5685d6df2b,Animal Behavior
6989a4de10805f5685d6df2c,General
6989a4de10805f5685d6df2d,Fiction
6989a4de10805f5685d6df2f,Juvenile Fiction
6989a4de10805f5685d6df30,Current Events
6989a4de10805f5685d6df32,Juvenile Fiction
6989a4de10805f5685d6df34,Fiction
6989a4de10805f5685d6df36,Fiction
6989a4de10805f5685d6df38,Fiction
6989a4de10805f5685d6df39,Business
6989a4de10805f5685d6df3b,General
6989a4de10805f5685d6df3c,Biography
6989a4de10805f5685d6df3e,Reference
6989a4de10805f5685d6df40,Law
6989a4de10805f5685d6df42,Fiction
6989a4de10805f5685d6df43,General
6989a4de10805f5685d6df44,Fiction
6989a4de10805f5685d6df45,Stamp Collecting
6989a4de10805f5685d6df47,Food Supply
6989a4de10805f5685d6df49,Fiction
6989a4de10805f5685d6df4b,Literary Criticism
6989a4de10805f5685d6df4c,General
6989a4de10805f5685d6df4e,General
6989a4de10805f5685d6df4f,Humor
6989a4de10805f5685d6df51,Religion
6989a4de10805f5685d6df53,Body
6989a4de10805f5685d6df53,Mind
6989a4de10805f5685d6df54,Fiction
6989a4de10805f5685d6df55,Biography
6989a4de10805f5685d6df56,Biography
6989a4de10805f5685d6df58,Games
6989a4de10805f5685d6df5a,Children's Literature.
6989a4de10805f5685d6df5b,Jury
6989a4de10805f5685d6df5c,English Fiction
6989a4de10805f5685d6df5e,General
6989a4de10805f5685d6df5f,Cooking
6989a4de10805f5685d6df61,General
6989a4de10805f5685d6df62,Fiction
6989a4de10805f5685d6df64,Fiction
6989a4de10805f5685d6df66,Iwo Jima
6989a4de10805f5685d6df66,Battle Of
6989a4de10805f5685d6df66,Japan
6989a4de10805f5685d6df68,General
6989a4de10805f5685d6df69,Fiction
6989a4de10805f5685d6df6a,Comics
6989a4de10805f5685d6df6b,Travel
6989a4de10805f5685d6df6d,Nvivo
6989a4de10805f5685d6df6f,General
6989a4de10805f5685d6df71,Juvenile Nonfiction
6989a4de10805f5685d6df73,Fiction
6989a4de10805f5685d6df74,Pets
6989a4de10805f5685d6df76,Crafts
6989a4de10805f5685d6df78,Fiction
6989a4de10805f5685d6df79,Body
6989a4de10805f5685d6df79,Mind
6989a4de10805f5685d6df7b,Health
6989a4de10805f5685d6df7d,Man-woman Relationships
6989a4de10805f5685d6df7e,Biography
6989a4de10805f5685d6df80,General
6989a4de10805f5685d6df81,Fiction
6989a4de10805f5685d6df82,Religion
6989a4de10805f5685d6df84,Fiction
6989a4de10805f5685d6df85,Body
6989a4de10805f5685d6df85,Mind
6989a4de10805f5685d6df87,Computers
6989a4de10805f5685d6df88,Religion
6989a4de10805f5685d6df8a,Fiction
6989a4de10805f5685d6df8b,Juvenile Fiction
6989a4de10805f5685d6df8c,Fiction
6989a4de10805f5685d6df8d,Mathematics
6989a4de10805f5685d6df8f,Body
6989a4de10805f5685d6df8f,Mind
6989a4de10805f5685d6df91,Physical Sciences
6989a4de10805f5685d6df92,United States
6989a4de10805f5685d6df94,General
6989a4de10805f5685d6df95,General
6989a4de10805f5685d6df96,Literary Criticism
6989a4de10805f5685d6df98,Nature
6989a4de10805f5685d6df99,History
6989a4de10805f5685d6df9b,Antiques
6989a4de10805f5685d6df9d,Dog Adoption
6989a4de10805f5685d6df9f,Biography
6989a4de10805f5685d6dfa1,Reference
6989a4de10805f5685d6dfa3,Religion
6989a4de10805f5685d6dfa5,Travel
6989a4de10805f5685d6dfa7,Arab-israeli Conflict
6989a4de10805f5685d6dfa9,General
6989a4de10805f5685d6dfaa,Board Books
6989a4de10805f5685d6dfac,Travel
6989a4de10805f5685d6dfae,General
6989a4de10805f5685d6dfaf,Pets
6989a4de10805f5685d6dfb1,Fiction
6989a4de10805f5685d6dfb2,Religion
6989a4de10805f5685d6dfb3,Social Science
6989a4de10805f5685d6dfb4,General
6989a4de10805f5685d6dfb5,General
6989a4de10805f5685d6dfb6,Biography
6989a4de10805f5685d6dfb8,Technology
6989a4de10805f5685d6dfba,Health
6989a4de10805f5685d6dfbc,African Americans
6989a4de10805f5685d6dfbe,Self-help
6989a4de10805f5685d6dfbf,General
6989a4de10805f5685d6dfc1,Cooking
6989a4de10805f5685d6dfc3,Psychology
6989a4de10805f5685d6dfc5,Biography
6989a4de10805f5685d6dfc7,General
6989a4de10805f5685d6dfc9,Fiction
6989a4de10805f5685d6dfca,Fiction
6989a4de10805f5685d6dfcc,General
6989a4de10805f5685d6dfce,Education
6989a4de10805f5685d6dfd0,History
6989a4de10805f5685d6dfd2,Biography
6989a4de10805f5685d6dfd4,Business
6989a4de10805f5685d6dfd6,Biography
6989a4de10805f5685d6dfd8,Medical
6989a4de10805f5685d6dfda,Aardvark
6989a4de10805f5685d6dfdc,General
6989a4de10805f5685d6dfdd,Young Adult Fiction
6989a4de10805f5685d6dfde,Hunting Stories
6989a4de10805f5685d6dfde,American
6989a4de10805f5685d6dfdf,Fiction
6989a4de10805f5685d6dfe1,Travel
6989a4de10805f5685d6dfe3,Drama
6989a4de10805f5685d6dfe4,Juvenile Fiction
6989a4de10805f5685d6dfe5,Numerology
6989a4de10805f5685d6dfe7,General
6989a4de10805f5685d6dfe9,Fiction
6989a4de10805f5685d6dfeb,Humor
6989a4de10805f5685d6dfec,Music
6989a4de10805f5685d6dfee,Business
6989a4de10805f5685d6dff0,History
6989a4de10805f5685d6dff2,Adobe Photoshop
6989a4de10805f5685d6dff4,Comics
6989a4de10805f5685d6dff6,Herb Gardening
6989a4de10805f5685d6dff8,Encyclopedias And Dictionaries
6989a4de10805f5685d6dff9,Fiction
6989a4de10805f5685d6dffa,Juvenile Fiction
6989a4de10805f5685d6dffc,Fiction
6989a4de10805f5685d6dffd,General
6989a4de10805f5685d6dfff,Juvenile Fiction
6989a4de10805f5685d6e001,Fiction
6989a4de10805f5685d6e003,General
6989a4de10805f5685d6e004,Biography
6989a4de10805f5685d6e005,Religion
6989a4de10805f5685d6e006,History
6989a4de10805f5685d6e008,Fiction
6989a4de10805f5685d6e00a,Fiction
6989a4de10805f5685d6e00c,Self-help
6989a4de10805f5685d6e00e,Gardening
6989a4de10805f5685d6e00f,General
6989a4de10805f5685d6e010,Juvenile Fiction
6989a4de10805f5685d6e012,Health
6989a4de10805f5685d6e014,History
6989a4de10805f5685d6e016,Fiction
6989a4de10805f5685d6e018,General
6989a4de10805f5685d6e019,General
6989a4de10805f5685d6e01a,Education
6989a4de10805f5685d6e01c,Fiction
6989a4de10805f5685d6e01e,Pets
6989a4de10805f5685d6e020,Fiction
6989a4de10805f5685d6e022,Psychology
6989a4de10805f5685d6e024,Art
6989a4de10805f5685d6e026,Fiction
6989a4de10805f5685d6e028,Fiction
6989a4de10805f5685d6e029,Law
6989a4de10805f5685d6e02b,Self-help
6989a4de10805f5685d6e02d,Fiction
6989a4de10805f5685d6e02f,Religion
6989a4de10805f5685d6e031,Fiction
6989a4de10805f5685d6e033,Fiction
6989a4de10805f5685d6e034,Appomattox Campaign
6989a4de10805f5685d6e034,1865
6989a4de10805f5685d6e036,General
6989a4de10805f5685d6e037,Juvenile Fiction
6989a4de10805f5685d6e039,Drama
6989a4de10805f5685d6e03b,History
6989a4de10805f5685d6e03d,Authors And Publishers
6989a4de10805f5685d6e03f,United States
6989a4de10805f5685d6e041,Biography
6989a4de10805f5685d6e043,Fiction
6989a4de10805f5685d6e045,General
6989a4de10805f5685d6e047,Great Britain
6989a4de10805f5685d6e049,Computers
6989a4de10805f5685d6e04b,Free Enterprise
6989a4de10805f5685d6e04d,General
6989a4de10805f5685d6e04e,Juvenile Fiction
6989a4de10805f5685d6e04f,Bird Watching
6989a4de10805f5685d6e051,Political Science
6989a4de10805f5685d6e053,Social Science
6989a4de10805f5685d6e054,Business
6989a4de10805f5685d6e056,Literary Collections
6989a4de10805f5685d6e058,Social Science
6989a4de10805f5685d6e05a,General
6989a4de10805f5685d6e05c,Fiction
6989a4de10805f5685d6e05d,American Fiction
6989a4de10805f5685d6e05f,History
6989a4de10805f5685d6e060,History
6989a4de10805f5685d6e061,General
6989a4de10805f5685d6e062,History
6989a4de10805f5685d6e064,Games
6989a4de10805f5685d6e066,Business
6989a4de10805f5685d6e068,Drama
6989a4de10805f5685d6e06a,Contaminated Sediments
6989a4de10805f5685d6e06c,General
6989a4de10805f5685d6e06d,Pets
6989a4de10805f5685d6e06f,Education
6989a4de10805f5685d6e070,African-american Soldiers
6989a4de10805f5685d6e072,Conspiracies
6989a4de10805f5685d6e074,Nature
6989a4de10805f5685d6e076,Fiction
6989a4de10805f5685d6e078,General
6989a4de10805f5685d6e079,Religion
6989a4de10805f5685d6e07b,Fiction
6989a4de10805f5685d6e07d,General
6989a4de10805f5685d6e07e,Astronomy
6989a4de10805f5685d6e07f,General
6989a4de10805f5685d6e080,Cooking
6989a4de10805f5685d6e082,General
6989a4de10805f5685d6e084,Performing Arts
6989a4de10805f5685d6e085,Fiction
6989a4de10805f5685d6e086,Fiction
6989a4de10805f5685d6e088,Comics
6989a4de10805f5685d6e089,General
6989a4de10805f5685d6e08a,Rabbits
6989a4de10805f5685d6e08b,Social Science
6989a4de10805f5685d6e08d,Language Arts
6989a4de10805f5685d6e08f,Fiction
6989a4de10805f5685d6e091,Fiction
6989a4de10805f5685d6e093,Minicomputers
6989a4de10805f5685d6e094,Religion
6989a4de10805f5685d6e096,Authors
6989a4de10805f5685d6e097,Language Arts
6989a4de10805f5685d6e099,History
6989a4de10805f5685d6e09b,Cooking
6989a4de10805f5685d6e09d,Pets
6989a4de10805f5685d6e09f,General
6989a4de10805f5685d6e0a1,Horse Trainers
6989a4de10805f5685d6e0a3,Education
6989a4de10805f5685d6e0a5,Fiction
6989a4de10805f5685d6e0a6,History
6989a4de10805f5685d6e0a8,Fiction
6989a4de10805f5685d6e0a9,Literary Collections
6989a4de10805f5685d6e0aa,General
6989a4de10805f5685d6e0ab,General
6989a4de10805f5685d6e0ac,Social Science
6989a4de10805f5685d6e0ae,Business
6989a4de10805f5685d6e0b0,Philosophy
6989a4de10805f5685d6e0b1,Computers
6989a4de10805f5685d6e0b3,Fiction
6989a4de10805f5685d6e0b5,Fiction
6989a4de10805f5685d6e0b7,Audiotapes
6989a4de10805f5685d6e0b8,Fiction
6989a4de10805f5685d6e0ba,Fiction
6989a4de10805f5685d6e0bb,Historical Fiction
6989a4de10805f5685d6e0bc,Creative Ability
6989a4de10805f5685d6e0be,Humanitarianism
6989a4de10805f5685d6e0c0,Social Science
6989a4de10805f5685d6e0c2,Young Adult Fiction
6989a4de10805f5685d6e0c4,Juvenile Nonfiction
6989a4de10805f5685d6e0c6,Juvenile Fiction
6989a4de10805f5685d6e0c7,Novelists
6989a4de10805f5685d6e0c7,English
6989a4de10805f5685d6e0c8,Fiction
6989a4de10805f5685d6e0c9,Indians
6989a4de10805f5685d6e0cb,Fiction
6989a4de10805f5685d6e0cc,Philosophy
6989a4de10805f5685d6e0ce,Health
6989a4de10805f5685d6e0d0,Biography
6989a4de10805f5685d6e0d2,Juvenile Fiction
6989a4de10805f5685d6e0d4,Sculpture
6989a4de10805f5685d6e0d6,General
6989a4de10805f5685d6e0d7,Foreign Language Study
6989a4de10805f5685d6e0d9,Psychology
6989a4de10805f5685d6e0db,Body
6989a4de10805f5685d6e0db,Mind
6989a4de10805f5685d6e0dd,General
6989a4de10805f5685d6e0df,Fiction
6989a4de10805f5685d6e0e0,Fiction
6989a4de10805f5685d6e0e2,General
6989a4de10805f5685d6e0e4,True Crime
6989a4de10805f5685d6e0e6,Performing Arts
6989a4de10805f5685d6e0e7,Religion
6989a4de10805f5685d6e0e9,Fiction
6989a4de10805f5685d6e0ea,Germany
6989a4de10805f5685d6e0ec,Fiction
6989a4de10805f5685d6e0ee,Sports
6989a4de10805f5685d6e0ef,Science Fiction
6989a4de10805f5685d6e0ef,American
6989a4de10805f5685d6e0f0,History
6989a4de10805f5685d6e0f2,Juvenile Nonfiction
6989a4de10805f5685d6e0f4,Juvenile Fiction
6989a4de10805f5685d6e0f5,Fiction
6989a4de10805f5685d6e0f7,Comics
6989a4de10805f5685d6e0f9,Technology
6989a4de10805f5685d6e0fb,Nature
6989a4de10805f5685d6e0fd,Comics
6989a4de10805f5685d6e0ff,Cooking
6989a4de10805f5685d6e101,Fiction
6989a4de10805f5685d6e103,Christian Fiction
6989a4de10805f5685d6e105,Fiction
6989a4de10805f5685d6e107,History
6989a4de10805f5685d6e109,Business
6989a4de10805f5685d6e10b,Biography
6989a4de10805f5685d6e10d,Fiction
6989a4de10805f5685d6e10f,General
6989a4de10805f5685d6e110,Science Fiction
6989a4de10805f5685d6e111,Devotional Literature
6989a4de10805f5685d6e113,General
6989a4de10805f5685d6e114,Climate And Civilization
6989a4de10805f5685d6e116,Design
6989a4de10805f5685d6e117,Young Adult Fiction
6989a4de10805f5685d6e119,Fiction
6989a4de10805f5685d6e11b,Language Arts
6989a4de10805f5685d6e11d,Religion
6989a4de10805f5685d6e11e,Fiction
6989a4de10805f5685d6e11f,Fiction
6989a4de10805f5685d6e120,General
6989a4de10805f5685d6e121,Juvenile Fiction
6989a4de10805f5685d6e123,Education
6989a4de10805f5685d6e125,Fiction
6989a4de10805f5685d6e127,Body
6989a4de10805f5685d6e127,Mind
6989a4de10805f5685d6e129,Juvenile Fiction
6989a4de10805f5685d6e12b,Fiction
6989a4de10805f5685d6e12d,Fiction
6989a4de10805f5685d6e12e,Ireland
6989a4de10805f5685d6e130,Fiction
6989a4de10805f5685d6e132,Fiction
6989a4de10805f5685d6e134,General
6989a4de10805f5685d6e135,Religion
6989a4de10805f5685d6e137,General
6989a4de10805f5685d6e138,Authorship
6989a4de10805f5685d6e13a,General
6989a4de10805f5685d6e13b,General
6989a4de10805f5685d6e13d,Health
6989a4de10805f5685d6e13f,Philosophy
