mongoId,username,country
6989a4e910805f5685d6e140,User_A1OXMS2LQO1HGH,DE
6989a4e910805f5685d6e141,User_ABWXHVXJSJ688,US
6989a4e910805f5685d6e142,User_A1OS6DHDCKHMCO,ES
6989a4e910805f5685d6e143,User_A19YNVIE9OE1EY,US
6989a4e910805f5685d6e144,User_A83XACAK88DDC,GB
6989a4e910805f5685d6e145,User_A5CDMOSK470MD,IT
6989a4e910805f5685d6e146,User_A3M2DUG9OUQF4H,CA
6989a4e910805f5685d6e147,User_A3QQQI6CEKPWJV,DE
6989a4e910805f5685d6e148,User_6233,ES
6989a4e910805f5685d6e149,User_A23HD2314Z7I2T,DE
6989a4e910805f5685d6e14a,User_AKQZN6A57D6U8,FR
6989a4e910805f5685d6e14b,User_AZ25YNMMVW2PE,GB
6989a4e910805f5685d6e14c,User_APEQGP42031FP,CA
6989a4e910805f5685d6e14d,User_A32M45IN1VE2XW,GB
6989a4e910805f5685d6e14e,User_AF7EKG3JBE84P,ES
6989a4e910805f5685d6e14f,User_A1HI0Q201ZRZLH,GB
6989a4e910805f5685d6e150,User_A2009WDTCZNT8V,GB
6989a4e910805f5685d6e151,User_AJPCAR747ACCS,US
6989a4e910805f5685d6e152,User_A2QTK3Z3CSWN2P,DE
6989a4e910805f5685d6e153,User_A8KUR7QS0XF6N,ES
6989a4e910805f5685d6e154,User_A5WKBINKJSBLV,DE
6989a4e910805f5685d6e155,User_6113,US
6989a4e910805f5685d6e156,User_9806,ES
6989a4e910805f5685d6e157,User_A2AXVGUXCZNIMO,GB
6989a4e910805f5685d6e158,User_277845,GB
6989a4e910805f5685d6e159,User_ARD4Z4TVFQ84R,CA
6989a4e910805f5685d6e15a,User_A285D2KL2S7GRU,IT
6989a4e910805f5685d6e15b,User_A2U3KO1F36Y9UV,GB
6989a4e910805f5685d6e15c,User_ATG9GIKHAZWIG,ES
6989a4e910805f5685d6e15d,User_A1YEGLO6PI915F,US
6989a4e910805f5685d6e15e,User_A35UEVBMJED080,IT
6989a4e910805f5685d6e15f,User_16923,ES
6989a4e910805f5685d6e160,User_A38BIVW2RNO3RW,US
6989a4e910805f5685d6e161,User_ALOWNO8752DLH,ES
6989a4e910805f5685d6e162,User_A34ZRIEGJSXLV6,IT
6989a4e910805f5685d6e163,User_A3N9I35M5XT62R,IT
6989a4e910805f5685d6e164,User_A2C3M0UUM5EUK2,IT
6989a4e910805f5685d6e165,User_A2NA1K15TFYXRD,GB
6989a4e910805f5685d6e166,User_A15WYLMCI9KILX,DE
6989a4e910805f5685d6e167,User_69,US
6989a4e910805f5685d6e168,User_AW1FM4WF9YJM0,DE
6989a4e910805f5685d6e169,User_A34DPO7FIMXN5J,FR
6989a4e910805f5685d6e16a,User_A1BFZHW4ACZNEG,US
6989a4e910805f5685d6e16b,User_A2OHBZ52D06KMA,ES
6989a4e910805f5685d6e16c,User_A3AGTCQ1OYJGIP,US
6989a4e910805f5685d6e16d,User_12225,FR
6989a4e910805f5685d6e16e,User_AR4K3SYUFBP4G,CA
6989a4e910805f5685d6e16f,User_A1FJEK5KB5GOZ3,IT
6989a4e910805f5685d6e170,User_AF29TNM0A9PYK,GB
6989a4e910805f5685d6e171,User_A2BPK9JOE85G9D,ES
6989a4e910805f5685d6e172,User_A3ME5APLW0BQ1B,CA
6989a4e910805f5685d6e173,User_A2BWPX9DBYK6LS,CA
6989a4e910805f5685d6e174,User_424,US
6989a4e910805f5685d6e175,User_A3MB7ECEZVSSTP,US
6989a4e910805f5685d6e176,User_A1PA3Z92459QTZ,IT
6989a4e910805f5685d6e177,User_A1583P10V3M8QI,IT
6989a4e910805f5685d6e178,User_A3SAEQXS5E8433,CA
6989a4e910805f5685d6e179,User_A29OJZ4YYFCYO7,CA
6989a4e910805f5685d6e17a,User_A3IPHLD7B59IJ3,IT
6989a4e910805f5685d6e17b,User_A2N063KX1HAMP7,CA
6989a4e910805f5685d6e17c,User_A2FTIJAYSUZ9QA,FR
6989a4e910805f5685d6e17d,User_A12CK8MYI4J2QE,FR
6989a4e910805f5685d6e17e,User_A1J6DIW71HQ2KU,ES
6989a4e910805f5685d6e17f,User_A36QZXT69TR86A,IT
6989a4e910805f5685d6e180,User_A1EQWVF9ZCL5DI,CA
6989a4e910805f5685d6e181,User_A35FGN9Q6INWLB,CA
6989a4e910805f5685d6e182,User_A1U03DYEXJ6F1J,GB
6989a4e910805f5685d6e183,User_A11WEJP4UD7YIQ,GB
6989a4e910805f5685d6e184,User_AHRW5I11W3YDU,US
6989a4e910805f5685d6e185,User_A3CLWTKF1VKVA1,DE
6989a4e910805f5685d6e186,User_A3IU8O7SNZGKS0,GB
6989a4e910805f5685d6e187,User_A2JS6AUUEF9FW,IT
6989a4e910805f5685d6e188,User_A1ZGIQ8H2JZLDM,US
6989a4e910805f5685d6e189,User_A1C37JKNTS54W7,ES
6989a4e910805f5685d6e18a,User_A1W0RKM6J6J73L,ES
6989a4e910805f5685d6e18b,User_1990,CA
6989a4e910805f5685d6e18c,User_A3U986NWX49DTX,DE
6989a4e910805f5685d6e18d,User_A3M8GJS09NJRCZ,ES
6989a4e910805f5685d6e18e,User_A1B6TBUSD1D0AO,IT
6989a4e910805f5685d6e18f,User_A2YLNTKG0BM3HN,GB
6989a4e910805f5685d6e190,User_A30SBGHR9XR35V,GB
6989a4e910805f5685d6e191,User_AV31JU98QR78L,GB
6989a4e910805f5685d6e192,User_A2YTT9H3IQ1D8L,US
6989a4e910805f5685d6e193,User_ANEEUUV9JH7NW,US
6989a4e910805f5685d6e194,User_A1CB8O7ICXHHO1,GB
6989a4e910805f5685d6e195,User_A1NATT3PN24QWY,IT
6989a4e910805f5685d6e196,User_A13WA7OFJRQMOY,CA
6989a4e910805f5685d6e197,User_A37EWN5SS67OOA,DE
6989a4e910805f5685d6e198,User_A2AA3MND6ED8TM,US
6989a4e910805f5685d6e199,User_A1A6VHOP1K7RIM,CA
6989a4e910805f5685d6e19a,User_A2HE9WGGLOULG8,IT
6989a4e910805f5685d6e19b,User_A29ILOA0XV212A,FR
6989a4e910805f5685d6e19c,User_A188JLVPY2A8A1,IT
6989a4e910805f5685d6e19d,User_A3KY1M7NTR7XWQ,DE
6989a4e910805f5685d6e19e,User_A2681QN9ZGOLJ9,ES
6989a4e910805f5685d6e19f,User_AFINGDUJE2RG4,FR
6989a4e910805f5685d6e1a0,User_A3FZMQW5EB9S08,GB
6989a4e910805f5685d6e1a1,User_18494,US
6989a4e910805f5685d6e1a2,User_2630,CA
6989a4e910805f5685d6e1a3,User_A1GAFPNBP535MY,US
6989a4e910805f5685d6e1a4,User_AAVNA2QESW6YH,US
6989a4e910805f5685d6e1a5,User_A2BL7ADQBDA27K,IT
6989a4e910805f5685d6e1a6,User_21801,IT
6989a4e910805f5685d6e1a7,User_A3UJ2G312G9UIO,IT
6989a4e910805f5685d6e1a8,User_A32K22R68XPNNG,ES
6989a4e910805f5685d6e1a9,User_A36NKTAEESGJAE,ES
6989a4e910805f5685d6e1aa,User_A46BZS9SHZPT2,US
6989a4e910805f5685d6e1ab,User_A2Z7324KE1LS70,IT
6989a4e910805f5685d6e1ac,User_A3SXVA6EFPBJ86,CA
6989a4e910805f5685d6e1ad,User_A8HAI24HG1L1Z,CA
6989a4e910805f5685d6e1ae,User_A1OXZXC5P0CF5J,DE
6989a4e910805f5685d6e1af,User_A3M6TIGK45XPXF,DE
6989a4e910805f5685d6e1b0,User_A3TD7KK2LYDJ2S,FR
6989a4e910805f5685d6e1b1,User_A1ZC9NCRED15J7,IT
6989a4e910805f5685d6e1b2,User_A3ISNAIE1OJ5ML,FR
6989a4e910805f5685d6e1b3,User_A1Y62U4FMKFGZG,GB
6989a4e910805f5685d6e1b4,User_A1AOESOTBT30OR,GB
6989a4e910805f5685d6e1b5,User_16315,GB
6989a4e910805f5685d6e1b6,User_AE9JUI3UQZ03F,GB
6989a4e910805f5685d6e1b7,User_A2D1SCIXT0NSXG,US
6989a4e910805f5685d6e1b8,User_A2F4G15HJSC2LB,FR
6989a4e910805f5685d6e1b9,User_A24ZEH6X4AJNR4,CA
6989a4e910805f5685d6e1ba,User_A1Q5XGU35UY2YJ,US
6989a4e910805f5685d6e1bb,User_A2XP76P5VK8FCA,GB
6989a4e910805f5685d6e1bc,User_AZJM604ROITNA,GB
6989a4e910805f5685d6e1bd,User_A2C00TOXMQMY9F,CA
6989a4e910805f5685d6e1be,User_A15PEZFMRBWA8P,FR
6989a4e910805f5685d6e1bf,User_AVV9FO59Z4PJZ,FR
6989a4e910805f5685d6e1c0,User_A1W56FGAU8HGV,DE
6989a4e910805f5685d6e1c1,User_7699,DE
6989a4e910805f5685d6e1c2,User_A1ES611XTBVVF9,ES
6989a4e910805f5685d6e1c3,User_A39AVJ06G9OS37,CA
6989a4e910805f5685d6e1c4,User_AHT3VA2CXROY1,CA
6989a4e910805f5685d6e1c5,User_A341HR1AIGE7C6,GB
6989a4e910805f5685d6e1c6,User_A2PURETYFVGVK7,FR
6989a4e910805f5685d6e1c7,User_AYQR2DQG1T5RL,FR
6989a4e910805f5685d6e1c8,User_A2N1JT6CF0DENT,FR
6989a4e910805f5685d6e1c9,User_A1HPM5EB6SEFXP,ES
6989a4e910805f5685d6e1ca,User_16732,GB
6989a4e910805f5685d6e1cb,User_AG7EF0SVBQOUX,GB
6989a4e910805f5685d6e1cc,User_A3ROBWBSPP6WZ2,US
6989a4e910805f5685d6e1cd,User_A8DWGIAHI5DMW,GB
6989a4e910805f5685d6e1ce,User_A12UK7O1DRTFO,CA
6989a4e910805f5685d6e1cf,User_16612,DE
6989a4e910805f5685d6e1d0,User_AHSHW5IJRD9II,IT
6989a4e910805f5685d6e1d1,User_AKX98OT7KTSW5,GB
6989a4e910805f5685d6e1d2,User_A3EYQ9AESHAORV,ES
6989a4e910805f5685d6e1d3,User_A3P45TJT6BSWUL,IT
6989a4e910805f5685d6e1d4,User_ABCDQL0WQV0WV,GB
6989a4e910805f5685d6e1d5,User_A3IRY2FLZ4Y6HB,DE
6989a4e910805f5685d6e1d6,User_A2XHWIT8NYJ5G,DE
6989a4e910805f5685d6e1d7,User_A1OEC6P26024IJ,US
6989a4e910805f5685d6e1d8,User_A23FX2I2SMX575,FR
6989a4e910805f5685d6e1d9,User_A17PE7O9TBGUL9,CA
6989a4e910805f5685d6e1da,User_8742,GB
6989a4e910805f5685d6e1db,User_A2BG6NBYYWMUHF,CA
6989a4e910805f5685d6e1dc,User_A1ZK5VTQKOKQ9Z,ES
6989a4e910805f5685d6e1dd,User_AV1K656YE6I3I,IT
6989a4e910805f5685d6e1de,User_6277,US
6989a4e910805f5685d6e1df,User_A3MQ0MB73DSN35,ES
6989a4e910805f5685d6e1e0,User_A1ZIDRFRHA59WC,ES
6989a4e910805f5685d6e1e1,User_A2XMJ7RI2T8IAS,CA
6989a4e910805f5685d6e1e2,User_A2K7Z3BXI7HR6Z,ES
6989a4e910805f5685d6e1e3,User_A30VEOC4TSAVM7,IT
6989a4e910805f5685d6e1e4,User_A2LVM41VNTR8ZQ,US
6989a4e910805f5685d6e1e5,User_A2L9U2BKMHXBEL,GB
6989a4e910805f5685d6e1e6,User_1803,GB
6989a4e910805f5685d6e1e7,User_A1BMO5V8M08C0Q,ES
6989a4e910805f5685d6e1e8,User_A3UQXPPFG2O67L,US
6989a4e910805f5685d6e1e9,User_A9IDMFPKBNNNA,FR
6989a4e910805f5685d6e1ea,User_ASDGUNDGBCCE0,GB
6989a4e910805f5685d6e1eb,User_A2242RUS8GDQ84,CA
6989a4e910805f5685d6e1ec,User_A3DQVJUHIQIAG3,IT
6989a4e910805f5685d6e1ed,User_A203YKBZNX4PV2,US
6989a4e910805f5685d6e1ee,User_A3ADK3ZTJ87915,GB
6989a4e910805f5685d6e1ef,User_A2YIUABT33VEX9,ES
6989a4e910805f5685d6e1f0,User_A3FDJ4C23E09HW,GB
6989a4e910805f5685d6e1f1,User_AH5JKIB5TSG4J,ES
6989a4e910805f5685d6e1f2,User_3780,GB
6989a4e910805f5685d6e1f3,User_A201APIPTQ6F18,GB
6989a4e910805f5685d6e1f4,User_ATP3FJPW5B3WI,DE
6989a4e910805f5685d6e1f5,User_A78MDK8R9CVN,ES
6989a4e910805f5685d6e1f6,User_19699,DE
6989a4e910805f5685d6e1f7,User_A3B5MOLUMNYVZ,DE
6989a4e910805f5685d6e1f8,User_13580,ES
6989a4e910805f5685d6e1f9,User_ALGSOAYUVPUC0,CA
6989a4e910805f5685d6e1fa,User_A55M8GORGWUGM,GB
6989a4e910805f5685d6e1fb,User_A2JAYHRGTEC4TU,DE
6989a4e910805f5685d6e1fc,User_A35YJEU9BDZQ4F,CA
6989a4e910805f5685d6e1fd,User_A17RYD415IF0OA,US
6989a4e910805f5685d6e1fe,User_A3F09ONUVENW17,GB
6989a4e910805f5685d6e1ff,User_A2CGUHHXC04S6I,FR
6989a4e910805f5685d6e200,User_A24ET65VI2HN38,GB
6989a4e910805f5685d6e201,User_A14SWSB12QGZL8,DE
6989a4e910805f5685d6e202,User_A3ECJH0PA5BY7Z,IT
6989a4e910805f5685d6e203,User_AFSYJXFOAIR9O,CA
6989a4e910805f5685d6e204,User_A3RAR5ZZGPF3VJ,IT
6989a4e910805f5685d6e205,User_17065,IT
6989a4e910805f5685d6e206,User_A3OAXNZGWCALM9,IT
6989a4e910805f5685d6e207,User_A255E1L105V4MU,IT
6989a4e910805f5685d6e208,User_A3LZKAHZ6XOKG3,GB
6989a4e910805f5685d6e209,User_12596,US
6989a4e910805f5685d6e20a,User_A339XQ7AQWJ0T,CA
6989a4e910805f5685d6e20b,User_A2BGQYARN0HCRQ,DE
6989a4e910805f5685d6e20c,User_A1X8HPM0FX4EUF,CA
6989a4e910805f5685d6e20d,User_A2V19PQA5DG8HO,FR
6989a4e910805f5685d6e20e,User_A2PXFI7VDHQ7BU,DE
6989a4e910805f5685d6e20f,User_A14P84TJKT94VB,US
6989a4e910805f5685d6e210,User_A1RLYOPK16YXC1,GB
6989a4e910805f5685d6e211,User_A2PAPGI6TA0A00,IT
6989a4e910805f5685d6e212,User_A38MCH8N93XJ3V,ES
6989a4e910805f5685d6e213,User_A1LH1V8KSQ3RZ8,IT
6989a4e910805f5685d6e214,User_A166J7SBVMQ9ZY,FR
6989a4e910805f5685d6e215,User_2991,IT
6989a4e910805f5685d6e216,User_A2TB7UCR4OO697,GB
6989a4e910805f5685d6e217,User_AUN95X54FF4QF,ES
6989a4e910805f5685d6e218,User_A1COG8T9MPP3KA,US
6989a4e910805f5685d6e219,User_A133XHNZVQYAME,CA
6989a4e910805f5685d6e21a,User_14355,IT
6989a4e910805f5685d6e21b,User_A1KI26OO0D1YI,FR
6989a4e910805f5685d6e21c,User_A1ZWLUW03UHPKN,FR
6989a4e910805f5685d6e21d,User_A3N5S7ZVZWV2ID,GB
6989a4e910805f5685d6e21e,User_ADGX7S0L65XH0,GB
6989a4e910805f5685d6e21f,User_A2B81GJVBVSTHH,CA
6989a4e910805f5685d6e220,User_A3BR79XMY5TKM4,US
6989a4e910805f5685d6e221,User_AQ6DQT5SICI5W,US
6989a4e910805f5685d6e222,User_A2063NBM6FU7YL,CA
6989a4e910805f5685d6e223,User_12247,US
6989a4e910805f5685d6e224,User_AWJD44MCN98OF,DE
6989a4e910805f5685d6e225,User_A1AAEEIKDU65FW,GB
6989a4e910805f5685d6e226,User_A1GRVI2PIEIXHO,IT
6989a4e910805f5685d6e227,User_A1LWENTRE5GL6U,ES
6989a4e910805f5685d6e228,User_A2VOFXZ7Z9HBGF,DE
6989a4e910805f5685d6e229,User_A2D6090SPT75LB,IT
6989a4e910805f5685d6e22a,User_A23PFPEGFUAL97,US
6989a4e910805f5685d6e22b,User_AWS5NBJCYLY7A,CA
6989a4e910805f5685d6e22c,User_A37F1G84K35FCZ,IT
6989a4e910805f5685d6e22d,User_A37MH7ICH80QOX,US
6989a4e910805f5685d6e22e,User_A1Z1F8JP032EV2,IT
6989a4e910805f5685d6e22f,User_A3SBYCGF9HTY8,DE
6989a4e910805f5685d6e230,User_ACLPNQV1HDS0F,FR
6989a4e910805f5685d6e231,User_A2FXRPV2GVB0NJ,ES
6989a4e910805f5685d6e232,User_ASB521PM6CKZ1,ES
6989a4e910805f5685d6e233,User_AVFYY6LCHCK9J,GB
6989a4e910805f5685d6e234,User_A2R4WYRHZNA2YE,US
6989a4e910805f5685d6e235,User_AF69Y0FIV7LSC,FR
6989a4e910805f5685d6e236,User_A10CG017836568,DE
6989a4e910805f5685d6e237,User_A2QEH85B154DZG,GB
6989a4e910805f5685d6e238,User_19786,IT
6989a4e910805f5685d6e239,User_A269L4HZS8WI7C,IT
6989a4e910805f5685d6e23a,User_A2QSIL0UEKYUHK,US
6989a4e910805f5685d6e23b,User_21229,US
6989a4e910805f5685d6e23c,User_APRY1W9VFEFQ6,ES
6989a4e910805f5685d6e23d,User_AT05PXQBL6PHM,CA
6989a4e910805f5685d6e23e,User_A1DL822FZZQA00,DE
6989a4e910805f5685d6e23f,User_A1N31JE1AX7AXN,IT
6989a4e910805f5685d6e240,User_A1KNWC9IS2PPM3,ES
6989a4e910805f5685d6e241,User_A4O1MF0NU4FS1,CA
6989a4e910805f5685d6e242,User_A4BD3CA2C8BE8,US
6989a4e910805f5685d6e243,User_A3DY5VABJLUNSW,FR
6989a4e910805f5685d6e244,User_A3H65YPNJWG0L9,GB
6989a4e910805f5685d6e245,User_A5FXBPYYQ5BZJ,IT
6989a4e910805f5685d6e246,User_AESHOO9JDY42R,DE
6989a4e910805f5685d6e247,User_AMT3YI16HRS9L,FR
6989a4e910805f5685d6e248,User_A3OKWHF4V3JK4Y,US
6989a4e910805f5685d6e249,User_A24F6W30BR3EU0,IT
6989a4e910805f5685d6e24a,User_A2FCMUJZFJ2P6X,DE
6989a4e910805f5685d6e24b,User_A112A5VFOFQ73T,IT
6989a4e910805f5685d6e24c,User_A3JWNXQDPN1H79,DE
6989a4e910805f5685d6e24d,User_A3QMD2JK6KMA7F,IT
6989a4e910805f5685d6e24e,User_A2RNGB0Q3KCR9Z,DE
6989a4e910805f5685d6e24f,User_A1PAH17OXRT8U9,DE
6989a4e910805f5685d6e250,User_A1NT4PTPFVG0AZ,US
6989a4e910805f5685d6e251,User_A270EVXFS39QKC,US
6989a4e910805f5685d6e252,User_14496,ES
6989a4e910805f5685d6e253,User_A1XCH1HJ8TY3X5,CA
6989a4e910805f5685d6e254,User_AU008SUYW5Y7K,FR
6989a4e910805f5685d6e255,User_21232,DE
6989a4e910805f5685d6e256,User_AS2SF80HSNCXQ,ES
6989a4e910805f5685d6e257,User_AWHNGTK7X904D,FR
6989a4e910805f5685d6e258,User_19303,CA
6989a4e910805f5685d6e259,User_A15HFG9F4SYH9L,ES
6989a4e910805f5685d6e25a,User_A2KMFF4M7LFJ3,ES
6989a4e910805f5685d6e25b,User_A2MITD3KZ1BIQP,DE
6989a4e910805f5685d6e25c,User_A2X79RFCVY14PV,US
6989a4e910805f5685d6e25d,User_A2UMNESOMUWPX,ES
6989a4e910805f5685d6e25e,User_A2BFOZ7SCOFMS1,FR
6989a4e910805f5685d6e25f,User_A2YKSC27JNZYMI,FR
6989a4e910805f5685d6e260,User_20220,GB
6989a4e910805f5685d6e261,User_ABTC3QFN3BNMK,GB
6989a4e910805f5685d6e262,User_A2PD0OP0XASRGK,FR
6989a4e910805f5685d6e263,User_11393,US
6989a4e910805f5685d6e264,User_A37IRE9GZ0CZ7I,IT
6989a4e910805f5685d6e265,User_A3OQL5IVZBB7BJ,FR
6989a4e910805f5685d6e266,User_APL8860V2DVOB,ES
6989a4e910805f5685d6e267,User_A1AL84ZJEX93TT,CA
6989a4e910805f5685d6e268,User_A2V3BPSSATCU5N,CA
6989a4e910805f5685d6e269,User_17988,GB
6989a4e910805f5685d6e26a,User_A1CJH2TV6J8PMD,IT
6989a4e910805f5685d6e26b,User_A0461265TOJ3VFHJUMY7,CA
6989a4e910805f5685d6e26c,User_A3T7AO8LJRY5EF,FR
6989a4e910805f5685d6e26d,User_A21L1H27CE43YK,CA
6989a4e910805f5685d6e26e,User_A12B3HATHJFTR3,GB
6989a4e910805f5685d6e26f,User_A66MC8YSPDJWQ,ES
6989a4e910805f5685d6e270,User_ASE9PLIHZTKNH,FR
6989a4e910805f5685d6e271,User_A3F3EEHL8N7Z1V,FR
6989a4e910805f5685d6e272,User_A3C31DZQD90O59,ES
6989a4e910805f5685d6e273,User_A20LTXAARNC0L8,ES
6989a4e910805f5685d6e274,User_AJWMVSLEVJ1UP,ES
6989a4e910805f5685d6e275,User_A2XP0UV92HLPPT,ES
6989a4e910805f5685d6e276,User_AUA8JYGKH6TO2,CA
6989a4e910805f5685d6e277,User_A30EOUFJO54Y7J,DE
6989a4e910805f5685d6e278,User_ALJ9XW99EQ7VM,FR
6989a4e910805f5685d6e279,User_A1AMZLCUKB9ZJA,CA
6989a4e910805f5685d6e27a,User_A11L7I46SVYBY6,US
6989a4e910805f5685d6e27b,User_5273,FR
6989a4e910805f5685d6e27c,User_A2K2RZJZOTSJVV,CA
6989a4e910805f5685d6e27d,User_A12EUHRVUC6ON,IT
6989a4e910805f5685d6e27e,User_15419,GB
6989a4e910805f5685d6e27f,User_A24YVJWNLBU314,GB
6989a4e910805f5685d6e280,User_A2ONMEGCK608I2,ES
6989a4e910805f5685d6e281,User_A133HCUWZGFVRY,IT
6989a4e910805f5685d6e282,User_A2WMINSP5MHSGU,CA
6989a4e910805f5685d6e283,User_11121,CA
6989a4e910805f5685d6e284,User_1792,GB
6989a4e910805f5685d6e285,User_AAJBFE7B47E6K,US
6989a4e910805f5685d6e286,User_AU9J64DJCMMOY,GB
6989a4e910805f5685d6e287,User_A1MEHQSDHEI882,CA
6989a4e910805f5685d6e288,User_21942,FR
6989a4e910805f5685d6e289,User_A34KUN0G6H147Y,DE
6989a4e910805f5685d6e28a,User_19609,ES
6989a4e910805f5685d6e28b,User_A9I40WFF40R4,DE
6989a4e910805f5685d6e28c,User_ADH58JRAWU1YE,IT
6989a4e910805f5685d6e28d,User_A1YN8U6EVPPOIE,FR
6989a4e910805f5685d6e28e,User_A2F8DEG89YKRJM,GB
6989a4e910805f5685d6e28f,User_A2PVOXLA0T7VHU,US
6989a4e910805f5685d6e290,User_A34SEYVKCP2PZ8,DE
6989a4e910805f5685d6e291,User_12319,IT
6989a4e910805f5685d6e292,User_A3P0IHB2XLQM69,GB
6989a4e910805f5685d6e293,User_A1AF8OJGY31NG1,DE
6989a4e910805f5685d6e294,User_AEUQEJCTT9HF2,IT
6989a4e910805f5685d6e295,User_13109,IT
6989a4e910805f5685d6e296,User_AWWCIMNN1ZJSS,ES
6989a4e910805f5685d6e297,User_A2FW3WCUGPNC82,DE
6989a4e910805f5685d6e298,User_A39A3ENX75O23M,US
6989a4e910805f5685d6e299,User_A24A7VME1KJ0JT,GB
6989a4e910805f5685d6e29a,User_A2HUYFF0WNTBUZ,ES
6989a4e910805f5685d6e29b,User_A2WMZPQDXGTCNA,GB
6989a4e910805f5685d6e29c,User_21367,GB
6989a4e910805f5685d6e29d,User_A1VMG3CL0TLNT4,CA
6989a4e910805f5685d6e29e,User_A3K6AO5SYK5E7E,IT
6989a4e910805f5685d6e29f,User_A186QIPVYMRYYL,ES
6989a4e910805f5685d6e2a0,User_ACIZB7HJMOL5E,GB
6989a4e910805f5685d6e2a1,User_A3FVFJ8D95E9KY,GB
6989a4e910805f5685d6e2a2,User_A11QWSV7E21M9Q,FR
6989a4e910805f5685d6e2a3,User_A2LY1DP1W7VRJ2,GB
6989a4e910805f5685d6e2a4,User_A16U1T8Q0VYHUI,CA
6989a4e910805f5685d6e2a5,User_AP80EPUVFRA7F,US
6989a4e910805f5685d6e2a6,User_500,IT
6989a4e910805f5685d6e2a7,User_A1T8AYQP6SIM0X,IT
6989a4e910805f5685d6e2a8,User_A2G9FNB96YLCT5,DE
6989a4e910805f5685d6e2a9,User_A1Y10SZW1B6PCG,GB
6989a4e910805f5685d6e2aa,User_277872,GB
6989a4e910805f5685d6e2ab,User_A2EGEEKE65DUAM,DE
6989a4e910805f5685d6e2ac,User_A2IN6KUMHPSLMS,FR
6989a4e910805f5685d6e2ad,User_ATYEIZC972MY6,IT
6989a4e910805f5685d6e2ae,User_A14ENWEKTHCBXR,FR
6989a4e910805f5685d6e2af,User_APF5PSEJEP04W,ES
6989a4e910805f5685d6e2b0,User_A3N8QU4TMXIXIV,IT
6989a4e910805f5685d6e2b1,User_A2535T4RW5UD4F,CA
6989a4e910805f5685d6e2b2,User_A2TY1XGOFD6VJ,CA
6989a4e910805f5685d6e2b3,User_A2JFVZT4Y2W2GR,CA
6989a4e910805f5685d6e2b4,User_A1DTDMNTABX2U,FR
6989a4e910805f5685d6e2b5,User_A1UJI61C25D89G,CA
6989a4e910805f5685d6e2b6,User_A1G5362MDY695A,GB
6989a4e910805f5685d6e2b7,User_AEDSI7JS2RBJI,DE
6989a4e910805f5685d6e2b8,User_A2CBFA7YIPDP5T,US
6989a4e910805f5685d6e2b9,User_277711,FR
6989a4e910805f5685d6e2ba,User_15957,DE
6989a4e910805f5685d6e2bb,User_A3ORUPJBH485DL,US
6989a4e910805f5685d6e2bc,User_A2KNDQ4U615AY,GB
6989a4e910805f5685d6e2bd,User_ADM678UID9HK8,FR
6989a4e910805f5685d6e2be,User_A2O2LTJZJ352OX,FR
6989a4e910805f5685d6e2bf,User_277691,ES
6989a4e910805f5685d6e2c0,User_A5VVM81E73R0B,IT
6989a4e910805f5685d6e2c1,User_A2CQH01OBSI816,DE
6989a4e910805f5685d6e2c2,User_A1Z28YTETSMLQ,IT
6989a4e910805f5685d6e2c3,User_A2BGAEROBCJINJ,IT
6989a4e910805f5685d6e2c4,User_A324KJXJOXDJDW,DE
6989a4e910805f5685d6e2c5,User_AAGBSPUHE5WXL,US
6989a4e910805f5685d6e2c6,User_A1ZABUISE9WIBG,US
6989a4e910805f5685d6e2c7,User_A2HLERGFCCS7CW,IT
6989a4e910805f5685d6e2c8,User_A36A7EOSAEM63D,FR
6989a4e910805f5685d6e2c9,User_A4FNMWXU0URFE,CA
6989a4e910805f5685d6e2ca,User_A681SJ0SFIVGW,ES
6989a4e910805f5685d6e2cb,User_A3H28SXHAO97PI,GB
6989a4e910805f5685d6e2cc,User_A2RW32KLB36QTN,FR
6989a4e910805f5685d6e2cd,User_A1ZLFCUF4XX7RZ,US
6989a4e910805f5685d6e2ce,User_14595,DE
6989a4e910805f5685d6e2cf,User_A1B0WSP4SB7E5G,FR
6989a4e910805f5685d6e2d0,User_A3A7FF87LEVCQ1,FR
6989a4e910805f5685d6e2d1,User_AXQ5LWSDFMOWK,IT
6989a4e910805f5685d6e2d2,User_A17SCNB62A63PD,FR
6989a4e910805f5685d6e2d3,User_AVQ71SU5SNBZU,IT
6989a4e910805f5685d6e2d4,User_A1FWB5K1MM0OWW,FR
6989a4e910805f5685d6e2d5,User_A3SYCD2B6MNQ4A,CA
6989a4e910805f5685d6e2d6,User_A2ZL70J6YBVWUL,FR
6989a4e910805f5685d6e2d7,User_A216L2EMEJ03KF,CA
6989a4e910805f5685d6e2d8,User_AVJD08QRLZA9N,GB
6989a4e910805f5685d6e2d9,User_20694,ES
6989a4e910805f5685d6e2da,User_A2R0N9ZG5968HV,IT
6989a4e910805f5685d6e2db,User_A2E6L5DI8TTDBS,ES
6989a4e910805f5685d6e2dc,User_A9YYQHZ9C36IK,FR
6989a4e910805f5685d6e2dd,User_A3PQ1DP3PJPLOH,CA
6989a4e910805f5685d6e2de,User_AGE62F6OSG2GE,DE
6989a4e910805f5685d6e2df,User_277040,FR
6989a4e910805f5685d6e2e0,User_ACZSLGCJSBKYR,DE
6989a4e910805f5685d6e2e1,User_17788,ES
6989a4e910805f5685d6e2e2,User_6657,DE
6989a4e910805f5685d6e2e3,User_A263EXJPBX7204,DE
6989a4e910805f5685d6e2e4,User_A3508OTFEKJN0U,FR
6989a4e910805f5685d6e2e5,User_A2IGRM1IP1WN09,FR
6989a4e910805f5685d6e2e6,User_A2SFJD3WR7HEVV,GB
6989a4e910805f5685d6e2e7,User_A3GF5SXE8O9MXS,ES
6989a4e910805f5685d6e2e8,User_AW3N0PC3TZSQH,ES
6989a4e910805f5685d6e2e9,User_A3PY00E6I7VLWS,US
6989a4e910805f5685d6e2ea,User_A1I8AR5EOXRZEG,IT
6989a4e910805f5685d6e2eb,User_AJRPXDWU3S51F,CA
6989a4e910805f5685d6e2ec,User_A1XEPHNBPL9IBJ,US
6989a4e910805f5685d6e2ed,User_A2RFD8K86G2XY1,DE
6989a4e910805f5685d6e2ee,User_791,FR
6989a4e910805f5685d6e2ef,User_A2O77FKVF66YG0,ES
6989a4e910805f5685d6e2f0,User_A3TNZ3X12W3BKN,IT
6989a4e910805f5685d6e2f1,User_A18M3NZRZ90IN0,IT
6989a4e910805f5685d6e2f2,User_A3SFETHRODPP8W,ES
6989a4e910805f5685d6e2f3,User_A1YBP9F7F9HCEN,GB
6989a4e910805f5685d6e2f4,User_A1ASHVAC47R90J,CA
6989a4e910805f5685d6e2f5,User_A1ZBVUC1IQ6BKP,GB
6989a4e910805f5685d6e2f6,User_A3KGM08H1CQRWO,IT
6989a4e910805f5685d6e2f7,User_A1FNZSIGP14B14,IT
6989a4e910805f5685d6e2f8,User_A11UQVONFFKOB3,GB
6989a4e910805f5685d6e2f9,User_18580,IT
6989a4e910805f5685d6e2fa,User_277610,GB
6989a4e910805f5685d6e2fb,User_A2IT9WW6P7S9EM,FR
6989a4e910805f5685d6e2fc,User_A270GB5E3QGAPR,US
6989a4e910805f5685d6e2fd,User_A31HCGK9W1TYU4,IT
6989a4e910805f5685d6e2fe,User_A3DWNH4YHQK0,DE
6989a4e910805f5685d6e2ff,User_22039,US
6989a4e910805f5685d6e300,User_A50E20K25E4LS,US
6989a4e910805f5685d6e301,User_A4ZIK6Q8BX0OE,US
6989a4e910805f5685d6e302,User_A2BICY3JM8LZ7R,CA
6989a4e910805f5685d6e303,User_A3F83O1T8Q719Z,GB
6989a4e910805f5685d6e304,User_A1NQQ2X8CXG3XZ,DE
6989a4e910805f5685d6e305,User_A1KD8YGPUWPR6Y,US
6989a4e910805f5685d6e306,User_A3N0QHA0V9G0XA,IT
6989a4e910805f5685d6e307,User_AT0XKN3VJX245,US
6989a4e910805f5685d6e308,User_A2HWD9PTM7RBXN,DE
6989a4e910805f5685d6e309,User_276896,ES
6989a4e910805f5685d6e30a,User_A3ADUVEN6OGN7Z,GB
6989a4e910805f5685d6e30b,User_A3C11A9YXCK0NA,FR
6989a4e910805f5685d6e30c,User_A2FPS44OC39IO9,IT
6989a4e910805f5685d6e30d,User_A1OZ0PGAE70JQI,DE
6989a4e910805f5685d6e30e,User_A2G81TMIOIDEQQ,CA
6989a4e910805f5685d6e30f,User_A3YR1X0O793SH,ES
6989a4e910805f5685d6e310,User_A2E4BE37WHDN13,GB
6989a4e910805f5685d6e311,User_A13QTZ8CIMHHG4,CA
6989a4e910805f5685d6e312,User_AIUM0682KEGAY,GB
6989a4e910805f5685d6e313,User_A2BKDUYJQUVQ5V,FR
6989a4e910805f5685d6e314,User_A3GKL2D41R723T,DE
6989a4e910805f5685d6e315,User_22453,ES
6989a4e910805f5685d6e316,User_13079,US
6989a4e910805f5685d6e317,User_A3SFPGIU8AQXKB,US
6989a4e910805f5685d6e318,User_A3000ZN4E928RW,ES
6989a4e910805f5685d6e319,User_8942,ES
6989a4e910805f5685d6e31a,User_A1SL3ZKZQANLWI,CA
6989a4e910805f5685d6e31b,User_A1MTB2DMM1P6M3,CA
6989a4e910805f5685d6e31c,User_AKHBPFBS4HNVH,GB
6989a4e910805f5685d6e31d,User_AQJ15PY6B32MP,DE
6989a4e910805f5685d6e31e,User_A2XP39CDXTB18M,US
6989a4e910805f5685d6e31f,User_A1BC8NZJ1IZZQ,GB
6989a4e910805f5685d6e320,User_A3TZMT6B3Q4B9A,GB
6989a4e910805f5685d6e321,User_A18X41WUXJ21W7,CA
6989a4e910805f5685d6e322,User_AOMXAQZZTETD4,FR
6989a4e910805f5685d6e323,User_A3U67C5RIZLB9O,ES
6989a4e910805f5685d6e324,User_10501,ES
6989a4e910805f5685d6e325,User_AQG5YCXO6FY6K,US
6989a4e910805f5685d6e326,User_19772,DE
6989a4e910805f5685d6e327,User_A3SMT15X2QVUR8,CA
6989a4e910805f5685d6e328,User_A3D35LJRRK0YON,CA
6989a4e910805f5685d6e329,User_AOL7QPJO6FX6O,GB
6989a4e910805f5685d6e32a,User_5022,GB
6989a4e910805f5685d6e32b,User_A3RAN0J4CZUVZ2,US
6989a4e910805f5685d6e32c,User_A5DG9RVUK4X65,US
6989a4e910805f5685d6e32d,User_A2OZTR8RYIHPOF,ES
6989a4e910805f5685d6e32e,User_A1TBR8MLVCYHQ0,FR
6989a4e910805f5685d6e32f,User_A17FTU4DBJ5XWX,US
6989a4e910805f5685d6e330,User_A28XP1H6TJK6AI,US
6989a4e910805f5685d6e331,User_A3H27YYYBENN0L,FR
6989a4e910805f5685d6e332,User_A3P8KHGVJ17DRP,DE
6989a4e910805f5685d6e333,User_A2F43N49O45WB8,DE
6989a4e910805f5685d6e334,User_A2H95WUICALOVE,DE
6989a4e910805f5685d6e335,User_A14DSHULDV1YER,IT
6989a4e910805f5685d6e336,User_A1ZLF5CZ84M2U6,FR
6989a4e910805f5685d6e337,User_A2O1FLF439GX3P,CA
6989a4e910805f5685d6e338,User_ADYVOEIPTVCIS,GB
6989a4e910805f5685d6e339,User_A8RUB0YNKTCBR,ES
6989a4e910805f5685d6e33a,User_A2JEGW9L1VSCWL,CA
6989a4e910805f5685d6e33b,User_A3HNOUE9KYUZXX,IT
6989a4e910805f5685d6e33c,User_A27LVUBEXSADGC,IT
6989a4e910805f5685d6e33d,User_A3I2XTPWV39Q1T,US
6989a4e910805f5685d6e33e,User_A3TCCOG5KR8I43,US
6989a4e910805f5685d6e33f,User_A2Q0OOD1PECAV5,US
6989a4e910805f5685d6e340,User_A1J7XBUMY1RGM1,DE
6989a4e910805f5685d6e341,User_AWOQPAS4ZZRXR,DE
6989a4e910805f5685d6e342,User_A33A5UDP2EEK08,CA
6989a4e910805f5685d6e343,User_A1NCEA6YZ9TC0G,ES
6989a4e910805f5685d6e344,User_A26A9FFNCGQVDF,ES
6989a4e910805f5685d6e345,User_AAILLM7AOCYW9,FR
6989a4e910805f5685d6e346,User_AJ096D4R7HKGZ,DE
6989a4e910805f5685d6e347,User_A1CU6NTKULREFJ,GB
6989a4e910805f5685d6e348,User_A37CAQ3QGEDDRD,CA
6989a4e910805f5685d6e349,User_A1S475O04AAL4Z,FR
6989a4e910805f5685d6e34a,User_AVJR53M9Q0AUP,DE
6989a4e910805f5685d6e34b,User_ADUH7FZMW185H,FR
6989a4e910805f5685d6e34c,User_A2DH8HN99FJ1MB,FR
6989a4e910805f5685d6e34d,User_2700,DE
6989a4e910805f5685d6e34e,User_A1380LGP2F5BAP,US
6989a4e910805f5685d6e34f,User_A2BLD9PPXZGFXK,IT
6989a4e910805f5685d6e350,User_AAC5DFCSMR6L3,CA
6989a4e910805f5685d6e351,User_A35ZHCOY4ZN9Z9,US
6989a4e910805f5685d6e352,User_ASH4CV8VJ71J7,ES
6989a4e910805f5685d6e353,User_AFRRUD7PV5AZK,FR
6989a4e910805f5685d6e354,User_A2PE21N0LHRDOJ,DE
6989a4e910805f5685d6e355,User_A1KRGU291VP1JJ,DE
6989a4e910805f5685d6e356,User_A2KZ1Z5OL2V28H,FR
6989a4e910805f5685d6e357,User_A24VSU6OCJ3CAG,US
6989a4e910805f5685d6e358,User_A3LP5O9PGKU3CK,US
6989a4e910805f5685d6e359,User_AN9J46667D80O,GB
6989a4e910805f5685d6e35a,User_A3N587PD8O6EWU,FR
6989a4e910805f5685d6e35b,User_A20CCIZOG87D4V,US
6989a4e910805f5685d6e35c,User_A2XXV9HF169LCF,IT
6989a4e910805f5685d6e35d,User_20671,DE
6989a4e910805f5685d6e35e,User_A1UJNRYYZ2OJ5K,DE
6989a4e910805f5685d6e35f,User_A5WBF6XQOT7DB,US
6989a4e910805f5685d6e360,User_A15JOI0L3PE4MF,GB
6989a4e910805f5685d6e361,User_A1BDJAP468IEMN,US
6989a4e910805f5685d6e362,User_A3JXY2HD1TXIHE,US
6989a4e910805f5685d6e363,User_A3D554VWRWAU78,FR
6989a4e910805f5685d6e364,User_A1ZC3CWWO9ATM3,GB
6989a4e910805f5685d6e365,User_A1W6A9Q0R1V2ZJ,ES
6989a4e910805f5685d6e366,User_A2RN96A8JYO9RH,CA
6989a4e910805f5685d6e367,User_A1YMXU78EIOTW0,US
6989a4e910805f5685d6e368,User_A2QHM5HBSIXRL4,GB
6989a4e910805f5685d6e369,User_ASM6A96LQTGJG,GB
6989a4e910805f5685d6e36a,User_A20QRJXKKUS9DQ,FR
6989a4e910805f5685d6e36b,User_A3J8HQ8RKVI2KA,IT
6989a4e910805f5685d6e36c,User_A3OCDD8CVPJH0R,DE
6989a4e910805f5685d6e36d,User_AAKER84W8366E,ES
6989a4e910805f5685d6e36e,User_A3DS4PHERQO3K1,CA
6989a4e910805f5685d6e36f,User_A3VBQ7TJ5ZS4BZ,FR
6989a4e910805f5685d6e370,User_A225ZL99A8XKIG,IT
6989a4e910805f5685d6e371,User_A1HE2GO99PTC87,US
6989a4e910805f5685d6e372,User_A2GX4KWO3V42Z,ES
6989a4e910805f5685d6e373,User_A284ZRCL9F6F5E,IT
6989a4e910805f5685d6e374,User_A1M0C5TKPFITRD,ES
6989a4e910805f5685d6e375,User_A3A6EZA3TTISP,ES
6989a4e910805f5685d6e376,User_A39PXR2LEOJGI7,CA
6989a4e910805f5685d6e377,User_A3KBORN0144KK9,US
6989a4e910805f5685d6e378,User_AZL8DRHFF0MBR,FR
6989a4e910805f5685d6e379,User_A2KSGQQVI80WGS,US
6989a4e910805f5685d6e37a,User_A3DC6U3FJKZ8NV,ES
6989a4e910805f5685d6e37b,User_A3C9Q3KTNNLJJ,GB
6989a4e910805f5685d6e37c,User_A3U7X9WM653YPS,FR
6989a4e910805f5685d6e37d,User_A35M5X7LV6QLFT,US
6989a4e910805f5685d6e37e,User_A1BUR8C3LJ45WV,US
6989a4e910805f5685d6e37f,User_276737,GB
6989a4e910805f5685d6e380,User_A388LQOSWXVKFZ,US
6989a4e910805f5685d6e381,User_A8ML7KD0N595Q,DE
6989a4e910805f5685d6e382,User_A1DNZ87ZP7P8W7,GB
6989a4e910805f5685d6e383,User_A3OLRQ1ETLIPTD,FR
6989a4e910805f5685d6e384,User_A1AHLKY5GIC0ZX,IT
6989a4e910805f5685d6e385,User_A26R0ZR5ZCHM0P,DE
6989a4e910805f5685d6e386,User_A9TI3P5N1VR0Z,CA
6989a4e910805f5685d6e387,User_A3UBLTFZO8YHA3,CA
6989a4e910805f5685d6e388,User_AOLK40O4UFYGH,ES
6989a4e910805f5685d6e389,User_A3PUL9Y3PQLRRO,IT
6989a4e910805f5685d6e38a,User_4785,US
6989a4e910805f5685d6e38b,User_A1CO7QU7QWGCXM,ES
6989a4e910805f5685d6e38c,User_A5SVS3FTDZ1JE,GB
6989a4e910805f5685d6e38d,User_6731,DE
6989a4e910805f5685d6e38e,User_A18JOUVR7H8E9U,IT
6989a4e910805f5685d6e38f,User_ARI5VV34SPBVC,US
6989a4e910805f5685d6e390,User_AIAWJXY90S5M7,GB
6989a4e910805f5685d6e391,User_A1WYD164ZERA6A,ES
6989a4e910805f5685d6e392,User_19642,GB
6989a4e910805f5685d6e393,User_AR7GMVW6P6JIS,ES
6989a4e910805f5685d6e394,User_A17650M689KNDI,ES
6989a4e910805f5685d6e395,User_A287AT20N7YAG3,GB
6989a4e910805f5685d6e396,User_12785,DE
6989a4e910805f5685d6e397,User_ARNT0XEYPL961,IT
6989a4e910805f5685d6e398,User_A8Z9CAQ4JU0ZK,IT
6989a4e910805f5685d6e399,User_APUZV0E9EA1OH,ES
6989a4e910805f5685d6e39a,User_A1454ELCRHOXLH,FR
6989a4e910805f5685d6e39b,User_A1K0PNAQEIK0QA,ES
6989a4e910805f5685d6e39c,User_A69B64ME327F3,ES
6989a4e910805f5685d6e39d,User_A2QOI0S9Y457VW,FR
6989a4e910805f5685d6e39e,User_AYFLJJAQ69MQ4,US
6989a4e910805f5685d6e39f,User_AYRMMU2FI4K0S,US
6989a4e910805f5685d6e3a0,User_ACFGIP45WWA9J,CA
6989a4e910805f5685d6e3a1,User_A3U535MK2WU9FC,GB
6989a4e910805f5685d6e3a2,User_A1LMOV8D3RB0XO,IT
6989a4e910805f5685d6e3a3,User_A2PVUFJ8SQHPS7,FR
6989a4e910805f5685d6e3a4,User_19807,IT
6989a4e910805f5685d6e3a5,User_A2TC7ZAB2VTTRL,GB
6989a4e910805f5685d6e3a6,User_A1IOQVHUOKC5FW,DE
6989a4e910805f5685d6e3a7,User_A6ORJ504BQZ9R,GB
6989a4e910805f5685d6e3a8,User_A1TYKGNEBYLWSG,FR
6989a4e910805f5685d6e3a9,User_A1OBR5FSYXCNN8,CA
6989a4e910805f5685d6e3aa,User_A1KHDC1Y60XQ1J,FR
6989a4e910805f5685d6e3ab,User_A1XPOYD7BLAAPN,US
6989a4e910805f5685d6e3ac,User_16609,US
6989a4e910805f5685d6e3ad,User_A1SEO2ELNENOOK,DE
6989a4e910805f5685d6e3ae,User_AI0GROA2OA05I,CA
6989a4e910805f5685d6e3af,User_A2OU2NCXK689Z2,GB
6989a4e910805f5685d6e3b0,User_AD3HT8ODAUGB0,DE
6989a4e910805f5685d6e3b1,User_A1L8HRCM60W0W7,US
6989a4e910805f5685d6e3b2,User_A3QZR4K65CL1KI,FR
6989a4e910805f5685d6e3b3,User_277629,IT
6989a4e910805f5685d6e3b4,User_A238YGQ57R9LE0,DE
6989a4e910805f5685d6e3b5,User_A12YD1QZ6QOXZK,DE
6989a4e910805f5685d6e3b6,User_A3IXNXBYY4WW2N,FR
6989a4e910805f5685d6e3b7,User_A14ADG0TTI4XBV,CA
6989a4e910805f5685d6e3b8,User_A1I6LLW0N14BL9,GB
6989a4e910805f5685d6e3b9,User_18748,FR
6989a4e910805f5685d6e3ba,User_A2XQMGE2YY88DC,US
6989a4e910805f5685d6e3bb,User_A1ES58TLJCNQU4,US
6989a4e910805f5685d6e3bc,User_A8C6TZKXG5Y81,US
6989a4e910805f5685d6e3bd,User_AKNICOEAMLIE,ES
6989a4e910805f5685d6e3be,User_A70GYL5AY60BJ,US
6989a4e910805f5685d6e3bf,User_AO39F9G517RTT,ES
6989a4e910805f5685d6e3c0,User_15470,US
6989a4e910805f5685d6e3c1,User_A1T6O7EY07UR4C,DE
6989a4e910805f5685d6e3c2,User_A8Q1D1UUMNWEO,US
6989a4e910805f5685d6e3c3,User_A33X2NWTV7X0OG,ES
6989a4e910805f5685d6e3c4,User_A1B8E0BTB2QYV5,DE
6989a4e910805f5685d6e3c5,User_A3I74NX81BDK3D,IT
6989a4e910805f5685d6e3c6,User_A29CQPME26G5T0,FR
6989a4e910805f5685d6e3c7,User_A2YF7NKKUJTGHW,IT
6989a4e910805f5685d6e3c8,User_A1XO50O4PRYQYD,FR
6989a4e910805f5685d6e3c9,User_A1O5LDTRJKZYQ9,FR
6989a4e910805f5685d6e3ca,User_A1NWX6K3ER1NZH,DE
6989a4e910805f5685d6e3cb,User_A360RHV2PGTY6J,CA
6989a4e910805f5685d6e3cc,User_A3B0ZKQMOSIA6N,IT
6989a4e910805f5685d6e3cd,User_A33RXI9021R31T,GB
6989a4e910805f5685d6e3ce,User_A1YMIQ8Z0HFACV,DE
6989a4e910805f5685d6e3cf,User_A3TO4XY0NRTCY0,GB
6989a4e910805f5685d6e3d0,User_5526,CA
6989a4e910805f5685d6e3d1,User_A3PLSU4VSEKB12,FR
6989a4e910805f5685d6e3d2,User_AI58UL9XPG7VN,IT
6989a4e910805f5685d6e3d3,User_AXA18NMFFLCDW,GB
6989a4e910805f5685d6e3d4,User_A1VRJKI38G4GOV,FR
6989a4e910805f5685d6e3d5,User_A1MNNRCYBCK9I5,IT
6989a4e910805f5685d6e3d6,User_A2SYDVYQRIOZF5,GB
6989a4e910805f5685d6e3d7,User_276852,IT
6989a4e910805f5685d6e3d8,User_A3QHM8KZ7NWQGK,FR
6989a4e910805f5685d6e3d9,User_A37PL69RXIFTFK,ES
6989a4e910805f5685d6e3da,User_AKS89TP9XEVVK,IT
6989a4e910805f5685d6e3db,User_AFY4G8PB847RG,ES
6989a4e910805f5685d6e3dc,User_A37EFXO5V8CJ9G,CA
6989a4e910805f5685d6e3dd,User_A3W3H9S9FISFH8,IT
6989a4e910805f5685d6e3de,User_A35P874ZYUS8KI,IT
6989a4e910805f5685d6e3df,User_A2MNHO301C6X0B,FR
6989a4e910805f5685d6e3e0,User_A6FIAB28IS79,IT
6989a4e910805f5685d6e3e1,User_A2S4L7GW93VB6T,IT
6989a4e910805f5685d6e3e2,User_A3A26HQVP1WNMC,CA
6989a4e910805f5685d6e3e3,User_ACIB5PGZDQD95,FR
6989a4e910805f5685d6e3e4,User_16364,GB
6989a4e910805f5685d6e3e5,User_A21DL1ZYUKU7CX,GB
6989a4e910805f5685d6e3e6,User_A320SF5UCOVM7X,GB
6989a4e910805f5685d6e3e7,User_A2XS80NF7ZB74V,GB
6989a4e910805f5685d6e3e8,User_A34QVTLPLP7TZO,GB
6989a4e910805f5685d6e3e9,User_A2VDJENC8AEL55,ES
6989a4e910805f5685d6e3ea,User_A1QIRYBED0OIJH,CA
6989a4e910805f5685d6e3eb,User_A13GGZD9FH9DDY,DE
6989a4e910805f5685d6e3ec,User_13813,CA
6989a4e910805f5685d6e3ed,User_A17A2F7CPIJBLI,CA
6989a4e910805f5685d6e3ee,User_ABSL8HN2VHW0V,IT
6989a4e910805f5685d6e3ef,User_A3N7TVOTK6QHJM,IT
6989a4e910805f5685d6e3f0,User_ATLEU1BWH8K6C,DE
6989a4e910805f5685d6e3f1,User_A24G1H61L0TQHN,IT
6989a4e910805f5685d6e3f2,User_A3O577E235PYG4,ES
6989a4e910805f5685d6e3f3,User_A30K4ZIOO8I3VL,IT
6989a4e910805f5685d6e3f4,User_A2KXHWQNOMC2CC,GB
6989a4e910805f5685d6e3f5,User_A1C6BZ7R8L9ED9,CA
6989a4e910805f5685d6e3f6,User_A3L17LHVO7PW9J,GB
6989a4e910805f5685d6e3f7,User_A34ABHQ05VMKXE,IT
6989a4e910805f5685d6e3f8,User_A3E5SLCS2G9PVM,IT
6989a4e910805f5685d6e3f9,User_A216XEDE1EAU0J,IT
6989a4e910805f5685d6e3fa,User_A1KS1D201JFB8L,FR
6989a4e910805f5685d6e3fb,User_A1ZZELDY2OHUV2,IT
6989a4e910805f5685d6e3fc,User_A32X30UW16MLU5,FR
6989a4e910805f5685d6e3fd,User_A1C65TQPYYTJHA,CA
6989a4e910805f5685d6e3fe,User_17742,DE
6989a4e910805f5685d6e3ff,User_A89HZ618W5BZG,FR
6989a4e910805f5685d6e400,User_A388BCLXV6H9YD,DE
6989a4e910805f5685d6e401,User_5429,GB
6989a4e910805f5685d6e402,User_AO93CFTGYRO2F,CA
6989a4e910805f5685d6e403,User_A1RZ9MV9T4AJLX,GB
6989a4e910805f5685d6e404,User_A3LJ42VJQS36D4,ES
6989a4e910805f5685d6e405,User_2515,CA
6989a4e910805f5685d6e406,User_A159PNFYP9WWH5,ES
6989a4e910805f5685d6e407,User_A1WAC9LU90ZKDW,DE
6989a4e910805f5685d6e408,User_A2XTNTGO6V3C51,US
6989a4e910805f5685d6e409,User_A1H9ROGSQVFUA,US
6989a4e910805f5685d6e40a,User_A7FW3UZMEZT3S,US
6989a4e910805f5685d6e40b,User_AQDMG28ILLNW4,US
6989a4e910805f5685d6e40c,User_A1VCM1FVB7B12L,CA
6989a4e910805f5685d6e40d,User_A3F5KKZA5121CS,CA
6989a4e910805f5685d6e40e,User_A1AHYCO2YWXXG5,GB
6989a4e910805f5685d6e40f,User_A1BOVDY5DIXH8J,GB
6989a4e910805f5685d6e410,User_A3M16X958Q8R4N,ES
6989a4e910805f5685d6e411,User_AQTN3CMHP2Y74,CA
6989a4e910805f5685d6e412,User_AK15A19M01PKL,CA
6989a4e910805f5685d6e413,User_2308,ES
6989a4e910805f5685d6e414,User_AM6SIH8AKMPRA,IT
6989a4e910805f5685d6e415,User_A3L2G5THV4CF4D,FR
6989a4e910805f5685d6e416,User_A1F234IKW8X91O,CA
6989a4e910805f5685d6e417,User_A3EVGLQNO0QUV3,US
6989a4e910805f5685d6e418,User_A2T2EB2ZT07D66,GB
6989a4e910805f5685d6e419,User_AV9FGR1C13XO9,GB
6989a4e910805f5685d6e41a,User_3675,US
6989a4e910805f5685d6e41b,User_A38F16XP0P76LO,DE
6989a4e910805f5685d6e41c,User_A267IXCC7UK1HY,GB
6989a4e910805f5685d6e41d,User_A3IULYIOUD9V30,DE
6989a4e910805f5685d6e41e,User_A2TZO9LN23JUD9,IT
6989a4e910805f5685d6e41f,User_A238BS2ZDSN7VQ,CA
6989a4e910805f5685d6e420,User_A1LWWFWHPZHKPH,ES
6989a4e910805f5685d6e421,User_A3DT8BG5WGB74C,US
6989a4e910805f5685d6e422,User_A3DU06LESK7EPF,GB
6989a4e910805f5685d6e423,User_AOGLOD55SNLD7,US
6989a4e910805f5685d6e424,User_A1MC2MFTHWLON,GB
6989a4e910805f5685d6e425,User_A2FICNZBMLOPD5,IT
6989a4e910805f5685d6e426,User_277408,IT
6989a4e910805f5685d6e427,User_20441,ES
6989a4e910805f5685d6e428,User_3061,DE
6989a4e910805f5685d6e429,User_4128,ES
6989a4e910805f5685d6e42a,User_A3BVBXAG1ASRYZ,IT
6989a4e910805f5685d6e42b,User_12809,DE
6989a4e910805f5685d6e42c,User_AO1YUXTK5KS20,IT
6989a4e910805f5685d6e42d,User_A2NJORNP2XYHHB,IT
6989a4e910805f5685d6e42e,User_AAOJ5T6VS5Z6O,DE
6989a4e910805f5685d6e42f,User_547,CA
6989a4e910805f5685d6e430,User_16937,CA
6989a4e910805f5685d6e431,User_A2PKDKIRTKZUES,GB
6989a4e910805f5685d6e432,User_A1N9F3VFUY0PNT,DE
6989a4e910805f5685d6e433,User_AUTUYKL8525WP,FR
6989a4e910805f5685d6e434,User_AS5DB62UB7S0M,GB
6989a4e910805f5685d6e435,User_A229LCRQN54GJV,ES
6989a4e910805f5685d6e436,User_A3MEUBYAMHIJV0,GB
6989a4e910805f5685d6e437,User_AQI66TC5F9ZZR,CA
6989a4e910805f5685d6e438,User_10834,FR
6989a4e910805f5685d6e439,User_277856,CA
6989a4e910805f5685d6e43a,User_A35ZNA3L2DWA9Z,ES
6989a4e910805f5685d6e43b,User_A3UYD53AIRD3PG,US
6989a4e910805f5685d6e43c,User_A0496111N36S06ADS2XZ,DE
6989a4e910805f5685d6e43d,User_A1DQUI7CW6F4VQ,GB
6989a4e910805f5685d6e43e,User_A1YULPSMPKWNFF,ES
6989a4e910805f5685d6e43f,User_ACW3FHK3GQIW1,GB
6989a4e910805f5685d6e440,User_A3TO45K1B0Y8DN,CA
6989a4e910805f5685d6e441,User_A6ZA49TJUB2KA,US
6989a4e910805f5685d6e442,User_A1KDZO9481651E,CA
6989a4e910805f5685d6e443,User_A28H51ONXOWYY8,US
6989a4e910805f5685d6e444,User_A1GROCTTYO8R0N,GB
6989a4e910805f5685d6e445,User_AWATBT0M6QCUW,CA
6989a4e910805f5685d6e446,User_A3UQSZXV4PW618,IT
6989a4e910805f5685d6e447,User_A2XKAVYULRKL9,CA
6989a4e910805f5685d6e448,User_A3IVZKX2PM7T6Y,CA
6989a4e910805f5685d6e449,User_A3MZNRSDQ32UUH,IT
6989a4e910805f5685d6e44a,User_A13G1TKIKHGV3F,US
6989a4e910805f5685d6e44b,User_A1TG8T9O8ZYO6L,DE
6989a4e910805f5685d6e44c,User_A2CEBON5E9OTRZ,GB
6989a4e910805f5685d6e44d,User_A1UBNDE5BGXF88,US
6989a4e910805f5685d6e44e,User_A1HAMCJLTQXLKU,US
6989a4e910805f5685d6e44f,User_A3JIGY7AHK52CK,IT
6989a4e910805f5685d6e450,User_AA32DW440RBE6,IT
6989a4e910805f5685d6e451,User_A3I8PN39DOZ0RV,IT
6989a4e910805f5685d6e452,User_A3UYHTXN7XFN8O,FR
6989a4e910805f5685d6e453,User_A3D5AMG9DNP9S9,CA
6989a4e910805f5685d6e454,User_A16RVWX5LVRZ5D,IT
6989a4e910805f5685d6e455,User_A6Z6UFVYKEU4B,CA
6989a4e910805f5685d6e456,User_A3FVXQK3025FFX,ES
6989a4e910805f5685d6e457,User_A3BJ2GD1TG5ZEP,IT
6989a4e910805f5685d6e458,User_A1IQK80SXVPAWW,CA
6989a4e910805f5685d6e459,User_A1PT90ZLQK1YHP,CA
6989a4e910805f5685d6e45a,User_AO0RLSETN4E1J,DE
6989a4e910805f5685d6e45b,User_A2US6ISU6X9GQK,IT
6989a4e910805f5685d6e45c,User_A151X4A6A6Z7HP,CA
6989a4e910805f5685d6e45d,User_A2S23KSA36VSON,IT
6989a4e910805f5685d6e45e,User_6694,US
6989a4e910805f5685d6e45f,User_AUXMNEB4TLWL5,CA
6989a4e910805f5685d6e460,User_A146H6A41B26QT,US
6989a4e910805f5685d6e461,User_AWVBNRGEJ6AC6,ES
6989a4e910805f5685d6e462,User_A3B09DUM0FR2BV,ES
6989a4e910805f5685d6e463,User_AN5YPYA232O50,GB
6989a4e910805f5685d6e464,User_A230N1T528J1MD,GB
6989a4e910805f5685d6e465,User_A164CP9WEJUK5T,US
6989a4e910805f5685d6e466,User_A18KH87E4ATUJH,DE
6989a4e910805f5685d6e467,User_AZYDDCX18UVLD,ES
6989a4e910805f5685d6e468,User_AOZIMYPRDFJGC,ES
6989a4e910805f5685d6e469,User_A6G4VLOO0MSGY,US
6989a4e910805f5685d6e46a,User_A2ELESXG83XJD9,FR
6989a4e910805f5685d6e46b,User_A3RSI6J07OFNQ5,ES
6989a4e910805f5685d6e46c,User_A2AXQJDHWSJKCD,US
6989a4e910805f5685d6e46d,User_A38AB3BINRDGIG,DE
6989a4e910805f5685d6e46e,User_A1EHBYYQD3HJ8K,ES
6989a4e910805f5685d6e46f,User_6247,FR
6989a4e910805f5685d6e470,User_AX6CRRFTE9V10,ES
6989a4e910805f5685d6e471,User_7747,US
6989a4e910805f5685d6e472,User_A1685F2YAZ5O54,US
6989a4e910805f5685d6e473,User_A3OIXQDPXB1KO0,FR
6989a4e910805f5685d6e474,User_A1Y2WP6M9058AM,GB
6989a4e910805f5685d6e475,User_A2CJ0YWXRZPM18,GB
6989a4e910805f5685d6e476,User_A1MPUO5K0ZFKHW,FR
6989a4e910805f5685d6e477,User_A11R1AEEK9JH3T,US
6989a4e910805f5685d6e478,User_A2U7E9KHOYX2NH,ES
6989a4e910805f5685d6e479,User_A3DIOQ4E1635LI,GB
6989a4e910805f5685d6e47a,User_A1F22DBSKGZIAH,US
6989a4e910805f5685d6e47b,User_A6DEYYRJT2HWK,IT
6989a4e910805f5685d6e47c,User_APNB7B35YC5ZX,FR
6989a4e910805f5685d6e47d,User_15872,GB
6989a4e910805f5685d6e47e,User_ARQ02SRSGE9EK,ES
6989a4e910805f5685d6e47f,User_A3KQT3HETJECTO,FR
6989a4e910805f5685d6e480,User_AI9ZL7F6SS3KO,DE
6989a4e910805f5685d6e481,User_A18TGJE4SUE4F1,GB
6989a4e910805f5685d6e482,User_20446,CA
6989a4e910805f5685d6e483,User_A1QPXXFT0T6YGL,DE
6989a4e910805f5685d6e484,User_A28AZ17R2G98HE,IT
6989a4e910805f5685d6e485,User_A3T1Y47T7DPUHR,DE
6989a4e910805f5685d6e486,User_A1YA4LF3NCV4PX,US
6989a4e910805f5685d6e487,User_A3FVQCS5Q09W9N,GB
6989a4e910805f5685d6e488,User_ADGINJRP1J5T5,GB
6989a4e910805f5685d6e489,User_A33FA68V0NCM5E,DE
6989a4e910805f5685d6e48a,User_A2ZSZNMR425OTW,FR
6989a4e910805f5685d6e48b,User_A2FHFXI9R5X5AE,FR
6989a4e910805f5685d6e48c,User_A15NQBI021IEZS,GB
6989a4e910805f5685d6e48d,User_A3HYB7F1666YTR,ES
6989a4e910805f5685d6e48e,User_A1R5YOL07N9PC2,ES
6989a4e910805f5685d6e48f,User_A3HLC8LBK61HK9,GB
6989a4e910805f5685d6e490,User_9498,FR
6989a4e910805f5685d6e491,User_A15KP79YRB78OF,CA
6989a4e910805f5685d6e492,User_AHM0B7G5WCUUC,IT
6989a4e910805f5685d6e493,User_21901,FR
6989a4e910805f5685d6e494,User_A2YCZ1WCZXA4MM,GB
6989a4e910805f5685d6e495,User_A2ABEHZ1CSQ8O0,CA
6989a4e910805f5685d6e496,User_22082,FR
6989a4e910805f5685d6e497,User_A14LUXGIP9NMQX,DE
6989a4e910805f5685d6e498,User_1016,FR
6989a4e910805f5685d6e499,User_A21Y67NJELR3EO,CA
6989a4e910805f5685d6e49a,User_A36NS2974Y5XCQ,ES
6989a4e910805f5685d6e49b,User_A54VWW3R7VGCL,US
6989a4e910805f5685d6e49c,User_A3BZJVMCKI1G4N,US
6989a4e910805f5685d6e49d,User_AVYGK3MMJK5KI,CA
6989a4e910805f5685d6e49e,User_A3871YZHM8QMN3,DE
6989a4e910805f5685d6e49f,User_A134YDAV8DTAU6,US
6989a4e910805f5685d6e4a0,User_A1IL6W1NK05UW9,ES
6989a4e910805f5685d6e4a1,User_A2K9K1Z3LSOVM2,US
6989a4e910805f5685d6e4a2,User_A3GFITWD3Z7KBO,US
6989a4e910805f5685d6e4a3,User_A1UAZFYFGAQAYV,DE
6989a4e910805f5685d6e4a4,User_A32AINK2NW69DU,FR
6989a4e910805f5685d6e4a5,User_AJG0U6TJ9AXHF,DE
6989a4e910805f5685d6e4a6,User_A1E1YCOV94U045,US
6989a4e910805f5685d6e4a7,User_AT7O1ONKZSY3X,CA
6989a4e910805f5685d6e4a8,User_A2B8HFUPBKBVTB,IT
6989a4e910805f5685d6e4a9,User_A10OFC8N3BKVRJ,FR
6989a4e910805f5685d6e4aa,User_AZWCTWQD2NINI,CA
6989a4e910805f5685d6e4ab,User_A3MHAQVLXHCKUN,CA
6989a4e910805f5685d6e4ac,User_ALADRNNFSZ48V,CA
6989a4e910805f5685d6e4ad,User_A2PMW5JM6J37C0,FR
6989a4e910805f5685d6e4ae,User_A1GDNK33STS2A1,GB
6989a4e910805f5685d6e4af,User_A2BLBDX81C0MY7,GB
6989a4e910805f5685d6e4b0,User_A2BRKW5EA4X6H2,FR
6989a4e910805f5685d6e4b1,User_A2TZZQUHX0PVN4,IT
6989a4e910805f5685d6e4b2,User_AAVDCBZAAFZRA,IT
6989a4e910805f5685d6e4b3,User_A2GH0ME9D681IJ,ES
6989a4e910805f5685d6e4b4,User_A4IGGPAA7QAXR,IT
6989a4e910805f5685d6e4b5,User_AJEXHNL87S7I6,IT
6989a4e910805f5685d6e4b6,User_A3GK9LT41X73NC,GB
6989a4e910805f5685d6e4b7,User_A26HUUWF8LKEAZ,IT
6989a4e910805f5685d6e4b8,User_277632,ES
6989a4e910805f5685d6e4b9,User_A2YTE25PVAV4XD,ES
6989a4e910805f5685d6e4ba,User_A2PSI9M1NH98NU,IT
6989a4e910805f5685d6e4bb,User_A2BJA9Z00O09XB,GB
6989a4e910805f5685d6e4bc,User_A3W4RNSRVO7G37,CA
6989a4e910805f5685d6e4bd,User_14181,IT
6989a4e910805f5685d6e4be,User_A12URCON0DCW25,GB
6989a4e910805f5685d6e4bf,User_A34S86H4OJGGVR,DE
6989a4e910805f5685d6e4c0,User_A331IHAZ7KTXNK,GB
6989a4e910805f5685d6e4c1,User_AW9VMTY3BL3EG,US
6989a4e910805f5685d6e4c2,User_AKM7NSGHO2MPC,IT
6989a4e910805f5685d6e4c3,User_AMRK1CI7L32QU,CA
6989a4e910805f5685d6e4c4,User_ALRSN976ZX4J9,GB
6989a4e910805f5685d6e4c5,User_A1819FF8J4TMW2,IT
6989a4e910805f5685d6e4c6,User_A3U0J2EVOMWGR3,GB
6989a4e910805f5685d6e4c7,User_A2ZPHKMHNF6QEU,ES
6989a4e910805f5685d6e4c8,User_A2Z3KHEPEQTLRJ,CA
6989a4e910805f5685d6e4c9,User_A2WZMHKVLI1J9O,GB
6989a4e910805f5685d6e4ca,User_AWRV4BC2KGUUK,DE
6989a4e910805f5685d6e4cb,User_A19RK3UQZHUYP0,IT
6989a4e910805f5685d6e4cc,User_A1YJ2X96WKBLFE,ES
6989a4e910805f5685d6e4cd,User_A1MEMEKY38TKIF,IT
6989a4e910805f5685d6e4ce,User_A3SGT4EZU6J7Q9,US
6989a4e910805f5685d6e4cf,User_20545,US
6989a4e910805f5685d6e4d0,User_A2F433NZHMK5PB,CA
6989a4e910805f5685d6e4d1,User_AS1YKFH6RSKFB,IT
6989a4e910805f5685d6e4d2,User_A3N74RXBP7RAB,CA
6989a4e910805f5685d6e4d3,User_A184TJOPAY4A3Z,GB
6989a4e910805f5685d6e4d4,User_A3LEDQZUR8BNFI,IT
6989a4e910805f5685d6e4d5,User_5710,IT
6989a4e910805f5685d6e4d6,User_A36NF437WZLQ9E,US
6989a4e910805f5685d6e4d7,User_AD6HOIH67EY5W,FR
6989a4e910805f5685d6e4d8,User_A2AHD5CCVYSNJ2,CA
6989a4e910805f5685d6e4d9,User_A17RDUAR026FAL,CA
6989a4e910805f5685d6e4da,User_ADBI7Y752SJHV,DE
6989a4e910805f5685d6e4db,User_A29SU5GGUIX6X3,DE
6989a4e910805f5685d6e4dc,User_A3J0RZL79RH3WK,DE
6989a4e910805f5685d6e4dd,User_A31DD3FLWLNY8F,DE
6989a4e910805f5685d6e4de,User_A37AV0L98VU0QA,CA
6989a4e910805f5685d6e4df,User_AETY1NQUVDW6J,ES
6989a4e910805f5685d6e4e0,User_A38K6QXAW5BIW2,ES
6989a4e910805f5685d6e4e1,User_AZCL008C9TGTG,CA
6989a4e910805f5685d6e4e2,User_A3LI9HTR6ALID,IT
6989a4e910805f5685d6e4e3,User_A1UUU7C6D12BSW,US
6989a4e910805f5685d6e4e4,User_A127LE10MUQBG7,CA
6989a4e910805f5685d6e4e5,User_A3FFX4GV70D7A3,GB
6989a4e910805f5685d6e4e6,User_21661,CA
6989a4e910805f5685d6e4e7,User_A5QBG61K04YC2,GB
6989a4e910805f5685d6e4e8,User_A3JO7BJI2843NH,FR
6989a4e910805f5685d6e4e9,User_A1IF5GPXOP1WBF,ES
6989a4e910805f5685d6e4ea,User_AZ7Y8XNBJDSZL,DE
6989a4e910805f5685d6e4eb,User_A3IYHDB69DBL83,DE
6989a4e910805f5685d6e4ec,User_A2C3REFXHTUN5R,FR
6989a4e910805f5685d6e4ed,User_A3IVH5ORI095XC,GB
6989a4e910805f5685d6e4ee,User_AAMU00SSB7TYG,ES
6989a4e910805f5685d6e4ef,User_A14C2UI4I5C34X,DE
6989a4e910805f5685d6e4f0,User_A1S9SF3VZ4DSKW,FR
6989a4e910805f5685d6e4f1,User_ABTU8RA5B577N,DE
6989a4e910805f5685d6e4f2,User_A2XHOSYOV1Q79Y,ES
6989a4e910805f5685d6e4f3,User_ATNGTIJI1R8AY,IT
6989a4e910805f5685d6e4f4,User_A1OVXVS2MA3M59,IT
6989a4e910805f5685d6e4f5,User_A28D09QWBWVJNS,CA
6989a4e910805f5685d6e4f6,User_A2YSX6TH99P8LF,US
6989a4e910805f5685d6e4f7,User_AR3PNCVRB55XC,ES
6989a4e910805f5685d6e4f8,User_8752,DE
6989a4e910805f5685d6e4f9,User_A3VPRWEPH6C823,US
6989a4e910805f5685d6e4fa,User_A1UH72LFPQ9BLC,IT
6989a4e910805f5685d6e4fb,User_A2U3Z7K39QFBKM,DE
6989a4e910805f5685d6e4fc,User_21861,US
6989a4e910805f5685d6e4fd,User_16062,IT
6989a4e910805f5685d6e4fe,User_A3OGNGLH60XNHU,ES
6989a4e910805f5685d6e4ff,User_A1XUUVDJ11ZX2L,FR
6989a4e910805f5685d6e500,User_AVF9TMZK5W854,CA
6989a4e910805f5685d6e501,User_18108,IT
6989a4e910805f5685d6e502,User_A2UEGKRWJK7EF7,GB
6989a4e910805f5685d6e503,User_A3G1UUURC9UKDK,US
6989a4e910805f5685d6e504,User_3994,CA
6989a4e910805f5685d6e505,User_A2BFI5LRCXTYWB,IT
6989a4e910805f5685d6e506,User_7183,GB
6989a4e910805f5685d6e507,User_AGUD26HSDTZVM,CA
6989a4e910805f5685d6e508,User_A379NYI2TH9GCS,CA
6989a4e910805f5685d6e509,User_A1I1S99FXN4WU5,DE
6989a4e910805f5685d6e50a,User_A22WW2RFMK3Y6Z,ES
6989a4e910805f5685d6e50b,User_A2DQIZV1LJDMVN,GB
6989a4e910805f5685d6e50c,User_A2EU4N4BWJ68LN,DE
6989a4e910805f5685d6e50d,User_A2MCFHZ4HVHFGF,CA
6989a4e910805f5685d6e50e,User_A3G4UIFSF419QX,FR
6989a4e910805f5685d6e50f,User_ADAZ4T3AAHVN7,DE
6989a4e910805f5685d6e510,User_AMXHDDDBRM0KB,CA
6989a4e910805f5685d6e511,User_A3GRVR1MAZWCP4,ES
6989a4e910805f5685d6e512,User_A1IRKPOZKYSWOQ,IT
6989a4e910805f5685d6e513,User_AU8KHP8ESWJNO,ES
6989a4e910805f5685d6e514,User_A3CPX27GZLN3QI,CA
6989a4e910805f5685d6e515,User_22134,GB
6989a4e910805f5685d6e516,User_A2XBSLXSHJGFQ6,CA
6989a4e910805f5685d6e517,User_A8M0AUELXRLJS,US
6989a4e910805f5685d6e518,User_A12V70IHLYSZT,FR
6989a4e910805f5685d6e519,User_A3NVWS7SAN5XUG,US
6989a4e910805f5685d6e51a,User_A1TT0S38XOC1XQ,IT
6989a4e910805f5685d6e51b,User_A121LNLBEZ11PU,IT
6989a4e910805f5685d6e51c,User_A308LSUDH8D9ZU,IT
6989a4e910805f5685d6e51d,User_A14X336IB4JD89,GB
6989a4e910805f5685d6e51e,User_A1BN7D1TAIUY4R,IT
6989a4e910805f5685d6e51f,User_AM1WOMR8PM9I1,US
6989a4e910805f5685d6e520,User_A6B3YSYDLEJBO,IT
6989a4e910805f5685d6e521,User_A16YC2AWI711M3,GB
6989a4e910805f5685d6e522,User_A1LLBQU1J79KS7,DE
6989a4e910805f5685d6e523,User_A2643KUN3VNG83,CA
6989a4e910805f5685d6e524,User_A3UEB2MTO8526S,DE
6989a4e910805f5685d6e525,User_A3VL0U0WLU018N,CA
6989a4e910805f5685d6e526,User_18702,US
6989a4e910805f5685d6e527,User_AYYL8YRINQE1N,ES
6989a4e910805f5685d6e528,User_A12LJJMLATXL0N,DE
6989a4e910805f5685d6e529,User_A2ZS1MMK02A0Y2,CA
6989a4e910805f5685d6e52a,User_AZN3417PF0SCD,CA
6989a4e910805f5685d6e52b,User_A2S26YGSVXBCFL,DE
6989a4e910805f5685d6e52c,User_A23D2TOAHLFL1K,FR
6989a4e910805f5685d6e52d,User_1155,FR
6989a4e910805f5685d6e52e,User_A1U851C7QEGZSC,IT
6989a4e910805f5685d6e52f,User_A114LQ55GCQ2RZ,CA
6989a4e910805f5685d6e530,User_A1GDM2HIU6M21Z,ES
6989a4e910805f5685d6e531,User_AXNJBANS9ZJ01,FR
6989a4e910805f5685d6e532,User_15692,CA
6989a4e910805f5685d6e533,User_A1X0FLFLUNRB5F,ES
6989a4e910805f5685d6e534,User_A13BZOXAC3RQ46,US
6989a4e910805f5685d6e535,User_A1J8O0ZK2OQVUK,US
6989a4e910805f5685d6e536,User_AUGABW5AS2OXM,GB
6989a4e910805f5685d6e537,User_20575,US
6989a4e910805f5685d6e538,User_A2TS10TSIQ7L47,GB
6989a4e910805f5685d6e539,User_A9MOO7ZR0ON1U,US
6989a4e910805f5685d6e53a,User_A2XJ53MHZHEOH6,GB
6989a4e910805f5685d6e53b,User_APPEY39YGSLVL,GB
6989a4e910805f5685d6e53c,User_A1HWE8ZJJNX3AV,ES
6989a4e910805f5685d6e53d,User_A3JORDWLKLS7GU,CA
6989a4e910805f5685d6e53e,User_12641,US
6989a4e910805f5685d6e53f,User_ADAYPZRLWYWH5,CA
6989a4e910805f5685d6e540,User_A3M66EW11L1GUJ,IT
6989a4e910805f5685d6e541,User_278095,DE
6989a4e910805f5685d6e542,User_6867,DE
6989a4e910805f5685d6e543,User_A75XQHTD5GIPR,FR
6989a4e910805f5685d6e544,User_A3H7847T6IYWNN,FR
6989a4e910805f5685d6e545,User_A1ZVO0L5E7VAD0,DE
6989a4e910805f5685d6e546,User_A3K13VC3Q467TO,ES
6989a4e910805f5685d6e547,User_AHYCAEPJ3ROG4,IT
6989a4e910805f5685d6e548,User_AHA6DIJV0IMC1,US
6989a4e910805f5685d6e549,User_277330,GB
6989a4e910805f5685d6e54a,User_AL8NIRE4NPI1A,US
6989a4e910805f5685d6e54b,User_5555,FR
6989a4e910805f5685d6e54c,User_AIR8ZXEG6AWQW,US
6989a4e910805f5685d6e54d,User_A3H1IHTLDG9DTM,FR
6989a4e910805f5685d6e54e,User_A1Y976JX3WWZKA,GB
6989a4e910805f5685d6e54f,User_A27YUZJ9GI3JOZ,US
6989a4e910805f5685d6e550,User_A31F46SL73DQYG,GB
6989a4e910805f5685d6e551,User_A3C5ZZQ143WG6T,GB
6989a4e910805f5685d6e552,User_A2HVAJDS831326,DE
6989a4e910805f5685d6e553,User_A2I2LYSYEUVU8,CA
6989a4e910805f5685d6e554,User_AFK19OOLZS4ED,ES
6989a4e910805f5685d6e555,User_277800,FR
6989a4e910805f5685d6e556,User_A2F5PAC9I5SCG6,US
6989a4e910805f5685d6e557,User_A26HPF35YF46G7,ES
6989a4e910805f5685d6e558,User_A4Z5NLUPV2LC4,IT
6989a4e910805f5685d6e559,User_A1VSLLC85L3K44,FR
6989a4e910805f5685d6e55a,User_A2PDFUOIIVHMON,IT
6989a4e910805f5685d6e55b,User_AMS8ARLSLY0TS,US
6989a4e910805f5685d6e55c,User_A1F3YKY022ZZ2N,GB
6989a4e910805f5685d6e55d,User_A1TEKBCNWXZFGZ,US
6989a4e910805f5685d6e55e,User_APDR3D5MAK713,GB
6989a4e910805f5685d6e55f,User_ARHYSXNY8M4KK,IT
6989a4e910805f5685d6e560,User_ARG9FU3M47YP9,CA
6989a4e910805f5685d6e561,User_A3F9OE03MCDEF5,US
6989a4e910805f5685d6e562,User_A5Y1PJIOU21WD,CA
6989a4e910805f5685d6e563,User_A3K0BLV8YW2RFR,ES
6989a4e910805f5685d6e564,User_A35JS50PCBVPQP,IT
6989a4e910805f5685d6e565,User_A319731XRDKYUM,GB
6989a4e910805f5685d6e566,User_A3GFI0C68KJH0W,US
6989a4e910805f5685d6e567,User_AKFVY18UTIMUJ,FR
6989a4e910805f5685d6e568,User_AYPW6B142A0Y6,CA
6989a4e910805f5685d6e569,User_ABEZG8ELKW61M,DE
6989a4e910805f5685d6e56a,User_A20BIDBHQ21T98,DE
6989a4e910805f5685d6e56b,User_277919,GB
6989a4e910805f5685d6e56c,User_A3VCUJ74UG500M,ES
6989a4e910805f5685d6e56d,User_A16WF6TK5RUXT5,CA
6989a4e910805f5685d6e56e,User_6958,GB
6989a4e910805f5685d6e56f,User_A32AAZ31LJRF7B,CA
6989a4e910805f5685d6e570,User_A1YNOXZA9WV0TX,US
6989a4e910805f5685d6e571,User_A2Y2Q4BRTMDMND,CA
6989a4e910805f5685d6e572,User_ANQ0WJ13U9TXD,US
6989a4e910805f5685d6e573,User_A1NGAU6IFGZCK4,DE
6989a4e910805f5685d6e574,User_AJ8JJ6D5BSJKZ,FR
6989a4e910805f5685d6e575,User_A2M83KG7MS2VSR,ES
6989a4e910805f5685d6e576,User_A2S0Q8UQ27DG08,GB
6989a4e910805f5685d6e577,User_A1H8JQUXSX9PW4,US
6989a4e910805f5685d6e578,User_A3UO4TNELHHBIR,IT
6989a4e910805f5685d6e579,User_A1PM8V2Y0XC3I,FR
6989a4e910805f5685d6e57a,User_A1Q9UBKDHI1A0N,GB
6989a4e910805f5685d6e57b,User_ARO5RCBUXNMGT,FR
6989a4e910805f5685d6e57c,User_5843,ES
6989a4e910805f5685d6e57d,User_A1UQXDTZO5IZ91,FR
6989a4e910805f5685d6e57e,User_A3NNANTHBECLRJ,DE
6989a4e910805f5685d6e57f,User_23180,CA
6989a4e910805f5685d6e580,User_17986,US
6989a4e910805f5685d6e581,User_19614,FR
6989a4e910805f5685d6e582,User_A3L5RMLYW8P49U,DE
6989a4e910805f5685d6e583,User_A3LOG09078A9RZ,GB
6989a4e910805f5685d6e584,User_ANZYKM0I8W84U,US
6989a4e910805f5685d6e585,User_A2ULZS72I5E0QT,US
6989a4e910805f5685d6e586,User_AOCLQCKHBDP0H,ES
6989a4e910805f5685d6e587,User_A2EIPMKYGOPQCM,ES
6989a4e910805f5685d6e588,User_A1Z9H8125NDY9O,GB
6989a4e910805f5685d6e589,User_6667,FR
6989a4e910805f5685d6e58a,User_A1VB4E3BK2MTQG,FR
6989a4e910805f5685d6e58b,User_ANV47MYHV93W,IT
6989a4e910805f5685d6e58c,User_A1HOEVIY93FML0,DE
6989a4e910805f5685d6e58d,User_A1YV1QYOQD8XJR,IT
6989a4e910805f5685d6e58e,User_A4RH2VR2KROW5,DE
6989a4e910805f5685d6e58f,User_A36T6TL8SO7V9Y,CA
6989a4e910805f5685d6e590,User_A3JTBRDRK6Q0M3,ES
6989a4e910805f5685d6e591,User_A1S7PQAX11X080,US
6989a4e910805f5685d6e592,User_A23R5L23RFXL6Z,US
6989a4e910805f5685d6e593,User_A1YCND8CDWNEJS,ES
6989a4e910805f5685d6e594,User_A2K33VWYQC9C2W,DE
6989a4e910805f5685d6e595,User_A3DUI3LZHPQ8ZS,ES
6989a4e910805f5685d6e596,User_A1BY0PRGL1AWVA,CA
6989a4e910805f5685d6e597,User_20966,CA
6989a4e910805f5685d6e598,User_A37P548WKSEUUC,IT
6989a4e910805f5685d6e599,User_A2BIZXLKM5JCUE,GB
6989a4e910805f5685d6e59a,User_ADVQ1M6RCODK3,US
6989a4e910805f5685d6e59b,User_20422,GB
6989a4e910805f5685d6e59c,User_3373,GB
6989a4e910805f5685d6e59d,User_A392TRB9MYPAG3,FR
6989a4e910805f5685d6e59e,User_AHIDMSZHR9TUG,US
6989a4e910805f5685d6e59f,User_18685,IT
6989a4e910805f5685d6e5a0,User_277032,US
6989a4e910805f5685d6e5a1,User_A6I34PEBYW5S5,ES
6989a4e910805f5685d6e5a2,User_276837,US
6989a4e910805f5685d6e5a3,User_A22AJ4ZZFFYLEC,GB
6989a4e910805f5685d6e5a4,User_ANMGTIZHU2CGP,IT
6989a4e910805f5685d6e5a5,User_A1XUDC9WWON60,US
6989a4e910805f5685d6e5a6,User_A1XSENORX7N74N,FR
6989a4e910805f5685d6e5a7,User_A23GV6VAA5LSPH,ES
6989a4e910805f5685d6e5a8,User_AN8K6OR4NKI0V,IT
6989a4e910805f5685d6e5a9,User_16267,US
6989a4e910805f5685d6e5aa,User_21043,US
6989a4e910805f5685d6e5ab,User_A1MRWTJ41PJQWS,IT
6989a4e910805f5685d6e5ac,User_AH7UDG89WBTZU,FR
6989a4e910805f5685d6e5ad,User_A2MHWYUF8635NN,CA
6989a4e910805f5685d6e5ae,User_A29B010NXQ3MX3,US
6989a4e910805f5685d6e5af,User_A2FW1YQLQB76U4,DE
6989a4e910805f5685d6e5b0,User_A3IKBHODOTYYHM,US
6989a4e910805f5685d6e5b1,User_A2CAY12COAA2HD,GB
6989a4e910805f5685d6e5b2,User_21203,US
6989a4e910805f5685d6e5b3,User_A2VF3BXFXXTEPL,FR
6989a4e910805f5685d6e5b4,User_A1OSM8WWBBLBFL,US
6989a4e910805f5685d6e5b5,User_A17IDDV8GBMAXB,IT
6989a4e910805f5685d6e5b6,User_A3TS255C4GSDJ3,ES
6989a4e910805f5685d6e5b7,User_A1PID3NHA747E9,IT
6989a4e910805f5685d6e5b8,User_A36F8TTQHLAXGM,US
6989a4e910805f5685d6e5b9,User_A8KT10C7S433N,US
6989a4e910805f5685d6e5ba,User_A363UEL2VJNBX9,US
6989a4e910805f5685d6e5bb,User_A21K0UQPVH9ZHF,FR
6989a4e910805f5685d6e5bc,User_A3NP31ZAQ4PKPR,FR
6989a4e910805f5685d6e5bd,User_A1C6XKFPUFN6V6,GB
6989a4e910805f5685d6e5be,User_A2TBDRVNRHTKH1,US
6989a4e910805f5685d6e5bf,User_A2MRWKXPTUK9WL,CA
6989a4e910805f5685d6e5c0,User_A1J2FSNVTOL203,GB
6989a4e910805f5685d6e5c1,User_A2QEEMJVAT8FUT,IT
6989a4e910805f5685d6e5c2,User_A3374HP1UQKUOO,FR
6989a4e910805f5685d6e5c3,User_ALPUQ3MK4F42K,ES
6989a4e910805f5685d6e5c4,User_A1CVBZBNOXS5JP,ES
6989a4e910805f5685d6e5c5,User_A2GSFSS5SKB5AI,DE
6989a4e910805f5685d6e5c6,User_A1V7P6B06BDXIS,IT
6989a4e910805f5685d6e5c7,User_AXIWSILFUYH82,FR
6989a4e910805f5685d6e5c8,User_A30O1NTREXO593,CA
6989a4e910805f5685d6e5c9,User_A336QT60NJOT6K,US
6989a4e910805f5685d6e5ca,User_A16O0OR5VNWX88,CA
6989a4e910805f5685d6e5cb,User_A7OX1ZTE0BWC8,ES
6989a4e910805f5685d6e5cc,User_ALB3H2I3JIJJ1,DE
6989a4e910805f5685d6e5cd,User_9414,CA
6989a4e910805f5685d6e5ce,User_A3DIBJ2PXGNK9W,CA
6989a4e910805f5685d6e5cf,User_A1ZDK180XHU8Y5,DE
6989a4e910805f5685d6e5d0,User_A25SQ33WVST1HV,CA
6989a4e910805f5685d6e5d1,User_A2MN2NORC7EM4V,CA
6989a4e910805f5685d6e5d2,User_A1OPXCMKR58R9V,GB
6989a4e910805f5685d6e5d3,User_A15U2WAT90V7DC,IT
6989a4e910805f5685d6e5d4,User_A3P85S6U9CT6VV,IT
6989a4e910805f5685d6e5d5,User_A3EZNEZM0Y4WJL,ES
6989a4e910805f5685d6e5d6,User_A3JC1CMGK26Z4I,GB
6989a4e910805f5685d6e5d7,User_809,ES
6989a4e910805f5685d6e5d8,User_ATW0LZIKURGTP,FR
6989a4e910805f5685d6e5d9,User_A12VJM8J3AIXA0,IT
6989a4e910805f5685d6e5da,User_A2M2X6EHMLOXQS,IT
6989a4e910805f5685d6e5db,User_A2A9U0Y77KCVWC,DE
6989a4e910805f5685d6e5dc,User_A7U6195VNHJWY,GB
6989a4e910805f5685d6e5dd,User_A2EUTFNAZK9Y41,CA
6989a4e910805f5685d6e5de,User_19280,IT
6989a4e910805f5685d6e5df,User_5208,ES
6989a4e910805f5685d6e5e0,User_A2MO53T7V3BHKJ,ES
6989a4e910805f5685d6e5e1,User_AIAB97YHQIT8W,GB
6989a4e910805f5685d6e5e2,User_AHNT66JAP0EU8,CA
6989a4e910805f5685d6e5e3,User_A1SX8EDVGBIDVA,ES
6989a4e910805f5685d6e5e4,User_A32SG1XLICVDIA,GB
6989a4e910805f5685d6e5e5,User_A1OD63JE905AYB,CA
6989a4e910805f5685d6e5e6,User_A1WQ3LPWSKDAN2,FR
6989a4e910805f5685d6e5e7,User_A2DCPOOBJ40WJC,ES
6989a4e910805f5685d6e5e8,User_A1BQQ9XB4TJRGO,GB
6989a4e910805f5685d6e5e9,User_ATCGZY21FSRPT,ES
6989a4e910805f5685d6e5ea,User_A3OZH8BOMESIN3,IT
6989a4e910805f5685d6e5eb,User_A1JZL8DA1GL1W9,ES
6989a4e910805f5685d6e5ec,User_A3JO05DGCKU3CS,US
6989a4e910805f5685d6e5ed,User_6555,DE
6989a4e910805f5685d6e5ee,User_A685QUQ3HNJ44,DE
6989a4e910805f5685d6e5ef,User_AT3QFQ9F6G9VD,DE
6989a4e910805f5685d6e5f0,User_A1P106EQ8X349E,CA
6989a4e910805f5685d6e5f1,User_AY3T26FUYMIZH,FR
6989a4e910805f5685d6e5f2,User_A1DESUV9U7GCUO,FR
6989a4e910805f5685d6e5f3,User_7112,FR
6989a4e910805f5685d6e5f4,User_A3K3O4C0L2GZWC,ES
6989a4e910805f5685d6e5f5,User_A26AG1VP3EWTX7,IT
6989a4e910805f5685d6e5f6,User_A1BP63B7RI0RDI,CA
6989a4e910805f5685d6e5f7,User_ACP5ZIWD03D9C,DE
6989a4e910805f5685d6e5f8,User_AFNGCCKJ0V0WL,DE
6989a4e910805f5685d6e5f9,User_A11E8P9Y4G0LTJ,ES
6989a4e910805f5685d6e5fa,User_7576,GB
6989a4e910805f5685d6e5fb,User_A3L2506W8QLD2Y,CA
6989a4e910805f5685d6e5fc,User_A1X9DFDQTGZSZ9,FR
6989a4e910805f5685d6e5fd,User_ALN2E6IDVKM0M,GB
6989a4e910805f5685d6e5fe,User_A1CSP8EXLD27YA,FR
6989a4e910805f5685d6e5ff,User_16878,GB
6989a4e910805f5685d6e600,User_ASC5ODG449DWO,ES
6989a4e910805f5685d6e601,User_AQWOX1WC2T7CD,FR
6989a4e910805f5685d6e602,User_4710,ES
6989a4e910805f5685d6e603,User_A1TXESTTEKH49D,ES
6989a4e910805f5685d6e604,User_A2OG1Y3M451B5G,IT
6989a4e910805f5685d6e605,User_A2SYGL4UNNUZ8,US
6989a4e910805f5685d6e606,User_A2XQAN7MMPC0QC,CA
6989a4e910805f5685d6e607,User_A3KHRGGS52HE8O,ES
6989a4e910805f5685d6e608,User_AHHTHBZW9T42D,CA
6989a4e910805f5685d6e609,User_A20RSGBXTA2SRH,DE
6989a4e910805f5685d6e60a,User_ASUINYTD68H97,US
6989a4e910805f5685d6e60b,User_A3IUWG9IV5IPBG,US
6989a4e910805f5685d6e60c,User_11283,US
6989a4e910805f5685d6e60d,User_AAHK7LQWZ13Z2,US
6989a4e910805f5685d6e60e,User_A1H2E7W11BLAYS,GB
6989a4e910805f5685d6e60f,User_A2RRTDRDB0JUAB,US
6989a4e910805f5685d6e610,User_23214,CA
6989a4e910805f5685d6e611,User_9927,US
6989a4e910805f5685d6e612,User_3799,CA
6989a4e910805f5685d6e613,User_A21A5BS73DBH0H,IT
6989a4e910805f5685d6e614,User_A33DFL4UZPDK73,FR
6989a4e910805f5685d6e615,User_A2O9HU1K7TCF7B,CA
6989a4e910805f5685d6e616,User_A273TDKB11ERJ8,IT
6989a4e910805f5685d6e617,User_A2K9XSYD8K3K2L,GB
6989a4e910805f5685d6e618,User_A2C8OP9QMQT7BJ,IT
6989a4e910805f5685d6e619,User_A2PPVHEQAMTTFW,DE
6989a4e910805f5685d6e61a,User_18038,FR
6989a4e910805f5685d6e61b,User_A32VKUJV06GLIP,DE
6989a4e910805f5685d6e61c,User_A1PUHQPOAB536V,FR
6989a4e910805f5685d6e61d,User_ABI4WN2GMPWFR,US
6989a4e910805f5685d6e61e,User_AKT3AADT45CL1,CA
6989a4e910805f5685d6e61f,User_AYZUMZX4RDH3F,US
6989a4e910805f5685d6e620,User_A31YDL7JIKQUR9,FR
6989a4e910805f5685d6e621,User_A2ZH6D69FCY7SX,ES
6989a4e910805f5685d6e622,User_A3LS4KR5H9RD1J,ES
6989a4e910805f5685d6e623,User_A3TC8JQ4PNU32P,ES
6989a4e910805f5685d6e624,User_A3ON59TXAULJPN,IT
6989a4e910805f5685d6e625,User_AS29Y38KQVWX1,DE
6989a4e910805f5685d6e626,User_AVLJSYG4P63PH,CA
6989a4e910805f5685d6e627,User_A1GXCDKG2TG577,IT
6989a4e910805f5685d6e628,User_A2UBH8YM5RLS3V,IT
6989a4e910805f5685d6e629,User_21112,IT
6989a4e910805f5685d6e62a,User_A3FL7ZZRECTYZX,IT
6989a4e910805f5685d6e62b,User_22826,DE
6989a4e910805f5685d6e62c,User_A3M3HUZO3HBBUF,US
6989a4e910805f5685d6e62d,User_A2EFPZL3J5304N,FR
6989a4e910805f5685d6e62e,User_277436,US
6989a4e910805f5685d6e62f,User_AYG53DV7KD6ME,IT
6989a4e910805f5685d6e630,User_A2C3MZ9HZLWB5W,GB
6989a4e910805f5685d6e631,User_A24JKZB0ZKKDRC,IT
6989a4e910805f5685d6e632,User_A34ST6VT27L271,CA
6989a4e910805f5685d6e633,User_A3QIVLDTU18017,DE
6989a4e910805f5685d6e634,User_6847,ES
6989a4e910805f5685d6e635,User_A1OEIY198DOOU8,GB
6989a4e910805f5685d6e636,User_AM5V01FH7M7GG,IT
6989a4e910805f5685d6e637,User_A3OJJPV8Y32VYC,US
6989a4e910805f5685d6e638,User_A4WH9YIF0P6F1,GB
6989a4e910805f5685d6e639,User_ALXO28COM3XGI,ES
6989a4e910805f5685d6e63a,User_A2CJIUZJMHIGJ6,ES
6989a4e910805f5685d6e63b,User_A2Y4IMV7JN27NE,DE
6989a4e910805f5685d6e63c,User_AGZ0OTMII5LMZ,US
6989a4e910805f5685d6e63d,User_A1IY8U0N6P87S,GB
6989a4e910805f5685d6e63e,User_A2ORJ0AUXIB6BY,CA
6989a4e910805f5685d6e63f,User_A1K0E1HE9IGRZM,DE
6989a4e910805f5685d6e640,User_ABZBEHLIHWRK2,ES
6989a4e910805f5685d6e641,User_17440,FR
6989a4e910805f5685d6e642,User_A1GW6OXXZD49PG,CA
6989a4e910805f5685d6e643,User_AW0HVLEQ8642W,US
6989a4e910805f5685d6e644,User_A1PI0GN5N7M3GF,DE
6989a4e910805f5685d6e645,User_A2PPK104FTD2GZ,GB
6989a4e910805f5685d6e646,User_A3LH5JHVICFAQS,CA
6989a4e910805f5685d6e647,User_A7X86B7TTML2L,US
6989a4e910805f5685d6e648,User_21999,DE
6989a4e910805f5685d6e649,User_A296GTDGYGKYV7,IT
6989a4e910805f5685d6e64a,User_AIDR99MLKJYU4,FR
6989a4e910805f5685d6e64b,User_7306,ES
6989a4e910805f5685d6e64c,User_AYFD9GV2Q9RYO,GB
6989a4e910805f5685d6e64d,User_AA4Y8HH3QHVIV,IT
6989a4e910805f5685d6e64e,User_A50E1DOWBZYZZ,US
6989a4e910805f5685d6e64f,User_A3EW5IS2UZTAOL,ES
6989a4e910805f5685d6e650,User_A1RA3WP91YFGHJ,GB
6989a4e910805f5685d6e651,User_A38CR345VBDXYD,US
6989a4e910805f5685d6e652,User_A1YP9IQUJIXBMB,GB
6989a4e910805f5685d6e653,User_A2THP1H34SC0RT,CA
6989a4e910805f5685d6e654,User_A2Y34QTG3XDBIA,DE
6989a4e910805f5685d6e655,User_A1JLS3QOLICC7B,GB
6989a4e910805f5685d6e656,User_A34KWHT010UM69,IT
6989a4e910805f5685d6e657,User_A2PLPUR806SE3X,US
6989a4e910805f5685d6e658,User_A21XDM3LSTCRAJ,GB
6989a4e910805f5685d6e659,User_A2TQTY66VVTTPT,GB
6989a4e910805f5685d6e65a,User_A2NML53YCHS80S,DE
6989a4e910805f5685d6e65b,User_A2LF0WAZD3ITYJ,IT
6989a4e910805f5685d6e65c,User_A21FQASQW8C4BA,CA
6989a4e910805f5685d6e65d,User_A1T0UEETLP3JBV,IT
6989a4e910805f5685d6e65e,User_A3AA3FY10ZBSDV,FR
6989a4e910805f5685d6e65f,User_A303HKKREZ6K7T,FR
6989a4e910805f5685d6e660,User_A3EOFI1298CDC4,FR
6989a4e910805f5685d6e661,User_A12Y6H7VXDVB1G,US
6989a4e910805f5685d6e662,User_A3Q78GKY14MQ1,IT
6989a4e910805f5685d6e663,User_A169IQKQZCRK3Q,CA
6989a4e910805f5685d6e664,User_17710,DE
6989a4e910805f5685d6e665,User_11287,IT
6989a4e910805f5685d6e666,User_A1P8DIBAXF6H37,US
6989a4e910805f5685d6e667,User_A31S47MZ77BX7T,CA
6989a4e910805f5685d6e668,User_APDB7XFPX2JTF,CA
6989a4e910805f5685d6e669,User_A3GFE5VLWYU8G4,IT
6989a4e910805f5685d6e66a,User_A2ZCOKRTJA9Q4R,GB
6989a4e910805f5685d6e66b,User_AAAO80KHHOEY5,US
6989a4e910805f5685d6e66c,User_A3FZ9AN04PJY16,GB
6989a4e910805f5685d6e66d,User_A2G2JZT68P5V8P,DE
6989a4e910805f5685d6e66e,User_A1VGJXS0R1CL6S,FR
6989a4e910805f5685d6e66f,User_A1C08LAWS52OQB,IT
6989a4e910805f5685d6e670,User_A30BQUYTFZGG0R,DE
6989a4e910805f5685d6e671,User_A3LV7VPNTR4HDT,DE
6989a4e910805f5685d6e672,User_A1BKMYEQ6BP5B5,IT
6989a4e910805f5685d6e673,User_A2RFJZI6CVRX12,ES
6989a4e910805f5685d6e674,User_A1R7Y0ZIJLFPPN,GB
6989a4e910805f5685d6e675,User_A1WKAG58044R7,IT
6989a4e910805f5685d6e676,User_A7SR82J2GE65H,DE
6989a4e910805f5685d6e677,User_A2Y8XLO900T4HL,GB
6989a4e910805f5685d6e678,User_A16EZ9Q4ODK7KJ,GB
6989a4e910805f5685d6e679,User_A2KYQCSST7LH31,GB
6989a4e910805f5685d6e67a,User_AVYXCB2I4R0UC,IT
6989a4e910805f5685d6e67b,User_A20GVUKS8EDJ4S,CA
6989a4e910805f5685d6e67c,User_A2W253YGW1ZOZO,DE
6989a4e910805f5685d6e67d,User_A1VZLLDNLURGJB,US
6989a4e910805f5685d6e67e,User_A3EWXNHJP9NX5C,FR
6989a4e910805f5685d6e67f,User_AUDD6EM1NI5J8,DE
6989a4e910805f5685d6e680,User_A1PAFT74WXBTMU,US
6989a4e910805f5685d6e681,User_AKQWSXLPME19Q,ES
6989a4e910805f5685d6e682,User_A3K7WDRNIMB49W,CA
6989a4e910805f5685d6e683,User_A2SKZPJ4LPF27H,ES
6989a4e910805f5685d6e684,User_A3JFO6PNX9J4BT,ES
6989a4e910805f5685d6e685,User_A1VOD1ENAQ7U9W,GB
6989a4e910805f5685d6e686,User_A5EJJE1R34QK,IT
6989a4e910805f5685d6e687,User_A2HKR9DAC138DZ,IT
6989a4e910805f5685d6e688,User_A9H6ELOHRDG39,US
6989a4e910805f5685d6e689,User_A2339F1LWNPJRE,IT
6989a4e910805f5685d6e68a,User_A13G2S34AOY6GA,FR
6989a4e910805f5685d6e68b,User_5424,DE
6989a4e910805f5685d6e68c,User_A3G5601RU4A62W,GB
6989a4e910805f5685d6e68d,User_A21DOHWR6URFOY,GB
6989a4e910805f5685d6e68e,User_A3UVUUAORPJSHX,GB
6989a4e910805f5685d6e68f,User_A6VJTCLU1M098,IT
6989a4e910805f5685d6e690,User_A39D7ONPOORMUT,US
6989a4e910805f5685d6e691,User_A8INDRWH1YOVG,GB
6989a4e910805f5685d6e692,User_A14QBRVVLV12UZ,FR
6989a4e910805f5685d6e693,User_278017,ES
6989a4e910805f5685d6e694,User_A4MDC2QL09P5J,CA
6989a4e910805f5685d6e695,User_A1W8FEWH4R8SSA,ES
6989a4e910805f5685d6e696,User_A13V772I1XPU9S,IT
6989a4e910805f5685d6e697,User_A3BXK3HE0XUG7,ES
6989a4e910805f5685d6e698,User_A210H1A5ELCZ8F,US
6989a4e910805f5685d6e699,User_ACM8EWZO9KYLL,ES
6989a4e910805f5685d6e69a,User_21143,US
6989a4e910805f5685d6e69b,User_15253,FR
6989a4e910805f5685d6e69c,User_A30H3ZF5JQKMGR,IT
6989a4e910805f5685d6e69d,User_4508,DE
6989a4e910805f5685d6e69e,User_AGIXO70XMDV94,FR
6989a4e910805f5685d6e69f,User_ACAO9CNGKU3TG,IT
6989a4e910805f5685d6e6a0,User_A3RSO5CXLFNQ4S,ES
6989a4e910805f5685d6e6a1,User_A2NNNX1IUC9LX0,IT
6989a4e910805f5685d6e6a2,User_A1W4YIJ8C349WQ,ES
6989a4e910805f5685d6e6a3,User_A1J58FFX6LWYY,GB
6989a4e910805f5685d6e6a4,User_A1FI8ZLRC431LP,DE
6989a4e910805f5685d6e6a5,User_13968,CA
6989a4e910805f5685d6e6a6,User_A1XWZI706IR3PY,ES
6989a4e910805f5685d6e6a7,User_A2OQW32KCMLDZ9,IT
6989a4e910805f5685d6e6a8,User_A3J60B1XR3H2H2,US
6989a4e910805f5685d6e6a9,User_A2LAGGAM88JRDZ,US
6989a4e910805f5685d6e6aa,User_A3S9XC47U0S0PB,US
6989a4e910805f5685d6e6ab,User_A290K4779FOOWR,ES
6989a4e910805f5685d6e6ac,User_A2CU73VHHYB10X,ES
6989a4e910805f5685d6e6ad,User_A2JKN7S3HZ5ADP,US
6989a4e910805f5685d6e6ae,User_ATR9GUEWBBFLR,CA
6989a4e910805f5685d6e6af,User_278732,CA
6989a4e910805f5685d6e6b0,User_A852WJH90DK24,FR
6989a4e910805f5685d6e6b1,User_A9QZFXNFBAY78,CA
6989a4e910805f5685d6e6b2,User_A2MIXD8BDAPCRJ,DE
6989a4e910805f5685d6e6b3,User_A1BQGDLFF9VAP5,CA
6989a4e910805f5685d6e6b4,User_20939,DE
6989a4e910805f5685d6e6b5,User_5903,IT
6989a4e910805f5685d6e6b6,User_A19EIXVSNNI46,DE
6989a4e910805f5685d6e6b7,User_A3K71U2UXLQ606,DE
6989a4e910805f5685d6e6b8,User_A2AZ6RHF7RQKG8,DE
6989a4e910805f5685d6e6b9,User_A32NPNIITHQ7XA,FR
6989a4e910805f5685d6e6ba,User_A25JOI87MN5QUI,GB
6989a4e910805f5685d6e6bb,User_AQ9UP1UTA5RZA,CA
6989a4e910805f5685d6e6bc,User_A1YNM9DNAHJ3U7,FR
6989a4e910805f5685d6e6bd,User_A2Q9BQ0VFX8YCK,CA
6989a4e910805f5685d6e6be,User_5946,DE
6989a4e910805f5685d6e6bf,User_A23RD37UQ4PY8E,FR
6989a4e910805f5685d6e6c0,User_A1HIDW0RGD6PSO,CA
6989a4e910805f5685d6e6c1,User_A162PK8TXM8MQ7,CA
6989a4e910805f5685d6e6c2,User_AO6U3C5QH8CON,ES
6989a4e910805f5685d6e6c3,User_10161,DE
6989a4e910805f5685d6e6c4,User_A4NGZE97T1DHE,GB
6989a4e910805f5685d6e6c5,User_A2UST9ZZD3RQLJ,CA
6989a4e910805f5685d6e6c6,User_AH1NW7K3PFAQH,DE
6989a4e910805f5685d6e6c7,User_A1I2AD2AJLN3HI,CA
6989a4e910805f5685d6e6c8,User_A2X9ATOSMEGAY3,GB
6989a4e910805f5685d6e6c9,User_A8WX6M9VK4EXR,DE
6989a4e910805f5685d6e6ca,User_22678,IT
6989a4e910805f5685d6e6cb,User_A93QX12JVL8MP,CA
6989a4e910805f5685d6e6cc,User_A3BEE99MYS0GE4,IT
6989a4e910805f5685d6e6cd,User_A2PCXXBTYRQ2FF,FR
6989a4e910805f5685d6e6ce,User_A1X1FL3YTMXPRJ,ES
6989a4e910805f5685d6e6cf,User_A3DGWMDTPFS2RI,ES
6989a4e910805f5685d6e6d0,User_2045,ES
6989a4e910805f5685d6e6d1,User_A3W46L9EZRMZPG,CA
6989a4e910805f5685d6e6d2,User_A2R5OFY94R0TY1,FR
6989a4e910805f5685d6e6d3,User_A2RRW61Q2KLL3K,CA
6989a4e910805f5685d6e6d4,User_AX5LPBZOGX7BR,DE
6989a4e910805f5685d6e6d5,User_AFNA4ZZGEK6VG,CA
6989a4e910805f5685d6e6d6,User_A3IQTPED48O8SM,ES
6989a4e910805f5685d6e6d7,User_AKPY1GI993TQW,DE
6989a4e910805f5685d6e6d8,User_A28MS6TI60BY0X,GB
6989a4e910805f5685d6e6d9,User_A15RA62639LVP1,FR
6989a4e910805f5685d6e6da,User_A1VJ7SIZTIUDVW,FR
6989a4e910805f5685d6e6db,User_A1T0T8JPKCZQXX,GB
6989a4e910805f5685d6e6dc,User_1293,ES
6989a4e910805f5685d6e6dd,User_A10ASLX7DTTB6Z,ES
6989a4e910805f5685d6e6de,User_A3D51GV6949M3U,GB
6989a4e910805f5685d6e6df,User_A3NCT5MKJWAVSZ,ES
6989a4e910805f5685d6e6e0,User_A2VAG48LQOB4JX,CA
6989a4e910805f5685d6e6e1,User_14343,IT
6989a4e910805f5685d6e6e2,User_AFU3LZQEGR51J,FR
6989a4e910805f5685d6e6e3,User_AREVYC5ZHRJMC,DE
6989a4e910805f5685d6e6e4,User_A1LFU4S2VRNJ9P,DE
6989a4e910805f5685d6e6e5,User_A3CKM71PRZ2YWZ,GB
6989a4e910805f5685d6e6e6,User_ANA7GEI66HIH0,DE
6989a4e910805f5685d6e6e7,User_AIE1EFLX3CJFB,CA
6989a4e910805f5685d6e6e8,User_A3L95D8PQYOPWU,IT
6989a4e910805f5685d6e6e9,User_A2QYZQ46RUH9CU,IT
6989a4e910805f5685d6e6ea,User_AWFVY6P7VVHC3,US
6989a4e910805f5685d6e6eb,User_A22YS8Q1GVUZ7S,ES
6989a4e910805f5685d6e6ec,User_A1ZOU45YA06SRJ,IT
6989a4e910805f5685d6e6ed,User_A8D4MM99OJOAJ,DE
6989a4e910805f5685d6e6ee,User_15105,ES
6989a4e910805f5685d6e6ef,User_7500,DE
6989a4e910805f5685d6e6f0,User_AH6O1NZ3SBTUP,IT
6989a4e910805f5685d6e6f1,User_A3UPBMW2LGKIJU,CA
6989a4e910805f5685d6e6f2,User_A238VVOTBQC5GM,IT
6989a4e910805f5685d6e6f3,User_A612R1GHKWXOM,IT
6989a4e910805f5685d6e6f4,User_A4IJAIG9455PT,US
6989a4e910805f5685d6e6f5,User_A21YAMH87PI1R,IT
6989a4e910805f5685d6e6f6,User_14950,CA
6989a4e910805f5685d6e6f7,User_A3AX3QPLTJI4ZW,GB
6989a4e910805f5685d6e6f8,User_A6FAR8687MRZM,US
6989a4e910805f5685d6e6f9,User_A1WQ4SSZJ2AOR9,ES
6989a4e910805f5685d6e6fa,User_A3B9OF86FNFEHA,US
6989a4e910805f5685d6e6fb,User_10189,CA
6989a4e910805f5685d6e6fc,User_A3BVL3V2DQZ8PH,DE
6989a4e910805f5685d6e6fd,User_AJPBCC2F1L06E,CA
6989a4e910805f5685d6e6fe,User_A3GW2NOL5IZ2SP,ES
6989a4e910805f5685d6e6ff,User_A1E3C04FRIL4XT,FR
6989a4e910805f5685d6e700,User_A17YPMAYU5PM7M,IT
6989a4e910805f5685d6e701,User_A35Z7FIHBSCHKR,US
6989a4e910805f5685d6e702,User_15048,DE
6989a4e910805f5685d6e703,User_AS14ANEH5XQX1,US
6989a4e910805f5685d6e704,User_12697,CA
6989a4e910805f5685d6e705,User_A2JLSVFRVZMSIK,FR
6989a4e910805f5685d6e706,User_19875,CA
6989a4e910805f5685d6e707,User_A1CUGODMVM13NJ,GB
6989a4e910805f5685d6e708,User_A30CGZ5MRWLEB4,GB
6989a4e910805f5685d6e709,User_A11O5EQ7XNJTFB,DE
6989a4e910805f5685d6e70a,User_A173DIVMRN49OW,ES
6989a4e910805f5685d6e70b,User_A2MILV52PFBUZ0,DE
6989a4e910805f5685d6e70c,User_AYABUEJC2SEHQ,ES
6989a4e910805f5685d6e70d,User_A11R721ZM6JOYD,GB
6989a4e910805f5685d6e70e,User_A2ERWWRYDB601P,DE
6989a4e910805f5685d6e70f,User_A1L4KHEUOUX68X,CA
6989a4e910805f5685d6e710,User_ACA8LR0JUFPXU,GB
6989a4e910805f5685d6e711,User_A2L4YJ78RY1YOV,GB
6989a4e910805f5685d6e712,User_A4IK6MVD15DSY,DE
6989a4e910805f5685d6e713,User_A1FTPHKCHYAJTY,GB
6989a4e910805f5685d6e714,User_A1QILAN05SW9OZ,DE
6989a4e910805f5685d6e715,User_5499,CA
6989a4e910805f5685d6e716,User_A67LUW5ZV3B9I,US
6989a4e910805f5685d6e717,User_A318J3VVTXIFOC,GB
6989a4e910805f5685d6e718,User_A5KVV45YIZFIM,GB
6989a4e910805f5685d6e719,User_A10VWKO80A7HB1,IT
6989a4e910805f5685d6e71a,User_A1QK59VPUYI7RK,GB
6989a4e910805f5685d6e71b,User_A1G82FM840BW84,GB
6989a4e910805f5685d6e71c,User_A39SYCBUA3E66S,US
6989a4e910805f5685d6e71d,User_AB4HNCKQ0GXBV,GB
6989a4e910805f5685d6e71e,User_A162PETEL2X4N,CA
6989a4e910805f5685d6e71f,User_A1394S68QM42LG,DE
6989a4e910805f5685d6e720,User_A1CPJEZRLVKJOS,ES
6989a4e910805f5685d6e721,User_A1BB4L03MHLAF5,IT
6989a4e910805f5685d6e722,User_A3FKYLUBXEW9QE,GB
6989a4e910805f5685d6e723,User_A1PZJ9KBOVRMQS,ES
6989a4e910805f5685d6e724,User_A1IVU5K50UHL3X,IT
6989a4e910805f5685d6e725,User_A24F3P4LH32I5W,IT
6989a4e910805f5685d6e726,User_A13F2IV3ME23R,GB
6989a4e910805f5685d6e727,User_A3DX3973KUYCFT,ES
6989a4e910805f5685d6e728,User_A2S2ZBXB9G0MNS,ES
6989a4e910805f5685d6e729,User_A2ZKTY3IO7470P,US
6989a4e910805f5685d6e72a,User_A363T30JZA3TRB,ES
6989a4e910805f5685d6e72b,User_A32A29R0L68INE,GB
6989a4e910805f5685d6e72c,User_A1RDKBX3WAL5I8,IT
6989a4e910805f5685d6e72d,User_18288,ES
6989a4e910805f5685d6e72e,User_A3M30XRQW9X9XH,CA
6989a4e910805f5685d6e72f,User_A19OPB95RF40SV,US
6989a4e910805f5685d6e730,User_A3AW42A29EL4KF,DE
6989a4e910805f5685d6e731,User_A28PRLOQA683I1,IT
6989a4e910805f5685d6e732,User_A18C269AV3M4ET,DE
6989a4e910805f5685d6e733,User_9177,CA
6989a4e910805f5685d6e734,User_A3E825YH4LTCND,FR
6989a4e910805f5685d6e735,User_A1LBGXE29GG1IR,DE
6989a4e910805f5685d6e736,User_A184CV1WH222HX,FR
6989a4e910805f5685d6e737,User_A13AI8QIXNDCTR,GB
6989a4e910805f5685d6e738,User_A1M9JEESYIUQ87,GB
6989a4e910805f5685d6e739,User_A1WL850NO6SUEI,CA
6989a4e910805f5685d6e73a,User_AXOHXJ8RTF5BR,IT
6989a4e910805f5685d6e73b,User_A1W6MVYA7FR2YA,GB
6989a4e910805f5685d6e73c,User_A2SJAM41V7J8TY,GB
6989a4e910805f5685d6e73d,User_A2XJOULH9X2572,DE
6989a4e910805f5685d6e73e,User_A1X69RZ08LRNGL,US
6989a4e910805f5685d6e73f,User_AJ8POWYFUPPUN,DE
6989a4e910805f5685d6e740,User_A2E13VBCO22XZ7,FR
6989a4e910805f5685d6e741,User_A1W9LWVFGGJU3K,US
6989a4e910805f5685d6e742,User_A3EN6VRGCKC8MJ,FR
6989a4e910805f5685d6e743,User_A29FTOYE6PW0M5,IT
6989a4e910805f5685d6e744,User_13638,CA
6989a4e910805f5685d6e745,User_A26R4A6F24YNSI,IT
6989a4e910805f5685d6e746,User_A2NQ309CLMRRDU,IT
6989a4e910805f5685d6e747,User_18035,FR
6989a4e910805f5685d6e748,User_A1EXY11GIMV97Q,IT
6989a4e910805f5685d6e749,User_AK4FKQM328PQE,IT
6989a4e910805f5685d6e74a,User_A1IJ4NTABWNH67,CA
6989a4e910805f5685d6e74b,User_15859,CA
6989a4e910805f5685d6e74c,User_A2HUT8MPT5U7RX,CA
6989a4e910805f5685d6e74d,User_AIYPZA7T4MT6,GB
6989a4e910805f5685d6e74e,User_A1K8R2YX9TRTR4,GB
6989a4e910805f5685d6e74f,User_A1CBJMO3ZT72ZX,FR
6989a4e910805f5685d6e750,User_AU1MMSE4NF88N,DE
6989a4e910805f5685d6e751,User_AR84JX76E5Y3O,ES
6989a4e910805f5685d6e752,User_A2892982RIVXL7,ES
6989a4e910805f5685d6e753,User_AJ2CERNLWGFVD,IT
6989a4e910805f5685d6e754,User_A1BTLG9F8XSZR9,US
6989a4e910805f5685d6e755,User_A1CSWL084MJY8O,US
6989a4e910805f5685d6e756,User_A2L3O7P3LQTB07,GB
6989a4e910805f5685d6e757,User_AT95CJ3Q0R01Z,DE
6989a4e910805f5685d6e758,User_A3C30Z6Z1QO8VG,DE
6989a4e910805f5685d6e759,User_A2JCSLVBZ1BZ46,CA
6989a4e910805f5685d6e75a,User_A25GEY5HVGFW4N,DE
6989a4e910805f5685d6e75b,User_AVHBK2SJ6CJ1C,IT
6989a4e910805f5685d6e75c,User_A2IFC2R5RXQDJP,CA
6989a4e910805f5685d6e75d,User_A2BY9MCRJYHQP0,ES
6989a4e910805f5685d6e75e,User_A2KR5X4NJ40PQF,CA
6989a4e910805f5685d6e75f,User_A104V4ZFD6MWXX,GB
6989a4e910805f5685d6e760,User_AT2SKB848RYKU,CA
6989a4e910805f5685d6e761,User_A27V0S2I3M9ZOJ,DE
6989a4e910805f5685d6e762,User_A3ACC417FVZDH9,GB
6989a4e910805f5685d6e763,User_10048,DE
6989a4e910805f5685d6e764,User_A2XI4O5K66D4GN,DE
6989a4e910805f5685d6e765,User_A1WJJGQ5PDLP9J,ES
6989a4e910805f5685d6e766,User_AN5NESAAL45K6,CA
6989a4e910805f5685d6e767,User_A66CGUOPZG4OO,IT
6989a4e910805f5685d6e768,User_5139,GB
6989a4e910805f5685d6e769,User_AGKLBDT99GO4T,US
6989a4e910805f5685d6e76a,User_A21CVINJN4S9MM,DE
6989a4e910805f5685d6e76b,User_A1A07DIGS8QEK8,US
6989a4e910805f5685d6e76c,User_ANMDPNA6277Q2,ES
6989a4e910805f5685d6e76d,User_A1EU0JJ8DPQY88,CA
6989a4e910805f5685d6e76e,User_A3BXKZ89LDCWD1,DE
6989a4e910805f5685d6e76f,User_23032,ES
6989a4e910805f5685d6e770,User_A2Y0UEIGF3065,DE
6989a4e910805f5685d6e771,User_A2UMKGVNCL6Z3J,FR
6989a4e910805f5685d6e772,User_A1PZTPWFV4WMX1,GB
6989a4e910805f5685d6e773,User_A28TEYUOFXAJCK,GB
6989a4e910805f5685d6e774,User_A2PK1M7IYKMBZ3,ES
6989a4e910805f5685d6e775,User_A1PDLNHCMFVSDR,CA
6989a4e910805f5685d6e776,User_AUJ1U3VWA2CIW,ES
6989a4e910805f5685d6e777,User_A1JN4250QKLMQ9,DE
6989a4e910805f5685d6e778,User_ADVTJ03JD4RQ2,DE
6989a4e910805f5685d6e779,User_15187,US
6989a4e910805f5685d6e77a,User_A3DUPXEW857NA6,GB
6989a4e910805f5685d6e77b,User_20476,US
6989a4e910805f5685d6e77c,User_A1CQTAST9MPHVL,GB
6989a4e910805f5685d6e77d,User_A22A4FU3ALJXYR,GB
6989a4e910805f5685d6e77e,User_A1J2V442KPV4X,ES
6989a4e910805f5685d6e77f,User_A20N7VV474UA1E,DE
6989a4e910805f5685d6e780,User_AIKH6U59BHPV,IT
6989a4e910805f5685d6e781,User_13137,IT
6989a4e910805f5685d6e782,User_A2IDU6G6AGAU65,FR
6989a4e910805f5685d6e783,User_A2EMPNZAW5RT38,FR
6989a4e910805f5685d6e784,User_A3JOPESPWC6HYB,GB
6989a4e910805f5685d6e785,User_A3AGNJNG7CFVZK,DE
6989a4e910805f5685d6e786,User_A3UXVYPGU8NB65,US
6989a4e910805f5685d6e787,User_12839,GB
6989a4e910805f5685d6e788,User_AXRJGD9X83TQ5,CA
6989a4e910805f5685d6e789,User_ALA7HFGEH2PC3,DE
6989a4e910805f5685d6e78a,User_A1VRBML6OCE5Q8,FR
6989a4e910805f5685d6e78b,User_A37FFWZUGO8L7W,DE
6989a4e910805f5685d6e78c,User_A25KCFF1S74T6Z,FR
6989a4e910805f5685d6e78d,User_AF7WIK9JEHWKB,DE
6989a4e910805f5685d6e78e,User_A5DXP7QPGR5A0,FR
6989a4e910805f5685d6e78f,User_A3MQXFVZ9DCE8M,CA
6989a4e910805f5685d6e790,User_A2J8ZG4QL2JLBV,DE
6989a4e910805f5685d6e791,User_AO774TVG6Y1Q7,ES
6989a4e910805f5685d6e792,User_AYPBT08ZHOFIR,DE
6989a4e910805f5685d6e793,User_A2SXFXU1YZDODM,GB
6989a4e910805f5685d6e794,User_ANFCJWAR5OY3S,ES
6989a4e910805f5685d6e795,User_A2UNAPH5IGWQ8K,GB
6989a4e910805f5685d6e796,User_A1IAH3AP02ZVQ4,GB
6989a4e910805f5685d6e797,User_AQYJEM740TU,DE
6989a4e910805f5685d6e798,User_A1LL0VVV42L3N4,ES
6989a4e910805f5685d6e799,User_A30SPZQL87ORCT,US
6989a4e910805f5685d6e79a,User_A2QTS2N8NWV29A,IT
6989a4e910805f5685d6e79b,User_A1DFOO4F3VIW1J,IT
6989a4e910805f5685d6e79c,User_278336,CA
6989a4e910805f5685d6e79d,User_AGBIS9VVBN7AJ,CA
6989a4e910805f5685d6e79e,User_14519,GB
6989a4e910805f5685d6e79f,User_A2C8SOLT0LN9C3,GB
6989a4e910805f5685d6e7a0,User_12101,ES
6989a4e910805f5685d6e7a1,User_A3K6E24NKUEUEZ,ES
6989a4e910805f5685d6e7a2,User_AYZ5V1NKGUMB3,IT
6989a4e910805f5685d6e7a3,User_ADFEVWV4EF2IF,ES
6989a4e910805f5685d6e7a4,User_A1KZ31LXHXUNQQ,FR
6989a4e910805f5685d6e7a5,User_A2R9RFOVAE58FN,IT
6989a4e910805f5685d6e7a6,User_AF3HP0PEKDMUJ,GB
6989a4e910805f5685d6e7a7,User_A10L4S44OMTRIJ,GB
6989a4e910805f5685d6e7a8,User_AMJY05UA7T9BH,CA
6989a4e910805f5685d6e7a9,User_A1Y67BEMZMU7SD,IT
6989a4e910805f5685d6e7aa,User_A2WQOEJGBPS2AW,FR
6989a4e910805f5685d6e7ab,User_A1E6Y3CE0V4D0D,CA
6989a4e910805f5685d6e7ac,User_A20NRFX7FDRWH,IT
6989a4e910805f5685d6e7ad,User_A32X0VVVJ48BE1,IT
6989a4e910805f5685d6e7ae,User_A1MQPAEBVXAKUO,GB
6989a4e910805f5685d6e7af,User_A1NDCI95LSJC5C,FR
6989a4e910805f5685d6e7b0,User_A21L3QRXED1J5C,CA
6989a4e910805f5685d6e7b1,User_A1F33MPR1USTLP,US
6989a4e910805f5685d6e7b2,User_A1U63PO2EIW81O,IT
6989a4e910805f5685d6e7b3,User_A1VIP0HIHI2CQ,FR
6989a4e910805f5685d6e7b4,User_A27WPNEEHR2SUG,US
6989a4e910805f5685d6e7b5,User_A1KRUC2G5O9UME,CA
6989a4e910805f5685d6e7b6,User_A2UC22VX700PS0,ES
6989a4e910805f5685d6e7b7,User_A107C4RVRF0OP,DE
6989a4e910805f5685d6e7b8,User_AGOMKEPMNL7AG,US
6989a4e910805f5685d6e7b9,User_A2279I3ZHAJ7Q,US
6989a4e910805f5685d6e7ba,User_A23J4C23KKRZAJ,CA
6989a4e910805f5685d6e7bb,User_A2869RUS35AMVL,CA
6989a4e910805f5685d6e7bc,User_A34G318V8FNX8I,GB
6989a4e910805f5685d6e7bd,User_A1NQY1GFCU9JHN,US
6989a4e910805f5685d6e7be,User_ALL9JKJYADD5J,FR
6989a4e910805f5685d6e7bf,User_AJ668QPKJ2EEQ,DE
6989a4e910805f5685d6e7c0,User_A2BHN8OQ1K4U51,US
6989a4e910805f5685d6e7c1,User_AFJFXN42RZ3G2,DE
6989a4e910805f5685d6e7c2,User_AYJ7384IMC7B1,FR
6989a4e910805f5685d6e7c3,User_A3237ZIIC14HEZ,CA
6989a4e910805f5685d6e7c4,User_AW1H7LU8VWVHQ,IT
6989a4e910805f5685d6e7c5,User_A20IBGX4K01WFH,CA
6989a4e910805f5685d6e7c6,User_A3VC8862G260OW,IT
6989a4e910805f5685d6e7c7,User_A19X3EZIVPHXC7,DE
6989a4e910805f5685d6e7c8,User_A7RCVI2NQ4J9E,CA
6989a4e910805f5685d6e7c9,User_A3NQFZIPITICVV,US
6989a4e910805f5685d6e7ca,User_A1YXX48KV4MG6L,DE
6989a4e910805f5685d6e7cb,User_A2P2IXTZDE2TCU,IT
6989a4e910805f5685d6e7cc,User_A139OX502BA4SE,IT
6989a4e910805f5685d6e7cd,User_A2QZBN3K1VR0LW,US
6989a4e910805f5685d6e7ce,User_AS3F7INQC4IFH,ES
6989a4e910805f5685d6e7cf,User_A170IQ09PIRZVT,FR
6989a4e910805f5685d6e7d0,User_AQJJW8FKNAZ8Y,DE
6989a4e910805f5685d6e7d1,User_A3A1NJGX9B7E73,GB
6989a4e910805f5685d6e7d2,User_AQJY6ULH2Q8N6,CA
6989a4e910805f5685d6e7d3,User_7233,FR
6989a4e910805f5685d6e7d4,User_A2NL8MDY1N7LZY,FR
6989a4e910805f5685d6e7d5,User_A2N1DP6JD42Z7Z,CA
6989a4e910805f5685d6e7d6,User_10731,GB
6989a4e910805f5685d6e7d7,User_A254GI6H5RHA5O,US
6989a4e910805f5685d6e7d8,User_10899,IT
6989a4e910805f5685d6e7d9,User_11624,IT
6989a4e910805f5685d6e7da,User_ANC9L29GD53OU,US
6989a4e910805f5685d6e7db,User_A3NTNCS6NJ9EK8,CA
6989a4e910805f5685d6e7dc,User_APK9JM3TCFIT4,GB
6989a4e910805f5685d6e7dd,User_A2NFX65OXXJASX,IT
6989a4e910805f5685d6e7de,User_A4FX5YCJA630V,GB
6989a4e910805f5685d6e7df,User_A105A48HMS8DDV,ES
6989a4e910805f5685d6e7e0,User_A2OIS7QLY06TPU,IT
6989a4e910805f5685d6e7e1,User_A2TFFIZZ4ZOF8L,DE
6989a4e910805f5685d6e7e2,User_A4EE44HSXDZVD,GB
6989a4e910805f5685d6e7e3,User_A7VIRVMJ0WBYG,US
6989a4e910805f5685d6e7e4,User_A2ZFI2B7BXOOD4,ES
6989a4e910805f5685d6e7e5,User_A2ITEMEL0DTX8A,CA
6989a4e910805f5685d6e7e6,User_1674,ES
6989a4e910805f5685d6e7e7,User_ATDE9JYCPI0L1,GB
6989a4e910805f5685d6e7e8,User_AB1UMC7SB9D7Z,GB
6989a4e910805f5685d6e7e9,User_A3BOVTUMR07P71,IT
6989a4e910805f5685d6e7ea,User_A3KTWXNLZTG2PY,US
6989a4e910805f5685d6e7eb,User_19240,IT
6989a4e910805f5685d6e7ec,User_A3A5FF7R2VLE3A,DE
6989a4e910805f5685d6e7ed,User_A3184FS1KOK4GP,ES
6989a4e910805f5685d6e7ee,User_A3LT3IV6OS0K5C,CA
6989a4e910805f5685d6e7ef,User_A3NNUABH3TEJOB,DE
6989a4e910805f5685d6e7f0,User_A35N8A4MYWM7U3,ES
6989a4e910805f5685d6e7f1,User_AA4C1ECQKZUF1,FR
6989a4e910805f5685d6e7f2,User_A2W9V5QEQ1OO60,CA
6989a4e910805f5685d6e7f3,User_A3035E7OO0QL1H,GB
6989a4e910805f5685d6e7f4,User_A24QEC0FGBX9E7,FR
6989a4e910805f5685d6e7f5,User_A1WWZWIHGCI27T,DE
6989a4e910805f5685d6e7f6,User_ANFYWOJ5ZB6TL,CA
6989a4e910805f5685d6e7f7,User_7205,ES
6989a4e910805f5685d6e7f8,User_A2YON0XRFYMVVH,GB
6989a4e910805f5685d6e7f9,User_A7JYEDYSW6SMN,IT
6989a4e910805f5685d6e7fa,User_A3TF8ZZ0S5UWTL,CA
6989a4e910805f5685d6e7fb,User_A38PMD5KQWS1QQ,DE
6989a4e910805f5685d6e7fc,User_A3CQ2BQ67AUAOX,IT
6989a4e910805f5685d6e7fd,User_A1JADMQ8NP4RLP,US
6989a4e910805f5685d6e7fe,User_A2ADFGLA1J5WXC,CA
6989a4e910805f5685d6e7ff,User_A3KSC8G0C6FFTJ,US
6989a4e910805f5685d6e800,User_A2J8X0YZ3HNV5P,DE
6989a4e910805f5685d6e801,User_AY1HVIM2V067E,ES
6989a4e910805f5685d6e802,User_A2R1G8K6MSNRSW,GB
6989a4e910805f5685d6e803,User_13716,GB
6989a4e910805f5685d6e804,User_A36GEMDUXW9I2C,FR
6989a4e910805f5685d6e805,User_ALWTRN3CUW2JZ,DE
6989a4e910805f5685d6e806,User_AVV7VCHCFY3BI,IT
6989a4e910805f5685d6e807,User_AKGVZAZQGSDSS,IT
6989a4e910805f5685d6e808,User_A2JL0QYMC0JHT,CA
6989a4e910805f5685d6e809,User_A3UTSHSZQQIH1G,US
6989a4e910805f5685d6e80a,User_A14YTTBOOHFZUB,GB
6989a4e910805f5685d6e80b,User_A3S8LRLWPTMASW,IT
6989a4e910805f5685d6e80c,User_AGPEPZM1WNFDC,US
6989a4e910805f5685d6e80d,User_A2XI3JIT2VIDC,US
6989a4e910805f5685d6e80e,User_A2BL8BXXA63PBE,IT
6989a4e910805f5685d6e80f,User_AUYZ7J5UKGOT5,GB
6989a4e910805f5685d6e810,User_AQQNPJV8DHLWF,IT
6989a4e910805f5685d6e811,User_A2PT51C3UBDXB4,CA
6989a4e910805f5685d6e812,User_A20E7L9UP5T22F,US
6989a4e910805f5685d6e813,User_6889,GB
6989a4e910805f5685d6e814,User_A2XM25V5C2NI4W,IT
6989a4e910805f5685d6e815,User_A2TRDIO44OUHTO,DE
6989a4e910805f5685d6e816,User_AJBFRO0N0FKX8,IT
6989a4e910805f5685d6e817,User_A1KXGF3NSWLL1Q,ES
6989a4e910805f5685d6e818,User_AYOBJFD7J8Y5K,CA
6989a4e910805f5685d6e819,User_A39MLED3BTUIBB,DE
6989a4e910805f5685d6e81a,User_A19PJR6DXJTNVD,CA
6989a4e910805f5685d6e81b,User_A2GVP5UV9Z3WKP,DE
6989a4e910805f5685d6e81c,User_A3UWFYPZ883T4G,DE
6989a4e910805f5685d6e81d,User_A23VR132UXDTE6,ES
6989a4e910805f5685d6e81e,User_AP0HBJV4FMXSD,US
6989a4e910805f5685d6e81f,User_A327AVWYAYD9G5,US
6989a4e910805f5685d6e820,User_AULUPV5IXFOP8,GB
6989a4e910805f5685d6e821,User_A1RV6CW1K4ASD2,IT
6989a4e910805f5685d6e822,User_AAW58LG72PG7I,US
6989a4e910805f5685d6e823,User_A23NSE7REV623,FR
6989a4e910805f5685d6e824,User_A13EIGPN66Z76O,US
6989a4e910805f5685d6e825,User_16244,IT
6989a4e910805f5685d6e826,User_A1ITVW3CRL8VOE,US
6989a4e910805f5685d6e827,User_AYXU3HAWNK3P6,CA
6989a4e910805f5685d6e828,User_A2NEXBXLM8UI8K,FR
6989a4e910805f5685d6e829,User_A1XEOJT818SSM0,ES
6989a4e910805f5685d6e82a,User_A1OI0QK5KFCOC2,CA
6989a4e910805f5685d6e82b,User_A286PBCIW71EH1,DE
6989a4e910805f5685d6e82c,User_AB6ZNBSOACGOQ,US
6989a4e910805f5685d6e82d,User_A2YUZKPLUYQDKV,CA
6989a4e910805f5685d6e82e,User_7361,US
6989a4e910805f5685d6e82f,User_AW2V1RBK5009U,DE
6989a4e910805f5685d6e830,User_A2KZ26EYOX0T7R,US
6989a4e910805f5685d6e831,User_A22WFQR2918E61,US
6989a4e910805f5685d6e832,User_AREYMJ0BWVIAE,ES
6989a4e910805f5685d6e833,User_22014,IT
6989a4e910805f5685d6e834,User_A2C3ZTNSL0T2CV,US
6989a4e910805f5685d6e835,User_384,DE
6989a4e910805f5685d6e836,User_A64VRHVMA9FJM,DE
6989a4e910805f5685d6e837,User_A21CZSFHUX0OJS,US
6989a4e910805f5685d6e838,User_AOVV60JW9CVMK,CA
6989a4e910805f5685d6e839,User_A1L4HL1C8WKI17,US
6989a4e910805f5685d6e83a,User_AGJLE3Q2XK12U,DE
6989a4e910805f5685d6e83b,User_A3QRS6PLK9D3RR,GB
6989a4e910805f5685d6e83c,User_A2EACNVGPG2LG2,ES
6989a4e910805f5685d6e83d,User_A1HAXR25TX98NF,DE
6989a4e910805f5685d6e83e,User_A3TUQ54VA4TK3M,IT
6989a4e910805f5685d6e83f,User_A1RG9TTMR5MZM1,GB
6989a4e910805f5685d6e840,User_A2SNE4WHO27CY4,CA
6989a4e910805f5685d6e841,User_13444,IT
6989a4e910805f5685d6e842,User_A23J50OZJAZWNY,FR
6989a4e910805f5685d6e843,User_AHLLACTBJKD2P,FR
6989a4e910805f5685d6e844,User_A2F80H6UOTU20L,ES
6989a4e910805f5685d6e845,User_A2XYLAMDSRJLF,CA
6989a4e910805f5685d6e846,User_A2X1A3MY0EEESU,CA
6989a4e910805f5685d6e847,User_A69S7NPFP1X7H,FR
6989a4e910805f5685d6e848,User_AQNDHUID9GT3K,ES
6989a4e910805f5685d6e849,User_A2JJ9ITAEW49CG,IT
6989a4e910805f5685d6e84a,User_277389,ES
6989a4e910805f5685d6e84b,User_A2YHJQAR0U3E2O,FR
6989a4e910805f5685d6e84c,User_A3J77DYHPC1HHE,GB
6989a4e910805f5685d6e84d,User_A3C2UH922UF7ES,IT
6989a4e910805f5685d6e84e,User_A273LAP2C5GUH7,FR
6989a4e910805f5685d6e84f,User_A3GGMPRYCQ87CY,US
6989a4e910805f5685d6e850,User_9893,US
6989a4e910805f5685d6e851,User_A25S6BC455MB38,US
6989a4e910805f5685d6e852,User_A3A88JFI39VXDE,US
6989a4e910805f5685d6e853,User_A28581S61K29ZH,GB
6989a4e910805f5685d6e854,User_4816,FR
6989a4e910805f5685d6e855,User_A25ZIONJ3UGPZ7,CA
6989a4e910805f5685d6e856,User_A2T0JO19LCNX12,FR
6989a4e910805f5685d6e857,User_A1GMWBY2ZBDK7P,DE
6989a4e910805f5685d6e858,User_8968,FR
6989a4e910805f5685d6e859,User_A2LKGCMJR2MLRB,IT
6989a4e910805f5685d6e85a,User_ADPJGP4A9GLQQ,US
6989a4e910805f5685d6e85b,User_A35D5NXKWQM30R,FR
6989a4e910805f5685d6e85c,User_A3OSQL0UEP1ZKY,DE
6989a4e910805f5685d6e85d,User_A1FU8QBPVD9CJB,CA
6989a4e910805f5685d6e85e,User_A26DAE48DXCRZS,GB
6989a4e910805f5685d6e85f,User_A2WR9SGAI96V97,FR
6989a4e910805f5685d6e860,User_6295,CA
6989a4e910805f5685d6e861,User_A7QLOIG71UW6S,IT
6989a4e910805f5685d6e862,User_A1NZF76492YKLW,CA
6989a4e910805f5685d6e863,User_A3THPQQX4M9U86,US
6989a4e910805f5685d6e864,User_A19FQFVLD58V4Z,ES
6989a4e910805f5685d6e865,User_AHF6NV9LWYFAJ,IT
6989a4e910805f5685d6e866,User_A3BTM62OGIFSF9,ES
6989a4e910805f5685d6e867,User_A2BPUQ3A3CAALC,IT
6989a4e910805f5685d6e868,User_A37R7C7NUIUMY4,IT
6989a4e910805f5685d6e869,User_A26NYZDJOBKZVD,ES
6989a4e910805f5685d6e86a,User_11444,IT
6989a4e910805f5685d6e86b,User_A3KRKAL0UK5W7Q,ES
6989a4e910805f5685d6e86c,User_A5OKTQEYNOXLL,FR
6989a4e910805f5685d6e86d,User_A315X8JBY58D6W,IT
6989a4e910805f5685d6e86e,User_A1SINQS61MEUDU,CA
6989a4e910805f5685d6e86f,User_A3RZDY3LLXDJ3M,ES
6989a4e910805f5685d6e870,User_A14S5UJAF1R4VU,GB
6989a4e910805f5685d6e871,User_A39G6CEJ6PQRE,ES
6989a4e910805f5685d6e872,User_A3B3DNBE6NVC5L,CA
6989a4e910805f5685d6e873,User_A3FIL7ROZ5Z80T,US
6989a4e910805f5685d6e874,User_277502,CA
6989a4e910805f5685d6e875,User_A1384XV5E0K520,US
6989a4e910805f5685d6e876,User_A290RBRFWUIG21,GB
6989a4e910805f5685d6e877,User_A1OH145PO8YKDM,DE
6989a4e910805f5685d6e878,User_A1SFVTIK3ZKR9W,CA
6989a4e910805f5685d6e879,User_A18ZIDL0DMOD8I,FR
6989a4e910805f5685d6e87a,User_A2WKHKNMWG3K2Z,IT
6989a4e910805f5685d6e87b,User_AM7O7O3WBOI6C,ES
6989a4e910805f5685d6e87c,User_10764,FR
6989a4e910805f5685d6e87d,User_A3P89CG6T2CP0F,FR
6989a4e910805f5685d6e87e,User_A29KEBGOFM7WP3,ES
6989a4e910805f5685d6e87f,User_12818,CA
6989a4e910805f5685d6e880,User_A3CJL0DSK298UF,US
6989a4e910805f5685d6e881,User_AE8YCYQ87ZQ7Q,IT
6989a4e910805f5685d6e882,User_A2PA87P7JO9T2J,GB
6989a4e910805f5685d6e883,User_A1P9MRE3O32DIB,GB
6989a4e910805f5685d6e884,User_A1BXOHMEY0GOCT,FR
6989a4e910805f5685d6e885,User_A2ONXCLJMPOQ4E,ES
6989a4e910805f5685d6e886,User_A1WWFP5DJSI8BF,CA
6989a4e910805f5685d6e887,User_A1V11V2HOKDBJP,IT
6989a4e910805f5685d6e888,User_A2NRN251I9DEQI,DE
6989a4e910805f5685d6e889,User_A16L5SCRY4SA7H,DE
6989a4e910805f5685d6e88a,User_AVQYMA8GK8MYD,IT
6989a4e910805f5685d6e88b,User_A2TCS4WB8BBKN0,IT
6989a4e910805f5685d6e88c,User_A23FWG63SVCLRZ,DE
6989a4e910805f5685d6e88d,User_23061,DE
6989a4e910805f5685d6e88e,User_A1A656ECJ8MZGL,US
6989a4e910805f5685d6e88f,User_A1IDNRG0JX0J9R,CA
6989a4e910805f5685d6e890,User_A30F31K0RCL78Q,IT
6989a4e910805f5685d6e891,User_A17PALQ04J0OP5,FR
6989a4e910805f5685d6e892,User_ASLTJR9XFV6WG,IT
6989a4e910805f5685d6e893,User_17277,IT
6989a4e910805f5685d6e894,User_AF872K5CF6DIF,DE
6989a4e910805f5685d6e895,User_A2B5DHZ4QYBKIP,CA
6989a4e910805f5685d6e896,User_AOA4NALGFFQYP,GB
6989a4e910805f5685d6e897,User_A39517YO6UGR09,CA
6989a4e910805f5685d6e898,User_276786,FR
6989a4e910805f5685d6e899,User_5426,ES
6989a4e910805f5685d6e89a,User_A348820ZNKKYPI,FR
6989a4e910805f5685d6e89b,User_AQUV4NUJA74B7,CA
6989a4e910805f5685d6e89c,User_A32YTB5YYQ5PC8,CA
6989a4e910805f5685d6e89d,User_A2B8898N4OW9NI,DE
6989a4e910805f5685d6e89e,User_A32VNF9TDOD9OS,US
6989a4e910805f5685d6e89f,User_AV9W3T5A535FG,ES
6989a4e910805f5685d6e8a0,User_A2KJ2BZI3C65F5,GB
6989a4e910805f5685d6e8a1,User_A8ORCRH9TNINK,US
6989a4e910805f5685d6e8a2,User_A1UDNYWAZ4LN3J,US
6989a4e910805f5685d6e8a3,User_A1YO153R1VLJ3N,ES
6989a4e910805f5685d6e8a4,User_17283,DE
6989a4e910805f5685d6e8a5,User_A1BWGW99SXVM96,IT
6989a4e910805f5685d6e8a6,User_A3B0DT1R4MBMKO,DE
6989a4e910805f5685d6e8a7,User_A14YNDCYCS96XQ,ES
6989a4e910805f5685d6e8a8,User_A3JQPQOUSU8XMY,ES
6989a4e910805f5685d6e8a9,User_4098,FR
6989a4e910805f5685d6e8aa,User_A2S98Q28TNNI79,IT
6989a4e910805f5685d6e8ab,User_A47QJ8D4ITTAF,GB
6989a4e910805f5685d6e8ac,User_ARFJMOVDG3ZT4,FR
6989a4e910805f5685d6e8ad,User_A2JXAQ92WYPAAR,CA
6989a4e910805f5685d6e8ae,User_A1C3A4W6C45D6H,ES
6989a4e910805f5685d6e8af,User_A11924R0IPUMC0,IT
6989a4e910805f5685d6e8b0,User_A2PJEP7CCNL1I4,FR
6989a4e910805f5685d6e8b1,User_A1RWVIS9XCDFI,GB
6989a4e910805f5685d6e8b2,User_A21KI5AUT04AK3,FR
6989a4e910805f5685d6e8b3,User_A28NHXR1YD1CB5,US
6989a4e910805f5685d6e8b4,User_A668G1R3DLERE,IT
6989a4e910805f5685d6e8b5,User_A2IZQPM1AVVOT3,CA
6989a4e910805f5685d6e8b6,User_A29REZW60HC9WA,GB
6989a4e910805f5685d6e8b7,User_A77B3K1LV5CDB,US
6989a4e910805f5685d6e8b8,User_AXHKAVS2KPEGA,GB
6989a4e910805f5685d6e8b9,User_A3SRGORM1SWXSU,GB
6989a4e910805f5685d6e8ba,User_A16JH64W65LN4M,CA
6989a4e910805f5685d6e8bb,User_277253,CA
6989a4e910805f5685d6e8bc,User_A1EI4W92KT3990,GB
6989a4e910805f5685d6e8bd,User_19601,GB
6989a4e910805f5685d6e8be,User_AWPEM0TX1XFJQ,CA
6989a4e910805f5685d6e8bf,User_A1HJSD9YSL3CRO,ES
6989a4e910805f5685d6e8c0,User_A3EOCIVBJ38DM0,CA
6989a4e910805f5685d6e8c1,User_AWAZ4AS2H8E2R,FR
6989a4e910805f5685d6e8c2,User_A1P940TQOJ7BTN,FR
6989a4e910805f5685d6e8c3,User_A2U1BL88JRGVXH,US
6989a4e910805f5685d6e8c4,User_A1PSK6VCXE8TVZ,ES
6989a4e910805f5685d6e8c5,User_A2JAASY1KX0BPA,ES
6989a4e910805f5685d6e8c6,User_A1E1S19SZLQQA2,GB
6989a4e910805f5685d6e8c7,User_A3EN21X7IRYJ2P,ES
6989a4e910805f5685d6e8c8,User_A2COX8HSY25VHA,GB
6989a4e910805f5685d6e8c9,User_A1SJY79WV57PYH,ES
6989a4e910805f5685d6e8ca,User_A2NXT6Q1TKUKGG,CA
6989a4e910805f5685d6e8cb,User_A22LCVWK5NA0GS,DE
6989a4e910805f5685d6e8cc,User_1705,IT
6989a4e910805f5685d6e8cd,User_A3MKXSC5D32YE0,US
6989a4e910805f5685d6e8ce,User_A2D68B0L1D0P3N,FR
6989a4e910805f5685d6e8cf,User_AFT0V8AXE2I0R,CA
6989a4e910805f5685d6e8d0,User_2803,CA
6989a4e910805f5685d6e8d1,User_A2LG5010LBSU8R,CA
6989a4e910805f5685d6e8d2,User_A7XC3C4EUJ56U,IT
6989a4e910805f5685d6e8d3,User_ACTODOHFO2R00,DE
6989a4e910805f5685d6e8d4,User_A1GLCJ73NDFPGY,FR
6989a4e910805f5685d6e8d5,User_A2H7BLR1MTLA3F,DE
6989a4e910805f5685d6e8d6,User_22450,US
6989a4e910805f5685d6e8d7,User_A1LCFHA5F15B89,GB
6989a4e910805f5685d6e8d8,User_AL0VAMSUJ9816,GB
6989a4e910805f5685d6e8d9,User_10401,ES
6989a4e910805f5685d6e8da,User_16291,DE
6989a4e910805f5685d6e8db,User_A2F6AQZZ5NWC1J,IT
6989a4e910805f5685d6e8dc,User_AL8EVEC0KM205,CA
6989a4e910805f5685d6e8dd,User_A2AATC78Z5LKFN,CA
6989a4e910805f5685d6e8de,User_A9VB26Y114O57,ES
6989a4e910805f5685d6e8df,User_AKBV2C313MZY7,US
6989a4e910805f5685d6e8e0,User_ALSEEFL66CMFV,ES
6989a4e910805f5685d6e8e1,User_A21W0YYDACMRA7,GB
6989a4e910805f5685d6e8e2,User_A33QUFNY4E5D0,GB
6989a4e910805f5685d6e8e3,User_AQPHW6GODOHA9,FR
6989a4e910805f5685d6e8e4,User_A1V1CUI6E14PRP,ES
6989a4e910805f5685d6e8e5,User_A9J8Q3BK58XRM,FR
6989a4e910805f5685d6e8e6,User_A2JKM8KF3296CW,US
6989a4e910805f5685d6e8e7,User_A3UIAJ1HJERC0X,ES
6989a4e910805f5685d6e8e8,User_AM6A6V6TNW3SI,ES
6989a4e910805f5685d6e8e9,User_A1YVLXNTK1AWPM,DE
6989a4e910805f5685d6e8ea,User_AE3D1RLNU1LTQ,IT
6989a4e910805f5685d6e8eb,User_A22NKJTN0BR9SU,FR
6989a4e910805f5685d6e8ec,User_15020,GB
6989a4e910805f5685d6e8ed,User_A36ZN5L8UB0PL9,US
6989a4e910805f5685d6e8ee,User_A2X2KVQ2TL4WXX,GB
6989a4e910805f5685d6e8ef,User_A3FVMGH4LJO9Y3,DE
6989a4e910805f5685d6e8f0,User_ANU5R8Y0YYDI6,US
6989a4e910805f5685d6e8f1,User_AN6OCTD3ZVEFN,CA
6989a4e910805f5685d6e8f2,User_A1NUK0ZPNQ0JKY,CA
6989a4e910805f5685d6e8f3,User_A1HGGGM9WSGEK1,FR
6989a4e910805f5685d6e8f4,User_A37U71HJ64YB0Q,CA
6989a4e910805f5685d6e8f5,User_A1DS13X9P3NCBN,US
6989a4e910805f5685d6e8f6,User_A3IKBEZLVEBIHZ,ES
6989a4e910805f5685d6e8f7,User_A3W16ODXJ0NFK5,DE
6989a4e910805f5685d6e8f8,User_A1047I6M5RK8LK,DE
6989a4e910805f5685d6e8f9,User_A36DZGJ3H4FNRX,DE
6989a4e910805f5685d6e8fa,User_A1S6G92EGMYZ5W,IT
6989a4e910805f5685d6e8fb,User_A1XXZKG6X9VS1K,DE
6989a4e910805f5685d6e8fc,User_AR1DRNNY37E83,FR
6989a4e910805f5685d6e8fd,User_12977,US
6989a4e910805f5685d6e8fe,User_247,ES
6989a4e910805f5685d6e8ff,User_A3NRH1PLHSAYPA,ES
6989a4e910805f5685d6e900,User_A1TG9Y19M7AXHX,CA
6989a4e910805f5685d6e901,User_2388,CA
6989a4e910805f5685d6e902,User_A35O9WS4XIPBB5,ES
6989a4e910805f5685d6e903,User_A5AJCD1E7QZPC,CA
6989a4e910805f5685d6e904,User_ASFSXVDPVPQ8W,ES
6989a4e910805f5685d6e905,User_AY35NJ3KEAJ9L,US
6989a4e910805f5685d6e906,User_A2RR190GEBOW17,FR
6989a4e910805f5685d6e907,User_A1PDH7KVS1Q3E3,FR
6989a4e910805f5685d6e908,User_13607,ES
6989a4e910805f5685d6e909,User_16082,GB
6989a4e910805f5685d6e90a,User_A1KZ0UHXJW0WKA,CA
6989a4e910805f5685d6e90b,User_A2486RK4W647LK,US
6989a4e910805f5685d6e90c,User_AC6FJFIC1WT2Z,CA
6989a4e910805f5685d6e90d,User_9262,IT
6989a4e910805f5685d6e90e,User_A3QS8K79GT4O3J,FR
6989a4e910805f5685d6e90f,User_ALE4JKY6XJQH,IT
6989a4e910805f5685d6e910,User_AIAS7IJJSIM0D,US
6989a4e910805f5685d6e911,User_AS7S9YF7EBBPG,CA
6989a4e910805f5685d6e912,User_277291,FR
6989a4e910805f5685d6e913,User_A1G49XESZIJAIN,ES
6989a4e910805f5685d6e914,User_AB6B6ILQPOSRL,DE
6989a4e910805f5685d6e915,User_AOV3MWDPHDHCX,DE
6989a4e910805f5685d6e916,User_A2UCBGLG3OH319,CA
6989a4e910805f5685d6e917,User_A3PK9LUG8BO913,US
6989a4e910805f5685d6e918,User_A92D452TXD830,ES
6989a4e910805f5685d6e919,User_A2YCBVRF9W0B8S,CA
6989a4e910805f5685d6e91a,User_A2W26FJUXMRRH1,GB
6989a4e910805f5685d6e91b,User_A2W2ADOOV5BMBL,GB
6989a4e910805f5685d6e91c,User_A2W9SQANLOHQ45,ES
6989a4e910805f5685d6e91d,User_A276X3OPNQRA4L,GB
6989a4e910805f5685d6e91e,User_A2IS42PHMK2DTO,CA
6989a4e910805f5685d6e91f,User_A2VD2D1QHCMF9Q,ES
6989a4e910805f5685d6e920,User_19437,ES
6989a4e910805f5685d6e921,User_A3KG7LHNDFFPBJ,ES
6989a4e910805f5685d6e922,User_A33C08C20U6DJ0,ES
6989a4e910805f5685d6e923,User_A1YBLHFSSVH318,DE
6989a4e910805f5685d6e924,User_A2H7QTKPL2V5ZT,ES
6989a4e910805f5685d6e925,User_A1IFDCF5MEX901,DE
6989a4e910805f5685d6e926,User_A2NDQH0XAG986L,DE
6989a4e910805f5685d6e927,User_A3HSMDIVRV2M2U,CA
6989a4e910805f5685d6e928,User_A2K38E6J2GX62K,IT
6989a4e910805f5685d6e929,User_A2JA4L1BRN7CH1,CA
6989a4e910805f5685d6e92a,User_13810,US
6989a4e910805f5685d6e92b,User_AN0ZYGEC166XN,CA
6989a4e910805f5685d6e92c,User_A3CCOIBHZP4RQS,FR
6989a4e910805f5685d6e92d,User_A3KNJ2E1XIZV8Y,GB
6989a4e910805f5685d6e92e,User_AU59X1FVU86KX,US
6989a4e910805f5685d6e92f,User_A13P4WR3L5NPB3,US
6989a4e910805f5685d6e930,User_7548,IT
6989a4e910805f5685d6e931,User_A1G3948EJ0FQFY,IT
6989a4e910805f5685d6e932,User_A9IS2JJAG6RJK,IT
6989a4e910805f5685d6e933,User_A10DULZPN02HW,US
6989a4e910805f5685d6e934,User_20020,GB
6989a4e910805f5685d6e935,User_21011,DE
6989a4e910805f5685d6e936,User_A1YECP1JZYLY8F,US
6989a4e910805f5685d6e937,User_A35KEOYM490VOM,GB
6989a4e910805f5685d6e938,User_AXQECZOM9KI27,FR
6989a4e910805f5685d6e939,User_A3KV1S1D4CRY39,FR
6989a4e910805f5685d6e93a,User_AIH9CPQCB52K9,FR
6989a4e910805f5685d6e93b,User_3931,IT
6989a4e910805f5685d6e93c,User_A13W4PVLAQMWH3,FR
6989a4e910805f5685d6e93d,User_A2B65TSP56T18R,GB
6989a4e910805f5685d6e93e,User_277790,FR
6989a4e910805f5685d6e93f,User_A1GCSLIJIZGF2F,DE
6989a4e910805f5685d6e940,User_1409,IT
6989a4e910805f5685d6e941,User_A3CITLWK3LBOCL,FR
6989a4e910805f5685d6e942,User_A1VYX7XF7R93VJ,CA
6989a4e910805f5685d6e943,User_A3TY0L6R6412RN,ES
6989a4e910805f5685d6e944,User_AC53TMQV6J7GK,IT
6989a4e910805f5685d6e945,User_A3E3AMIIV2LS8Z,GB
6989a4e910805f5685d6e946,User_A13GJ9RH93AS08,IT
6989a4e910805f5685d6e947,User_A2IZQXFTYO8AEY,DE
6989a4e910805f5685d6e948,User_A2OF3LXG3S575X,IT
6989a4e910805f5685d6e949,User_A3TL6XB5GQKIHE,ES
6989a4e910805f5685d6e94a,User_A2ST40EHQDXOGO,CA
6989a4e910805f5685d6e94b,User_17976,GB
6989a4e910805f5685d6e94c,User_13847,DE
6989a4e910805f5685d6e94d,User_A36GNVY34D6XTV,DE
6989a4e910805f5685d6e94e,User_13636,CA
6989a4e910805f5685d6e94f,User_A15UDJWJBY75EC,DE
6989a4e910805f5685d6e950,User_A3PPJKMEQWJNI5,FR
6989a4e910805f5685d6e951,User_A28M2N5NCQYQQD,CA
6989a4e910805f5685d6e952,User_AI7PUA2BPMJ3Y,DE
6989a4e910805f5685d6e953,User_A1C9QX7JQH0Y03,US
6989a4e910805f5685d6e954,User_A1C0C2CPB6YD6D,IT
6989a4e910805f5685d6e955,User_AMATL0KN84J2T,GB
6989a4e910805f5685d6e956,User_A2XZ5072KF4ETH,FR
6989a4e910805f5685d6e957,User_A3UXLGZLFMB9UQ,DE
6989a4e910805f5685d6e958,User_A3F9GJK0GP2TYR,ES
6989a4e910805f5685d6e959,User_AJ8XKK7BBG4RS,DE
6989a4e910805f5685d6e95a,User_AD1PEPHBX4JH1,FR
6989a4e910805f5685d6e95b,User_A2A9BGJ6FFBBDT,GB
6989a4e910805f5685d6e95c,User_A27XCORW5A4MC6,US
6989a4e910805f5685d6e95d,User_A2QRTU27P82XOG,GB
6989a4e910805f5685d6e95e,User_A1LXVPWPJ6GB66,FR
6989a4e910805f5685d6e95f,User_A1GNCAN3H7R203,FR
6989a4e910805f5685d6e960,User_11270,GB
6989a4e910805f5685d6e961,User_A1J9KK59J7O1KQ,CA
6989a4e910805f5685d6e962,User_A56BJ9PFVRZSE,DE
6989a4e910805f5685d6e963,User_AATJQYSJCDW24,FR
6989a4e910805f5685d6e964,User_A2AHP5F8RHLMJN,FR
6989a4e910805f5685d6e965,User_A23Y7K2ECSB085,ES
6989a4e910805f5685d6e966,User_A10MFY5W7VJC1E,US
6989a4e910805f5685d6e967,User_A24N4L0OB5GWWF,US
6989a4e910805f5685d6e968,User_A398F76T4FD9Z7,GB
6989a4e910805f5685d6e969,User_A25ACLV5KPB4W,GB
6989a4e910805f5685d6e96a,User_ARY4Q4JUADCIC,FR
6989a4e910805f5685d6e96b,User_A3FRR7PAGN546J,ES
6989a4e910805f5685d6e96c,User_A079298835SDRFHX651SX,ES
6989a4e910805f5685d6e96d,User_ALOWQPSJKZ6TJ,CA
6989a4e910805f5685d6e96e,User_A26YADZ9GA9BZW,IT
6989a4e910805f5685d6e96f,User_A1BVCH82W0M2W2,DE
6989a4e910805f5685d6e970,User_AJ3BY3VA5YYGA,CA
6989a4e910805f5685d6e971,User_8674,FR
6989a4e910805f5685d6e972,User_21356,ES
6989a4e910805f5685d6e973,User_1782,GB
6989a4e910805f5685d6e974,User_AGD0ZNLN6XGJ7,IT
6989a4e910805f5685d6e975,User_10636,GB
6989a4e910805f5685d6e976,User_AE3VD4YAZQSNF,ES
6989a4e910805f5685d6e977,User_A2YM3KILJ1G0YJ,GB
6989a4e910805f5685d6e978,User_A3TZVFZKC8RDJN,IT
6989a4e910805f5685d6e979,User_A1MPC9F8NZ84F0,IT
6989a4e910805f5685d6e97a,User_AQAH2Y8XL3YC2,CA
6989a4e910805f5685d6e97b,User_A1I84XE4ZRIH6J,IT
6989a4e910805f5685d6e97c,User_A14F2O72I3SGLV,GB
6989a4e910805f5685d6e97d,User_A78RUANJ3JEZQ,ES
6989a4e910805f5685d6e97e,User_AY2DURN3URLGU,FR
6989a4e910805f5685d6e97f,User_APQVIY5Z986U7,DE
6989a4e910805f5685d6e980,User_A1QHSES3HTXC7K,GB
6989a4e910805f5685d6e981,User_AGZM4K17J4CRU,US
6989a4e910805f5685d6e982,User_AQNQJDO3P2TX9,GB
6989a4e910805f5685d6e983,User_A2O0S7V8KGOVD1,CA
6989a4e910805f5685d6e984,User_A314PZ2E58KHXA,IT
6989a4e910805f5685d6e985,User_A2DANCUG5DL4D7,IT
6989a4e910805f5685d6e986,User_A3U5W4MQ7HA99U,US
6989a4e910805f5685d6e987,User_A1AXPSE4FJWJZZ,IT
6989a4e910805f5685d6e988,User_22850,CA
6989a4e910805f5685d6e989,User_A2M7EEJ7L92Z0N,GB
6989a4e910805f5685d6e98a,User_A2LAJSMKC1PIC,GB
6989a4e910805f5685d6e98b,User_A113EXY3MASTGG,ES
6989a4e910805f5685d6e98c,User_ANARN23PG3AYC,ES
6989a4e910805f5685d6e98d,User_A1X8NF7TFIS9JK,IT
6989a4e910805f5685d6e98e,User_A37O3TIQW8ZIC9,GB
6989a4e910805f5685d6e98f,User_A2MDJOF3JJ8DBU,GB
6989a4e910805f5685d6e990,User_A3SR5DPTH2E0UD,GB
6989a4e910805f5685d6e991,User_A3GCZC0JSBK19,ES
6989a4e910805f5685d6e992,User_AJBDSYWUP1A9U,FR
6989a4e910805f5685d6e993,User_A29U2HB2610Y46,IT
6989a4e910805f5685d6e994,User_A18EU525QPSFR7,DE
6989a4e910805f5685d6e995,User_A2XQX6N4ZSXDMO,FR
6989a4e910805f5685d6e996,User_A21SZRY03RA5ML,US
6989a4e910805f5685d6e997,User_AA3OKAY25844H,FR
6989a4e910805f5685d6e998,User_AGIWOEGLZYWQ9,DE
6989a4e910805f5685d6e999,User_A1K85AHA03N2XH,FR
6989a4e910805f5685d6e99a,User_9980,CA
6989a4e910805f5685d6e99b,User_A2GVO6RAPNQJDW,DE
6989a4e910805f5685d6e99c,User_A3RCAL4DME8F7S,FR
6989a4e910805f5685d6e99d,User_A245E8SH7VFEY5,US
6989a4e910805f5685d6e99e,User_A2RK5LUX3F9WDC,DE
6989a4e910805f5685d6e99f,User_A3CZ29PAWGVAQM,GB
6989a4e910805f5685d6e9a0,User_A2YG8KL5PAEI36,CA
6989a4e910805f5685d6e9a1,User_A17KHVU92W62K7,ES
6989a4e910805f5685d6e9a2,User_ABMTCVIPB5RBM,DE
6989a4e910805f5685d6e9a3,User_16786,DE
6989a4e910805f5685d6e9a4,User_A2ATK6FRU02UVY,GB
6989a4e910805f5685d6e9a5,User_5623,IT
6989a4e910805f5685d6e9a6,User_A128O3YOP47CE3,US
6989a4e910805f5685d6e9a7,User_A3E8QNDC7CV44,US
6989a4e910805f5685d6e9a8,User_15097,ES
6989a4e910805f5685d6e9a9,User_A3FJLZV5U2WGOO,ES
6989a4e910805f5685d6e9aa,User_A3P93XD1ND3F4K,IT
6989a4e910805f5685d6e9ab,User_A1PJHW4JXNB5QH,CA
6989a4e910805f5685d6e9ac,User_AMTDUMXHFMXXZ,IT
6989a4e910805f5685d6e9ad,User_A3OM576KXKOV2,GB
6989a4e910805f5685d6e9ae,User_A2WUD4P0TP4JI5,FR
6989a4e910805f5685d6e9af,User_A1V8LNOME6CM0V,FR
6989a4e910805f5685d6e9b0,User_A8KTXZM9LJTQK,CA
6989a4e910805f5685d6e9b1,User_AVFARYSODHUQZ,ES
6989a4e910805f5685d6e9b2,User_A32LYGOFYBOV7V,DE
6989a4e910805f5685d6e9b3,User_A3XD6LCBJY40W,FR
6989a4e910805f5685d6e9b4,User_A2ZR5EUYPX69CB,FR
6989a4e910805f5685d6e9b5,User_A29MD4HHM3DARA,DE
6989a4e910805f5685d6e9b6,User_AN0JLU94TV6JJ,CA
6989a4e910805f5685d6e9b7,User_A3U1P45BJ3WMZ8,IT
6989a4e910805f5685d6e9b8,User_A2IB438ZEB2FRS,DE
6989a4e910805f5685d6e9b9,User_A6DTEXVQS0UFN,GB
6989a4e910805f5685d6e9ba,User_A18QL23DOUW71J,US
6989a4e910805f5685d6e9bb,User_18867,CA
6989a4e910805f5685d6e9bc,User_13221,ES
6989a4e910805f5685d6e9bd,User_AMJFU19JZTFEP,DE
6989a4e910805f5685d6e9be,User_A33DOTSYDXTHYY,IT
6989a4e910805f5685d6e9bf,User_A1U02KQ4KVKP2Q,IT
6989a4e910805f5685d6e9c0,User_APPFLG63EUGKB,US
6989a4e910805f5685d6e9c1,User_A1GYWG2XM81FNH,US
6989a4e910805f5685d6e9c2,User_A205SR6AGF4KWN,DE
6989a4e910805f5685d6e9c3,User_A3746OL8THBTHU,GB
6989a4e910805f5685d6e9c4,User_A1LZFRQQ1IJD2Z,ES
6989a4e910805f5685d6e9c5,User_A2IOS5F3P89MO8,GB
6989a4e910805f5685d6e9c6,User_A22U8V3UVVBP7M,IT
6989a4e910805f5685d6e9c7,User_A3SHA9UO66PCX9,FR
6989a4e910805f5685d6e9c8,User_16634,US
6989a4e910805f5685d6e9c9,User_AYBY55JULNOQN,DE
6989a4e910805f5685d6e9ca,User_A2Q6BX2DHIVU5M,FR
6989a4e910805f5685d6e9cb,User_A2WE4H8O0SAELV,GB
6989a4e910805f5685d6e9cc,User_A15X5CN6A37ARY,GB
6989a4e910805f5685d6e9cd,User_A2G0FQ5J4VGVP8,US
6989a4e910805f5685d6e9ce,User_A1O50YHNDUO8RE,CA
6989a4e910805f5685d6e9cf,User_A3IGFIRCUG3R5L,DE
6989a4e910805f5685d6e9d0,User_AOQ4XDL4EH0B4,US
6989a4e910805f5685d6e9d1,User_AKQR71IN2YCU0,FR
6989a4e910805f5685d6e9d2,User_A25CBGIIAP8ER9,IT
6989a4e910805f5685d6e9d3,User_AHLDF37KX513S,US
6989a4e910805f5685d6e9d4,User_848,GB
6989a4e910805f5685d6e9d5,User_A2LJ3AURXJLRUC,US
6989a4e910805f5685d6e9d6,User_A2QN2J9NE80L52,ES
6989a4e910805f5685d6e9d7,User_AZRNJGT7UF8IQ,ES
6989a4e910805f5685d6e9d8,User_A2YRU8F7UX6RKJ,DE
6989a4e910805f5685d6e9d9,User_A24YEZT66C6VTR,ES
6989a4e910805f5685d6e9da,User_A3LXR0T7QD8297,US
6989a4e910805f5685d6e9db,User_A1NSVZG157EI2K,FR
6989a4e910805f5685d6e9dc,User_A3HENZIOGH4P50,DE
6989a4e910805f5685d6e9dd,User_11503,FR
6989a4e910805f5685d6e9de,User_A2XWYPX9YZBZA0,FR
6989a4e910805f5685d6e9df,User_AYJ42KQAKRQFA,ES
6989a4e910805f5685d6e9e0,User_A1RIV9JYJPZZBD,ES
6989a4e910805f5685d6e9e1,User_A1P09U2NKDK2SP,ES
6989a4e910805f5685d6e9e2,User_A13H2LPEB6U4M0,CA
6989a4e910805f5685d6e9e3,User_A2FX00QQ0HR1AW,US
6989a4e910805f5685d6e9e4,User_A16D9XTOS8QFJU,DE
6989a4e910805f5685d6e9e5,User_AK4HUHGVZBNHX,DE
6989a4e910805f5685d6e9e6,User_A2S3U1Q8VNEZG3,US
6989a4e910805f5685d6e9e7,User_A3OXLUJYWNZMKR,FR
6989a4e910805f5685d6e9e8,User_ANTNW1UE867Z1,CA
6989a4e910805f5685d6e9e9,User_4377,DE
6989a4e910805f5685d6e9ea,User_A2CMLBIKBG9EMP,GB
6989a4e910805f5685d6e9eb,User_A33O8ZAJ757VJO,FR
6989a4e910805f5685d6e9ec,User_A3BI294J18LQFK,FR
6989a4e910805f5685d6e9ed,User_A253OBOHIUGTMN,US
6989a4e910805f5685d6e9ee,User_A3MCMJG66RP61Q,CA
6989a4e910805f5685d6e9ef,User_A15YZI0VN59UOQ,GB
6989a4e910805f5685d6e9f0,User_A2FSUCV7YQCOB2,GB
6989a4e910805f5685d6e9f1,User_APXW3YNML7NSP,FR
6989a4e910805f5685d6e9f2,User_A24PLGMS9NZ5KD,GB
6989a4e910805f5685d6e9f3,User_A2XZJXTYTJ7J79,GB
6989a4e910805f5685d6e9f4,User_A1364XG1UVLIF,CA
6989a4e910805f5685d6e9f5,User_22521,US
6989a4e910805f5685d6e9f6,User_AX3T81AX775G3,IT
6989a4e910805f5685d6e9f7,User_A3PDZJPFG6T15C,DE
6989a4e910805f5685d6e9f8,User_5559,US
6989a4e910805f5685d6e9f9,User_AFZ8JJW7GQ16F,FR
6989a4e910805f5685d6e9fa,User_A12KUJT75HFO67,CA
6989a4e910805f5685d6e9fb,User_A3079E3R0NGCAH,ES
6989a4e910805f5685d6e9fc,User_ASAVHV3YWM61L,ES
6989a4e910805f5685d6e9fd,User_A2B7EDHJV5G29P,IT
6989a4e910805f5685d6e9fe,User_A2JJ0YRVNM2U01,FR
6989a4e910805f5685d6e9ff,User_A18LTJ21YENFGM,ES
6989a4e910805f5685d6ea00,User_A2D0MQPZY994JG,IT
6989a4e910805f5685d6ea01,User_A3QPDEQL5PARH1,US
6989a4e910805f5685d6ea02,User_A2G8D1VN3MVB6F,CA
6989a4e910805f5685d6ea03,User_A13MTFLIGHRZHT,DE
6989a4e910805f5685d6ea04,User_A78RF3KX1UWY9,FR
6989a4e910805f5685d6ea05,User_20601,US
6989a4e910805f5685d6ea06,User_A8G19HA74KL7I,ES
6989a4e910805f5685d6ea07,User_A1MBJBN65VPGH4,GB
6989a4e910805f5685d6ea08,User_A3F9KL53ZGY3O,GB
6989a4e910805f5685d6ea09,User_ABBYEPXWIEJPR,US
6989a4e910805f5685d6ea0a,User_AS83I17FWCJAQ,GB
6989a4e910805f5685d6ea0b,User_A1EQW0SAORNLDZ,ES
6989a4e910805f5685d6ea0c,User_A2DKLP4TW7KC1Q,CA
6989a4e910805f5685d6ea0d,User_A9NFFAZF3LIB2,DE
6989a4e910805f5685d6ea0e,User_A1F8JON1QER9L,DE
6989a4e910805f5685d6ea0f,User_A2T2M8YJFJOC7R,DE
6989a4e910805f5685d6ea10,User_A2RLJDFWYNZH05,DE
6989a4e910805f5685d6ea11,User_A2L0GL7HRIU37Z,IT
6989a4e910805f5685d6ea12,User_A2GHQ9KX0F2G29,ES
6989a4e910805f5685d6ea13,User_A1YGAG5QZ9DFK,DE
6989a4e910805f5685d6ea14,User_A2ARAPA4B5EC85,DE
6989a4e910805f5685d6ea15,User_A1G55CVL91R0NL,IT
6989a4e910805f5685d6ea16,User_A32WGV6TD7G59T,GB
6989a4e910805f5685d6ea17,User_A1GWLIDKB98BGI,ES
6989a4e910805f5685d6ea18,User_AU5P45JCL8YKS,CA
6989a4e910805f5685d6ea19,User_A2QDDW1OL7N77X,CA
6989a4e910805f5685d6ea1a,User_12170,GB
6989a4e910805f5685d6ea1b,User_A3RNH5T1UH048E,GB
6989a4e910805f5685d6ea1c,User_A1NHOCCFFX2PXH,CA
6989a4e910805f5685d6ea1d,User_A2P8NRHEJJNF9L,ES
6989a4e910805f5685d6ea1e,User_A1P3QGIRMYYUKS,IT
6989a4e910805f5685d6ea1f,User_A3K2FPAMKO1DXW,ES
6989a4e910805f5685d6ea20,User_A28V2DFRP69NLE,US
6989a4e910805f5685d6ea21,User_A1DJ9FOEOA0WF1,GB
6989a4e910805f5685d6ea22,User_A18K08W5JP7KES,GB
6989a4e910805f5685d6ea23,User_AT1J4LDG1NRSW,DE
6989a4e910805f5685d6ea24,User_A3PM3Z44CIEK8X,DE
6989a4e910805f5685d6ea25,User_A1BMET3MONQ1WE,IT
6989a4e910805f5685d6ea26,User_A18PIHM4WCNNP5,DE
6989a4e910805f5685d6ea27,User_APWKSH4XINI0Q,FR
6989a4e910805f5685d6ea28,User_A1ND3UK9WL6V7G,US
6989a4e910805f5685d6ea29,User_A2UPVVZY4FNCOT,GB
6989a4e910805f5685d6ea2a,User_A3TK980NRW26U7,GB
6989a4e910805f5685d6ea2b,User_A1IFR2HD0KSRSZ,GB
6989a4e910805f5685d6ea2c,User_A3DZMGWSIIW5CQ,DE
6989a4e910805f5685d6ea2d,User_A9H8D7GLP844K,DE
6989a4e910805f5685d6ea2e,User_A2N1E8C3Y407U3,GB
6989a4e910805f5685d6ea2f,User_13001,DE
6989a4e910805f5685d6ea30,User_A1ECYFRA6WZ5BV,CA
6989a4e910805f5685d6ea31,User_A171BQLCUDIXRS,DE
6989a4e910805f5685d6ea32,User_AO5NCOFK58EUY,CA
6989a4e910805f5685d6ea33,User_A3JVRWGGW46EOP,CA
6989a4e910805f5685d6ea34,User_A2TX22G8I4ZALX,GB
6989a4e910805f5685d6ea35,User_AC70ME7DXQG9Z,US
6989a4e910805f5685d6ea36,User_A304FK7WHPMPX,IT
6989a4e910805f5685d6ea37,User_13774,GB
6989a4e910805f5685d6ea38,User_A3S9UJEVVPEBM1,FR
6989a4e910805f5685d6ea39,User_A1YTCE9NQF2I3O,US
6989a4e910805f5685d6ea3a,User_A1RJD8QREKDX1A,GB
6989a4e910805f5685d6ea3b,User_A35WH8R706RPT7,IT
6989a4e910805f5685d6ea3c,User_A2CDZ8BB6NRWFR,IT
6989a4e910805f5685d6ea3d,User_20520,DE
6989a4e910805f5685d6ea3e,User_A3FF71OAL9FKW2,FR
6989a4e910805f5685d6ea3f,User_A2R6O57AQSX1DH,IT
6989a4e910805f5685d6ea40,User_A2GBV5JVQSKDUT,FR
6989a4e910805f5685d6ea41,User_A145MLF158L0HD,ES
6989a4e910805f5685d6ea42,User_A398RARXDU15I5,US
6989a4e910805f5685d6ea43,User_ASE9TK5UD49ML,ES
6989a4e910805f5685d6ea44,User_A320J2VGBP8ZGF,ES
6989a4e910805f5685d6ea45,User_A3255EFAM1QG1K,ES
6989a4e910805f5685d6ea46,User_A2TTB8BZ7R4KOA,FR
6989a4e910805f5685d6ea47,User_A2GNOHSZZ3YA69,ES
6989a4e910805f5685d6ea48,User_AKXUKFC1R0NXH,US
6989a4e910805f5685d6ea49,User_A1MOBVNZ4OS0T6,GB
6989a4e910805f5685d6ea4a,User_5003,DE
6989a4e910805f5685d6ea4b,User_A1J4UEQFQG9WL,US
6989a4e910805f5685d6ea4c,User_A3T10UM1I3KLWE,GB
6989a4e910805f5685d6ea4d,User_A2PZN2WTQ2G0C9,ES
6989a4e910805f5685d6ea4e,User_A2078OLX30IFZT,IT
6989a4e910805f5685d6ea4f,User_A2WAMOU4PU658R,FR
6989a4e910805f5685d6ea50,User_1730,US
6989a4e910805f5685d6ea51,User_A2W26AAU92CN70,FR
6989a4e910805f5685d6ea52,User_A1D8AVK5UN725E,US
6989a4e910805f5685d6ea53,User_16639,CA
6989a4e910805f5685d6ea54,User_A2HU0RI67AZ5HR,IT
6989a4e910805f5685d6ea55,User_A2BEJ4EZGGI2Y4,US
6989a4e910805f5685d6ea56,User_A7UNE9A02GZID,FR
6989a4e910805f5685d6ea57,User_A2Y5I7BPETDCRJ,ES
6989a4e910805f5685d6ea58,User_A2MFNDNS1L7D16,CA
6989a4e910805f5685d6ea59,User_A22SSWHQ12D9TC,US
6989a4e910805f5685d6ea5a,User_AGJ2W21IY7U9D,ES
6989a4e910805f5685d6ea5b,User_A1LQCZJPCLUO6,DE
6989a4e910805f5685d6ea5c,User_AHQM0D9NAWE5D,DE
6989a4e910805f5685d6ea5d,User_13604,IT
6989a4e910805f5685d6ea5e,User_12996,IT
6989a4e910805f5685d6ea5f,User_A371EIBWFAMK1N,ES
6989a4e910805f5685d6ea60,User_4774,GB
6989a4e910805f5685d6ea61,User_AYZLXLVMJGTJV,ES
6989a4e910805f5685d6ea62,User_A3PPWKCAZZ3DBR,DE
6989a4e910805f5685d6ea63,User_A2VYL13O4RUFY9,ES
6989a4e910805f5685d6ea64,User_A2UI2UWM5CNGMJ,CA
6989a4e910805f5685d6ea65,User_A3KD25QWG3VYK4,IT
6989a4e910805f5685d6ea66,User_A33VTJLP5VFAQI,DE
6989a4e910805f5685d6ea67,User_A24A1DTWL97ET6,IT
6989a4e910805f5685d6ea68,User_A1763J1VHEADDL,US
6989a4e910805f5685d6ea69,User_A297Q26S22XJ76,US
6989a4e910805f5685d6ea6a,User_ATLZ3GS1UMK2Y,FR
6989a4e910805f5685d6ea6b,User_A84UYO35CN67J,GB
6989a4e910805f5685d6ea6c,User_A23G53J4N77PR3,CA
6989a4e910805f5685d6ea6d,User_A1UHAXZRU82HN,CA
6989a4e910805f5685d6ea6e,User_A1QF22H6QFSHDN,CA
6989a4e910805f5685d6ea6f,User_A1DB34VH65UI0F,CA
6989a4e910805f5685d6ea70,User_A332VQ7DVFUC7L,GB
6989a4e910805f5685d6ea71,User_A1VL84N8GNUWRF,IT
6989a4e910805f5685d6ea72,User_16663,US
6989a4e910805f5685d6ea73,User_A2XDMNSFTQV2DY,IT
6989a4e910805f5685d6ea74,User_A374MSHMDOFV8O,ES
6989a4e910805f5685d6ea75,User_A17FVBTRPSW1C5,DE
6989a4e910805f5685d6ea76,User_277102,CA
6989a4e910805f5685d6ea77,User_2089,FR
6989a4e910805f5685d6ea78,User_A2VDHSQ4EQEQKR,CA
6989a4e910805f5685d6ea79,User_AMC8I0W24QI3J,ES
6989a4e910805f5685d6ea7a,User_A1S086R3TMEMY4,ES
6989a4e910805f5685d6ea7b,User_A38Q2KE8E6QY3A,IT
6989a4e910805f5685d6ea7c,User_ABTR3UDKSVCX8,DE
6989a4e910805f5685d6ea7d,User_AKT7XMUI40SLS,FR
6989a4e910805f5685d6ea7e,User_A2UALGQHV2TMQ7,US
6989a4e910805f5685d6ea7f,User_A1LW5POG7BQU9A,GB
6989a4e910805f5685d6ea80,User_A23OSCMQQ4Y925,IT
6989a4e910805f5685d6ea81,User_A26UXIPVD0A4MT,ES
6989a4e910805f5685d6ea82,User_A1IX2BYYH5WG9H,DE
6989a4e910805f5685d6ea83,User_A22I2JRNSH6H2K,DE
6989a4e910805f5685d6ea84,User_A3W9YOI4G49MY,ES
6989a4e910805f5685d6ea85,User_A1V2KXRU8HMD17,ES
6989a4e910805f5685d6ea86,User_A142JQCM5C0GV6,ES
6989a4e910805f5685d6ea87,User_278149,ES
6989a4e910805f5685d6ea88,User_A2SL7DIHHEX3MN,GB
6989a4e910805f5685d6ea89,User_AFATXJ4PA8ILH,US
6989a4e910805f5685d6ea8a,User_A2WIUN8US4BAEB,CA
6989a4e910805f5685d6ea8b,User_A1NK4TLIMODCTN,US
6989a4e910805f5685d6ea8c,User_A3TISNN4BIWW2Y,CA
6989a4e910805f5685d6ea8d,User_A3FB00MUW3MNC7,US
6989a4e910805f5685d6ea8e,User_A1DUHJ4X7MF1N2,DE
6989a4e910805f5685d6ea8f,User_ATUXRLKLA6LMH,CA
6989a4e910805f5685d6ea90,User_A122GQ4QGTF3IX,FR
6989a4e910805f5685d6ea91,User_A1UWPWQRR6TWE7,ES
6989a4e910805f5685d6ea92,User_A2WO2IR04EXKM8,GB
6989a4e910805f5685d6ea93,User_A1TR3G8YUR8QMG,IT
6989a4e910805f5685d6ea94,User_A2RU470HTXAI85,GB
6989a4e910805f5685d6ea95,User_A2OLVE8C6YAV2X,GB
6989a4e910805f5685d6ea96,User_A10EW5N83RTO27,FR
6989a4e910805f5685d6ea97,User_A2NCU1LN5P4SFF,DE
6989a4e910805f5685d6ea98,User_A36PK09SMSOAHW,US
6989a4e910805f5685d6ea99,User_A3D8J2FATXKRNU,CA
6989a4e910805f5685d6ea9a,User_A1LZI54LL6GZTG,GB
6989a4e910805f5685d6ea9b,User_A7TU2V5MHN1QB,US
6989a4e910805f5685d6ea9c,User_A258YQ3PO99QYE,FR
6989a4e910805f5685d6ea9d,User_A2VM65B6CVTCP2,DE
6989a4e910805f5685d6ea9e,User_A2E4ZXOAE8URX1,CA
6989a4e910805f5685d6ea9f,User_A2XY7UO3HTBFLF,DE
6989a4e910805f5685d6eaa0,User_A38V6U9V7HOISF,FR
6989a4e910805f5685d6eaa1,User_A2C5F4L00Y9XW9,FR
6989a4e910805f5685d6eaa2,User_A2YDHXYH2TZ8IK,IT
6989a4e910805f5685d6eaa3,User_A13OUQVT79L9HB,GB
6989a4e910805f5685d6eaa4,User_20540,GB
6989a4e910805f5685d6eaa5,User_AB27IQUJ79KUA,ES
6989a4e910805f5685d6eaa6,User_22862,CA
6989a4e910805f5685d6eaa7,User_7372,IT
6989a4e910805f5685d6eaa8,User_AWH99R00RTOIC,US
6989a4e910805f5685d6eaa9,User_A3KJSPM7HROU54,ES
6989a4e910805f5685d6eaaa,User_A7TW5B6M8O1YP,US
6989a4e910805f5685d6eaab,User_A2F7P3H8K56VMF,ES
6989a4e910805f5685d6eaac,User_A18F4ECNZIMBSB,ES
6989a4e910805f5685d6eaad,User_A3EBNBSUDFSKDG,CA
6989a4e910805f5685d6eaae,User_A2MDTEIDU3WCZ4,IT
6989a4e910805f5685d6eaaf,User_A2QRDF0Z520IYW,CA
6989a4e910805f5685d6eab0,User_A1MYH1YB80A1K1,ES
6989a4e910805f5685d6eab1,User_A38QXIPESRDLWX,ES
6989a4e910805f5685d6eab2,User_233,GB
6989a4e910805f5685d6eab3,User_A2IZN3MB9SYMJN,ES
6989a4e910805f5685d6eab4,User_A3Q8OA962OTNE1,FR
6989a4e910805f5685d6eab5,User_A17CISQG3FSZG6,CA
6989a4e910805f5685d6eab6,User_A33PPYJ9GUNS0Z,DE
6989a4e910805f5685d6eab7,User_A2NTYY6FYSJHFF,GB
6989a4e910805f5685d6eab8,User_A10C3UQB4EO6CM,GB
6989a4e910805f5685d6eab9,User_AJQKHP2KXO2KM,FR
6989a4e910805f5685d6eaba,User_A309DQ3THGNXD,IT
6989a4e910805f5685d6eabb,User_A2Z1BOQPVQK2M4,CA
6989a4e910805f5685d6eabc,User_A21J2GQ3F5XZGE,ES
6989a4e910805f5685d6eabd,User_A3LKM347ZUYA2U,ES
6989a4e910805f5685d6eabe,User_640,DE
6989a4e910805f5685d6eabf,User_A3P45FQ4L4CQN2,ES
6989a4e910805f5685d6eac0,User_A2MA51SB4HTQC9,DE
6989a4e910805f5685d6eac1,User_AVWBDN6B953CH,ES
6989a4e910805f5685d6eac2,User_79,FR
6989a4e910805f5685d6eac3,User_A3BCT0LYD8NE35,CA
6989a4e910805f5685d6eac4,User_A3VUIF0B9PTHEZ,DE
6989a4e910805f5685d6eac5,User_A10Y3OZWENAQ6W,DE
6989a4e910805f5685d6eac6,User_A1D09LESOYH2ZQ,GB
6989a4e910805f5685d6eac7,User_AZ2XXTEFA6YZH,CA
6989a4e910805f5685d6eac8,User_APHH6A16VUXD5,IT
6989a4e910805f5685d6eac9,User_AM74X7BPU4Y88,ES
6989a4e910805f5685d6eaca,User_20755,US
6989a4e910805f5685d6eacb,User_A3F8HZ4IMP1A5O,FR
6989a4e910805f5685d6eacc,User_AR23I8PHJSMTE,US
6989a4e910805f5685d6eacd,User_A2JM1JW0VZ4MO0,FR
6989a4e910805f5685d6eace,User_A2K5K0ZVOKDHM9,US
6989a4e910805f5685d6eacf,User_277722,GB
6989a4e910805f5685d6ead0,User_A2AOZNWT8PDQDP,GB
6989a4e910805f5685d6ead1,User_AB9QXH5URDLER,ES
6989a4e910805f5685d6ead2,User_A1ERJGW2IPUFL,GB
6989a4e910805f5685d6ead3,User_AES3IF7ED9Q85,CA
6989a4e910805f5685d6ead4,User_A1CECYH8RQE901,CA
6989a4e910805f5685d6ead5,User_A1L5ZR8AI5QE49,US
6989a4e910805f5685d6ead6,User_A3OPB6FDUSJZ61,FR
6989a4e910805f5685d6ead7,User_AZQD3BNHVL9X6,ES
6989a4e910805f5685d6ead8,User_A3KYS85ISBSX5M,ES
6989a4e910805f5685d6ead9,User_A1LZ78OW2JXV9X,US
6989a4e910805f5685d6eada,User_A3W2H6YA6VIVEM,FR
6989a4e910805f5685d6eadb,User_A21L5T2QRR8S3I,IT
6989a4e910805f5685d6eadc,User_A10NLMS9XB73P9,IT
6989a4e910805f5685d6eadd,User_A2MJ5XURZ1T0FO,DE
6989a4e910805f5685d6eade,User_A2TCTWN4U303OF,DE
6989a4e910805f5685d6eadf,User_A26DMTLIKAT8DN,GB
6989a4e910805f5685d6eae0,User_1791,US
6989a4e910805f5685d6eae1,User_A1CNRHQ2HJTPS9,FR
6989a4e910805f5685d6eae2,User_A2K9C4B7O22HHL,IT
6989a4e910805f5685d6eae3,User_AXQPM2RKJJI58,GB
6989a4e910805f5685d6eae4,User_A1G6A8W57HZZJR,FR
6989a4e910805f5685d6eae5,User_A1GL5AE73KC1O3,GB
6989a4e910805f5685d6eae6,User_A385YEK3K378ZP,IT
6989a4e910805f5685d6eae7,User_AJKBVR6TFERI,FR
6989a4e910805f5685d6eae8,User_A2X52PGA1EKRGI,US
6989a4e910805f5685d6eae9,User_A2S37P50AYCUYV,ES
6989a4e910805f5685d6eaea,User_A15U168X7QWVF7,IT
6989a4e910805f5685d6eaeb,User_AJ9HAB76YQY01,IT
6989a4e910805f5685d6eaec,User_A2LJZBFDVW2MY5,IT
6989a4e910805f5685d6eaed,User_A2SFS6NVQ9I2VR,ES
6989a4e910805f5685d6eaee,User_ARNFGX51L53SG,ES
6989a4e910805f5685d6eaef,User_ATRM397NTMDUL,FR
6989a4e910805f5685d6eaf0,User_A256NW4OC7466Z,US
6989a4e910805f5685d6eaf1,User_A25IZKVGD92SZF,GB
6989a4e910805f5685d6eaf2,User_ARKKMN20BGRN1,ES
6989a4e910805f5685d6eaf3,User_1375,ES
6989a4e910805f5685d6eaf4,User_6670,DE
6989a4e910805f5685d6eaf5,User_A1VZH3LLAS192P,CA
6989a4e910805f5685d6eaf6,User_A3BQU6UXB52OSR,US
6989a4e910805f5685d6eaf7,User_A2E56PIKRPR259,GB
6989a4e910805f5685d6eaf8,User_A1CA4IP0DCPF7W,DE
6989a4e910805f5685d6eaf9,User_8830,GB
6989a4e910805f5685d6eafa,User_A7ZG4MPYYHDQM,IT
6989a4e910805f5685d6eafb,User_ADQNE6KLSM7J7,IT
6989a4e910805f5685d6eafc,User_20794,FR
6989a4e910805f5685d6eafd,User_A2IRCVBGU7ZR9B,CA
6989a4e910805f5685d6eafe,User_19608,ES
6989a4e910805f5685d6eaff,User_883,US
6989a4e910805f5685d6eb00,User_ANPSFG3F25WGG,US
6989a4e910805f5685d6eb01,User_AC60Z9I9DA3NM,FR
6989a4e910805f5685d6eb02,User_A2UCGN6PHM6538,IT
6989a4e910805f5685d6eb03,User_A2MZHO6OQ4LKP5,DE
6989a4e910805f5685d6eb04,User_A1V4DYZS3KT2D7,GB
6989a4e910805f5685d6eb05,User_3432,US
6989a4e910805f5685d6eb06,User_A1MV5RJTPCUAEO,DE
6989a4e910805f5685d6eb07,User_AP4LLW1TV98SG,ES
6989a4e910805f5685d6eb08,User_22507,ES
6989a4e910805f5685d6eb09,User_AFMSS5VVDT93F,FR
6989a4e910805f5685d6eb0a,User_ABQQQUPW66VQX,CA
6989a4e910805f5685d6eb0b,User_A3R90OGE1EACZE,DE
6989a4e910805f5685d6eb0c,User_AKF72K4L7S8QL,GB
6989a4e910805f5685d6eb0d,User_A3VIW430RK8IM2,IT
6989a4e910805f5685d6eb0e,User_A3D76ATDOKOMKT,IT
6989a4e910805f5685d6eb0f,User_15194,ES
6989a4e910805f5685d6eb10,User_A7HSA7WTPYY7H,DE
6989a4e910805f5685d6eb11,User_A365FRTAG716B9,ES
6989a4e910805f5685d6eb12,User_AFIIT8C7UPBU2,GB
6989a4e910805f5685d6eb13,User_A2R6OLOMA25F5W,ES
6989a4e910805f5685d6eb14,User_A2UW40Y3RJEFGY,GB
6989a4e910805f5685d6eb15,User_A2YIGCSJF6S3ML,DE
6989a4e910805f5685d6eb16,User_A1BQQBJAQKW0T,GB
6989a4e910805f5685d6eb17,User_16537,GB
6989a4e910805f5685d6eb18,User_A1RNGMC9YD71QA,CA
6989a4e910805f5685d6eb19,User_3670,CA
6989a4e910805f5685d6eb1a,User_A1T8XTWSCEIYOK,US
6989a4e910805f5685d6eb1b,User_A1SEWIW08KBQ7B,CA
6989a4e910805f5685d6eb1c,User_A2VFYBQBERTIL,FR
6989a4e910805f5685d6eb1d,User_A2XK1OWCOGNMA,GB
6989a4e910805f5685d6eb1e,User_A15QLCFT1LFF3S,DE
6989a4e910805f5685d6eb1f,User_A2UAA3A7CYTTO5,FR
6989a4e910805f5685d6eb20,User_AKLTA062JL7OW,ES
6989a4e910805f5685d6eb21,User_A3F4OCMF70W5JH,FR
6989a4e910805f5685d6eb22,User_A1PB5C8GHYGNTZ,ES
6989a4e910805f5685d6eb23,User_A2FZVDL3LU6IT2,GB
6989a4e910805f5685d6eb24,User_A35DE2OW8S3DLG,IT
6989a4e910805f5685d6eb25,User_A3UABEVLBMEYXR,IT
6989a4e910805f5685d6eb26,User_A1RZYVL27L7VIQ,DE
6989a4e910805f5685d6eb27,User_A2M93Y4Y4WU1VP,US
6989a4e910805f5685d6eb28,User_A532PMW7LZSNM,FR
6989a4e910805f5685d6eb29,User_AWV169TFDO2KH,IT
6989a4e910805f5685d6eb2a,User_AQCC34X9GAMLR,US
6989a4e910805f5685d6eb2b,User_20428,ES
6989a4e910805f5685d6eb2c,User_AHM67WGFPYPK,DE
6989a4e910805f5685d6eb2d,User_A13VVJE5DGPLBL,CA
6989a4e910805f5685d6eb2e,User_21128,IT
6989a4e910805f5685d6eb2f,User_A2FDBQS87UYFCQ,US
6989a4e910805f5685d6eb30,User_A2DYRJSMPDXDES,IT
6989a4e910805f5685d6eb31,User_ADE7DSVOD6CPS,FR
6989a4e910805f5685d6eb32,User_A2QXDZP9ZT7ECM,US
6989a4e910805f5685d6eb33,User_1038,FR
6989a4e910805f5685d6eb34,User_ADN4F6U91LI37,US
6989a4e910805f5685d6eb35,User_3838,ES
6989a4e910805f5685d6eb36,User_11073,CA
6989a4e910805f5685d6eb37,User_A2DN7RUNX06BZ1,CA
6989a4e910805f5685d6eb38,User_A1BHYO65GCIRAN,ES
6989a4e910805f5685d6eb39,User_A10G9WYVDAMO3A,DE
6989a4e910805f5685d6eb3a,User_A1GXGNWXTHSGZ2,GB
6989a4e910805f5685d6eb3b,User_ASIMR3WSNT30V,DE
6989a4e910805f5685d6eb3c,User_A287Q2ZUJHBJVA,IT
6989a4e910805f5685d6eb3d,User_12742,ES
6989a4e910805f5685d6eb3e,User_A1YNI7N9KLWK3G,IT
6989a4e910805f5685d6eb3f,User_A15EML2EU05HTA,FR
6989a4e910805f5685d6eb40,User_A1RXEJV4VBJQKQ,DE
6989a4e910805f5685d6eb41,User_A1FW4IBX1O3JZ8,DE
6989a4e910805f5685d6eb42,User_A2R7RTF23YV5DO,CA
6989a4e910805f5685d6eb43,User_A12RGUI6K7I2RA,US
6989a4e910805f5685d6eb44,User_20857,CA
6989a4e910805f5685d6eb45,User_A3YZZL7Y0ZM4T,US
6989a4e910805f5685d6eb46,User_A3U3T33V0M4H2,IT
6989a4e910805f5685d6eb47,User_A3BSLS7TTR4UDD,CA
6989a4e910805f5685d6eb48,User_A2PCYQCAFSVCH7,GB
6989a4e910805f5685d6eb49,User_A3AZVEXKU4O6LB,ES
6989a4e910805f5685d6eb4a,User_11279,DE
6989a4e910805f5685d6eb4b,User_A2GJCJSS4CZ4N7,GB
6989a4e910805f5685d6eb4c,User_21979,US
6989a4e910805f5685d6eb4d,User_AGU2JKIDS8X4S,GB
6989a4e910805f5685d6eb4e,User_APADW5NV8N2O,CA
6989a4e910805f5685d6eb4f,User_AIJJGJXB8SFJ2,FR
6989a4e910805f5685d6eb50,User_A2JB7JQMYVUDQI,US
6989a4e910805f5685d6eb51,User_A1R7N6NVGDQ7UD,FR
6989a4e910805f5685d6eb52,User_A3UD3SN9GDAN7W,IT
6989a4e910805f5685d6eb53,User_A20RRBJP2HJ9T3,FR
6989a4e910805f5685d6eb54,User_A3DKFA7EZFIWLX,DE
6989a4e910805f5685d6eb55,User_A9KDPCIY0K7U5,DE
6989a4e910805f5685d6eb56,User_A2L29MWPWG6LG4,DE
6989a4e910805f5685d6eb57,User_AE194ZU9CK6TK,FR
6989a4e910805f5685d6eb58,User_A3U5E576I7S5WE,ES
6989a4e910805f5685d6eb59,User_A3KNT5303QREGB,CA
6989a4e910805f5685d6eb5a,User_17613,GB
6989a4e910805f5685d6eb5b,User_A2C0E4W8HX27UY,FR
6989a4e910805f5685d6eb5c,User_A2CKBRHBXZ20TS,CA
6989a4e910805f5685d6eb5d,User_A3RDRRROORR62I,ES
6989a4e910805f5685d6eb5e,User_A1APNA35H3SM6A,IT
6989a4e910805f5685d6eb5f,User_21470,FR
6989a4e910805f5685d6eb60,User_6640,DE
6989a4e910805f5685d6eb61,User_AXBS9UBEEV5I5,IT
6989a4e910805f5685d6eb62,User_18414,DE
6989a4e910805f5685d6eb63,User_A3M19H5N1FLI33,ES
6989a4e910805f5685d6eb64,User_A3A6UQ2UMHLTHB,CA
6989a4e910805f5685d6eb65,User_AXR60YU9K3JJR,FR
6989a4e910805f5685d6eb66,User_A1G901300TLV9F,ES
6989a4e910805f5685d6eb67,User_A38EQYJ9YVLS1E,FR
6989a4e910805f5685d6eb68,User_A19OZ7PJJ3GG8H,FR
6989a4e910805f5685d6eb69,User_ANE4IQATTGNHD,US
6989a4e910805f5685d6eb6a,User_A2AD5K3LT4IS4W,CA
6989a4e910805f5685d6eb6b,User_A1DF6W2HDM9SA4,DE
6989a4e910805f5685d6eb6c,User_A2KSXSRTMD3ZJ4,DE
6989a4e910805f5685d6eb6d,User_AQ1MSLE536D9C,FR
6989a4e910805f5685d6eb6e,User_A3LKXVSL3W9M41,GB
6989a4e910805f5685d6eb6f,User_A37OAN81726AO4,CA
6989a4e910805f5685d6eb70,User_A1DKR9P19TEJ94,US
6989a4e910805f5685d6eb71,User_A28DIHI1NZLXCA,US
6989a4e910805f5685d6eb72,User_A1F8UC1G8YJ69A,CA
6989a4e910805f5685d6eb73,User_A1KAAMBJ7838WQ,DE
6989a4e910805f5685d6eb74,User_A1XPUUG6A2BQKK,GB
6989a4e910805f5685d6eb75,User_A4PJ5YRMHJIFB,US
6989a4e910805f5685d6eb76,User_A27UJ6R57ZOIT0,ES
6989a4e910805f5685d6eb77,User_AOA0C15TL6DZ9,CA
6989a4e910805f5685d6eb78,User_A1MW6F94OMZOYH,ES
6989a4e910805f5685d6eb79,User_A2BZ62BSWHFLEZ,IT
6989a4e910805f5685d6eb7a,User_ARU5FJM96YGGA,DE
6989a4e910805f5685d6eb7b,User_A23NTQXGTXW7Y1,IT
6989a4e910805f5685d6eb7c,User_A30ONUFURINO9K,FR
6989a4e910805f5685d6eb7d,User_A6IUUVPY3EUK9,DE
6989a4e910805f5685d6eb7e,User_A31OKJRKHGLBYS,GB
6989a4e910805f5685d6eb7f,User_A3013MHSQS4Y8Y,FR
6989a4e910805f5685d6eb80,User_A2M0P6W13XWQDY,IT
6989a4e910805f5685d6eb81,User_A1KBT3D1O0LA7L,US
6989a4e910805f5685d6eb82,User_AUH3QMT2FZ8SK,IT
6989a4e910805f5685d6eb83,User_A3K6QRIZ3R7Z5G,FR
6989a4e910805f5685d6eb84,User_AH93HX89KVQG2,CA
6989a4e910805f5685d6eb85,User_A32BJ5S49GVCHL,FR
6989a4e910805f5685d6eb86,User_A14EBTROZF3AC7,DE
6989a4e910805f5685d6eb87,User_A3UAFRWMJRPJZP,GB
6989a4e910805f5685d6eb88,User_A1J7I4FEZ5HV7V,FR
6989a4e910805f5685d6eb89,User_A1185W8KOQKGVS,DE
6989a4e910805f5685d6eb8a,User_2705,FR
6989a4e910805f5685d6eb8b,User_A3F9J7294E5MKX,DE
6989a4e910805f5685d6eb8c,User_ABSX5TGEGRH76,FR
6989a4e910805f5685d6eb8d,User_A1PICZ0ICCSCS5,ES
6989a4e910805f5685d6eb8e,User_AVTNR7QYX9OAU,ES
6989a4e910805f5685d6eb8f,User_A25UKXEEFMD2PO,ES
6989a4e910805f5685d6eb90,User_A19YOPP52C17CZ,CA
6989a4e910805f5685d6eb91,User_2197,FR
6989a4e910805f5685d6eb92,User_A9D0M8N92ONB7,GB
6989a4e910805f5685d6eb93,User_A3IKQVN8N8AKRY,DE
6989a4e910805f5685d6eb94,User_AUIGW6KFAU5L6,IT
6989a4e910805f5685d6eb95,User_A3QVI57VT1VGRO,US
6989a4e910805f5685d6eb96,User_10942,ES
6989a4e910805f5685d6eb97,User_12982,IT
6989a4e910805f5685d6eb98,User_A2OYQSD6H2D37Y,ES
6989a4e910805f5685d6eb99,User_ADS4SVJE306B6,DE
6989a4e910805f5685d6eb9a,User_A1VM9YTWGPR594,GB
6989a4e910805f5685d6eb9b,User_A2TUCS8O6AJXKJ,FR
6989a4e910805f5685d6eb9c,User_A3EZHMGGWY74HY,US
6989a4e910805f5685d6eb9d,User_A2P6EIHJY5VMWZ,IT
6989a4e910805f5685d6eb9e,User_AC2IKFDR6JU55,IT
6989a4e910805f5685d6eb9f,User_AG4RUGQCUSWN2,IT
6989a4e910805f5685d6eba0,User_A29S9ESQ9QS7VP,US
6989a4e910805f5685d6eba1,User_A1FBOHQIB38SPB,US
6989a4e910805f5685d6eba2,User_A36X89SJXM8XPN,IT
6989a4e910805f5685d6eba3,User_A3DJPZ34REVFEG,US
6989a4e910805f5685d6eba4,User_AF4F4HO0PE7FF,ES
6989a4e910805f5685d6eba5,User_A21G5QOSE308DU,GB
6989a4e910805f5685d6eba6,User_A34V14FMGA399H,ES
6989a4e910805f5685d6eba7,User_AYJ1FZZSY6Z1V,CA
6989a4e910805f5685d6eba8,User_A3MD8GDIM03R6M,CA
6989a4e910805f5685d6eba9,User_A27JDVOA00LBL7,CA
6989a4e910805f5685d6ebaa,User_A1O8N0SVEGFWPV,ES
6989a4e910805f5685d6ebab,User_A1QZH47EEYUYWV,IT
6989a4e910805f5685d6ebac,User_A2D8JCJWHVVHP9,GB
6989a4e910805f5685d6ebad,User_A3QVAKVRAH657N,DE
6989a4e910805f5685d6ebae,User_21315,ES
6989a4e910805f5685d6ebaf,User_21169,CA
6989a4e910805f5685d6ebb0,User_A1BSPN5H8ZE91G,US
6989a4e910805f5685d6ebb1,User_A31LV20RV4AWF5,ES
6989a4e910805f5685d6ebb2,User_A2DI3P76GEG0NC,IT
6989a4e910805f5685d6ebb3,User_A1A01AI232SE1E,US
6989a4e910805f5685d6ebb4,User_A1FAXC2ZLYKLKI,FR
6989a4e910805f5685d6ebb5,User_A3BPR5FJI0T2NZ,IT
6989a4e910805f5685d6ebb6,User_A164SXAHI57TSZ,IT
6989a4e910805f5685d6ebb7,User_A3QBK67PIY38EB,US
6989a4e910805f5685d6ebb8,User_A397WAS5Q7Q7LQ,US
6989a4e910805f5685d6ebb9,User_A1C70A938AO6UH,DE
6989a4e910805f5685d6ebba,User_A2IV0VON1EO9LE,US
6989a4e910805f5685d6ebbb,User_A2R6IG8721WNNY,FR
6989a4e910805f5685d6ebbc,User_A1SAI5XODAKYZ6,ES
6989a4e910805f5685d6ebbd,User_A3DHPQA8E6372C,CA
6989a4e910805f5685d6ebbe,User_AL2VDE4LO4ESR,US
6989a4e910805f5685d6ebbf,User_A3VLMEOFU3MZUO,IT
6989a4e910805f5685d6ebc0,User_1131,US
6989a4e910805f5685d6ebc1,User_A14VHMVYFFTOK3,FR
6989a4e910805f5685d6ebc2,User_A3LHC7FO32Z5VG,US
6989a4e910805f5685d6ebc3,User_A1HYHA439WIFT8,FR
6989a4e910805f5685d6ebc4,User_A2C4I09VM52T81,US
6989a4e910805f5685d6ebc5,User_A14NBRS2Y9I10S,US
6989a4e910805f5685d6ebc6,User_A2OAKGEY4WA2S3,IT
6989a4e910805f5685d6ebc7,User_A2YTQ35T1NAKKK,ES
6989a4e910805f5685d6ebc8,User_A3521E1MRAFYBW,DE
6989a4e910805f5685d6ebc9,User_AM4X3TREMZTQZ,ES
6989a4e910805f5685d6ebca,User_A1D58ASD6O4ZCL,IT
6989a4e910805f5685d6ebcb,User_AW478OJHM8VPI,IT
6989a4e910805f5685d6ebcc,User_A3AE1NOV07HBJU,GB
6989a4e910805f5685d6ebcd,User_A15BG3FJSYH4RP,FR
6989a4e910805f5685d6ebce,User_A39E8DHLL5MLM7,GB
6989a4e910805f5685d6ebcf,User_790,CA
6989a4e910805f5685d6ebd0,User_A2GF737YT6UD9U,US
6989a4e910805f5685d6ebd1,User_A1440LDAQ3OTE7,IT
6989a4e910805f5685d6ebd2,User_A2B6STR6X4RA7N,DE
6989a4e910805f5685d6ebd3,User_14615,IT
6989a4e910805f5685d6ebd4,User_A2OF46BNII2IQT,US
6989a4e910805f5685d6ebd5,User_A1W60EW7Q6A75C,GB
6989a4e910805f5685d6ebd6,User_A3OG5932GPOGPI,ES
6989a4e910805f5685d6ebd7,User_A3AI0XEBV696TW,FR
6989a4e910805f5685d6ebd8,User_A1MID3RQ4COHJ8,DE
6989a4e910805f5685d6ebd9,User_A201ZRPUHQU91X,CA
6989a4e910805f5685d6ebda,User_AEF03OZX6K7PN,DE
6989a4e910805f5685d6ebdb,User_2316,FR
6989a4e910805f5685d6ebdc,User_AQZQ3RRV3HTEM,FR
6989a4e910805f5685d6ebdd,User_A1SOKKWWF4RDAX,ES
6989a4e910805f5685d6ebde,User_A24LEEP7QSTQNB,IT
6989a4e910805f5685d6ebdf,User_A150XO8B3CNTHM,GB
6989a4e910805f5685d6ebe0,User_A23GG0UJPSLQ0K,FR
6989a4e910805f5685d6ebe1,User_12442,US
6989a4e910805f5685d6ebe2,User_A2WC7FSXS4LQ3Q,US
6989a4e910805f5685d6ebe3,User_7562,DE
6989a4e910805f5685d6ebe4,User_A9R5NPT7I07L7,DE
6989a4e910805f5685d6ebe5,User_A3072UAY516D1F,US
6989a4e910805f5685d6ebe6,User_A3L813HL1G2L6L,GB
6989a4e910805f5685d6ebe7,User_A1HCPGY6WKLABR,IT
6989a4e910805f5685d6ebe8,User_A1Y3QG6OQEJ0XS,US
6989a4e910805f5685d6ebe9,User_A2ZDYBQPN1SPPP,CA
6989a4e910805f5685d6ebea,User_A2LONX7E5LHCJE,FR
6989a4e910805f5685d6ebeb,User_A258KZWDLPVHW1,GB
6989a4e910805f5685d6ebec,User_A3KW0RA24OI6OZ,IT
6989a4e910805f5685d6ebed,User_A1526C9ISB9R3D,IT
6989a4e910805f5685d6ebee,User_A2GLY9WB5YXDX4,US
6989a4e910805f5685d6ebef,User_12791,US
6989a4e910805f5685d6ebf0,User_A30YO936V1G4CK,ES
6989a4e910805f5685d6ebf1,User_A2UHGO0KR90TAN,FR
6989a4e910805f5685d6ebf2,User_A1WFBG70C042MK,US
6989a4e910805f5685d6ebf3,User_A3DNURF8Z51F93,GB
6989a4e910805f5685d6ebf4,User_A3AD1S8U1GG8HE,IT
6989a4e910805f5685d6ebf5,User_A1BUZNVJCSWYU6,GB
6989a4e910805f5685d6ebf6,User_A12AG1OXXG1ZNO,GB
6989a4e910805f5685d6ebf7,User_A3H3CPDZ8TH1XY,FR
6989a4e910805f5685d6ebf8,User_A1IV3OJ6YBL348,GB
6989a4e910805f5685d6ebf9,User_A1X0VSSSJNKLXP,IT
6989a4e910805f5685d6ebfa,User_A2XP5FYEVLQBF5,DE
6989a4e910805f5685d6ebfb,User_A25J0QE5XD462I,IT
6989a4e910805f5685d6ebfc,User_20971,GB
6989a4e910805f5685d6ebfd,User_A17LEIBMSQ9UTI,IT
6989a4e910805f5685d6ebfe,User_5539,FR
6989a4e910805f5685d6ebff,User_A35CDQWCNI14H0,CA
6989a4e910805f5685d6ec00,User_AWARRJ32MW0C0,CA
6989a4e910805f5685d6ec01,User_A2LW9E5PPXWOHN,US
6989a4e910805f5685d6ec02,User_A3T8DVE2OHWWXO,ES
6989a4e910805f5685d6ec03,User_A38I7G0IHK38B8,CA
6989a4e910805f5685d6ec04,User_3095,GB
6989a4e910805f5685d6ec05,User_A18H164JIAP0B4,CA
6989a4e910805f5685d6ec06,User_AK6PN5UFZLEHE,US
6989a4e910805f5685d6ec07,User_AZKGWQBBZ77QC,IT
6989a4e910805f5685d6ec08,User_A193H712FE9CRC,CA
6989a4e910805f5685d6ec09,User_78,GB
6989a4e910805f5685d6ec0a,User_A3TUGWVF54QQQS,GB
6989a4e910805f5685d6ec0b,User_A33G20WEH33WPE,CA
6989a4e910805f5685d6ec0c,User_A19RDGZ5KFBI4X,IT
6989a4e910805f5685d6ec0d,User_A2POHHMQH74JT8,DE
6989a4e910805f5685d6ec0e,User_11174,GB
6989a4e910805f5685d6ec0f,User_A3AEHQ5740FDQ2,FR
6989a4e910805f5685d6ec10,User_A3DKB9QZUJYBE3,FR
6989a4e910805f5685d6ec11,User_A27I7KBRGEF8M9,GB
6989a4e910805f5685d6ec12,User_ABG5YTDMXPT2F,US
6989a4e910805f5685d6ec13,User_A35NUVG8STDBVZ,ES
6989a4e910805f5685d6ec14,User_A1SQFX1I5CG6QU,FR
6989a4e910805f5685d6ec15,User_5580,IT
6989a4e910805f5685d6ec16,User_A2O38JP2T5XE9O,DE
6989a4e910805f5685d6ec17,User_A2NPADZEPNYZLA,US
6989a4e910805f5685d6ec18,User_A3FKEE7K9LTPCH,GB
6989a4e910805f5685d6ec19,User_A2F194YFFS6RKG,DE
6989a4e910805f5685d6ec1a,User_A3QTUNB47031GH,GB
6989a4e910805f5685d6ec1b,User_15968,DE
6989a4e910805f5685d6ec1c,User_A1UGANXW8T7ZEW,FR
6989a4e910805f5685d6ec1d,User_A3082YMHOF21C7,ES
6989a4e910805f5685d6ec1e,User_A2ZFYJ0YV1NG3I,DE
6989a4e910805f5685d6ec1f,User_A1K66LFQ17N4IT,GB
6989a4e910805f5685d6ec20,User_A3VLOJ3DJINROU,ES
6989a4e910805f5685d6ec21,User_A264F44J8BKIYC,ES
6989a4e910805f5685d6ec22,User_A37UHWQP1Q9UM0,GB
6989a4e910805f5685d6ec23,User_A1K5GM8WEEIFIL,ES
6989a4e910805f5685d6ec24,User_ATZJH8PBNEALH,GB
6989a4e910805f5685d6ec25,User_A3EIOQD3PEN69Z,FR
6989a4e910805f5685d6ec26,User_A17Q8B79OX6ELY,IT
6989a4e910805f5685d6ec27,User_AQISYJMJ71B9K,CA
6989a4e910805f5685d6ec28,User_A2BZ7MYTSNYMEW,DE
6989a4e910805f5685d6ec29,User_AOKGRSAS5VNS3,FR
6989a4e910805f5685d6ec2a,User_277339,IT
6989a4e910805f5685d6ec2b,User_A10YT52PB2VI46,DE
6989a4e910805f5685d6ec2c,User_A23KSKQXPPY6LE,FR
6989a4e910805f5685d6ec2d,User_A6LFKZ0EF0GDO,IT
6989a4e910805f5685d6ec2e,User_A3JX3A21NTF0VN,FR
6989a4e910805f5685d6ec2f,User_A3FEN2Y2HPYSHE,IT
6989a4e910805f5685d6ec30,User_A2SVFY9L2IDLGL,FR
6989a4e910805f5685d6ec31,User_A3J2F0D3EVZ3VZ,IT
6989a4e910805f5685d6ec32,User_A32L7E1TQQQ8U6,GB
6989a4e910805f5685d6ec33,User_A37OM7QO5RFT0,DE
6989a4e910805f5685d6ec34,User_AZRX6EXXO1PTH,ES
6989a4e910805f5685d6ec35,User_A3BQXJQA6YA7RO,CA
6989a4e910805f5685d6ec36,User_A16EYFNA9YOUIU,IT
6989a4e910805f5685d6ec37,User_ACKC10E4EC0F4,GB
6989a4e910805f5685d6ec38,User_A72RUL4KTAGAT,FR
6989a4e910805f5685d6ec39,User_A2KX084VQ19PH,GB
6989a4e910805f5685d6ec3a,User_ABLYAAM1KJX8Z,FR
6989a4e910805f5685d6ec3b,User_A1BWRHJRVFLSH7,CA
6989a4e910805f5685d6ec3c,User_A8U8717L6FX1U,GB
6989a4e910805f5685d6ec3d,User_A35VMA93PN7RFA,IT
6989a4e910805f5685d6ec3e,User_A1DIZ0VOZL3IJ4,ES
6989a4e910805f5685d6ec3f,User_A1FMZK6OY7E540,CA
6989a4e910805f5685d6ec40,User_A18508INBH4I94,ES
6989a4e910805f5685d6ec41,User_AD9AB378M8ADD,DE
6989a4e910805f5685d6ec42,User_ASA9QWHDVAIOJ,US
6989a4e910805f5685d6ec43,User_AQO7L3CTDABKV,CA
6989a4e910805f5685d6ec44,User_A30TT41GT0ULWP,DE
6989a4e910805f5685d6ec45,User_A241FNEX34Z7QL,FR
6989a4e910805f5685d6ec46,User_A2DPL5R9YWF458,DE
6989a4e910805f5685d6ec47,User_14449,ES
6989a4e910805f5685d6ec48,User_A8R4RDMWTIYC8,US
6989a4e910805f5685d6ec49,User_A35CIFO1KX5EMS,GB
6989a4e910805f5685d6ec4a,User_A5CA9579GD7HJ,DE
6989a4e910805f5685d6ec4b,User_A152YPNHAJPYDT,IT
6989a4e910805f5685d6ec4c,User_A3S4OJGT87TW7Z,US
6989a4e910805f5685d6ec4d,User_AYFLSRFY9RDOM,DE
6989a4e910805f5685d6ec4e,User_A1175L5B09NY0,ES
6989a4e910805f5685d6ec4f,User_A2AH6P62IR12W8,CA
6989a4e910805f5685d6ec50,User_A1EH3HSLN6I6R0,IT
6989a4e910805f5685d6ec51,User_A3KRWSTZKB8S30,DE
6989a4e910805f5685d6ec52,User_277759,CA
6989a4e910805f5685d6ec53,User_AGZHKJYG9UDAW,ES
6989a4e910805f5685d6ec54,User_AV8UEU6TT669C,GB
6989a4e910805f5685d6ec55,User_A17C80R77KI3ZM,US
6989a4e910805f5685d6ec56,User_15946,ES
6989a4e910805f5685d6ec57,User_13798,DE
6989a4e910805f5685d6ec58,User_18868,FR
6989a4e910805f5685d6ec59,User_A2KDZRIE4C0FKE,FR
6989a4e910805f5685d6ec5a,User_A3JG1VN2Q99FHM,IT
6989a4e910805f5685d6ec5b,User_A1D68VK1BEOB7F,FR
6989a4e910805f5685d6ec5c,User_A2W684HM0NRRHQ,CA
6989a4e910805f5685d6ec5d,User_A3MQG1J7CGVL73,CA
6989a4e910805f5685d6ec5e,User_12798,GB
6989a4e910805f5685d6ec5f,User_A30HP0REBAEIAY,DE
6989a4e910805f5685d6ec60,User_A12PDKN1IDY8QW,ES
6989a4e910805f5685d6ec61,User_A3IOGZH3ST8RHN,DE
6989a4e910805f5685d6ec62,User_A3GQUV822NOU85,FR
6989a4e910805f5685d6ec63,User_A2G6UFR4R8KH7B,FR
6989a4e910805f5685d6ec64,User_A2FUERAO08LTZI,CA
6989a4e910805f5685d6ec65,User_14326,IT
6989a4e910805f5685d6ec66,User_AZNR4J2SEATQI,DE
6989a4e910805f5685d6ec67,User_A3QFRVMXD14P5X,IT
6989a4e910805f5685d6ec68,User_A3SB5RSX51XF23,FR
6989a4e910805f5685d6ec69,User_A307I7JY6OXJRB,IT
6989a4e910805f5685d6ec6a,User_A1XMUOTUET9TOV,CA
6989a4e910805f5685d6ec6b,User_A2OHWPT1KBIZH8,GB
6989a4e910805f5685d6ec6c,User_A1TNKZWQK6QJL3,IT
6989a4e910805f5685d6ec6d,User_A1SER5HLPRY6SB,IT
6989a4e910805f5685d6ec6e,User_A1NCMWAM5R0QFX,GB
6989a4e910805f5685d6ec6f,User_A1TMMZFGLAFRPL,ES
6989a4e910805f5685d6ec70,User_A373MWWEFYT65B,GB
6989a4e910805f5685d6ec71,User_A1VFR75T0RPGW3,DE
6989a4e910805f5685d6ec72,User_A2A4V9ESS5I782,CA
6989a4e910805f5685d6ec73,User_A2GVMLN2I300FQ,ES
6989a4e910805f5685d6ec74,User_AFKIO5RGQJZNC,DE
6989a4e910805f5685d6ec75,User_AYLRCXHXQ7GYC,FR
6989a4e910805f5685d6ec76,User_A384QBWTBBZO06,FR
6989a4e910805f5685d6ec77,User_A10E098KO8J9W,IT
6989a4e910805f5685d6ec78,User_A1GB3RQYBD5EUC,DE
6989a4e910805f5685d6ec79,User_A1ZCG4S9KNBYAD,IT
6989a4e910805f5685d6ec7a,User_A37QKZG42Z4LWY,GB
6989a4e910805f5685d6ec7b,User_A1H0EEVGSOHAYC,DE
6989a4e910805f5685d6ec7c,User_AFR1LGVHMPP4T,DE
6989a4e910805f5685d6ec7d,User_A12M1WWAGSH35S,FR
6989a4e910805f5685d6ec7e,User_A2SVBP43IZS9VE,ES
6989a4e910805f5685d6ec7f,User_AZ7Z086INX7DQ,CA
6989a4e910805f5685d6ec80,User_A1R8N9Q81V6L4E,DE
6989a4e910805f5685d6ec81,User_A2DIDT9FP5KS5J,IT
6989a4e910805f5685d6ec82,User_A3H94MEIN7P0CL,ES
6989a4e910805f5685d6ec83,User_A1J9V9NLXOJ6YS,DE
6989a4e910805f5685d6ec84,User_A1UWUT1KX2I16U,FR
6989a4e910805f5685d6ec85,User_A3UG5AVXYB1DU3,US
6989a4e910805f5685d6ec86,User_A2WJYCW562ST69,FR
6989a4e910805f5685d6ec87,User_A2DNH9KZANUTDY,FR
6989a4e910805f5685d6ec88,User_16721,ES
6989a4e910805f5685d6ec89,User_7650,CA
6989a4e910805f5685d6ec8a,User_A1Z9LUWSU7W15O,FR
6989a4e910805f5685d6ec8b,User_A3VL1OZZVDL6NS,US
6989a4e910805f5685d6ec8c,User_AJV51CMBY8G89,ES
6989a4e910805f5685d6ec8d,User_A28WM17W59TJAJ,ES
6989a4e910805f5685d6ec8e,User_A3EBHHCZO6V2A4,IT
6989a4e910805f5685d6ec8f,User_A14NYM4DYJZR13,CA
6989a4e910805f5685d6ec90,User_ACM8PKRP8TFJD,IT
6989a4e910805f5685d6ec91,User_A2NUISAONT6HY8,US
6989a4e910805f5685d6ec92,User_A10F9EPZC9OAHI,FR
6989a4e910805f5685d6ec93,User_A6MSMGHNHA75T,GB
6989a4e910805f5685d6ec94,User_277932,DE
6989a4e910805f5685d6ec95,User_A2DBSYE299UHWM,ES
6989a4e910805f5685d6ec96,User_A2OU6R9ZCV1PJG,ES
6989a4e910805f5685d6ec97,User_11643,CA
6989a4e910805f5685d6ec98,User_A31NTHNGVR1C2D,GB
6989a4e910805f5685d6ec99,User_A3RBEP5G0NBCV7,IT
6989a4e910805f5685d6ec9a,User_ATBWCF7168ONR,DE
6989a4e910805f5685d6ec9b,User_A3GCSU3FN9TLDJ,GB
6989a4e910805f5685d6ec9c,User_A2V94PJ80GTLEQ,CA
6989a4e910805f5685d6ec9d,User_A2R86WUJCR57GJ,CA
6989a4e910805f5685d6ec9e,User_A28SXXNGKN9D73,FR
6989a4e910805f5685d6ec9f,User_A2RO9FUKV2QCGX,FR
6989a4e910805f5685d6eca0,User_10326,FR
6989a4e910805f5685d6eca1,User_A15HTBPPKRQ5LI,FR
6989a4e910805f5685d6eca2,User_A1YQ887DHZWN4J,ES
6989a4e910805f5685d6eca3,User_A2B9I6OMNM4B3K,ES
6989a4e910805f5685d6eca4,User_A87P3TFWA6AU2,ES
6989a4e910805f5685d6eca5,User_A3GGA9B0C90ZES,ES
6989a4e910805f5685d6eca6,User_A4OJA5S2MS8B8,DE
6989a4e910805f5685d6eca7,User_A39AM5RC2MN9JO,US
6989a4e910805f5685d6eca8,User_A26LM7U3IVHDEN,IT
6989a4e910805f5685d6eca9,User_A32MJXH60CENJQ,CA
6989a4e910805f5685d6ecaa,User_AKXI1FCFXUKGQ,FR
6989a4e910805f5685d6ecab,User_A2Y1PCZ8MBRI5A,CA
6989a4e910805f5685d6ecac,User_A2YHPCLLYARFMF,DE
6989a4e910805f5685d6ecad,User_A35M56JEZNYL6E,FR
6989a4e910805f5685d6ecae,User_21670,GB
6989a4e910805f5685d6ecaf,User_A25RKUREDQ9KEY,IT
6989a4e910805f5685d6ecb0,User_A2BLHAB4YFAA2W,DE
6989a4e910805f5685d6ecb1,User_A35XSXJQL1VJKT,IT
6989a4e910805f5685d6ecb2,User_AJPVQF4PXKRTD,GB
6989a4e910805f5685d6ecb3,User_A2PO4VJOE48VY5,GB
6989a4e910805f5685d6ecb4,User_A3LF3KOF0H0Z6J,DE
6989a4e910805f5685d6ecb5,User_ADHZFJHGE92WC,ES
6989a4e910805f5685d6ecb6,User_A3JP3RBKXM4L3V,CA
6989a4e910805f5685d6ecb7,User_A1GIBVOXEWNQ1G,GB
6989a4e910805f5685d6ecb8,User_A1HJGSQERS35S9,US
6989a4e910805f5685d6ecb9,User_A5FNPA5WOJLZ,FR
6989a4e910805f5685d6ecba,User_18132,CA
6989a4e910805f5685d6ecbb,User_AOB1Y2NZK3UVW,US
6989a4e910805f5685d6ecbc,User_A5E54NTZPCAGU,IT
6989a4e910805f5685d6ecbd,User_A27W3WC7F1SAL7,CA
6989a4e910805f5685d6ecbe,User_A2D1IQJ22FRSG6,ES
6989a4e910805f5685d6ecbf,User_A2M103UR400D67,CA
6989a4e910805f5685d6ecc0,User_278259,DE
6989a4e910805f5685d6ecc1,User_A2KMB4MBOTM54F,ES
6989a4e910805f5685d6ecc2,User_A3QE4Z99H4U3BB,ES
6989a4e910805f5685d6ecc3,User_AA9Y4A22IW59O,CA
6989a4e910805f5685d6ecc4,User_A325T1SBQXILZE,GB
6989a4e910805f5685d6ecc5,User_A7DDMB16E1QK7,GB
6989a4e910805f5685d6ecc6,User_A3CC179ZPO2P9Q,FR
6989a4e910805f5685d6ecc7,User_A552MRPR7YIRP,US
6989a4e910805f5685d6ecc8,User_A1L28XS28LGSPG,DE
6989a4e910805f5685d6ecc9,User_A1BTB6A9X2GQTK,US
6989a4e910805f5685d6ecca,User_A7RS9PCQ2PAUX,IT
6989a4e910805f5685d6eccb,User_AWZ99VDER358D,IT
6989a4e910805f5685d6eccc,User_A3IUARZ7RNSJX4,US
6989a4e910805f5685d6eccd,User_A1EIYCFCGYB1D7,DE
6989a4e910805f5685d6ecce,User_A2PIPECHFC8KPS,CA
6989a4e910805f5685d6eccf,User_12340,GB
6989a4e910805f5685d6ecd0,User_A1BMBOFC20UGK2,ES
6989a4e910805f5685d6ecd1,User_A2U2389GC4HW6F,US
6989a4e910805f5685d6ecd2,User_A3MCV3UKEUUE4N,GB
6989a4e910805f5685d6ecd3,User_A35ZPO0J4E8IHT,CA
6989a4e910805f5685d6ecd4,User_A3IVIEBRGZR4JI,CA
6989a4e910805f5685d6ecd5,User_A15JCKQ91LCWHT,IT
6989a4e910805f5685d6ecd6,User_A1X9YPNW705CHG,CA
6989a4e910805f5685d6ecd7,User_AYM024TCZNWB9,GB
6989a4e910805f5685d6ecd8,User_A3FZ7L43FNHOMJ,GB
6989a4e910805f5685d6ecd9,User_A1QAN5EOPEZN0Z,CA
6989a4e910805f5685d6ecda,User_AHIPKOLEBS3K8,GB
6989a4e910805f5685d6ecdb,User_A3RTSBBD04S1FI,IT
6989a4e910805f5685d6ecdc,User_A247SJHIHC1DZC,US
6989a4e910805f5685d6ecdd,User_A3KDSTNJJ455N4,ES
6989a4e910805f5685d6ecde,User_A3BOL0LZ7AQQQX,IT
6989a4e910805f5685d6ecdf,User_AYSGY6JKV1Q38,US
6989a4e910805f5685d6ece0,User_23,DE
6989a4e910805f5685d6ece1,User_A1QLA3AXVWZN6D,ES
6989a4e910805f5685d6ece2,User_AIABTOY479IJ3,FR
6989a4e910805f5685d6ece3,User_A1KL86RUWXSHAJ,ES
6989a4e910805f5685d6ece4,User_A38GWU69DNQDAM,CA
6989a4e910805f5685d6ece5,User_A2L4V9POIMRIL5,US
6989a4e910805f5685d6ece6,User_A2JPY1GO1VVUQW,GB
6989a4e910805f5685d6ece7,User_19148,IT
6989a4e910805f5685d6ece8,User_A1XKV3M7UG1YTZ,DE
6989a4e910805f5685d6ece9,User_A3LRITNZHP9J05,FR
6989a4e910805f5685d6ecea,User_A2V334IBHFPSHV,DE
6989a4e910805f5685d6eceb,User_3427,DE
6989a4e910805f5685d6ecec,User_A1Y7IRLL4UIHFB,DE
6989a4e910805f5685d6eced,User_A9NJCEYARDQJW,ES
6989a4e910805f5685d6ecee,User_A2C0YIGUJZ02YI,US
6989a4e910805f5685d6ecef,User_A1WG4M729XDBNB,CA
6989a4e910805f5685d6ecf0,User_A3PBLIJGRM4ZJW,GB
6989a4e910805f5685d6ecf1,User_A3VIS4P126GF0F,DE
6989a4e910805f5685d6ecf2,User_A2BZSR2MZXO3HV,ES
6989a4e910805f5685d6ecf3,User_A2LD11STG68GDW,IT
6989a4e910805f5685d6ecf4,User_AFY2WOQT9TUOP,GB
6989a4e910805f5685d6ecf5,User_A2ULCX2B9U4HWV,DE
6989a4e910805f5685d6ecf6,User_AFN0X6ZAQB76,IT
6989a4e910805f5685d6ecf7,User_4365,CA
6989a4e910805f5685d6ecf8,User_A3H7087YTQO9PO,DE
6989a4e910805f5685d6ecf9,User_277123,ES
6989a4e910805f5685d6ecfa,User_A1UP56VEQTFDGN,DE
6989a4e910805f5685d6ecfb,User_A3QUCM1IW6CNYR,CA
6989a4e910805f5685d6ecfc,User_22486,ES
6989a4e910805f5685d6ecfd,User_A1J5TKXRCXYI03,GB
6989a4e910805f5685d6ecfe,User_A1BK1YJN4XHW5K,FR
6989a4e910805f5685d6ecff,User_A2PDIN7LTXJDO0,DE
6989a4e910805f5685d6ed00,User_A1ECEIX3MI0Z0J,FR
6989a4e910805f5685d6ed01,User_A86JSSIGWSCDF,CA
6989a4e910805f5685d6ed02,User_AYRGARKUV9UNB,FR
6989a4e910805f5685d6ed03,User_A2MW90O3P2GOO5,FR
6989a4e910805f5685d6ed04,User_21228,IT
6989a4e910805f5685d6ed05,User_14159,ES
6989a4e910805f5685d6ed06,User_A1Q8KL1668JUXS,ES
6989a4e910805f5685d6ed07,User_A2NUTTJR8YPPJD,ES
6989a4e910805f5685d6ed08,User_A2EIHD451BP10S,CA
6989a4e910805f5685d6ed09,User_A3R3S653AACYCR,DE
6989a4e910805f5685d6ed0a,User_A7XF8F1NBWGUC,CA
6989a4e910805f5685d6ed0b,User_A3LFW6TBELY8CQ,US
6989a4e910805f5685d6ed0c,User_AWHMXFSEI7SFH,ES
6989a4e910805f5685d6ed0d,User_A23GEJEWN4BKXL,IT
6989a4e910805f5685d6ed0e,User_3260,US
6989a4e910805f5685d6ed0f,User_A3JR54VSDZ46J9,ES
6989a4e910805f5685d6ed10,User_18199,US
6989a4e910805f5685d6ed11,User_A1XN6MBYDBTX16,GB
6989a4e910805f5685d6ed12,User_A1S3C5OFU508P3,CA
6989a4e910805f5685d6ed13,User_A8FYVHPVN2FXU,GB
6989a4e910805f5685d6ed14,User_A8IBAAKPFK96I,FR
6989a4e910805f5685d6ed15,User_22088,US
6989a4e910805f5685d6ed16,User_A20N6V6IQFXG2F,GB
6989a4e910805f5685d6ed17,User_17373,ES
6989a4e910805f5685d6ed18,User_A2CMRG4TAFCCAV,ES
6989a4e910805f5685d6ed19,User_A2SZM6VQRERDNQ,ES
6989a4e910805f5685d6ed1a,User_22432,US
6989a4e910805f5685d6ed1b,User_A32ASCB9JJPDUL,US
6989a4e910805f5685d6ed1c,User_A2ENNV9J3T8TDC,CA
6989a4e910805f5685d6ed1d,User_A2519788C514WB,US
6989a4e910805f5685d6ed1e,User_A9EAW9RCZ1HYJ,GB
6989a4e910805f5685d6ed1f,User_A2VAZCWAI6E8NN,FR
6989a4e910805f5685d6ed20,User_1799,DE
6989a4e910805f5685d6ed21,User_10498,FR
6989a4e910805f5685d6ed22,User_A3A5UM4EO1651Y,CA
6989a4e910805f5685d6ed23,User_A37B8KELYLP30C,CA
6989a4e910805f5685d6ed24,User_14230,DE
6989a4e910805f5685d6ed25,User_A279W086AW79YA,IT
6989a4e910805f5685d6ed26,User_A12JF6EV0DKVI9,DE
6989a4e910805f5685d6ed27,User_A2WXOR9HMX7FWE,FR
6989a4e910805f5685d6ed28,User_A1YR9QCCRSXPVE,GB
6989a4e910805f5685d6ed29,User_A22J7T79VXG40Z,ES
6989a4e910805f5685d6ed2a,User_5591,GB
6989a4e910805f5685d6ed2b,User_A1EVVQIB2GZ6ZU,IT
6989a4e910805f5685d6ed2c,User_A12T6SGM31NMG,ES
6989a4e910805f5685d6ed2d,User_8089,FR
6989a4e910805f5685d6ed2e,User_A2FG90RW53W8WS,FR
6989a4e910805f5685d6ed2f,User_A2L2SP4BKAJ2V0,GB
6989a4e910805f5685d6ed30,User_A3TFKTYMWSP9O1,GB
6989a4e910805f5685d6ed31,User_ATJGVK6HDBKO2,ES
6989a4e910805f5685d6ed32,User_A1MKYLVMXCX5B1,FR
6989a4e910805f5685d6ed33,User_A2AMUATO98RDG4,GB
6989a4e910805f5685d6ed34,User_A1GVHSX4OHX43I,CA
6989a4e910805f5685d6ed35,User_8419,US
6989a4e910805f5685d6ed36,User_A10K28AZ22S74A,GB
6989a4e910805f5685d6ed37,User_A2AEI689H4GHQI,FR
6989a4e910805f5685d6ed38,User_A2YCJR39FIZK6Z,ES
6989a4e910805f5685d6ed39,User_1557,FR
6989a4e910805f5685d6ed3a,User_AQNOORTN864BT,GB
6989a4e910805f5685d6ed3b,User_AWYKY9A4DIR2L,GB
6989a4e910805f5685d6ed3c,User_A38VVOTC7EG8YM,DE
6989a4e910805f5685d6ed3d,User_ARYEAKJSIATCP,ES
6989a4e910805f5685d6ed3e,User_A338JPS9AVB7J8,US
6989a4e910805f5685d6ed3f,User_A10UCNZFKTGVL7,CA
6989a4e910805f5685d6ed40,User_5600,US
6989a4e910805f5685d6ed41,User_A3O3M9WGFZJ9DG,IT
6989a4e910805f5685d6ed42,User_A34VA5IHMBCGTC,US
6989a4e910805f5685d6ed43,User_13130,GB
6989a4e910805f5685d6ed44,User_ASVX5ATD8POEE,CA
6989a4e910805f5685d6ed45,User_A26U7XLK7D9CFC,GB
6989a4e910805f5685d6ed46,User_A1OYLZCGWGUI51,FR
6989a4e910805f5685d6ed47,User_A1E7BYP6JGDUHD,IT
6989a4e910805f5685d6ed48,User_3709,US
6989a4e910805f5685d6ed49,User_A3K8MJ87LS98QW,GB
6989a4e910805f5685d6ed4a,User_11349,IT
6989a4e910805f5685d6ed4b,User_AMAXES5F7AM8O,FR
6989a4e910805f5685d6ed4c,User_A3FMBZ6M1OR4IG,FR
6989a4e910805f5685d6ed4d,User_A2VZA7NZR75G3T,GB
6989a4e910805f5685d6ed4e,User_A11LNPG39A2ZV4,CA
6989a4e910805f5685d6ed4f,User_A3I1VQRJCVR1F6,IT
6989a4e910805f5685d6ed50,User_AAPMAE9T9KTRO,CA
6989a4e910805f5685d6ed51,User_9918,DE
6989a4e910805f5685d6ed52,User_AWI5RI03379E0,CA
6989a4e910805f5685d6ed53,User_A3UVPH05DBW5VB,GB
6989a4e910805f5685d6ed54,User_A3K9HXQRJGCBIT,GB
6989a4e910805f5685d6ed55,User_16725,US
6989a4e910805f5685d6ed56,User_A58GGZEV1HP52,GB
6989a4e910805f5685d6ed57,User_A3RYJBMLPDBHWT,US
6989a4e910805f5685d6ed58,User_A13L6FHP8OAAWY,ES
6989a4e910805f5685d6ed59,User_19742,FR
6989a4e910805f5685d6ed5a,User_A27H4SR3FUS9K4,IT
6989a4e910805f5685d6ed5b,User_A38BH3SKEXH89V,DE
6989a4e910805f5685d6ed5c,User_ALDN3IXEV36IE,FR
6989a4e910805f5685d6ed5d,User_A2PZCJARQKI9D6,IT
6989a4e910805f5685d6ed5e,User_A3S0MDZRAN32QE,DE
6989a4e910805f5685d6ed5f,User_A2759VIZDS0GBU,FR
6989a4e910805f5685d6ed60,User_A3QJ0HNM87EPG,US
6989a4e910805f5685d6ed61,User_A1Z1NVF8M2KPQF,IT
6989a4e910805f5685d6ed62,User_5703,US
6989a4e910805f5685d6ed63,User_A3MNGATKVZCHQH,FR
6989a4e910805f5685d6ed64,User_18802,GB
6989a4e910805f5685d6ed65,User_A1Y2US77TR8M47,ES
6989a4e910805f5685d6ed66,User_A252M9DVL6BIX8,DE
6989a4e910805f5685d6ed67,User_A38A9Y8WL8XXK3,DE
6989a4e910805f5685d6ed68,User_ARRGPVL4ZSV6R,ES
6989a4e910805f5685d6ed69,User_A2MUUZR73W15AY,CA
6989a4e910805f5685d6ed6a,User_19026,GB
6989a4e910805f5685d6ed6b,User_A27W00T66OFI2W,DE
6989a4e910805f5685d6ed6c,User_A2GYMHEM5S74QR,DE
6989a4e910805f5685d6ed6d,User_A1L12PHXO857AW,FR
6989a4e910805f5685d6ed6e,User_A2M04OWNKQFKTP,GB
6989a4e910805f5685d6ed6f,User_A3FTBZHAOC76KA,FR
6989a4e910805f5685d6ed70,User_AFQEYN6LDSAU3,ES
6989a4e910805f5685d6ed71,User_A2DDETHIERUEX3,FR
6989a4e910805f5685d6ed72,User_A163J4B982YH8B,US
6989a4e910805f5685d6ed73,User_A37CZHTCWS6XKT,CA
6989a4e910805f5685d6ed74,User_A3P1VLSHEAS2J7,DE
6989a4e910805f5685d6ed75,User_13442,GB
6989a4e910805f5685d6ed76,User_A683DR6EO1Q75,GB
6989a4e910805f5685d6ed77,User_A8FMKAUC28D95,FR
6989a4e910805f5685d6ed78,User_A1EI4U5ZQ2YP1G,FR
6989a4e910805f5685d6ed79,User_337,ES
6989a4e910805f5685d6ed7a,User_AV1YU7SUT7ZO8,ES
6989a4e910805f5685d6ed7b,User_A1GYCU6FL37D5T,GB
6989a4e910805f5685d6ed7c,User_A15TJOE7B4PQXC,DE
6989a4e910805f5685d6ed7d,User_A25OHMC0V9XF1O,CA
6989a4e910805f5685d6ed7e,User_A1QE6SNU5SIU3F,US
6989a4e910805f5685d6ed7f,User_A2FFZPNHE1MX1N,FR
6989a4e910805f5685d6ed80,User_A2NU1ZF49R0EY0,IT
6989a4e910805f5685d6ed81,User_A2SMU9HSZ73FZW,GB
6989a4e910805f5685d6ed82,User_A1IK7BT3G320VE,ES
6989a4e910805f5685d6ed83,User_AZ3GBQNP3D283,CA
6989a4e910805f5685d6ed84,User_A3JWHUE00V43G5,US
6989a4e910805f5685d6ed85,User_A1X2NGEGLY4ETS,CA
6989a4e910805f5685d6ed86,User_A2DL3BA2PYEDH4,ES
6989a4e910805f5685d6ed87,User_A1FPGOBVLX6B3T,DE
6989a4e910805f5685d6ed88,User_A27C2DZHJ6NIQE,DE
6989a4e910805f5685d6ed89,User_A1TFMR7RE985MF,GB
6989a4e910805f5685d6ed8a,User_A1GAQ3I65UIUJL,DE
6989a4e910805f5685d6ed8b,User_ARUCNCNC12M0C,IT
6989a4e910805f5685d6ed8c,User_A2FNUUCH6I6U2S,GB
6989a4e910805f5685d6ed8d,User_A3Q0YHPZ0HQ140,GB
6989a4e910805f5685d6ed8e,User_A11299O3CKJFW6,US
6989a4e910805f5685d6ed8f,User_A3P4XNE1S7XJWX,US
6989a4e910805f5685d6ed90,User_20642,GB
6989a4e910805f5685d6ed91,User_A1SB492XQ2LQ1X,DE
6989a4e910805f5685d6ed92,User_A29QV03RYJYXPX,ES
6989a4e910805f5685d6ed93,User_A3P1P7DJ3NVP11,IT
6989a4e910805f5685d6ed94,User_A2PE24WDIJNUY3,GB
6989a4e910805f5685d6ed95,User_A29WNNK5GB8PFU,FR
6989a4e910805f5685d6ed96,User_A1HTU3BEHDKKLI,GB
6989a4e910805f5685d6ed97,User_ANY989T2WZROS,DE
6989a4e910805f5685d6ed98,User_A30H41BPWXX3O1,GB
6989a4e910805f5685d6ed99,User_23190,GB
6989a4e910805f5685d6ed9a,User_A1GYKRXWISMNFJ,ES
6989a4e910805f5685d6ed9b,User_A1OHJTTMKNHR20,ES
6989a4e910805f5685d6ed9c,User_A2J39S4NZE4R40,GB
6989a4e910805f5685d6ed9d,User_A3RYDINCNFCGY9,IT
6989a4e910805f5685d6ed9e,User_A18OK0N7TNPIL,DE
6989a4e910805f5685d6ed9f,User_A3LSQB1BP8C14G,GB
6989a4e910805f5685d6eda0,User_A2G235XQ5NEADK,US
6989a4e910805f5685d6eda1,User_11319,ES
6989a4e910805f5685d6eda2,User_A3Q6PQAOLXHO8B,IT
6989a4e910805f5685d6eda3,User_AUIRGT6DWUVD,ES
6989a4e910805f5685d6eda4,User_A2AEHLZRTCD6QR,IT
6989a4e910805f5685d6eda5,User_A347NGD4BVE49X,DE
6989a4e910805f5685d6eda6,User_A3Q7A9Y3S3BZO6,ES
6989a4e910805f5685d6eda7,User_AQF1GO0WAV4BD,IT
6989a4e910805f5685d6eda8,User_A2M9WME3EX281,FR
6989a4e910805f5685d6eda9,User_A64V0OD5D8B6G,FR
6989a4e910805f5685d6edaa,User_AZJFJNUOXLDE9,CA
6989a4e910805f5685d6edab,User_A2DIO7ELDUBIKP,DE
6989a4e910805f5685d6edac,User_A38C4SV5RDPDH6,GB
6989a4e910805f5685d6edad,User_A20GQV2KZ4GIDO,FR
6989a4e910805f5685d6edae,User_2847,IT
6989a4e910805f5685d6edaf,User_A81L6IYZQET0O,ES
6989a4e910805f5685d6edb0,User_AN7OEAI74TNWG,GB
6989a4e910805f5685d6edb1,User_A2JR9BKJGJ2IUC,CA
6989a4e910805f5685d6edb2,User_A32CNIS9PCWKAI,GB
6989a4e910805f5685d6edb3,User_A17W2XOEHAYUFM,FR
6989a4e910805f5685d6edb4,User_A36ZZM8MREDUSX,ES
6989a4e910805f5685d6edb5,User_A2IUWUI58R3VZB,ES
6989a4e910805f5685d6edb6,User_A3JFZCRLK5AXSC,CA
6989a4e910805f5685d6edb7,User_13428,IT
6989a4e910805f5685d6edb8,User_A1M84DS7LXD3OC,CA
6989a4e910805f5685d6edb9,User_16211,GB
6989a4e910805f5685d6edba,User_10369,ES
6989a4e910805f5685d6edbb,User_A3MJDAYTCCL6RB,US
6989a4e910805f5685d6edbc,User_A1WUWR7KBWVWER,FR
6989a4e910805f5685d6edbd,User_A2TGDSUECQZORV,GB
6989a4e910805f5685d6edbe,User_A1VQL6LNSIWFN4,FR
6989a4e910805f5685d6edbf,User_A1J0XO7VGZ205Z,FR
6989a4e910805f5685d6edc0,User_A10I199V8AAHW8,US
6989a4e910805f5685d6edc1,User_A3MTHWFI9G8OM2,GB
6989a4e910805f5685d6edc2,User_A1DTOFLKNEA6DK,CA
6989a4e910805f5685d6edc3,User_A3A0RBNH0EUJGK,ES
6989a4e910805f5685d6edc4,User_ADVHB4Z48GDI4,GB
6989a4e910805f5685d6edc5,User_A3A5V99613IY2N,DE
6989a4e910805f5685d6edc6,User_A2IPPYWHC4EM93,US
6989a4e910805f5685d6edc7,User_A2BPDFR58H9575,IT
6989a4e910805f5685d6edc8,User_A1FLB10ZJDI3UU,US
6989a4e910805f5685d6edc9,User_A24VGNLH8X86ZU,FR
6989a4e910805f5685d6edca,User_A1YSUGEGXZFDZX,IT
6989a4e910805f5685d6edcb,User_277002,DE
6989a4e910805f5685d6edcc,User_A10G2SUJQ27NDR,GB
6989a4e910805f5685d6edcd,User_17774,US
6989a4e910805f5685d6edce,User_A1D0BR7B5T5K9J,GB
6989a4e910805f5685d6edcf,User_A154E48NKEK87F,US
6989a4e910805f5685d6edd0,User_A1IQOWJ6INTB8W,GB
6989a4e910805f5685d6edd1,User_A3ISS1CR3GGU0P,ES
6989a4e910805f5685d6edd2,User_A3NJDTIEZY1I06,FR
6989a4e910805f5685d6edd3,User_16749,IT
6989a4e910805f5685d6edd4,User_A20ELE6G4N447V,ES
6989a4e910805f5685d6edd5,User_A3CN9CCJUNIPKT,GB
6989a4e910805f5685d6edd6,User_A2BL4HA3J9H483,US
6989a4e910805f5685d6edd7,User_A6138STCC4WT6,ES
6989a4e910805f5685d6edd8,User_A1XBDV6MBB8E6D,US
6989a4e910805f5685d6edd9,User_A21FL5TUNUEYUO,US
6989a4e910805f5685d6edda,User_11455,IT
6989a4e910805f5685d6eddb,User_AJ9ZPW5SL0IS4,GB
6989a4e910805f5685d6eddc,User_A3QD59N3M7O7KB,US
6989a4e910805f5685d6eddd,User_AXH1BDK251PWC,DE
6989a4e910805f5685d6edde,User_A2AQF464NIVCDL,IT
6989a4e910805f5685d6eddf,User_A2BUHEW3PG2405,FR
6989a4e910805f5685d6ede0,User_A18TBJTWXAFKBN,FR
6989a4e910805f5685d6ede1,User_A29LM35VY9OP1A,ES
6989a4e910805f5685d6ede2,User_A1AXHOZNI0ETTB,GB
6989a4e910805f5685d6ede3,User_A1NZ3OBRUF13FA,DE
6989a4e910805f5685d6ede4,User_A1IOIOUGO4HCI,US
6989a4e910805f5685d6ede5,User_A225VHKBMHBPLE,DE
6989a4e910805f5685d6ede6,User_AY9W1OHSSTLYP,IT
6989a4e910805f5685d6ede7,User_1683,CA
6989a4e910805f5685d6ede8,User_A27OOU8FTPZAMU,DE
6989a4e910805f5685d6ede9,User_A1OA7SONIJTH16,FR
6989a4e910805f5685d6edea,User_A2E2ZICAEB4T66,IT
6989a4e910805f5685d6edeb,User_AELO4SA4Z7CNK,FR
6989a4e910805f5685d6edec,User_A26JEW1XARYUNO,ES
6989a4e910805f5685d6eded,User_5443,US
6989a4e910805f5685d6edee,User_17707,ES
6989a4e910805f5685d6edef,User_21586,GB
6989a4e910805f5685d6edf0,User_16399,US
6989a4e910805f5685d6edf1,User_A2TJEF1VLR7HSH,US
6989a4e910805f5685d6edf2,User_A1Z54LX59AU2LL,FR
6989a4e910805f5685d6edf3,User_A22TZUXUKA11SQ,FR
6989a4e910805f5685d6edf4,User_A3K419D0I8CKT3,GB
6989a4e910805f5685d6edf5,User_A3GXPVF1WGCZMK,ES
6989a4e910805f5685d6edf6,User_AEB2OUR7B6YWC,DE
6989a4e910805f5685d6edf7,User_A2RB9UGB2JIK74,CA
6989a4e910805f5685d6edf8,User_A2HJZF6EJDOZO5,GB
6989a4e910805f5685d6edf9,User_5562,CA
6989a4e910805f5685d6edfa,User_AZUXFFBSF3ZGO,GB
6989a4e910805f5685d6edfb,User_AOARSFN2QLNIX,ES
6989a4e910805f5685d6edfc,User_A2E19M2HGDOTZE,GB
6989a4e910805f5685d6edfd,User_A2TKY19LMCCPLG,ES
6989a4e910805f5685d6edfe,User_12905,CA
6989a4e910805f5685d6edff,User_A3PYD647OC1BEC,ES
6989a4e910805f5685d6ee00,User_AYCDRVXTOWZ23,ES
6989a4e910805f5685d6ee01,User_A3TQFPF0QGVSJV,US
6989a4e910805f5685d6ee02,User_AXUT6053E1FM9,FR
6989a4e910805f5685d6ee03,User_A2EVX0BR9L6X51,DE
6989a4e910805f5685d6ee04,User_A11V63VFCD6P77,CA
6989a4e910805f5685d6ee05,User_A2AP8Y2OHU8JP0,ES
6989a4e910805f5685d6ee06,User_A28AT79TJRSYKZ,DE
6989a4e910805f5685d6ee07,User_81,ES
6989a4e910805f5685d6ee08,User_A25XB50MWRVM8T,ES
6989a4e910805f5685d6ee09,User_A2Z59A7Q8PP0S8,GB
6989a4e910805f5685d6ee0a,User_AGW3D0V2XA5ZK,US
6989a4e910805f5685d6ee0b,User_A129OSR3O5SV4N,CA
6989a4e910805f5685d6ee0c,User_12189,IT
6989a4e910805f5685d6ee0d,User_A34ZY3PPWIXQHG,DE
6989a4e910805f5685d6ee0e,User_A1Y9MQG6TKUYJU,DE
6989a4e910805f5685d6ee0f,User_A2EFMRI1V1H59T,IT
6989a4e910805f5685d6ee10,User_A1E0I33LNHX65,ES
6989a4e910805f5685d6ee11,User_A8GPTATXP67BO,GB
6989a4e910805f5685d6ee12,User_A8AJ21O3B83KN,CA
6989a4e910805f5685d6ee13,User_13712,FR
6989a4e910805f5685d6ee14,User_A1MR9XL10ID150,US
6989a4e910805f5685d6ee15,User_A20ZJPTJ38J43F,IT
6989a4e910805f5685d6ee16,User_A30CPL83ZQ61GH,IT
6989a4e910805f5685d6ee17,User_A10GA9M6YW0AD8,CA
6989a4e910805f5685d6ee18,User_A1P6CG9GU8DYUP,GB
6989a4e910805f5685d6ee19,User_A3SZCTU6OGMPB,GB
6989a4e910805f5685d6ee1a,User_A1WEE2M3EFZZKD,IT
6989a4e910805f5685d6ee1b,User_A3AYGXMH34R18Y,US
6989a4e910805f5685d6ee1c,User_A1P55AYQLDNWFH,DE
6989a4e910805f5685d6ee1d,User_AMETAKJFPXLNR,US
6989a4e910805f5685d6ee1e,User_5012,FR
6989a4e910805f5685d6ee1f,User_A106C1NLEHPDJP,IT
6989a4e910805f5685d6ee20,User_AWMBG5979G8U9,ES
6989a4e910805f5685d6ee21,User_AMU29TEYMBHYB,US
6989a4e910805f5685d6ee22,User_A3FL8GUE58B2P9,GB
6989a4e910805f5685d6ee23,User_A2H4RLJC8JB7UI,GB
6989a4e910805f5685d6ee24,User_AY1WCF97MF36R,DE
6989a4e910805f5685d6ee25,User_278056,US
6989a4e910805f5685d6ee26,User_A1XKU63341EJUR,CA
6989a4e910805f5685d6ee27,User_A2A9DYG5A31R1L,ES
6989a4e910805f5685d6ee28,User_A1KO7E4NJW5WI9,ES
6989a4e910805f5685d6ee29,User_A2SHHFPPW0XRCB,FR
6989a4e910805f5685d6ee2a,User_A3CN3FS2CIABR0,US
6989a4e910805f5685d6ee2b,User_A3JQZWY22OVIUP,FR
6989a4e910805f5685d6ee2c,User_A21CE1QK3V39IQ,ES
6989a4e910805f5685d6ee2d,User_A3Q8JFK1ZEQWLI,US
6989a4e910805f5685d6ee2e,User_ATFS92PCW38O7,US
6989a4e910805f5685d6ee2f,User_A1WVEKSQNJB52S,US
6989a4e910805f5685d6ee30,User_AGJO3OIJJZATC,CA
6989a4e910805f5685d6ee31,User_A3CZZ5ZOAFPBNI,IT
6989a4e910805f5685d6ee32,User_A16E75BMACS84,ES
6989a4e910805f5685d6ee33,User_AYQHUTT9LUN4Q,IT
6989a4e910805f5685d6ee34,User_A3UPFTGAWZ3G2R,IT
6989a4e910805f5685d6ee35,User_A2GJVMEPF6REN8,DE
6989a4e910805f5685d6ee36,User_AH6GLYWD4GV8J,CA
6989a4e910805f5685d6ee37,User_AY5XJ4ZDOI82,DE
6989a4e910805f5685d6ee38,User_A1WSX37FTDQ49R,ES
6989a4e910805f5685d6ee39,User_A1TNG2A1GAG14B,CA
6989a4e910805f5685d6ee3a,User_AQ8IZSYIOJR9Z,IT
6989a4e910805f5685d6ee3b,User_A1CQ33LMP5N5AP,GB
6989a4e910805f5685d6ee3c,User_A3251RBTBBYII9,IT
6989a4e910805f5685d6ee3d,User_5921,GB
6989a4e910805f5685d6ee3e,User_A37MKMU8XN52CN,IT
6989a4e910805f5685d6ee3f,User_AGJZ3NIN4EQ08,US
6989a4e910805f5685d6ee40,User_A3GNGQAI36BMG8,US
6989a4e910805f5685d6ee41,User_5225,US
6989a4e910805f5685d6ee42,User_A1YSTCCWX2ZU34,ES
6989a4e910805f5685d6ee43,User_20806,US
6989a4e910805f5685d6ee44,User_A11ED8O95W2103,GB
6989a4e910805f5685d6ee45,User_A1ZS47TX2O9DRC,ES
6989a4e910805f5685d6ee46,User_A17VFSCBLFG6SR,DE
6989a4e910805f5685d6ee47,User_A2ESP87M8R82RW,US
6989a4e910805f5685d6ee48,User_A3MHGA6BJJ7P27,IT
6989a4e910805f5685d6ee49,User_A2OEZIIK61GDW0,ES
6989a4e910805f5685d6ee4a,User_A1XR5NMTXGLTGA,IT
6989a4e910805f5685d6ee4b,User_A3120NHENUHQRQ,IT
6989a4e910805f5685d6ee4c,User_A3A7N9WCFM307K,US
6989a4e910805f5685d6ee4d,User_AP0KILEEL0B2A,US
6989a4e910805f5685d6ee4e,User_11718,US
6989a4e910805f5685d6ee4f,User_A2HTOF8YALKT5P,CA
6989a4e910805f5685d6ee50,User_A22OIV819IS61N,US
6989a4e910805f5685d6ee51,User_A1C5ATSNGHILDJ,DE
6989a4e910805f5685d6ee52,User_A2TSII70CXD4HT,ES
6989a4e910805f5685d6ee53,User_A2QU4NH7XQ0T4V,CA
6989a4e910805f5685d6ee54,User_A33EP7YXPS81AR,US
6989a4e910805f5685d6ee55,User_10144,US
6989a4e910805f5685d6ee56,User_ALQAJ88Q4YM71,DE
6989a4e910805f5685d6ee57,User_A34R85KU8KQUBY,IT
6989a4e910805f5685d6ee58,User_6337,US
6989a4e910805f5685d6ee59,User_A2E17AV8YW104C,US
6989a4e910805f5685d6ee5a,User_A37WSPUFPY8LL9,FR
6989a4e910805f5685d6ee5b,User_20996,CA
6989a4e910805f5685d6ee5c,User_AWSFRVSCPFPM3,US
6989a4e910805f5685d6ee5d,User_AZ0Z6OJ69FVV7,CA
6989a4e910805f5685d6ee5e,User_A2L4AUDWGV2D7R,CA
6989a4e910805f5685d6ee5f,User_A2L8A1CYKI9ORK,CA
6989a4e910805f5685d6ee60,User_A1PW7TQL858WPS,ES
6989a4e910805f5685d6ee61,User_A25C5MVVCIYT5D,GB
6989a4e910805f5685d6ee62,User_A2YV20PSV1I6O0,FR
6989a4e910805f5685d6ee63,User_AL0NHKKXXF2ED,US
6989a4e910805f5685d6ee64,User_A3FDXMI4M395NV,DE
6989a4e910805f5685d6ee65,User_A3FTFSK7XIJZBH,GB
6989a4e910805f5685d6ee66,User_A1A3R0UANZ56LM,DE
6989a4e910805f5685d6ee67,User_6606,FR
6989a4e910805f5685d6ee68,User_A3NEK6CXSSZSWQ,IT
6989a4e910805f5685d6ee69,User_A360TYETPOGLI5,FR
6989a4e910805f5685d6ee6a,User_A2F89NN6T08ZFL,DE
6989a4e910805f5685d6ee6b,User_A1L4GBBOWD71X1,IT
6989a4e910805f5685d6ee6c,User_A28IZT8ZSDFEU9,GB
6989a4e910805f5685d6ee6d,User_A324KM3YY1DWQG,DE
6989a4e910805f5685d6ee6e,User_A3RXEZ2XX8SOHI,CA
6989a4e910805f5685d6ee6f,User_AHGZ70V3KXB4U,FR
6989a4e910805f5685d6ee70,User_A239EHZAX0KMSA,DE
6989a4e910805f5685d6ee71,User_ATOY4NGAV65W0,GB
6989a4e910805f5685d6ee72,User_A2UIXH3078CAAY,CA
6989a4e910805f5685d6ee73,User_AOF9G8IWSFIMS,IT
6989a4e910805f5685d6ee74,User_A19DC5WLDAAB95,ES
6989a4e910805f5685d6ee75,User_ATR4AKP93666T,US
6989a4e910805f5685d6ee76,User_A1TNP35OGGX2WI,DE
6989a4e910805f5685d6ee77,User_A38M2AO1NCOJLR,DE
6989a4e910805f5685d6ee78,User_AIC9XMIGDGL4K,ES
6989a4e910805f5685d6ee79,User_A3MNXW9Q3BECGO,FR
6989a4e910805f5685d6ee7a,User_A3BUN64IGU8RZ,US
6989a4e910805f5685d6ee7b,User_5458,US
6989a4e910805f5685d6ee7c,User_AT2KNARJQQ4GJ,IT
6989a4e910805f5685d6ee7d,User_A1H0ED2STGPZKC,IT
6989a4e910805f5685d6ee7e,User_A1F84RJ51I85EX,CA
6989a4e910805f5685d6ee7f,User_A21YQCQ3VFX0PP,FR
6989a4e910805f5685d6ee80,User_10700,US
6989a4e910805f5685d6ee81,User_AXYZEI7EQ2PYL,ES
6989a4e910805f5685d6ee82,User_ABMJHNUR6BSXT,US
6989a4e910805f5685d6ee83,User_A3UQ5A66A890E8,DE
6989a4e910805f5685d6ee84,User_A2MIFH26IRRO1D,FR
6989a4e910805f5685d6ee85,User_7909,US
6989a4e910805f5685d6ee86,User_A1O93AJHA291LX,US
6989a4e910805f5685d6ee87,User_A3713WQ5QFSCYF,FR
6989a4e910805f5685d6ee88,User_A16MM300EJ6X5J,CA
6989a4e910805f5685d6ee89,User_ANIDZP6MBB0CW,GB
6989a4e910805f5685d6ee8a,User_277639,ES
6989a4e910805f5685d6ee8b,User_A1S2LVGQEP53IN,US
6989a4e910805f5685d6ee8c,User_A173KIH9O42FBC,ES
6989a4e910805f5685d6ee8d,User_A1N7QW9DZDQ7C3,ES
6989a4e910805f5685d6ee8e,User_A3BPNH780G7SYD,FR
6989a4e910805f5685d6ee8f,User_3066,CA
6989a4e910805f5685d6ee90,User_A3I14OMB9WSYOG,US
6989a4e910805f5685d6ee91,User_A1RLSA3Z2RUXJX,GB
6989a4e910805f5685d6ee92,User_ADWBGVE8SZ6KJ,FR
6989a4e910805f5685d6ee93,User_AFUG0B9MNKAUX,CA
6989a4e910805f5685d6ee94,User_277288,US
6989a4e910805f5685d6ee95,User_A1G5WIUPYHX6CL,DE
6989a4e910805f5685d6ee96,User_A2WJGASSKNWY7N,DE
6989a4e910805f5685d6ee97,User_A1FOLXCGIYM92Z,ES
6989a4e910805f5685d6ee98,User_A32IIY0162J5FT,CA
6989a4e910805f5685d6ee99,User_A1UVPKOA3AMF9K,ES
6989a4e910805f5685d6ee9a,User_ACRRRFCI554P4,ES
6989a4e910805f5685d6ee9b,User_A1JY43CQO8CA7Z,IT
6989a4e910805f5685d6ee9c,User_A33CNNO3ZW1WOI,DE
6989a4e910805f5685d6ee9d,User_18197,FR
6989a4e910805f5685d6ee9e,User_ADSUGT5QDUY7N,FR
6989a4e910805f5685d6ee9f,User_A4FFK8M1P0Y9,GB
6989a4e910805f5685d6eea0,User_A1AD45VCP7XQCI,DE
6989a4e910805f5685d6eea1,User_A2HINJG4IAHWHF,FR
6989a4e910805f5685d6eea2,User_A3JU8IZBUPJJNK,ES
6989a4e910805f5685d6eea3,User_22583,IT
6989a4e910805f5685d6eea4,User_A1OUJVVTY8LYI4,DE
6989a4e910805f5685d6eea5,User_A27M2DOFRC31GD,US
6989a4e910805f5685d6eea6,User_17514,IT
6989a4e910805f5685d6eea7,User_A8SHZDGCPGFQY,GB
6989a4e910805f5685d6eea8,User_A145QND6V7E3CO,IT
6989a4e910805f5685d6eea9,User_A2HMX8O9WR3D21,US
6989a4e910805f5685d6eeaa,User_A2I2DKD866WNTU,IT
6989a4e910805f5685d6eeab,User_A3CIF37R5VT5WP,CA
6989a4e910805f5685d6eeac,User_AIH6ISFDIKJX9,GB
6989a4e910805f5685d6eead,User_A1TCDS9S2NIVPB,ES
6989a4e910805f5685d6eeae,User_A3TG1TKQOMH5AQ,IT
6989a4e910805f5685d6eeaf,User_A2IPKTHCMI7XNF,GB
6989a4e910805f5685d6eeb0,User_A2QZXFLIRA1P9X,DE
6989a4e910805f5685d6eeb1,User_A2B1LJ42P7GQRH,DE
6989a4e910805f5685d6eeb2,User_A3BTLIGE6C6BF6,CA
6989a4e910805f5685d6eeb3,User_A1XPTD9VJ1XQHE,DE
6989a4e910805f5685d6eeb4,User_A1FJVZV7POQO9A,DE
6989a4e910805f5685d6eeb5,User_A1VE6UNOVC23V,ES
6989a4e910805f5685d6eeb6,User_ATA10DNW46DAD,US
6989a4e910805f5685d6eeb7,User_A2HRWONDPECN9L,ES
6989a4e910805f5685d6eeb8,User_A1SCGN7YW3FHXS,GB
6989a4e910805f5685d6eeb9,User_AUUHZCH97T2AL,ES
6989a4e910805f5685d6eeba,User_A8LHMXWL65J4P,GB
6989a4e910805f5685d6eebb,User_A1CX4XGUNEDU6D,GB
6989a4e910805f5685d6eebc,User_A99RD5QL0E0Q7,US
6989a4e910805f5685d6eebd,User_ALNZ7LM6CMXXK,IT
6989a4e910805f5685d6eebe,User_A1INFNFRYA076Q,ES
6989a4e910805f5685d6eebf,User_5285,US
6989a4e910805f5685d6eec0,User_A1EPCZ7XKAYC3G,IT
6989a4e910805f5685d6eec1,User_A3A6JZWNIL79SN,ES
6989a4e910805f5685d6eec2,User_A3NTMIHFRVDJSC,FR
6989a4e910805f5685d6eec3,User_277265,FR
6989a4e910805f5685d6eec4,User_A9U9EHLB3WQ3,FR
6989a4e910805f5685d6eec5,User_AMN8IO2QVW5AY,FR
6989a4e910805f5685d6eec6,User_A3C5WTJO996F0X,US
6989a4e910805f5685d6eec7,User_A1S8CPE7F9K6QE,ES
6989a4e910805f5685d6eec8,User_A28PME31GOXXHR,GB
6989a4e910805f5685d6eec9,User_AW4HATJ78643U,FR
6989a4e910805f5685d6eeca,User_A1YD8W4Y56D5WF,ES
6989a4e910805f5685d6eecb,User_AAMP0JF8GNVCR,DE
6989a4e910805f5685d6eecc,User_A1GM8EDFB2Z44T,DE
6989a4e910805f5685d6eecd,User_278357,ES
6989a4e910805f5685d6eece,User_21611,IT
6989a4e910805f5685d6eecf,User_16450,US
6989a4e910805f5685d6eed0,User_A3TSJ9KDY18X1L,IT
6989a4e910805f5685d6eed1,User_A3J9UM6R09JFS3,FR
6989a4e910805f5685d6eed2,User_2283,DE
6989a4e910805f5685d6eed3,User_AJ4GQZCXU0ABP,DE
6989a4e910805f5685d6eed4,User_A2RSSRVL5C7B0P,FR
6989a4e910805f5685d6eed5,User_A15KF2LJDFFS79,US
6989a4e910805f5685d6eed6,User_A9M2UZM4B0NYS,DE
6989a4e910805f5685d6eed7,User_AB3N9HGD9YYWS,CA
6989a4e910805f5685d6eed8,User_A3PJNUAMIBL6WK,DE
6989a4e910805f5685d6eed9,User_A1HABDBHUOBWSC,GB
6989a4e910805f5685d6eeda,User_A2XYPB5L4H8BU7,IT
6989a4e910805f5685d6eedb,User_A22680FM1HIUR2,DE
6989a4e910805f5685d6eedc,User_A2GNROATF7PN9P,FR
6989a4e910805f5685d6eedd,User_A1V7Q037638MB,DE
6989a4e910805f5685d6eede,User_AW1493ZQTQ2ET,DE
6989a4e910805f5685d6eedf,User_A1STJE8KFRWK3S,IT
6989a4e910805f5685d6eee0,User_12856,DE
6989a4e910805f5685d6eee1,User_2104,US
6989a4e910805f5685d6eee2,User_A1TCFUFUDPKGA0,CA
6989a4e910805f5685d6eee3,User_A3PNAG1XPZZW67,US
6989a4e910805f5685d6eee4,User_A1BYSQB1C6SKFB,IT
6989a4e910805f5685d6eee5,User_A3EN8WBAIU1B2Y,IT
6989a4e910805f5685d6eee6,User_A2HLB6R3RX1UZ0,US
6989a4e910805f5685d6eee7,User_A1AGNHXYEHO3XG,ES
6989a4e910805f5685d6eee8,User_3289,IT
6989a4e910805f5685d6eee9,User_A1GH48V0PKOHHK,US
6989a4e910805f5685d6eeea,User_A28LXUXKXQE5TP,DE
6989a4e910805f5685d6eeeb,User_A2653YK07CPQHY,US
6989a4e910805f5685d6eeec,User_A3JH3DQ41RGQWF,FR
6989a4e910805f5685d6eeed,User_A1GJGWRYGESODO,GB
6989a4e910805f5685d6eeee,User_A167ENS7NYG9CR,IT
6989a4e910805f5685d6eeef,User_4077,ES
6989a4e910805f5685d6eef0,User_A35WLHHIJSUW3C,CA
6989a4e910805f5685d6eef1,User_AC7ZVVUS3YSSV,DE
6989a4e910805f5685d6eef2,User_AYX1FRZ5U168V,IT
6989a4e910805f5685d6eef3,User_15857,DE
6989a4e910805f5685d6eef4,User_A2B768MYPM0S76,IT
6989a4e910805f5685d6eef5,User_AVWFMN5CELC8Q,DE
6989a4e910805f5685d6eef6,User_A3A9WJ2YSELSV9,ES
6989a4e910805f5685d6eef7,User_A2A1B9XXTDMX0I,FR
6989a4e910805f5685d6eef8,User_A1ILO9WVL1IMIJ,US
6989a4e910805f5685d6eef9,User_A2MS6ADDRBXVR4,US
6989a4e910805f5685d6eefa,User_8525,CA
6989a4e910805f5685d6eefb,User_A2G3P1TOE7MRF9,FR
6989a4e910805f5685d6eefc,User_A38E8BNZIZ6G8B,CA
6989a4e910805f5685d6eefd,User_A30DL6UFR96HWG,ES
6989a4e910805f5685d6eefe,User_A2ATI6H2ROC8I3,IT
6989a4e910805f5685d6eeff,User_AWGHKDVGDYUB7,CA
6989a4e910805f5685d6ef00,User_AO6OFEFDBZG3R,US
6989a4e910805f5685d6ef01,User_A1NCRJAP6OYH33,DE
6989a4e910805f5685d6ef02,User_18913,GB
6989a4e910805f5685d6ef03,User_A139BZ8JH348NJ,IT
6989a4e910805f5685d6ef04,User_AB4S2GDCNV5KS,FR
6989a4e910805f5685d6ef05,User_A13910TC3NZ6LE,DE
6989a4e910805f5685d6ef06,User_A1WCDD56CYO7KU,GB
6989a4e910805f5685d6ef07,User_ANN09HTABUQ8F,FR
6989a4e910805f5685d6ef08,User_A1YMWY29VWLLHC,CA
6989a4e910805f5685d6ef09,User_A2ZH3MCI7TA033,ES
6989a4e910805f5685d6ef0a,User_A3GHEQV7G16SSQ,DE
6989a4e910805f5685d6ef0b,User_A3ARX92260O80A,FR
6989a4e910805f5685d6ef0c,User_A2QUCZ0RC6EYSX,IT
6989a4e910805f5685d6ef0d,User_A17F2C6ISZT97H,CA
6989a4e910805f5685d6ef0e,User_A244KQRR1N6KAT,US
6989a4e910805f5685d6ef0f,User_AFN7RTDIO8ACC,IT
6989a4e910805f5685d6ef10,User_A15C09ABDEIVFQ,FR
6989a4e910805f5685d6ef11,User_A2AMP1NDT0Q6TP,ES
6989a4e910805f5685d6ef12,User_A3DKZNQ6QUP74H,IT
6989a4e910805f5685d6ef13,User_A3EE6621NON5PL,DE
6989a4e910805f5685d6ef14,User_A1RN3KWM11WN6R,FR
6989a4e910805f5685d6ef15,User_A1OJH46PDL026P,DE
6989a4e910805f5685d6ef16,User_A26E0H2HRSVY4E,US
6989a4e910805f5685d6ef17,User_A3NF84VHQOTUE0,IT
6989a4e910805f5685d6ef18,User_A4H2WGO7WMQSR,CA
6989a4e910805f5685d6ef19,User_A83EX2V2LLK58,US
6989a4e910805f5685d6ef1a,User_A3F759VJ4RKSPB,US
6989a4e910805f5685d6ef1b,User_A1CH7RKCX5W2C5,DE
6989a4e910805f5685d6ef1c,User_A21WO8THQW8ON,US
6989a4e910805f5685d6ef1d,User_5100,GB
6989a4e910805f5685d6ef1e,User_A1H787D63I7FFP,CA
6989a4e910805f5685d6ef1f,User_A360Z68H36N03G,ES
6989a4e910805f5685d6ef20,User_A27JB3PGHLB9TF,ES
6989a4e910805f5685d6ef21,User_22287,IT
6989a4e910805f5685d6ef22,User_17789,DE
6989a4e910805f5685d6ef23,User_A13HRBF6V8E8K2,GB
6989a4e910805f5685d6ef24,User_AVDXXMHA0H64C,DE
6989a4e910805f5685d6ef25,User_A3AGTGQYTF1F9P,ES
6989a4e910805f5685d6ef26,User_A2KG6WSTBQGJDU,CA
6989a4e910805f5685d6ef27,User_AEIRXRYDBEL3Z,IT
6989a4e910805f5685d6ef28,User_A25DWQF81QACDM,FR
6989a4e910805f5685d6ef29,User_A33V9DO7IFSXPG,GB
6989a4e910805f5685d6ef2a,User_A1ZSHCBDBXR1MY,US
6989a4e910805f5685d6ef2b,User_A23Q2GSOBLLMG9,GB
6989a4e910805f5685d6ef2c,User_A5WDTH86KGUB6,IT
6989a4e910805f5685d6ef2d,User_A2A2XK2MZ1R5L6,GB
6989a4e910805f5685d6ef2e,User_A2TO2UHXN7TXN5,IT
6989a4e910805f5685d6ef2f,User_AS40UY8IPGSWO,DE
6989a4e910805f5685d6ef30,User_A2IIF4TVKDZDQO,IT
6989a4e910805f5685d6ef31,User_A3GR7IF70JEIDE,DE
6989a4e910805f5685d6ef32,User_19952,US
6989a4e910805f5685d6ef33,User_18845,US
6989a4e910805f5685d6ef34,User_A1Q1R8Z4PNTC61,ES
6989a4e910805f5685d6ef35,User_A1DQM6JCKG7VYF,DE
6989a4e910805f5685d6ef36,User_A23FYUK8LR08K1,CA
6989a4e910805f5685d6ef37,User_A2YXRT2XIJIO57,ES
6989a4e910805f5685d6ef38,User_AFCQWNNJW6S9G,FR
6989a4e910805f5685d6ef39,User_A34UKL9CBJ63F4,ES
6989a4e910805f5685d6ef3a,User_A2CVVCODXDVJO6,FR
6989a4e910805f5685d6ef3b,User_22510,US
6989a4e910805f5685d6ef3c,User_A37EUFJ7LIFW3T,GB
6989a4e910805f5685d6ef3d,User_A3FLUTCXZ8HCUN,FR
6989a4e910805f5685d6ef3e,User_A3E18377TWRUMY,US
6989a4e910805f5685d6ef3f,User_A2OJ804OBWCJBC,GB
6989a4e910805f5685d6ef40,User_A2L92HYVRQP7,US
6989a4e910805f5685d6ef41,User_A3OX9ZBUFU0G9K,CA
6989a4e910805f5685d6ef42,User_A1N1UN3KSXKPAE,DE
6989a4e910805f5685d6ef43,User_ABXZRQIO7AIUZ,IT
6989a4e910805f5685d6ef44,User_3800,ES
6989a4e910805f5685d6ef45,User_A26C1W80X7ADJL,US
6989a4e910805f5685d6ef46,User_20086,CA
6989a4e910805f5685d6ef47,User_A1I8MCKB8FL0VA,ES
6989a4e910805f5685d6ef48,User_A1C2Q4C767IADY,IT
6989a4e910805f5685d6ef49,User_AEF66L4159Z8Z,CA
6989a4e910805f5685d6ef4a,User_A3FMCBEXCI35O,DE
6989a4e910805f5685d6ef4b,User_A2NWV6YAAUD84V,IT
6989a4e910805f5685d6ef4c,User_A10GWMQQKAZVNP,FR
6989a4e910805f5685d6ef4d,User_A259JD5ZTYFNAX,ES
6989a4e910805f5685d6ef4e,User_A2IWUD1Z0S9XFL,FR
6989a4e910805f5685d6ef4f,User_AEIGXV3O3PLUZ,CA
6989a4e910805f5685d6ef50,User_A1ZO9D554VQO9F,ES
6989a4e910805f5685d6ef51,User_A5Y003BMYA8XG,IT
6989a4e910805f5685d6ef52,User_AIN7MWNJNG5X,ES
6989a4e910805f5685d6ef53,User_AG6LULMYECGEV,IT
6989a4e910805f5685d6ef54,User_16464,FR
6989a4e910805f5685d6ef55,User_A1XJOSJN6FHFO0,ES
6989a4e910805f5685d6ef56,User_AZX7FSZ98E9HV,GB
6989a4e910805f5685d6ef57,User_A3ECYQN5ZD8KEC,CA
6989a4e910805f5685d6ef58,User_AHCVWPLA1O4X8,DE
6989a4e910805f5685d6ef59,User_A2872WPW95F40J,ES
6989a4e910805f5685d6ef5a,User_A3D1O5PZ8E1IO0,FR
6989a4e910805f5685d6ef5b,User_A36CN8RDAWJP0Y,DE
6989a4e910805f5685d6ef5c,User_A314CAGOWSJY6,FR
6989a4e910805f5685d6ef5d,User_A4TGYRUAWCHR4,ES
6989a4e910805f5685d6ef5e,User_AYYQE0TOTJSFN,IT
6989a4e910805f5685d6ef5f,User_AT7F793AZ02T7,GB
6989a4e910805f5685d6ef60,User_A20XM6F911RIDE,CA
6989a4e910805f5685d6ef61,User_A31DDU0XA5X3CO,IT
6989a4e910805f5685d6ef62,User_AGNB6HCRP69FR,IT
6989a4e910805f5685d6ef63,User_A1CTU6GSWDKMIX,ES
6989a4e910805f5685d6ef64,User_A1E8S4DQ0P4DVH,ES
6989a4e910805f5685d6ef65,User_A3PNNSIWSXQYCY,ES
6989a4e910805f5685d6ef66,User_21022,DE
6989a4e910805f5685d6ef67,User_A55RQ26WDPSM0,IT
6989a4e910805f5685d6ef68,User_A4MW93Q3F0SHS,IT
6989a4e910805f5685d6ef69,User_A3MDFU7DUFNVFJ,DE
6989a4e910805f5685d6ef6a,User_A1JRZ7UHP0YXUV,DE
6989a4e910805f5685d6ef6b,User_2339,DE
6989a4e910805f5685d6ef6c,User_A13XZ4RK1UNZD9,ES
6989a4e910805f5685d6ef6d,User_ALNES977X8QSM,FR
6989a4e910805f5685d6ef6e,User_AFYO0DI7QNLAQ,IT
6989a4e910805f5685d6ef6f,User_A1UEAAODS7TAU5,DE
6989a4e910805f5685d6ef70,User_A3KPA3280HMQ63,IT
6989a4e910805f5685d6ef71,User_A7GEVP4ISOI82,DE
6989a4e910805f5685d6ef72,User_A5V9ZO86T8NJA,DE
6989a4e910805f5685d6ef73,User_A1M7N9QPTDOQ1I,FR
6989a4e910805f5685d6ef74,User_A3SHTLKH1Y8AS2,CA
6989a4e910805f5685d6ef75,User_AA6JI7U4ALTZ,DE
6989a4e910805f5685d6ef76,User_A1Q04KVMQ4WVM4,CA
6989a4e910805f5685d6ef77,User_AB63FMBVFLJI3,US
6989a4e910805f5685d6ef78,User_A9J6VAN849NZO,US
6989a4e910805f5685d6ef79,User_A2V57B1NWU8B0L,GB
6989a4e910805f5685d6ef7a,User_AJPDCM2F2DS1L,FR
6989a4e910805f5685d6ef7b,User_A2CRNMGAT6SR2R,US
6989a4e910805f5685d6ef7c,User_9258,ES
6989a4e910805f5685d6ef7d,User_5622,CA
6989a4e910805f5685d6ef7e,User_A16XD3714NC0C8,FR
6989a4e910805f5685d6ef7f,User_7998,FR
6989a4e910805f5685d6ef80,User_15367,CA
6989a4e910805f5685d6ef81,User_A3EWK60WFGHR7T,US
6989a4e910805f5685d6ef82,User_A2U5SBUBDWW44S,US
6989a4e910805f5685d6ef83,User_A246RNOSR76X3T,FR
6989a4e910805f5685d6ef84,User_9882,GB
6989a4e910805f5685d6ef85,User_A1DIQQQQMGIJ0W,DE
6989a4e910805f5685d6ef86,User_A3KD6K949VUGCX,ES
6989a4e910805f5685d6ef87,User_A2ZJYX1LG84SKJ,GB
6989a4e910805f5685d6ef88,User_276808,CA
6989a4e910805f5685d6ef89,User_A2E8CIITRHNVFS,IT
6989a4e910805f5685d6ef8a,User_276857,FR
6989a4e910805f5685d6ef8b,User_A3N3GNVHFZZ6N1,US
6989a4e910805f5685d6ef8c,User_A1GW3Q37N8M66F,DE
6989a4e910805f5685d6ef8d,User_AHFA6AHTUW4B2,CA
6989a4e910805f5685d6ef8e,User_A1JUW67NB9X9RV,DE
6989a4e910805f5685d6ef8f,User_A107I3EOYE62A,IT
6989a4e910805f5685d6ef90,User_A13WS8O77FRTHX,US
6989a4e910805f5685d6ef91,User_2070,US
6989a4e910805f5685d6ef92,User_A2VWAAVYS4NE9H,FR
6989a4e910805f5685d6ef93,User_A3097VAEKUGBL8,DE
6989a4e910805f5685d6ef94,User_A3RVO2J1RZYII4,ES
6989a4e910805f5685d6ef95,User_AKLD5QTK0NCJL,CA
6989a4e910805f5685d6ef96,User_A6Z23DU1X7497,DE
6989a4e910805f5685d6ef97,User_A3605VVN29N1FM,GB
6989a4e910805f5685d6ef98,User_A2T9X5HKHLLB3M,CA
6989a4e910805f5685d6ef99,User_A72H623E9T0UK,IT
6989a4e910805f5685d6ef9a,User_7341,ES
6989a4e910805f5685d6ef9b,User_A3C8HK3OWP3Y90,ES
6989a4e910805f5685d6ef9c,User_A1WWCDZL3V0DBH,DE
6989a4e910805f5685d6ef9d,User_A1FD8LITJZE48V,IT
6989a4e910805f5685d6ef9e,User_A4685YMR39BR2,IT
6989a4e910805f5685d6ef9f,User_A1J1O34JETXXIL,CA
6989a4e910805f5685d6efa0,User_A2TP530H0J3B04,CA
6989a4e910805f5685d6efa1,User_A1E2EI93MJW6QK,US
6989a4e910805f5685d6efa2,User_20677,CA
6989a4e910805f5685d6efa3,User_A3U2W31E3STAOE,ES
6989a4e910805f5685d6efa4,User_A2J4T79RGWAHQU,IT
6989a4e910805f5685d6efa5,User_ARXU3FESTWMJJ,CA
6989a4e910805f5685d6efa6,User_A1IEYZGGK4NHQ1,US
6989a4e910805f5685d6efa7,User_479,IT
6989a4e910805f5685d6efa8,User_A61K47E64Y3M3,ES
6989a4e910805f5685d6efa9,User_AN9QQDRZXS52P,GB
6989a4e910805f5685d6efaa,User_A1A7BFLFJ2RXCL,ES
6989a4e910805f5685d6efab,User_AB9H42V3QC2YG,ES
6989a4e910805f5685d6efac,User_A1EW56H87NMK3F,US
6989a4e910805f5685d6efad,User_A28RJVYY3AKZ0K,GB
6989a4e910805f5685d6efae,User_A1J11O1XKEX45,ES
6989a4e910805f5685d6efaf,User_A23AZA6UX8H91V,CA
6989a4e910805f5685d6efb0,User_AAHTFTIFZ5VFK,IT
6989a4e910805f5685d6efb1,User_A1SV801RJVXY38,ES
6989a4e910805f5685d6efb2,User_A3F1AUZXIYQW0I,GB
6989a4e910805f5685d6efb3,User_A2QA7AEHMMD7OC,CA
6989a4e910805f5685d6efb4,User_A3TASSYXLLERNE,CA
6989a4e910805f5685d6efb5,User_AGLKJQKIEGQ38,US
6989a4e910805f5685d6efb6,User_A172G0HLBFV1JI,FR
6989a4e910805f5685d6efb7,User_AN53NLQK9FBCO,DE
6989a4e910805f5685d6efb8,User_AA6QQAYDFXK9Y,CA
6989a4e910805f5685d6efb9,User_A65SP7DPAL919,US
6989a4e910805f5685d6efba,User_A27LS1M1WBT7NQ,FR
6989a4e910805f5685d6efbb,User_A1IRJ60Y9CFWMT,IT
6989a4e910805f5685d6efbc,User_AIUCQGQFVCGIC,ES
6989a4e910805f5685d6efbd,User_AABVHW2UILT9M,US
6989a4e910805f5685d6efbe,User_2190,GB
6989a4e910805f5685d6efbf,User_A246A9ZP4LME71,GB
6989a4e910805f5685d6efc0,User_A221CY1O9L74OE,IT
6989a4e910805f5685d6efc1,User_AW423B8MKSXQ6,FR
6989a4e910805f5685d6efc2,User_A34RF6U4SMTTBR,IT
6989a4e910805f5685d6efc3,User_A8T5YSLB2GBU4,IT
6989a4e910805f5685d6efc4,User_A3U1B0RH48AXIG,ES
6989a4e910805f5685d6efc5,User_A1086PC9A0HLU5,DE
6989a4e910805f5685d6efc6,User_A9S9JAQ0HIHTE,IT
6989a4e910805f5685d6efc7,User_A125GJMZ6JA0FG,US
6989a4e910805f5685d6efc8,User_A1QRO6X1QBCKSM,GB
6989a4e910805f5685d6efc9,User_A1TPEH06LPAB8T,FR
6989a4e910805f5685d6efca,User_A43TBHRKYXX8O,US
6989a4e910805f5685d6efcb,User_A2HA6YNWUNTH09,ES
6989a4e910805f5685d6efcc,User_278409,ES
6989a4e910805f5685d6efcd,User_A11L4SBY7NCSZU,DE
6989a4e910805f5685d6efce,User_A1FW18PERLGAYT,FR
6989a4e910805f5685d6efcf,User_A2MVG9A7FXZB24,US
6989a4e910805f5685d6efd0,User_A25H9K3DUYRWGB,ES
6989a4e910805f5685d6efd1,User_A2IT2PXJXYO5D4,US
6989a4e910805f5685d6efd2,User_A3SMD1F7S6A6RY,IT
6989a4e910805f5685d6efd3,User_A3BMRSXQ4KDD4U,DE
6989a4e910805f5685d6efd4,User_A2NMVX08ZLBKZ4,IT
6989a4e910805f5685d6efd5,User_A3RJMC47O0IWD0,IT
6989a4e910805f5685d6efd6,User_A2H075W9RVYL4G,GB
6989a4e910805f5685d6efd7,User_A25489I7VXC31O,ES
6989a4e910805f5685d6efd8,User_10233,GB
6989a4e910805f5685d6efd9,User_A2HRD5BQ5ZCMX1,DE
6989a4e910805f5685d6efda,User_3575,IT
6989a4e910805f5685d6efdb,User_A2S3Z1RTVC38D0,ES
6989a4e910805f5685d6efdc,User_A2YHZFG8UHO6NU,IT
6989a4e910805f5685d6efdd,User_15071,FR
6989a4e910805f5685d6efde,User_A16OOEGRMREUFG,ES
6989a4e910805f5685d6efdf,User_ARWMN9H2PM6XP,ES
6989a4e910805f5685d6efe0,User_18527,FR
6989a4e910805f5685d6efe1,User_AYGRUU0792P5G,US
6989a4e910805f5685d6efe2,User_A3G49PJBAV7TGE,FR
6989a4e910805f5685d6efe3,User_A3OD7GOXPSO9Z,GB
6989a4e910805f5685d6efe4,User_AY2SWLB7A16UM,GB
6989a4e910805f5685d6efe5,User_A2KJWTEOVZ0C0K,CA
6989a4e910805f5685d6efe6,User_A1V6O56TYYBMQ,FR
6989a4e910805f5685d6efe7,User_AHLKVRYIGEJ5P,CA
6989a4e910805f5685d6efe8,User_2611,IT
6989a4e910805f5685d6efe9,User_A15E01890A5IX5,FR
6989a4e910805f5685d6efea,User_A1K2R8SI6O2VL6,FR
6989a4e910805f5685d6efeb,User_A257XGMVGITLCT,ES
6989a4e910805f5685d6efec,User_A3L62WT9ZLHU7V,US
6989a4e910805f5685d6efed,User_A3K7JFQD5V0KJ8,DE
6989a4e910805f5685d6efee,User_A37ZPUP5W9V4WJ,ES
6989a4e910805f5685d6efef,User_A2HHS2KUOI8Q1F,GB
6989a4e910805f5685d6eff0,User_1900,CA
6989a4e910805f5685d6eff1,User_A1AJ2TKCLVKH7W,GB
6989a4e910805f5685d6eff2,User_A3NFDOWW3NSD6A,GB
6989a4e910805f5685d6eff3,User_A2DQGRQIUX2VAS,FR
6989a4e910805f5685d6eff4,User_AV1US5QO2IXGU,FR
6989a4e910805f5685d6eff5,User_ABICZSP81B58B,DE
6989a4e910805f5685d6eff6,User_ADO07TF9PI8CL,CA
6989a4e910805f5685d6eff7,User_AJKGRBLF0HZUG,ES
6989a4e910805f5685d6eff8,User_A2DT5ULLZAJKM1,US
6989a4e910805f5685d6eff9,User_A3UIP37M6D41JI,FR
6989a4e910805f5685d6effa,User_A3RS3NOBP4X1KV,CA
6989a4e910805f5685d6effb,User_A2EPB3POPGJM2P,FR
6989a4e910805f5685d6effc,User_A135ODC7PU7NKI,CA
6989a4e910805f5685d6effd,User_A20YP25X7RMHU8,IT
6989a4e910805f5685d6effe,User_A3AXK7MTGZG231,FR
6989a4e910805f5685d6efff,User_A1I1GFZ1R3KB2W,ES
6989a4e910805f5685d6f000,User_A2VEVG05YF83AG,ES
6989a4e910805f5685d6f001,User_AK7QPDJJN3X3X,US
6989a4e910805f5685d6f002,User_A352IS790HMHQQ,GB
6989a4e910805f5685d6f003,User_AY6J0E072E3V5,FR
6989a4e910805f5685d6f004,User_9426,CA
6989a4e910805f5685d6f005,User_A2LW3N33TA6TEE,DE
6989a4e910805f5685d6f006,User_AF3WO0DT3852Q,FR
6989a4e910805f5685d6f007,User_AIV74BBKCHIX,FR
6989a4e910805f5685d6f008,User_14234,IT
6989a4e910805f5685d6f009,User_A1IC683USUWHJR,ES
6989a4e910805f5685d6f00a,User_A356PXYVL0PAS1,ES
6989a4e910805f5685d6f00b,User_277801,GB
6989a4e910805f5685d6f00c,User_A1SQYESUSC2DS2,CA
6989a4e910805f5685d6f00d,User_A6Z0LRZV7AVC,FR
6989a4e910805f5685d6f00e,User_A129IFEOFMZME5,FR
6989a4e910805f5685d6f00f,User_A1RIQQUC4XJNFY,IT
6989a4e910805f5685d6f010,User_6700,US
6989a4e910805f5685d6f011,User_A359U0JFFZ0Q04,ES
6989a4e910805f5685d6f012,User_AN4TJXMH8QVEV,DE
6989a4e910805f5685d6f013,User_21028,FR
6989a4e910805f5685d6f014,User_A2TC2VV4AXDT5B,ES
6989a4e910805f5685d6f015,User_A11I6F72APCZEN,IT
6989a4e910805f5685d6f016,User_A1Q744OOKQS73Y,FR
6989a4e910805f5685d6f017,User_A13DGRVPDYWG,FR
6989a4e910805f5685d6f018,User_ANOYYWW3PPXHY,US
6989a4e910805f5685d6f019,User_12707,DE
6989a4e910805f5685d6f01a,User_AQM4W7J6OUCQF,GB
6989a4e910805f5685d6f01b,User_A2OR5BQV77XVPS,CA
6989a4e910805f5685d6f01c,User_AAITVGANOAR82,FR
6989a4e910805f5685d6f01d,User_A2C3GVXV6FLVSN,GB
6989a4e910805f5685d6f01e,User_A1CPXDDAK7OK57,IT
6989a4e910805f5685d6f01f,User_A3FB70Q4EW9P6V,ES
6989a4e910805f5685d6f020,User_A1WBCN3LB0J7A6,CA
6989a4e910805f5685d6f021,User_A1R2IXGESXQRWW,DE
6989a4e910805f5685d6f022,User_12930,CA
6989a4e910805f5685d6f023,User_A3IVIS1OPYUU0X,GB
6989a4e910805f5685d6f024,User_11467,ES
6989a4e910805f5685d6f025,User_A3C2C0XFSPZ0NJ,CA
6989a4e910805f5685d6f026,User_19087,US
6989a4e910805f5685d6f027,User_A2MWKVVKQYUQ6V,ES
6989a4e910805f5685d6f028,User_AA9Z1NCEB4K71,FR
6989a4e910805f5685d6f029,User_A31ZBBBWFSHLSQ,DE
6989a4e910805f5685d6f02a,User_A29KVZZ5TER9EB,FR
6989a4e910805f5685d6f02b,User_A15YZCA4LSLV8A,IT
6989a4e910805f5685d6f02c,User_A2ZZ2XEZN04KBG,DE
6989a4e910805f5685d6f02d,User_AU7YYLBUDTBM7,DE
6989a4e910805f5685d6f02e,User_A2L8OA4A55AEMJ,ES
6989a4e910805f5685d6f02f,User_A3RM9ZZPJW3W0K,CA
6989a4e910805f5685d6f030,User_2109,CA
6989a4e910805f5685d6f031,User_A1G7D8LW42ZPKD,CA
6989a4e910805f5685d6f032,User_A7C8W60CRXOC9,CA
6989a4e910805f5685d6f033,User_A10J604M0KKBAS,CA
6989a4e910805f5685d6f034,User_A8ZTFGMTWCV9D,US
6989a4e910805f5685d6f035,User_AMMNM85YYQ6AO,GB
6989a4e910805f5685d6f036,User_A2B4FT0GHATLYF,CA
6989a4e910805f5685d6f037,User_A1ESDCCFUCRNMA,US
6989a4e910805f5685d6f038,User_AFF4SOI3FLO8K,DE
6989a4e910805f5685d6f039,User_A26AJM0VOHZ6RN,GB
6989a4e910805f5685d6f03a,User_A2OXAAFJO32RNE,FR
6989a4e910805f5685d6f03b,User_A20BKYRZ3J4BA1,US
6989a4e910805f5685d6f03c,User_A33IX48UM7T85F,FR
6989a4e910805f5685d6f03d,User_A3K9KW58VMOD2X,FR
6989a4e910805f5685d6f03e,User_A34YOAFG167D4,CA
6989a4e910805f5685d6f03f,User_AAQPJIKAKWJI9,FR
6989a4e910805f5685d6f040,User_A3P7WNM0UHV4YQ,US
6989a4e910805f5685d6f041,User_A2557XI926IRD8,DE
6989a4e910805f5685d6f042,User_A2VNIW57D42RBL,DE
6989a4e910805f5685d6f043,User_A1MBD6GZAA2AHW,FR
6989a4e910805f5685d6f044,User_AZW0LQ2IPO2J3,ES
6989a4e910805f5685d6f045,User_A2Z7MYJSQTQYFX,FR
6989a4e910805f5685d6f046,User_A17ML9JO6P2BZG,ES
6989a4e910805f5685d6f047,User_A7RQJ2D0MPP4Z,DE
6989a4e910805f5685d6f048,User_A37V1T6C4GRNIS,IT
6989a4e910805f5685d6f049,User_AUEALM8OTKPO3,DE
6989a4e910805f5685d6f04a,User_AMV18MAQ2VXNF,ES
6989a4e910805f5685d6f04b,User_A3J1PJ1PKNOR35,ES
6989a4e910805f5685d6f04c,User_ABDS19CG6ISRT,DE
6989a4e910805f5685d6f04d,User_8988,CA
6989a4e910805f5685d6f04e,User_A33H0WC9MI8OVW,IT
6989a4e910805f5685d6f04f,User_17928,FR
6989a4e910805f5685d6f050,User_AGBABU3TFAM6S,ES
6989a4e910805f5685d6f051,User_A1V43OO0YU1P8G,US
6989a4e910805f5685d6f052,User_A189H323MO3GHJ,ES
6989a4e910805f5685d6f053,User_A2CHSCC3X6ICFP,FR
6989a4e910805f5685d6f054,User_A2N7OEPFBUFCRG,CA
6989a4e910805f5685d6f055,User_13659,GB
6989a4e910805f5685d6f056,User_A2AOMJR8KHYSWY,ES
6989a4e910805f5685d6f057,User_A3EF5NTJJOCKRG,ES
6989a4e910805f5685d6f058,User_A2TXR85WQLE32N,DE
6989a4e910805f5685d6f059,User_A2S8WB8KP1XP8B,FR
6989a4e910805f5685d6f05a,User_AKIPUM6DUA4QV,GB
6989a4e910805f5685d6f05b,User_A1HLTQWEAVZNM0,GB
6989a4e910805f5685d6f05c,User_ADYEVD3DMBH3I,ES
6989a4e910805f5685d6f05d,User_A25JTSD0LUUO7Y,FR
6989a4e910805f5685d6f05e,User_A11XAIFA10G7TS,DE
6989a4e910805f5685d6f05f,User_A1L8K6552FEGO8,GB
6989a4e910805f5685d6f060,User_A1B97LX49FLPUI,GB
6989a4e910805f5685d6f061,User_A339PZC5DT63V0,DE
6989a4e910805f5685d6f062,User_6741,GB
6989a4e910805f5685d6f063,User_A26CG5KKAV2BXL,FR
6989a4e910805f5685d6f064,User_A2625CSTPU4CTI,DE
6989a4e910805f5685d6f065,User_A1GRRPGQUBUHYY,US
6989a4e910805f5685d6f066,User_A15OUXFXKX0U9R,ES
6989a4e910805f5685d6f067,User_2728,DE
6989a4e910805f5685d6f068,User_A3PNXLZBB0Y5JK,GB
6989a4e910805f5685d6f069,User_A3K9MLLCMI2SP4,ES
6989a4e910805f5685d6f06a,User_6865,US
6989a4e910805f5685d6f06b,User_3897,DE
6989a4e910805f5685d6f06c,User_A1L510KRPXN8LR,GB
6989a4e910805f5685d6f06d,User_A3UQ02ZL6MSMW9,GB
6989a4e910805f5685d6f06e,User_A2455YT2I8ITWG,US
6989a4e910805f5685d6f06f,User_A3TNQCRBJF7UHE,US
6989a4e910805f5685d6f070,User_ADW2TOCOUH22T,GB
6989a4e910805f5685d6f071,User_A1KR1F5LWEFYA3,US
6989a4e910805f5685d6f072,User_A1LFI38LMOT057,US
6989a4e910805f5685d6f073,User_A3L6T07ZWY79ZO,DE
6989a4e910805f5685d6f074,User_ASQFUYB05NHNW,IT
6989a4e910805f5685d6f075,User_A7EO7G9QOTPE4,IT
6989a4e910805f5685d6f076,User_A1MKWSASHNF3ZT,US
6989a4e910805f5685d6f077,User_AL06AKDX4L0GD,DE
6989a4e910805f5685d6f078,User_A23SKAI0SNV6Q0,DE
6989a4e910805f5685d6f079,User_A1LG5M4VU7R6T9,ES
6989a4e910805f5685d6f07a,User_A340TXJI4P0VN5,ES
6989a4e910805f5685d6f07b,User_A2PV05NNEKC1LU,IT
6989a4e910805f5685d6f07c,User_A10OG2KRNVM2Q0,US
6989a4e910805f5685d6f07d,User_A38SXMSQYR4WZE,DE
6989a4e910805f5685d6f07e,User_A1J011O8D3AU2W,ES
6989a4e910805f5685d6f07f,User_A3NL7QYULZN7G0,GB
6989a4e910805f5685d6f080,User_A1VAVVBD1HRCMW,IT
6989a4e910805f5685d6f081,User_A37JJAQ64SXAR4,CA
6989a4e910805f5685d6f082,User_A1VZ4YDY6A1C9W,FR
6989a4e910805f5685d6f083,User_A3EWEMRQWRAMN5,DE
6989a4e910805f5685d6f084,User_A24UOM9DJZLDL0,CA
6989a4e910805f5685d6f085,User_A2NTPZZ5FS19Q,GB
6989a4e910805f5685d6f086,User_A1XYFB1YLVNHTR,US
6989a4e910805f5685d6f087,User_A3VFGBFH3L2HB5,DE
6989a4e910805f5685d6f088,User_A1KHUIWT4KW2VS,ES
6989a4e910805f5685d6f089,User_A39W90IZENG5Y3,CA
6989a4e910805f5685d6f08a,User_A3T8Y73DOFUIR6,ES
6989a4e910805f5685d6f08b,User_A22DIGIGV4QYDY,FR
6989a4e910805f5685d6f08c,User_A2LXLO7DGP2198,GB
6989a4e910805f5685d6f08d,User_A2ZQRTRQ5V9XC3,CA
6989a4e910805f5685d6f08e,User_AWXLHLGDA7KN6,ES
6989a4e910805f5685d6f08f,User_A3JD07VHDLT5FF,CA
6989a4e910805f5685d6f090,User_A3CYBXC4UGZAKC,ES
6989a4e910805f5685d6f091,User_AYGSM65D7FSC3,US
6989a4e910805f5685d6f092,User_ASJHXOTVCQAVZ,GB
6989a4e910805f5685d6f093,User_ASFTJ3UE9NFPT,IT
6989a4e910805f5685d6f094,User_A3H8PE1UFK04JZ,GB
6989a4e910805f5685d6f095,User_A3FE23PVGUGYDT,CA
6989a4e910805f5685d6f096,User_A2LYEMVJNK79SV,CA
6989a4e910805f5685d6f097,User_A35HMEQ8DQ2J90,IT
6989a4e910805f5685d6f098,User_A3F8H38M249406,ES
6989a4e910805f5685d6f099,User_A3CZI74Q1GA5H9,CA
6989a4e910805f5685d6f09a,User_18405,FR
6989a4e910805f5685d6f09b,User_A1BDB6NORILNV1,IT
6989a4e910805f5685d6f09c,User_A3MYO5RTHRHHUO,FR
6989a4e910805f5685d6f09d,User_A3UN2Y4R9Y5CRN,IT
6989a4e910805f5685d6f09e,User_A22B13EJTZKCTM,US
6989a4e910805f5685d6f09f,User_A2885RIHK8OBW8,US
6989a4e910805f5685d6f0a0,User_ASDBJ1FXTDPGM,IT
6989a4e910805f5685d6f0a1,User_10504,CA
6989a4e910805f5685d6f0a2,User_9709,FR
6989a4e910805f5685d6f0a3,User_A1AK6DDLE929E0,FR
6989a4e910805f5685d6f0a4,User_A361W8XTJ1JLO5,CA
6989a4e910805f5685d6f0a5,User_A2W57F7J8PPLKA,ES
6989a4e910805f5685d6f0a6,User_A2A2A35AZL6BPU,DE
6989a4e910805f5685d6f0a7,User_AWJNYTBT3UOXS,US
6989a4e910805f5685d6f0a8,User_22268,DE
6989a4e910805f5685d6f0a9,User_AMB6GDZ3B6C6Z,CA
6989a4e910805f5685d6f0aa,User_4795,IT
6989a4e910805f5685d6f0ab,User_ALGRUH69ICOMB,DE
6989a4e910805f5685d6f0ac,User_A27974E6BDWFKU,US
6989a4e910805f5685d6f0ad,User_AB5Y0TKY4YJ90,ES
6989a4e910805f5685d6f0ae,User_AQM5OBKKBNRC3,ES
6989a4e910805f5685d6f0af,User_A171A5IQ0K4IRK,IT
6989a4e910805f5685d6f0b0,User_A15IDMBIU9QXBC,DE
6989a4e910805f5685d6f0b1,User_A1D4N3NVIN55PK,CA
6989a4e910805f5685d6f0b2,User_AVWLLB23Q2JI3,GB
6989a4e910805f5685d6f0b3,User_278452,DE
6989a4e910805f5685d6f0b4,User_2466,DE
6989a4e910805f5685d6f0b5,User_A2RQHBUPYMEDK9,IT
6989a4e910805f5685d6f0b6,User_A3T8CP0ZI2Y5S,IT
6989a4e910805f5685d6f0b7,User_A1R26L2DPMK4VR,IT
6989a4e910805f5685d6f0b8,User_A1H68FO6TSEPYQ,DE
6989a4e910805f5685d6f0b9,User_AJ0V8YY0RR3NX,DE
6989a4e910805f5685d6f0ba,User_A16EKYCGDU9DG0,DE
6989a4e910805f5685d6f0bb,User_277183,DE
6989a4e910805f5685d6f0bc,User_A1B88PCKC9KU9V,DE
6989a4e910805f5685d6f0bd,User_A3APT0CNEWFSVQ,IT
6989a4e910805f5685d6f0be,User_21402,FR
6989a4e910805f5685d6f0bf,User_A16EGSKWWTYIMW,FR
6989a4e910805f5685d6f0c0,User_AX4HG59XJRCNW,ES
6989a4e910805f5685d6f0c1,User_A6X8RHVE4TDXJ,US
6989a4e910805f5685d6f0c2,User_A2F9Z87AER92V9,US
6989a4e910805f5685d6f0c3,User_A3OM9NSCJ3BV3O,ES
6989a4e910805f5685d6f0c4,User_10217,IT
6989a4e910805f5685d6f0c5,User_AVDKLOBYBVNXJ,CA
6989a4e910805f5685d6f0c6,User_A3K420MNVPHMLT,ES
6989a4e910805f5685d6f0c7,User_ADB0MVDMRKKSV,DE
6989a4e910805f5685d6f0c8,User_A23OM8JZGE4S4X,IT
6989a4e910805f5685d6f0c9,User_14694,FR
6989a4e910805f5685d6f0ca,User_A2SJ92FQI5XKZT,GB
6989a4e910805f5685d6f0cb,User_AIH7G5MUFQYWQ,US
6989a4e910805f5685d6f0cc,User_A3P6SA33WASHTL,GB
6989a4e910805f5685d6f0cd,User_8807,FR
6989a4e910805f5685d6f0ce,User_A3CV6PTB5EEDHN,IT
6989a4e910805f5685d6f0cf,User_A30SZ0X0WARH4E,DE
6989a4e910805f5685d6f0d0,User_A2TQ9AAHNV7IU5,DE
6989a4e910805f5685d6f0d1,User_A16SANP3Y5I3FV,IT
6989a4e910805f5685d6f0d2,User_278501,CA
6989a4e910805f5685d6f0d3,User_APHJSAYHUZ5V8,DE
6989a4e910805f5685d6f0d4,User_AFRN26R5VIAZ4,ES
6989a4e910805f5685d6f0d5,User_13387,CA
6989a4e910805f5685d6f0d6,User_A2YGEYBNQJT8LA,US
6989a4e910805f5685d6f0d7,User_A1Q1P6DRNJBG0R,CA
6989a4e910805f5685d6f0d8,User_A2OJDT0AN3OL5N,DE
6989a4e910805f5685d6f0d9,User_AZ3K034KVA7PJ,US
6989a4e910805f5685d6f0da,User_7749,IT
6989a4e910805f5685d6f0db,User_A3TBOVKB3GM674,CA
6989a4e910805f5685d6f0dc,User_A2SKKGN9G8BOKV,US
6989a4e910805f5685d6f0dd,User_13200,FR
6989a4e910805f5685d6f0de,User_A34HKARDTPGP4H,IT
6989a4e910805f5685d6f0df,User_A38QPYTHJYKQPY,IT
6989a4e910805f5685d6f0e0,User_A11BMLR0P19FA7,GB
6989a4e910805f5685d6f0e1,User_A1MUPQ9UC4H1P9,US
6989a4e910805f5685d6f0e2,User_A190BVJKSSKHT4,FR
6989a4e910805f5685d6f0e3,User_20386,DE
6989a4e910805f5685d6f0e4,User_A2XYYG7U747T4S,CA
6989a4e910805f5685d6f0e5,User_AUMZH3PZKHJZO,DE
6989a4e910805f5685d6f0e6,User_A38K0N8V0PLJ74,DE
6989a4e910805f5685d6f0e7,User_A2ZVLVQ827M1A6,GB
6989a4e910805f5685d6f0e8,User_AIVEDOEDSP3JV,CA
6989a4e910805f5685d6f0e9,User_A1WPG527AFLSO3,GB
6989a4e910805f5685d6f0ea,User_A1Q41ZMOO174Q7,DE
6989a4e910805f5685d6f0eb,User_A1UF2Y1QHKZAPC,CA
6989a4e910805f5685d6f0ec,User_A300VRN0QI6Z0S,DE
6989a4e910805f5685d6f0ed,User_A8C2MP1XII2BG,IT
6989a4e910805f5685d6f0ee,User_A34TBRFGJVPN1E,ES
6989a4e910805f5685d6f0ef,User_A26MBVPPXZN1YM,CA
6989a4e910805f5685d6f0f0,User_A30871X0RP7YZ2,CA
6989a4e910805f5685d6f0f1,User_A1FP35PJGI48FP,US
6989a4e910805f5685d6f0f2,User_A1YJ2QD0VMZVWA,CA
6989a4e910805f5685d6f0f3,User_A2GY208QT7HKLW,CA
6989a4e910805f5685d6f0f4,User_A2VBB6K0HFZZXV,IT
6989a4e910805f5685d6f0f5,User_A1PI8RWJQ5C483,CA
6989a4e910805f5685d6f0f6,User_A2378DAW9ZAFB0,ES
6989a4e910805f5685d6f0f7,User_A1H2W3USNTZ1UM,GB
6989a4e910805f5685d6f0f8,User_A326E55GK62ST,ES
6989a4e910805f5685d6f0f9,User_A3O8NVEZI1EF9X,GB
6989a4e910805f5685d6f0fa,User_A1P9SG15RX4OFC,ES
6989a4e910805f5685d6f0fb,User_A1SEODEEAXEUQA,IT
6989a4e910805f5685d6f0fc,User_A3RPV3C9WQ7N4,FR
6989a4e910805f5685d6f0fd,User_A2RK98LOZTEMI,US
6989a4e910805f5685d6f0fe,User_A1FTURWKS1YD2,US
6989a4e910805f5685d6f0ff,User_A1549FP9D493OS,IT
6989a4e910805f5685d6f100,User_277358,FR
6989a4e910805f5685d6f101,User_A1ROOSAR1V2KVL,IT
6989a4e910805f5685d6f102,User_AP4DJTFYWNKCQ,US
6989a4e910805f5685d6f103,User_A3DQDILRL74K37,GB
6989a4e910805f5685d6f104,User_A2X3RNFXRMXH8M,ES
6989a4e910805f5685d6f105,User_A27DQGKVKLDKJ5,CA
6989a4e910805f5685d6f106,User_A1GUWFBWRXTJG0,GB
6989a4e910805f5685d6f107,User_A1PAVHU2N7UGX3,GB
6989a4e910805f5685d6f108,User_A3CN3Z88FZI2SH,DE
6989a4e910805f5685d6f109,User_A1ALEVX0B8D4IM,FR
6989a4e910805f5685d6f10a,User_A27XMB9E6E47FQ,US
6989a4e910805f5685d6f10b,User_A339FFCC9RNYLR,US
6989a4e910805f5685d6f10c,User_A2JY7COALDJRSZ,DE
6989a4e910805f5685d6f10d,User_A1KON4N5PA5EIC,ES
6989a4e910805f5685d6f10e,User_AFBBG3TAPZ18V,GB
6989a4e910805f5685d6f10f,User_A2OP3N8OXCQEZB,FR
6989a4e910805f5685d6f110,User_AQBH9EKFYODXZ,FR
6989a4e910805f5685d6f111,User_A2MN7M1D4TF4OK,GB
6989a4e910805f5685d6f112,User_A22HWAQFO0OFXE,GB
6989a4e910805f5685d6f113,User_AGSB22VE96L70,US
6989a4e910805f5685d6f114,User_A1QKJQCGTE5DBG,DE
6989a4e910805f5685d6f115,User_A3NWD43NJP7DJQ,US
6989a4e910805f5685d6f116,User_AMCDD1NC6ZPG8,US
6989a4e910805f5685d6f117,User_AZOONM679E8YZ,ES
6989a4e910805f5685d6f118,User_A1ZKI77FUITRJ2,DE
6989a4e910805f5685d6f119,User_AADCXICH3XZW3,FR
6989a4e910805f5685d6f11a,User_AKLDSMO920PMF,US
6989a4e910805f5685d6f11b,User_19576,DE
6989a4e910805f5685d6f11c,User_AG1HL6AXRQLLE,US
6989a4e910805f5685d6f11d,User_ADFGEUHZCO0FQ,GB
6989a4e910805f5685d6f11e,User_ARYJU2HQW7TJT,ES
6989a4e910805f5685d6f11f,User_AAZ5OJ2OOJ2DK,ES
6989a4e910805f5685d6f120,User_13114,US
6989a4e910805f5685d6f121,User_A1Y6TM1T382NSP,GB
6989a4e910805f5685d6f122,User_A2BFC5WQGVP27G,US
6989a4e910805f5685d6f123,User_AFUSVPCR2PCYA,FR
6989a4e910805f5685d6f124,User_A2ODBHT4URXVXQ,GB
6989a4e910805f5685d6f125,User_A3IXXKW3OTJ43S,US
6989a4e910805f5685d6f126,User_AFUC5OJU3QJVO,GB
6989a4e910805f5685d6f127,User_A7RMUSIN84QNY,US
6989a4e910805f5685d6f128,User_ALCZX7I2V9A46,IT
6989a4e910805f5685d6f129,User_A34GCDLG38H08E,ES
6989a4e910805f5685d6f12a,User_A32D133H27KN6F,DE
6989a4e910805f5685d6f12b,User_A13E8F78DHDOUH,FR
6989a4e910805f5685d6f12c,User_A29L2RN5D8C0HM,US
6989a4e910805f5685d6f12d,User_A3SCNXCGCXCM3W,CA
6989a4e910805f5685d6f12e,User_A211BNKR2OS2DY,ES
6989a4e910805f5685d6f12f,User_A2BRD6FN3U7R4H,US
6989a4e910805f5685d6f130,User_AEZLVIKMXCGLI,DE
6989a4e910805f5685d6f131,User_A20QHESGFJ57XY,DE
6989a4e910805f5685d6f132,User_AUYK5JQ8PE5ZY,CA
6989a4e910805f5685d6f133,User_AZ6ALGGFVHJ50,CA
6989a4e910805f5685d6f134,User_A2E2NJC41DJ6B9,ES
6989a4e910805f5685d6f135,User_A3JVEZEL9C2DM5,GB
6989a4e910805f5685d6f136,User_AZGB40U0K3WZ,DE
6989a4e910805f5685d6f137,User_A2LUF7WCZKHTL3,IT
6989a4e910805f5685d6f138,User_19226,DE
6989a4e910805f5685d6f139,User_A12CSKJE4GL4R,GB
6989a4e910805f5685d6f13a,User_A3JSQO36UYNNNS,CA
6989a4e910805f5685d6f13b,User_A3ARUFRXNMLJO,DE
6989a4e910805f5685d6f13c,User_ALJYF5ZR9YVJ4,CA
6989a4e910805f5685d6f13d,User_A3MSB482DIB9SL,ES
6989a4e910805f5685d6f13e,User_A2U439NBLWT2ZV,IT
6989a4e910805f5685d6f13f,User_A1OZTIR4X2YXSQ,DE
6989a4e910805f5685d6f140,User_AQE41QO3NEUMW,GB
6989a4e910805f5685d6f141,User_A2W9NRDLQS4M09,GB
6989a4e910805f5685d6f142,User_A2C6O5E70KGCQU,ES
6989a4e910805f5685d6f143,User_A1EQKWGQXREYC5,US
6989a4e910805f5685d6f144,User_A2R408BU6CW83D,ES
6989a4e910805f5685d6f145,User_A1LXG9N28E6S5T,US
6989a4e910805f5685d6f146,User_277334,CA
6989a4e910805f5685d6f147,User_A1PPS91NLI7KEH,GB
6989a4e910805f5685d6f148,User_A2UF3BBGSM4ISD,ES
6989a4e910805f5685d6f149,User_A1W3IDH2LK9WUY,FR
6989a4e910805f5685d6f14a,User_A1HP8R0OL5SZK2,IT
6989a4e910805f5685d6f14b,User_A17UIQFPP6R9CS,FR
6989a4e910805f5685d6f14c,User_AOBHUFYAC3IEC,US
6989a4e910805f5685d6f14d,User_A1FGON4ITMCNF6,CA
6989a4e910805f5685d6f14e,User_A3BQ37LPS02Y0X,ES
6989a4e910805f5685d6f14f,User_A3143E6XMHDVFQ,IT
6989a4e910805f5685d6f150,User_A2W5Q5EXUIJY31,DE
6989a4e910805f5685d6f151,User_6853,CA
6989a4e910805f5685d6f152,User_A3B2P9JBRAUMGU,IT
6989a4e910805f5685d6f153,User_A1BQ2M9SUPJGAD,US
6989a4e910805f5685d6f154,User_A2JSVL5RTLJ6BV,ES
6989a4e910805f5685d6f155,User_7126,DE
6989a4e910805f5685d6f156,User_A16QQMMD0VN5GU,US
6989a4e910805f5685d6f157,User_A1I46FIJNYR6H2,IT
6989a4e910805f5685d6f158,User_AXJEZ54ZSIDVU,DE
6989a4e910805f5685d6f159,User_A28FWG7HITKXJA,GB
6989a4e910805f5685d6f15a,User_A1AJX3W9J0U2TF,CA
6989a4e910805f5685d6f15b,User_ADUHMSZTCLR7Y,DE
6989a4e910805f5685d6f15c,User_278769,DE
6989a4e910805f5685d6f15d,User_A1OQSGU70CAT1Z,GB
6989a4e910805f5685d6f15e,User_A1QH2TTJQG96FI,ES
6989a4e910805f5685d6f15f,User_A39LQ64K244CM,IT
6989a4e910805f5685d6f160,User_A1ODSC6TYH43II,ES
6989a4e910805f5685d6f161,User_A2QFAEZQP8OGHX,IT
6989a4e910805f5685d6f162,User_A21FGD7QLRU8MP,DE
6989a4e910805f5685d6f163,User_A3TMNRPGPQGEWH,CA
6989a4e910805f5685d6f164,User_A3O5UBYOJ2V2M6,US
6989a4e910805f5685d6f165,User_15173,ES
6989a4e910805f5685d6f166,User_A2BGNUO5U7NUQL,CA
6989a4e910805f5685d6f167,User_AY28RAFQ7RS36,US
6989a4e910805f5685d6f168,User_A2JGDNHZOIV23F,CA
6989a4e910805f5685d6f169,User_A28RK6C361FCI1,DE
6989a4e910805f5685d6f16a,User_A2MMDA1AUYC3H6,CA
6989a4e910805f5685d6f16b,User_A13TE9TUXXGPY5,CA
6989a4e910805f5685d6f16c,User_ANNXSBLBIS0B1,GB
6989a4e910805f5685d6f16d,User_A1XVVPOOR0L7GC,DE
6989a4e910805f5685d6f16e,User_A27VS8B5NPBO79,FR
6989a4e910805f5685d6f16f,User_17484,DE
6989a4e910805f5685d6f170,User_A3VVKAIS45TOWF,DE
6989a4e910805f5685d6f171,User_A2ZOA129MUERLZ,ES
6989a4e910805f5685d6f172,User_A3TNNLQ8ZFUHPE,US
6989a4e910805f5685d6f173,User_6165,IT
6989a4e910805f5685d6f174,User_A2THDM98NWNTX2,FR
6989a4e910805f5685d6f175,User_A1REGLSCTE0J4C,FR
6989a4e910805f5685d6f176,User_A110TUC3VQ6HE,FR
6989a4e910805f5685d6f177,User_20993,US
6989a4e910805f5685d6f178,User_A34BGGS8OSWVJE,US
6989a4e910805f5685d6f179,User_A2OJ263U6QG6WX,US
6989a4e910805f5685d6f17a,User_A14ZW4PDDYD14V,ES
6989a4e910805f5685d6f17b,User_A1YWBZ2GXECY4F,IT
6989a4e910805f5685d6f17c,User_A1OHRV6L68X5Y2,DE
6989a4e910805f5685d6f17d,User_A2UB61I6IME2VO,US
6989a4e910805f5685d6f17e,User_A3SFAN92I2S1YD,CA
6989a4e910805f5685d6f17f,User_AVCGOTPKXD2X8,FR
6989a4e910805f5685d6f180,User_16520,FR
6989a4e910805f5685d6f181,User_AVHEUX2TPUG1B,US
6989a4e910805f5685d6f182,User_AXO3CJU2I8U2C,FR
6989a4e910805f5685d6f183,User_AL2MNSHCIOS6Q,GB
6989a4e910805f5685d6f184,User_A3PXEO149FFBME,US
6989a4e910805f5685d6f185,User_15142,FR
6989a4e910805f5685d6f186,User_A31MV6F7QYRVH5,CA
6989a4e910805f5685d6f187,User_A21PTBMKJJ1OP6,CA
6989a4e910805f5685d6f188,User_AGZK126DNQ2FN,FR
6989a4e910805f5685d6f189,User_AEKA1589NKWRB,FR
6989a4e910805f5685d6f18a,User_A24H9PU87G7D65,US
6989a4e910805f5685d6f18b,User_A2LLE0MZY9QXM5,FR
6989a4e910805f5685d6f18c,User_A1LWF1I3OZG0R7,GB
6989a4e910805f5685d6f18d,User_A1S9E7IF1J66DM,CA
6989a4e910805f5685d6f18e,User_A3QS7KVO80RM0W,CA
6989a4e910805f5685d6f18f,User_A29N89DCEI08QG,US
6989a4e910805f5685d6f190,User_AV061QDLRMBCS,ES
6989a4e910805f5685d6f191,User_A4DMGF6ICWHQT,ES
6989a4e910805f5685d6f192,User_A1Q4EDBM7CYC58,US
6989a4e910805f5685d6f193,User_A2NYNK8GELL6NU,CA
6989a4e910805f5685d6f194,User_A1A6OM93LE0J0Q,CA
6989a4e910805f5685d6f195,User_A3LBQT1HIM4AFL,ES
6989a4e910805f5685d6f196,User_A1GEQXBVTWISHR,CA
6989a4e910805f5685d6f197,User_12276,FR
6989a4e910805f5685d6f198,User_A2VUFV8NB9MUZD,DE
6989a4e910805f5685d6f199,User_A1M566ZCEEA877,IT
6989a4e910805f5685d6f19a,User_A19SH1HIQGQQMX,DE
6989a4e910805f5685d6f19b,User_21471,US
6989a4e910805f5685d6f19c,User_A2C8Y6822DV2BR,CA
6989a4e910805f5685d6f19d,User_A3SXCXQFYA7Q7C,ES
6989a4e910805f5685d6f19e,User_A37YVJH1AGBEHS,US
6989a4e910805f5685d6f19f,User_A2EP878UUE6NSC,FR
6989a4e910805f5685d6f1a0,User_A66THOFNU43NR,ES
6989a4e910805f5685d6f1a1,User_A3LAYCTGSO1IQR,IT
6989a4e910805f5685d6f1a2,User_A24NCP97PEEPO8,DE
6989a4e910805f5685d6f1a3,User_15477,CA
6989a4e910805f5685d6f1a4,User_3113,FR
6989a4e910805f5685d6f1a5,User_A7VZKXB9WU3ND,FR
6989a4e910805f5685d6f1a6,User_A3OMEUL9XBYMN1,FR
6989a4e910805f5685d6f1a7,User_A3IL0F57IWUI6I,GB
6989a4e910805f5685d6f1a8,User_AUEY946M1L939,ES
6989a4e910805f5685d6f1a9,User_A1YLZ5J5BEJSBD,US
6989a4e910805f5685d6f1aa,User_A1XQ4YQ71B3DWJ,IT
6989a4e910805f5685d6f1ab,User_AR79NFUC14WOB,FR
6989a4e910805f5685d6f1ac,User_A3O5O58VKLTXUY,GB
6989a4e910805f5685d6f1ad,User_A1RI6SFOEXYCYI,ES
6989a4e910805f5685d6f1ae,User_1248,GB
6989a4e910805f5685d6f1af,User_A14CNAY8CPB5D5,DE
6989a4e910805f5685d6f1b0,User_AMQ37QNEIZCGS,US
6989a4e910805f5685d6f1b1,User_A2IRCSHR9C974J,CA
6989a4e910805f5685d6f1b2,User_20336,US
6989a4e910805f5685d6f1b3,User_A1ENLDYX4NSNMM,IT
6989a4e910805f5685d6f1b4,User_A27AV865I3HPR1,DE
6989a4e910805f5685d6f1b5,User_AQBBOUVN4MGI,FR
6989a4e910805f5685d6f1b6,User_A2JMW4WM1K6T6Y,US
6989a4e910805f5685d6f1b7,User_A3HFFGW9RZA2CE,DE
6989a4e910805f5685d6f1b8,User_A3XJKQEOK04TW,FR
6989a4e910805f5685d6f1b9,User_AMCUWD3937N5E,US
6989a4e910805f5685d6f1ba,User_A2C8HBHI2PVM08,FR
6989a4e910805f5685d6f1bb,User_A3BUFAGPDKONX1,DE
6989a4e910805f5685d6f1bc,User_AUJRVT2NTMZDV,GB
6989a4e910805f5685d6f1bd,User_A1IF1VNZWGSTW2,CA
6989a4e910805f5685d6f1be,User_A35GJEK4OYDS10,ES
6989a4e910805f5685d6f1bf,User_A1PTAY4L2BDNY4,CA
6989a4e910805f5685d6f1c0,User_A2HK5DBBIELA9P,DE
6989a4e910805f5685d6f1c1,User_AV2T1QIN97391,GB
6989a4e910805f5685d6f1c2,User_A15O9YGLOKUV4U,CA
6989a4e910805f5685d6f1c3,User_A13UBYGQ9E81KT,US
6989a4e910805f5685d6f1c4,User_A1QAGFXCWWRHIT,US
6989a4e910805f5685d6f1c5,User_AOOS34ZX0Q51H,IT
6989a4e910805f5685d6f1c6,User_A1C191WCDDD946,DE
6989a4e910805f5685d6f1c7,User_AHS71UUVU7GHE,FR
6989a4e910805f5685d6f1c8,User_A3DRCI6G1PLN7Y,IT
6989a4e910805f5685d6f1c9,User_A17V2PRB7F60QJ,IT
6989a4e910805f5685d6f1ca,User_A2PIP41I6PM8TP,US
6989a4e910805f5685d6f1cb,User_6661,DE
6989a4e910805f5685d6f1cc,User_A2QF8B01UQLCL2,FR
6989a4e910805f5685d6f1cd,User_A2NC5BMF6QWC5B,IT
6989a4e910805f5685d6f1ce,User_AJYILFULOQ3CX,US
6989a4e910805f5685d6f1cf,User_A3IRDQNTD1NHZR,GB
6989a4e910805f5685d6f1d0,User_A122R41IYIE2JR,DE
6989a4e910805f5685d6f1d1,User_A15L4TSH6IB8V7,FR
6989a4e910805f5685d6f1d2,User_12620,GB
6989a4e910805f5685d6f1d3,User_A28F7SS19MYXI8,FR
6989a4e910805f5685d6f1d4,User_A22YN904L739II,DE
6989a4e910805f5685d6f1d5,User_A2I7FUJ72C0ZDG,CA
6989a4e910805f5685d6f1d6,User_AGYLB53BF2Z35,FR
6989a4e910805f5685d6f1d7,User_A2L78I57ZHODU5,ES
6989a4e910805f5685d6f1d8,User_ADJ1YLTVN2QHQ,US
6989a4e910805f5685d6f1d9,User_A1UNJFTCEHFZKI,IT
6989a4e910805f5685d6f1da,User_A26CVRCJ6DFIAI,IT
6989a4e910805f5685d6f1db,User_A28HKKUV8ZEEOA,ES
6989a4e910805f5685d6f1dc,User_A377E6OY4T42VS,CA
6989a4e910805f5685d6f1dd,User_A2GI02PFIHFYPK,US
6989a4e910805f5685d6f1de,User_A1BVIDT438LG0V,GB
6989a4e910805f5685d6f1df,User_A1SH2G1NT4TUFU,CA
6989a4e910805f5685d6f1e0,User_12374,US
6989a4e910805f5685d6f1e1,User_A3P8WHL3LBXFEF,GB
6989a4e910805f5685d6f1e2,User_A2GECIW9YEH64Z,CA
6989a4e910805f5685d6f1e3,User_A1UJUSWMUL1SGM,GB
6989a4e910805f5685d6f1e4,User_A8U535AJK4EFX,GB
6989a4e910805f5685d6f1e5,User_A1LL09H44JGLX7,US
6989a4e910805f5685d6f1e6,User_A1H6MVEV8OVJHQ,DE
6989a4e910805f5685d6f1e7,User_278537,GB
6989a4e910805f5685d6f1e8,User_A20N982H07ZXG3,US
6989a4e910805f5685d6f1e9,User_AZ3YEWCK0FAC9,GB
6989a4e910805f5685d6f1ea,User_A24NH7HP3IIOL0,DE
6989a4e910805f5685d6f1eb,User_A1303IU9RZE9MU,ES
6989a4e910805f5685d6f1ec,User_A12ANFNOSMW5VD,GB
6989a4e910805f5685d6f1ed,User_A2FNM5JVHZP0IW,CA
6989a4e910805f5685d6f1ee,User_A1M41H3FE30632,ES
6989a4e910805f5685d6f1ef,User_A1JVZIJ2UYIHSY,US
6989a4e910805f5685d6f1f0,User_A3C2TKX4SE85PN,FR
6989a4e910805f5685d6f1f1,User_4051,DE
6989a4e910805f5685d6f1f2,User_A2OZTQKC84AL91,FR
6989a4e910805f5685d6f1f3,User_AOUYTGVF8834M,ES
6989a4e910805f5685d6f1f4,User_A3MBZQZLZKUTRL,US
6989a4e910805f5685d6f1f5,User_A3VQRDUDIGT75K,GB
6989a4e910805f5685d6f1f6,User_AQAAYK4NI8IQ3,FR
6989a4e910805f5685d6f1f7,User_AXCSH1B9L6W60,DE
6989a4e910805f5685d6f1f8,User_A1FG4UIZZWDRQE,DE
6989a4e910805f5685d6f1f9,User_A12C22MAY2A3Z4,GB
6989a4e910805f5685d6f1fa,User_A29FWOC05QVUTK,GB
6989a4e910805f5685d6f1fb,User_AC40VPOYUC4LK,US
6989a4e910805f5685d6f1fc,User_A2QZ8YY03GYK7I,IT
6989a4e910805f5685d6f1fd,User_A1QX7HE3Z7MTMX,GB
6989a4e910805f5685d6f1fe,User_A143WCPVGCI38D,DE
6989a4e910805f5685d6f1ff,User_ADVYS7TCANZFM,CA
6989a4e910805f5685d6f200,User_AD7IBJCYSJ9EE,CA
6989a4e910805f5685d6f201,User_A2M3267MG7DG0T,CA
6989a4e910805f5685d6f202,User_A1I3335GVYCAHZ,DE
6989a4e910805f5685d6f203,User_A3P3UOHYBFRGJN,IT
6989a4e910805f5685d6f204,User_A3JREERRLRGJH7,ES
6989a4e910805f5685d6f205,User_19491,ES
6989a4e910805f5685d6f206,User_ALVURWQC1KS1C,US
6989a4e910805f5685d6f207,User_A2IP33O7WBJLU5,DE
6989a4e910805f5685d6f208,User_A2KVCT3QRSTIFJ,ES
6989a4e910805f5685d6f209,User_A48THA5X4OUAB,CA
6989a4e910805f5685d6f20a,User_A2K37PTPUU8VV2,IT
6989a4e910805f5685d6f20b,User_20207,GB
6989a4e910805f5685d6f20c,User_A3BTV8P13Q7KZI,IT
6989a4e910805f5685d6f20d,User_A3HADBBNK3ZVA4,ES
6989a4e910805f5685d6f20e,User_A2YJ7HKVWYBBUU,ES
6989a4e910805f5685d6f20f,User_A1KX1KU95R44GF,FR
6989a4e910805f5685d6f210,User_ABP8OBW514RQI,IT
6989a4e910805f5685d6f211,User_A3TSE6WDC8152O,CA
6989a4e910805f5685d6f212,User_A1UJB0OFBEHPTE,GB
6989a4e910805f5685d6f213,User_A3UK3JCMOB5KJW,CA
6989a4e910805f5685d6f214,User_21542,IT
6989a4e910805f5685d6f215,User_A5P0G326AZ58X,FR
6989a4e910805f5685d6f216,User_AIWGJUBEK56TX,GB
6989a4e910805f5685d6f217,User_A58ZGTL85OJ6J,IT
6989a4e910805f5685d6f218,User_A3GXMYATF68I4T,US
6989a4e910805f5685d6f219,User_10804,ES
6989a4e910805f5685d6f21a,User_A2V6FC7GVZ6T7M,GB
6989a4e910805f5685d6f21b,User_A21LCDOI72JXJE,ES
6989a4e910805f5685d6f21c,User_A2G2T2J9LAB6BE,US
6989a4e910805f5685d6f21d,User_A23ZTT3G86YFDV,GB
6989a4e910805f5685d6f21e,User_A3SGB48U5KCF9C,FR
6989a4e910805f5685d6f21f,User_A2JUB3UTMCW4U3,US
6989a4e910805f5685d6f220,User_A8C99U4FBA5IC,ES
6989a4e910805f5685d6f221,User_A1KE3JBO3KQX2O,FR
6989a4e910805f5685d6f222,User_8801,GB
6989a4e910805f5685d6f223,User_AC6XFS1L021JU,CA
6989a4e910805f5685d6f224,User_A4WL9WCNXUGBZ,ES
6989a4e910805f5685d6f225,User_8895,DE
6989a4e910805f5685d6f226,User_A350EYKXCKYC0K,IT
6989a4e910805f5685d6f227,User_A19ABOYLMRY99A,FR
6989a4e910805f5685d6f228,User_A18LALJ7F160MD,DE
6989a4e910805f5685d6f229,User_A1MJDBJCVYZX6K,IT
6989a4e910805f5685d6f22a,User_A30CR9B42SNSL,ES
6989a4e910805f5685d6f22b,User_A1GA2Q7W2B32DL,DE
6989a4e910805f5685d6f22c,User_A2IJDWUN2A1X09,GB
6989a4e910805f5685d6f22d,User_A9F0OIEPWPXHD,CA
6989a4e910805f5685d6f22e,User_A3H5YBGMJGKM7O,DE
6989a4e910805f5685d6f22f,User_AWO3G948DAE15,US
6989a4e910805f5685d6f230,User_A1K6SLUWDMZTUG,CA
6989a4e910805f5685d6f231,User_A28UXDUKEU6KAF,FR
6989a4e910805f5685d6f232,User_A6A38ESR48ZPK,FR
6989a4e910805f5685d6f233,User_A3VEYV6TUWTBHZ,GB
6989a4e910805f5685d6f234,User_A1DQG6U76S864C,FR
6989a4e910805f5685d6f235,User_AFHXJHCYUGGJM,IT
6989a4e910805f5685d6f236,User_A2IXA0T8QP1QHS,DE
6989a4e910805f5685d6f237,User_A106BM3TTAB3XK,FR
6989a4e910805f5685d6f238,User_A33WPSBL95XOFP,ES
6989a4e910805f5685d6f239,User_A378QUSAFNIND4,GB
6989a4e910805f5685d6f23a,User_AXFH98LTSV99,DE
6989a4e910805f5685d6f23b,User_A3LGO5TG7RY0GX,DE
6989a4e910805f5685d6f23c,User_A60CUW91W2EK5,US
6989a4e910805f5685d6f23d,User_A3MVU8X8EC9VRT,IT
6989a4e910805f5685d6f23e,User_A32VARJRMO22J6,GB
6989a4e910805f5685d6f23f,User_A15KVYLQ2IQI5,DE
6989a4e910805f5685d6f240,User_A2TIXGLD011G9I,GB
6989a4e910805f5685d6f241,User_A20ZCSB3CJ7AQI,CA
6989a4e910805f5685d6f242,User_A3FDIE7RR4GE1F,CA
6989a4e910805f5685d6f243,User_AK0Z71357T67C,FR
6989a4e910805f5685d6f244,User_ASJI70SDLJTVU,DE
6989a4e910805f5685d6f245,User_A2WZSTVIA66EL6,GB
6989a4e910805f5685d6f246,User_A2WTR892TFA3JK,GB
6989a4e910805f5685d6f247,User_ALDIFQMAWTX6K,US
6989a4e910805f5685d6f248,User_A1BBCVZC223HGX,DE
6989a4e910805f5685d6f249,User_277930,DE
6989a4e910805f5685d6f24a,User_1421,DE
6989a4e910805f5685d6f24b,User_A2CGVO2Q1YEETD,FR
6989a4e910805f5685d6f24c,User_A1R9FIR8QBBV8S,GB
6989a4e910805f5685d6f24d,User_17836,GB
6989a4e910805f5685d6f24e,User_A2OYPZ67J85PCC,CA
6989a4e910805f5685d6f24f,User_A31Z278GSQO341,CA
6989a4e910805f5685d6f250,User_A21MKNEXZF4FEM,IT
6989a4e910805f5685d6f251,User_A2BVPING3GK0PS,FR
6989a4e910805f5685d6f252,User_A4Y233WXK7DQ3,FR
6989a4e910805f5685d6f253,User_A1ERUO1K8U9LG5,FR
6989a4e910805f5685d6f254,User_A227Q9PHCAN1O7,FR
6989a4e910805f5685d6f255,User_A2O8R07T08XHIZ,US
6989a4e910805f5685d6f256,User_A2OG80HUUDE680,CA
6989a4e910805f5685d6f257,User_AM66MDMCMTQZ3,DE
6989a4e910805f5685d6f258,User_12979,GB
6989a4e910805f5685d6f259,User_22241,US
6989a4e910805f5685d6f25a,User_ALFQFTX358HG0,GB
6989a4e910805f5685d6f25b,User_A3IIG0I5J2ZQCF,FR
6989a4e910805f5685d6f25c,User_19326,GB
6989a4e910805f5685d6f25d,User_AI7HCRS4I82XR,FR
6989a4e910805f5685d6f25e,User_ANNLD5PVDRSTI,US
6989a4e910805f5685d6f25f,User_AAG0O8X2PYE6G,FR
6989a4e910805f5685d6f260,User_A7K2W1JOUTH4Z,GB
6989a4e910805f5685d6f261,User_A2MPXQB68PGSM8,ES
6989a4e910805f5685d6f262,User_A1EKCTB7S42KJX,GB
6989a4e910805f5685d6f263,User_A2HMFMPQ535P74,IT
6989a4e910805f5685d6f264,User_A1KQY8D1PXW43R,ES
6989a4e910805f5685d6f265,User_A1NLZVP501JM5Z,FR
6989a4e910805f5685d6f266,User_A3NJJZ5NB9LMR3,GB
6989a4e910805f5685d6f267,User_A12PO4FQQRIQSZ,FR
6989a4e910805f5685d6f268,User_A24DDFZLMF5CS0,US
6989a4e910805f5685d6f269,User_22211,DE
6989a4e910805f5685d6f26a,User_A3C58K818Q9L47,IT
6989a4e910805f5685d6f26b,User_AHWCA7PS8FHSA,US
6989a4e910805f5685d6f26c,User_22403,CA
6989a4e910805f5685d6f26d,User_A179MJ3LVNZ7LG,GB
6989a4e910805f5685d6f26e,User_A35OYUC0A9RWUA,FR
6989a4e910805f5685d6f26f,User_AHVSAQTKISQMZ,CA
6989a4e910805f5685d6f270,User_A2KGG61U2S2CXR,GB
6989a4e910805f5685d6f271,User_A3724W9RIO3XNR,IT
6989a4e910805f5685d6f272,User_A2TFUVQ6LG1FXF,CA
6989a4e910805f5685d6f273,User_A15G57AIKJ5PRQ,DE
6989a4e910805f5685d6f274,User_A38LKR8XKL4QI3,DE
6989a4e910805f5685d6f275,User_A3MZ78VYUJMDG8,GB
6989a4e910805f5685d6f276,User_A29VX1STY98FB2,ES
6989a4e910805f5685d6f277,User_A1FRII7NB1OI00,FR
6989a4e910805f5685d6f278,User_A15B4GZD625JPK,FR
6989a4e910805f5685d6f279,User_AKNVEEARL1PP5,DE
6989a4e910805f5685d6f27a,User_A10BIOCJYC3F84,IT
6989a4e910805f5685d6f27b,User_A1KZHWQMY36LSH,ES
6989a4e910805f5685d6f27c,User_7337,FR
6989a4e910805f5685d6f27d,User_A1XQ2ZPBIDBT1H,IT
6989a4e910805f5685d6f27e,User_A3U4N3KGGJYHDK,IT
6989a4e910805f5685d6f27f,User_A3W0CDF8NMOGXF,US
6989a4e910805f5685d6f280,User_AJQMSWIXFYEOB,DE
6989a4e910805f5685d6f281,User_AEEMMD7IDIF3S,GB
6989a4e910805f5685d6f282,User_AUO34VDL3NCHU,ES
6989a4e910805f5685d6f283,User_AXO4YPMPSAOX,CA
6989a4e910805f5685d6f284,User_AQM2XRQFK1F9J,ES
6989a4e910805f5685d6f285,User_A3G57ZXQ08C6P8,ES
6989a4e910805f5685d6f286,User_A7O76NPV8009X,US
6989a4e910805f5685d6f287,User_ASM0RNLRX1OS3,IT
6989a4e910805f5685d6f288,User_A3KQ2PS224I47O,GB
6989a4e910805f5685d6f289,User_A29YKX2CJL3NF8,DE
6989a4e910805f5685d6f28a,User_A1LFTWSTPW7Z3X,ES
6989a4e910805f5685d6f28b,User_A269Y0S04GB8H1,US
6989a4e910805f5685d6f28c,User_A2OMLIASEPWLMJ,IT
6989a4e910805f5685d6f28d,User_A2A0LH5E3FQE05,DE
6989a4e910805f5685d6f28e,User_A27Y3E9BLPYBS4,CA
6989a4e910805f5685d6f28f,User_A1VOD4ZN95NGIM,DE
6989a4e910805f5685d6f290,User_A2LOHSNIV5E4QT,ES
6989a4e910805f5685d6f291,User_A36UXIQQJO4041,ES
6989a4e910805f5685d6f292,User_A2YJB7V7TTPTKK,IT
6989a4e910805f5685d6f293,User_A3OLBQZZWYQFS2,IT
6989a4e910805f5685d6f294,User_A3LQVBVTQ7OU38,FR
6989a4e910805f5685d6f295,User_A30ACT8OI9WF1A,GB
6989a4e910805f5685d6f296,User_A2NOLI10R74GTE,DE
6989a4e910805f5685d6f297,User_6307,ES
6989a4e910805f5685d6f298,User_A3I73QMJPPMZ3Q,CA
6989a4e910805f5685d6f299,User_A1XOR01PQT1MM1,US
6989a4e910805f5685d6f29a,User_A2F9AT8NFL3JN9,DE
6989a4e910805f5685d6f29b,User_A2K4R8WRSUSD,ES
6989a4e910805f5685d6f29c,User_A16J8UX7DEGGNQ,CA
6989a4e910805f5685d6f29d,User_17877,US
6989a4e910805f5685d6f29e,User_A3FAL3WZEE3SP,IT
6989a4e910805f5685d6f29f,User_A2FTURNR8QU7MN,GB
6989a4e910805f5685d6f2a0,User_A2CDFRR1M4KHTJ,CA
6989a4e910805f5685d6f2a1,User_A1Z5F7SZDCI5KB,ES
6989a4e910805f5685d6f2a2,User_A3D62MBYJ49ZI4,FR
6989a4e910805f5685d6f2a3,User_A368EB35Y15DQ4,DE
6989a4e910805f5685d6f2a4,User_AA5X6501JTF6I,CA
6989a4e910805f5685d6f2a5,User_A2B3CAR1HR3W0C,CA
6989a4e910805f5685d6f2a6,User_A1W5Z0NL4MCHXK,DE
6989a4e910805f5685d6f2a7,User_16151,GB
6989a4e910805f5685d6f2a8,User_19745,GB
6989a4e910805f5685d6f2a9,User_A24II9817XJBIE,ES
6989a4e910805f5685d6f2aa,User_A20ZO50NW18EGN,IT
6989a4e910805f5685d6f2ab,User_A1VXW1QD33Y9YC,IT
6989a4e910805f5685d6f2ac,User_A32WM0S1YRJPL6,US
6989a4e910805f5685d6f2ad,User_AOEG3FT5HEV4C,GB
6989a4e910805f5685d6f2ae,User_AWTPN0GZJD3ZM,GB
6989a4e910805f5685d6f2af,User_A3LNN7S2T8AWI3,FR
6989a4e910805f5685d6f2b0,User_1294,ES
6989a4e910805f5685d6f2b1,User_AHQKBF1ZVX6YW,FR
6989a4e910805f5685d6f2b2,User_A2VGKGXSG81KAS,FR
6989a4e910805f5685d6f2b3,User_A35UIYSKD6PVEG,CA
6989a4e910805f5685d6f2b4,User_A1405561PGUTKP,GB
6989a4e910805f5685d6f2b5,User_A26KHZE0HTS057,FR
6989a4e910805f5685d6f2b6,User_A3LW3QPSFICFQZ,ES
6989a4e910805f5685d6f2b7,User_A3GDZFISOOPK4X,FR
6989a4e910805f5685d6f2b8,User_A2UVCG6U06CQMI,DE
6989a4e910805f5685d6f2b9,User_A3HBY2YN08FXZV,DE
6989a4e910805f5685d6f2ba,User_A32PHFMR0AN7MM,DE
6989a4e910805f5685d6f2bb,User_A3TS9EQCNLU0SM,FR
6989a4e910805f5685d6f2bc,User_A38M04WIIDJM0G,IT
6989a4e910805f5685d6f2bd,User_A27HPFTPV9QO0R,FR
6989a4e910805f5685d6f2be,User_ACAG6EWKYL8I7,FR
6989a4e910805f5685d6f2bf,User_A1I9I5W1YD8DV0,ES
6989a4e910805f5685d6f2c0,User_A22QHQG67WK0TL,US
6989a4e910805f5685d6f2c1,User_A3OGMDFM045MQ7,DE
6989a4e910805f5685d6f2c2,User_A30P9R1TUJZYMS,FR
6989a4e910805f5685d6f2c3,User_AZ0O8WAEV9J0,CA
6989a4e910805f5685d6f2c4,User_A362K3JK3L4OX1,GB
6989a4e910805f5685d6f2c5,User_ACP3BZK7MPYP3,CA
6989a4e910805f5685d6f2c6,User_A2E7M1UR3O2KU1,GB
6989a4e910805f5685d6f2c7,User_A341OFTV1T43F5,IT
6989a4e910805f5685d6f2c8,User_A1MCZPX6SPVENC,CA
6989a4e910805f5685d6f2c9,User_AA88TGWF7D1CU,US
6989a4e910805f5685d6f2ca,User_A22EXC0QKE5KEQ,DE
6989a4e910805f5685d6f2cb,User_A30O1FXMTOE2RL,GB
6989a4e910805f5685d6f2cc,User_A2W5RH9AINWD6B,CA
6989a4e910805f5685d6f2cd,User_A21YWGY7LCIW7W,ES
6989a4e910805f5685d6f2ce,User_A35UTNWCAF370V,ES
6989a4e910805f5685d6f2cf,User_A2V6B9U3CIWL9V,GB
6989a4e910805f5685d6f2d0,User_A3FUFDUFQLY1H2,US
6989a4e910805f5685d6f2d1,User_A12BU50HNBM1Y9,ES
6989a4e910805f5685d6f2d2,User_A2XJK5Q6ERDU6K,ES
6989a4e910805f5685d6f2d3,User_A310BH3Z5SJ425,DE
6989a4e910805f5685d6f2d4,User_22029,IT
6989a4e910805f5685d6f2d5,User_A3LVZY2B1TJB5D,CA
6989a4e910805f5685d6f2d6,User_A50AYKTGAJZES,CA
6989a4e910805f5685d6f2d7,User_A1CFJ0IJ5RORPZ,ES
6989a4e910805f5685d6f2d8,User_A13P504VFSQSRB,FR
6989a4e910805f5685d6f2d9,User_ATD9RVVZV024F,FR
6989a4e910805f5685d6f2da,User_A2UYF2DF64PWHO,IT
6989a4e910805f5685d6f2db,User_AI0CVT33O15ZB,ES
6989a4e910805f5685d6f2dc,User_A3HS3ZPRKOIA4A,IT
6989a4e910805f5685d6f2dd,User_A93QLX878M9LP,FR
6989a4e910805f5685d6f2de,User_A38G64S5VMRI1P,FR
6989a4e910805f5685d6f2df,User_A2VP7UAD0EOMOX,CA
6989a4e910805f5685d6f2e0,User_A4BHZYTHJXP56,CA
6989a4e910805f5685d6f2e1,User_512,IT
6989a4e910805f5685d6f2e2,User_2337,DE
6989a4e910805f5685d6f2e3,User_A3NM0RAYSL6PA8,ES
6989a4e910805f5685d6f2e4,User_AUSPDFWM2Y9YW,IT
6989a4e910805f5685d6f2e5,User_AQ652XIE1CIMK,FR
6989a4e910805f5685d6f2e6,User_A2J0SSRAG1Z283,ES
6989a4e910805f5685d6f2e7,User_A32APF6BR0N8PO,IT
6989a4e910805f5685d6f2e8,User_AJT8WC37I5X7S,IT
6989a4e910805f5685d6f2e9,User_A25HCJBUHSNIXI,CA
6989a4e910805f5685d6f2ea,User_13861,US
6989a4e910805f5685d6f2eb,User_AZI43URTH6OR6,CA
6989a4e910805f5685d6f2ec,User_A1IPM23IJ8Q3L4,CA
6989a4e910805f5685d6f2ed,User_A1OFPE3CW0F3NK,DE
6989a4e910805f5685d6f2ee,User_A3KN5U2I4HMGVI,US
6989a4e910805f5685d6f2ef,User_22060,CA
6989a4e910805f5685d6f2f0,User_A363CS52T8ZL3H,CA
6989a4e910805f5685d6f2f1,User_A3HYKSKAT77SFK,US
6989a4e910805f5685d6f2f2,User_278100,GB
6989a4e910805f5685d6f2f3,User_137,DE
6989a4e910805f5685d6f2f4,User_A1BEJMGFOSV34M,CA
6989a4e910805f5685d6f2f5,User_A22L00HNTYLFCT,DE
6989a4e910805f5685d6f2f6,User_15846,IT
6989a4e910805f5685d6f2f7,User_A34MUN3RU0U1CH,ES
6989a4e910805f5685d6f2f8,User_A1VMB1NM6I6BHR,GB
6989a4e910805f5685d6f2f9,User_A2HHA3V2YK8BEG,ES
6989a4e910805f5685d6f2fa,User_7835,US
6989a4e910805f5685d6f2fb,User_A18BD2Y13188HG,ES
6989a4e910805f5685d6f2fc,User_A2LXU28BROK5Y6,GB
6989a4e910805f5685d6f2fd,User_8501,CA
6989a4e910805f5685d6f2fe,User_A265ASLRA7MTJI,US
6989a4e910805f5685d6f2ff,User_A3KE70KTR0BOZH,GB
6989a4e910805f5685d6f300,User_A3DFKVUE9CDXWV,US
6989a4e910805f5685d6f301,User_AAXHO2OS16WH8,US
6989a4e910805f5685d6f302,User_ANBM8D2WQHVB3,CA
6989a4e910805f5685d6f303,User_AGN231R547XGQ,DE
6989a4e910805f5685d6f304,User_A35SBE8621Z1TI,GB
6989a4e910805f5685d6f305,User_A7XT90JBIB5TA,ES
6989a4e910805f5685d6f306,User_A214C58D1QCE8M,IT
6989a4e910805f5685d6f307,User_A32DHQZSO97CZF,CA
6989a4e910805f5685d6f308,User_A1L4MXPEG3Z81X,CA
6989a4e910805f5685d6f309,User_8393,FR
6989a4e910805f5685d6f30a,User_A353V3MXFYVVT8,IT
6989a4e910805f5685d6f30b,User_A2YSY26ZVMNNV2,IT
6989a4e910805f5685d6f30c,User_A1AYEGKMUH23LV,FR
6989a4e910805f5685d6f30d,User_13631,GB
6989a4e910805f5685d6f30e,User_A33OF4J5C3XD33,FR
6989a4e910805f5685d6f30f,User_AJBJ2W2J5L2CN,US
6989a4e910805f5685d6f310,User_A1X4AI4AZOVMAM,FR
6989a4e910805f5685d6f311,User_A3F31ZIC6MGDJ7,FR
6989a4e910805f5685d6f312,User_AMO7HS3QLV2BS,IT
6989a4e910805f5685d6f313,User_A1ULH01AMQIBRU,ES
6989a4e910805f5685d6f314,User_A1V11YFWQX2VS1,GB
6989a4e910805f5685d6f315,User_A16UH4RA5WKYKF,US
6989a4e910805f5685d6f316,User_A1CZ9TMKCI1TEN,CA
6989a4e910805f5685d6f317,User_8739,IT
6989a4e910805f5685d6f318,User_AABOJ17NUQ9XK,DE
6989a4e910805f5685d6f319,User_A4X8H86X5LXIE,CA
6989a4e910805f5685d6f31a,User_AV11USHC756WP,GB
6989a4e910805f5685d6f31b,User_A67CLJJFPFAMH,ES
6989a4e910805f5685d6f31c,User_A2VA15ECLG7CDE,CA
6989a4e910805f5685d6f31d,User_15516,IT
6989a4e910805f5685d6f31e,User_A3KJ9UTP3TSDJW,ES
6989a4e910805f5685d6f31f,User_A3FP9XZA8I5EJB,CA
6989a4e910805f5685d6f320,User_2808,ES
6989a4e910805f5685d6f321,User_A75ETUSOW1B5,FR
6989a4e910805f5685d6f322,User_A2O5OYDEB90CEF,IT
6989a4e910805f5685d6f323,User_A18L8I07XX4MG1,US
6989a4e910805f5685d6f324,User_A2HBR8UFN90RZZ,GB
6989a4e910805f5685d6f325,User_A2E5RCH91HA20Y,GB
6989a4e910805f5685d6f326,User_AX18GLDB9YM8J,ES
6989a4e910805f5685d6f327,User_A1OHR2IMXL8EM7,US
6989a4e910805f5685d6f328,User_A3TJFX8MJVT6YJ,DE
6989a4e910805f5685d6f329,User_AKWQG5TC672U6,ES
6989a4e910805f5685d6f32a,User_A27PER83W2O0Y9,FR
6989a4e910805f5685d6f32b,User_A2MMWDVLIN3ITQ,GB
6989a4e910805f5685d6f32c,User_ABIYTF206T9BW,IT
6989a4e910805f5685d6f32d,User_805,GB
6989a4e910805f5685d6f32e,User_A2WSDSAY9A98KL,IT
6989a4e910805f5685d6f32f,User_A4IJTN4HS26HL,FR
6989a4e910805f5685d6f330,User_AUQX9JWXMY8VY,IT
6989a4e910805f5685d6f331,User_AE413F848867T,GB
6989a4e910805f5685d6f332,User_A1XF3RLWD6A20D,US
6989a4e910805f5685d6f333,User_7915,CA
6989a4e910805f5685d6f334,User_10174,FR
6989a4e910805f5685d6f335,User_AO233NOEYQHUK,ES
6989a4e910805f5685d6f336,User_A20P0ODMO0CLPG,FR
6989a4e910805f5685d6f337,User_11123,ES
6989a4e910805f5685d6f338,User_A3K9E6HERQLBC4,ES
6989a4e910805f5685d6f339,User_A2ESAGT8BSZV0I,DE
6989a4e910805f5685d6f33a,User_12116,US
6989a4e910805f5685d6f33b,User_A1S8AJIUIO6M9K,CA
6989a4e910805f5685d6f33c,User_20855,DE
6989a4e910805f5685d6f33d,User_APUIICKK1JNOQ,US
6989a4e910805f5685d6f33e,User_2020,US
6989a4e910805f5685d6f33f,User_A2FQK78D3NVZKN,IT
6989a4e910805f5685d6f340,User_A19VVNVGX1Z9FE,GB
6989a4e910805f5685d6f341,User_AENS008HCBVC5,US
6989a4e910805f5685d6f342,User_A3UJ6AX9N0G8Q2,GB
6989a4e910805f5685d6f343,User_A174AYU73YWJWM,IT
6989a4e910805f5685d6f344,User_A2QWXVO1214LH3,ES
6989a4e910805f5685d6f345,User_A3DG0RACLBOPPA,US
6989a4e910805f5685d6f346,User_3379,US
6989a4e910805f5685d6f347,User_A205R3XTESCYJL,CA
6989a4e910805f5685d6f348,User_17665,DE
6989a4e910805f5685d6f349,User_A1Q5Z71A9YIP9M,ES
6989a4e910805f5685d6f34a,User_A2H8W05KTHYG8O,ES
6989a4e910805f5685d6f34b,User_A2YWP8YFB5IN7M,ES
6989a4e910805f5685d6f34c,User_AH9WQ52LXFIIP,DE
6989a4e910805f5685d6f34d,User_A1RZ3L3US3UFQS,FR
6989a4e910805f5685d6f34e,User_ARLGHS3U1531W,IT
6989a4e910805f5685d6f34f,User_AOUBCAH5BI4FU,US
6989a4e910805f5685d6f350,User_A2MO5J4CEQHKHR,US
6989a4e910805f5685d6f351,User_A34O2LTKCRGFEK,IT
6989a4e910805f5685d6f352,User_AWVI20AAHK2JE,CA
6989a4e910805f5685d6f353,User_A26MY3SQG6DIYX,FR
6989a4e910805f5685d6f354,User_A17639YIJLDS1G,DE
6989a4e910805f5685d6f355,User_A3218FLWQKTP3R,GB
6989a4e910805f5685d6f356,User_7557,DE
6989a4e910805f5685d6f357,User_A1O77WWM7YT0CN,GB
6989a4e910805f5685d6f358,User_A2DOV5FSTGC9UW,FR
6989a4e910805f5685d6f359,User_AHNPOQ1LGU9K0,ES
6989a4e910805f5685d6f35a,User_A5ICDTC3HI26L,ES
6989a4e910805f5685d6f35b,User_A33W93ZZBTVQIS,CA
6989a4e910805f5685d6f35c,User_ADIN55VPICN98,FR
6989a4e910805f5685d6f35d,User_A2EC1CJOINSOLK,DE
6989a4e910805f5685d6f35e,User_A27ZRDY9L5CHDC,ES
6989a4e910805f5685d6f35f,User_277471,FR
6989a4e910805f5685d6f360,User_A2BF5TBJK46C0X,GB
6989a4e910805f5685d6f361,User_23093,GB
6989a4e910805f5685d6f362,User_AV1ITXWQ13PN6,FR
6989a4e910805f5685d6f363,User_A2MKN0SI8FLMN6,ES
6989a4e910805f5685d6f364,User_277209,GB
6989a4e910805f5685d6f365,User_AD2DP1MIROYNL,DE
6989a4e910805f5685d6f366,User_A3UXYFINAVFY7O,DE
6989a4e910805f5685d6f367,User_11627,DE
6989a4e910805f5685d6f368,User_A3V5JJF982NS48,US
6989a4e910805f5685d6f369,User_A2IT0PNGHAZZBU,CA
6989a4e910805f5685d6f36a,User_A1OVT3VHV22412,FR
6989a4e910805f5685d6f36b,User_A3DEK84NCS0PVX,ES
6989a4e910805f5685d6f36c,User_A1J0JBCVI8PIUR,ES
6989a4e910805f5685d6f36d,User_A2ZHB7E544QLLQ,GB
6989a4e910805f5685d6f36e,User_A3M68S1RVO0S2,GB
6989a4e910805f5685d6f36f,User_A3GBPWAJB97DWU,IT
6989a4e910805f5685d6f370,User_A221AYJCX6Y5WB,DE
6989a4e910805f5685d6f371,User_A1AUQXLSEX0PK0,US
6989a4e910805f5685d6f372,User_A25VFRHJO4TO4R,IT
6989a4e910805f5685d6f373,User_A39O5SW1VU7HUQ,US
6989a4e910805f5685d6f374,User_A1IEHTTWO0HZUH,IT
6989a4e910805f5685d6f375,User_A2XKBOV3A50XC3,DE
6989a4e910805f5685d6f376,User_AP1IX1B82ELJH,IT
6989a4e910805f5685d6f377,User_A2VUDEZFABPHRC,IT
6989a4e910805f5685d6f378,User_A242PI8SCCV5IY,ES
6989a4e910805f5685d6f379,User_277171,ES
6989a4e910805f5685d6f37a,User_A25YN1X1N2BO3U,ES
6989a4e910805f5685d6f37b,User_A3GFAL37R30TSB,IT
6989a4e910805f5685d6f37c,User_15597,US
6989a4e910805f5685d6f37d,User_10493,IT
6989a4e910805f5685d6f37e,User_A2W6Q2DPJCB444,GB
6989a4e910805f5685d6f37f,User_AQ9KEXE0NDY3N,US
6989a4e910805f5685d6f380,User_A2G15VWSA8UYZR,FR
6989a4e910805f5685d6f381,User_AL3R4IKZ550GH,GB
6989a4e910805f5685d6f382,User_476,FR
6989a4e910805f5685d6f383,User_A10ZGGQB7NY9VH,FR
6989a4e910805f5685d6f384,User_A2NM66BMFM68XD,FR
6989a4e910805f5685d6f385,User_A221YE311PIJT6,ES
6989a4e910805f5685d6f386,User_13699,FR
6989a4e910805f5685d6f387,User_A28B13U65U2I31,IT
6989a4e910805f5685d6f388,User_AWXN89CLWAMXE,ES
6989a4e910805f5685d6f389,User_A15Y0EJF9B7ECE,DE
6989a4e910805f5685d6f38a,User_A1HFH8NCN26M7F,ES
6989a4e910805f5685d6f38b,User_A2VD3CYOEMJ6SR,IT
6989a4e910805f5685d6f38c,User_A5KHWJDNZREXP,CA
6989a4e910805f5685d6f38d,User_7338,ES
6989a4e910805f5685d6f38e,User_AG5QBLBYIYC4C,GB
6989a4e910805f5685d6f38f,User_A7JSYWIO35PP5,GB
6989a4e910805f5685d6f390,User_A1W8T9KMURAB76,FR
6989a4e910805f5685d6f391,User_A199BJCY8BE0JP,GB
6989a4e910805f5685d6f392,User_AX7ZRV05WPVK2,FR
6989a4e910805f5685d6f393,User_21204,US
6989a4e910805f5685d6f394,User_A1D1JO82MGIYIC,US
6989a4e910805f5685d6f395,User_AGM3U3FZ252UW,CA
6989a4e910805f5685d6f396,User_A23PK0CZPW1QGQ,GB
6989a4e910805f5685d6f397,User_12510,DE
6989a4e910805f5685d6f398,User_A2IKCDCOYEX0KW,ES
6989a4e910805f5685d6f399,User_A1132FLJVIQVED,GB
6989a4e910805f5685d6f39a,User_A2IC33YJYJFYI6,FR
6989a4e910805f5685d6f39b,User_A13P3712UOBH6O,ES
6989a4e910805f5685d6f39c,User_ALY5TNBW35I40,GB
6989a4e910805f5685d6f39d,User_A1TB6C87Z7KK0B,IT
6989a4e910805f5685d6f39e,User_A3W42ZL2INB6QH,IT
6989a4e910805f5685d6f39f,User_A3I22Z3BJYS4NM,ES
6989a4e910805f5685d6f3a0,User_A2EV444J6WEU2N,CA
6989a4e910805f5685d6f3a1,User_AO85CFYFAKQ33,CA
6989a4e910805f5685d6f3a2,User_A11O93911ZFCKB,US
6989a4e910805f5685d6f3a3,User_AOTJL3LJF8CQ0,GB
6989a4e910805f5685d6f3a4,User_A2E5MPI4P81SVC,ES
6989a4e910805f5685d6f3a5,User_A1R0EB8NSAX3NM,ES
6989a4e910805f5685d6f3a6,User_A3RNVRDEBZF12J,US
6989a4e910805f5685d6f3a7,User_A3R3XHOOBVIR44,US
6989a4e910805f5685d6f3a8,User_AJNBKGHGM38UA,US
6989a4e910805f5685d6f3a9,User_AUGQPAQSODFZS,IT
6989a4e910805f5685d6f3aa,User_AT3ESUWYNLKUK,ES
6989a4e910805f5685d6f3ab,User_A3UZYM4AQPQQPZ,CA
6989a4e910805f5685d6f3ac,User_A2PF3L9CMLJ9MF,ES
6989a4e910805f5685d6f3ad,User_22637,US
6989a4e910805f5685d6f3ae,User_A1IO13CMJ4AXGX,FR
6989a4e910805f5685d6f3af,User_A2PR9MFSBUUUP3,GB
6989a4e910805f5685d6f3b0,User_A3RNE9N4EDEVG6,CA
6989a4e910805f5685d6f3b1,User_A240G55X6BK8WI,FR
6989a4e910805f5685d6f3b2,User_AQZPLJASB64TQ,CA
6989a4e910805f5685d6f3b3,User_A104Y042UJ1ERG,US
6989a4e910805f5685d6f3b4,User_13071,US
6989a4e910805f5685d6f3b5,User_AUF2IO11YQVWC,ES
6989a4e910805f5685d6f3b6,User_A1CWEBGOEXG222,GB
6989a4e910805f5685d6f3b7,User_A3VA4XFS5WNJO3,FR
6989a4e910805f5685d6f3b8,User_A3H42LMDM2M7J4,DE
6989a4e910805f5685d6f3b9,User_A3QMKOG5DSQP65,FR
6989a4e910805f5685d6f3ba,User_A1RTV43IBUTZOS,GB
6989a4e910805f5685d6f3bb,User_A30ZN4YJPMZUMM,ES
6989a4e910805f5685d6f3bc,User_AH665XQEJG9U4,FR
6989a4e910805f5685d6f3bd,User_A27SSUIGERY5UU,IT
6989a4e910805f5685d6f3be,User_A2DBOHVRCP2SNL,CA
6989a4e910805f5685d6f3bf,User_A375RI7Z9HZJOT,ES
6989a4e910805f5685d6f3c0,User_A100NGGXRQF0AQ,US
6989a4e910805f5685d6f3c1,User_AVMY3G61UEG9P,CA
6989a4e910805f5685d6f3c2,User_A1PU2ZGA1DIRQA,DE
6989a4e910805f5685d6f3c3,User_A2GY5L0Q38CS24,ES
6989a4e910805f5685d6f3c4,User_A26TBH847LJG20,FR
6989a4e910805f5685d6f3c5,User_A8EALICITYTVX,US
6989a4e910805f5685d6f3c6,User_AYOH386FA37SD,US
6989a4e910805f5685d6f3c7,User_21016,FR
6989a4e910805f5685d6f3c8,User_AP28UW3SZIK9N,US
6989a4e910805f5685d6f3c9,User_A1T97ZFKI9RG9Q,DE
6989a4e910805f5685d6f3ca,User_A17Y8Z3QQIF9J4,CA
6989a4e910805f5685d6f3cb,User_A2PWUIQG57O1AZ,IT
6989a4e910805f5685d6f3cc,User_A1FYVJU7HHK7SO,US
6989a4e910805f5685d6f3cd,User_AZNRAN939O3XB,FR
6989a4e910805f5685d6f3ce,User_17243,DE
6989a4e910805f5685d6f3cf,User_A31CW3T6YJA0FA,DE
6989a4e910805f5685d6f3d0,User_20950,DE
6989a4e910805f5685d6f3d1,User_A2FK6QTW5MU07B,IT
6989a4e910805f5685d6f3d2,User_4016,IT
6989a4e910805f5685d6f3d3,User_A3QDWDY68VKESJ,ES
6989a4e910805f5685d6f3d4,User_13280,US
6989a4e910805f5685d6f3d5,User_A212DF90E7LN4J,ES
6989a4e910805f5685d6f3d6,User_A9ZRLFN919KYP,ES
6989a4e910805f5685d6f3d7,User_A27XZBW0Y7WX13,US
6989a4e910805f5685d6f3d8,User_A2ISVMMA32K8XK,GB
6989a4e910805f5685d6f3d9,User_AQC84TKHTXBPZ,GB
6989a4e910805f5685d6f3da,User_A2H30PPNEOSU2O,US
6989a4e910805f5685d6f3db,User_AXINS03U94UEX,DE
6989a4e910805f5685d6f3dc,User_AI6LF7Z0BSOS0,IT
6989a4e910805f5685d6f3dd,User_AMT9AUCVY7IRX,GB
6989a4e910805f5685d6f3de,User_A2MQGK74QIZ2S2,US
6989a4e910805f5685d6f3df,User_A84UG66LK8JD9,CA
6989a4e910805f5685d6f3e0,User_AOR39XV5TKHHW,GB
6989a4e910805f5685d6f3e1,User_AW0S4FASIEHCU,GB
6989a4e910805f5685d6f3e2,User_A2OPOSSRHEZG5T,DE
6989a4e910805f5685d6f3e3,User_AE40MTM7Z3JW5,IT
6989a4e910805f5685d6f3e4,User_A2NB5A437UEVHH,DE
6989a4e910805f5685d6f3e5,User_A3J88BPOGG5PHW,IT
6989a4e910805f5685d6f3e6,User_A2A39W3KF41RCQ,US
6989a4e910805f5685d6f3e7,User_10056,DE
6989a4e910805f5685d6f3e8,User_A3HJIAJIOACJ8T,GB
6989a4e910805f5685d6f3e9,User_A14J8FFG9TT9U8,GB
6989a4e910805f5685d6f3ea,User_A3NR6YPZDDTR7W,IT
6989a4e910805f5685d6f3eb,User_A2DRNQ18FNLTC2,GB
6989a4e910805f5685d6f3ec,User_23255,ES
6989a4e910805f5685d6f3ed,User_A2Z9T65MI15XAT,ES
6989a4e910805f5685d6f3ee,User_A6ZRXDZ6VSOQS,GB
6989a4e910805f5685d6f3ef,User_APZYHMZX5GDOF,FR
6989a4e910805f5685d6f3f0,User_A1BWHF6QR2T5CK,FR
6989a4e910805f5685d6f3f1,User_A3TDU1DU11ZQ3T,IT
6989a4e910805f5685d6f3f2,User_A2V1HHKOWLMYX8,FR
6989a4e910805f5685d6f3f3,User_4545,DE
6989a4e910805f5685d6f3f4,User_A19PYHKIE6T8UT,DE
6989a4e910805f5685d6f3f5,User_A18ES1D3QHP0AG,FR
6989a4e910805f5685d6f3f6,User_A31QWR0Q7BF5H0,IT
6989a4e910805f5685d6f3f7,User_A3LH0RDQUITSWP,GB
6989a4e910805f5685d6f3f8,User_2608,GB
6989a4e910805f5685d6f3f9,User_A16HYRY8231J74,FR
6989a4e910805f5685d6f3fa,User_376,FR
6989a4e910805f5685d6f3fb,User_A31SSVLTYSNULI,CA
6989a4e910805f5685d6f3fc,User_A2DQM1V7508IKR,US
6989a4e910805f5685d6f3fd,User_AI5OR1HSYXCCL,US
6989a4e910805f5685d6f3fe,User_A80P2KW8L3U2P,ES
6989a4e910805f5685d6f3ff,User_AL8XKB126Y6XZ,CA
6989a4e910805f5685d6f400,User_AQCJVBU1A0PB4,GB
6989a4e910805f5685d6f401,User_AFNELMEREVV9R,DE
6989a4e910805f5685d6f402,User_32,FR
6989a4e910805f5685d6f403,User_A1K9504M9GDE2J,FR
6989a4e910805f5685d6f404,User_A221WVIOPF7I1H,GB
6989a4e910805f5685d6f405,User_A13DU428W7UDBI,US
6989a4e910805f5685d6f406,User_A25L1P7IWHNRSB,US
6989a4e910805f5685d6f407,User_3533,US
6989a4e910805f5685d6f408,User_A2QQGMM8CBZR1J,US
6989a4e910805f5685d6f409,User_AO9CTQPTZGWOS,ES
6989a4e910805f5685d6f40a,User_A11RDJGKFO88EB,ES
6989a4e910805f5685d6f40b,User_AB91ANWU3WL9J,IT
6989a4e910805f5685d6f40c,User_A1FG97EAO1MBGJ,CA
6989a4e910805f5685d6f40d,User_A13E7NXIX91LVS,DE
6989a4e910805f5685d6f40e,User_A3Q8209WTPJPL0,IT
6989a4e910805f5685d6f40f,User_A1L21N9I0MEN7A,IT
6989a4e910805f5685d6f410,User_AEPV9O8GR54PG,FR
6989a4e910805f5685d6f411,User_A2E0E07A40KMV1,US
6989a4e910805f5685d6f412,User_8772,IT
6989a4e910805f5685d6f413,User_A1QZ4NWZ3MXWOW,IT
6989a4e910805f5685d6f414,User_AMP779612MX2G,CA
6989a4e910805f5685d6f415,User_A1YSEFP298S92J,DE
6989a4e910805f5685d6f416,User_A2QVMAK0OWUTOM,ES
6989a4e910805f5685d6f417,User_A1WH6IDAL983FI,IT
6989a4e910805f5685d6f418,User_A12D9DA4GDL699,CA
6989a4e910805f5685d6f419,User_A2BPELQ9OUQ3KU,IT
6989a4e910805f5685d6f41a,User_10346,IT
6989a4e910805f5685d6f41b,User_3762,US
6989a4e910805f5685d6f41c,User_A3T5JUAPAQA0BB,ES
6989a4e910805f5685d6f41d,User_A3T40PUR60E28G,IT
6989a4e910805f5685d6f41e,User_6940,IT
6989a4e910805f5685d6f41f,User_A2RMOV6AW02HMD,US
6989a4e910805f5685d6f420,User_15642,ES
6989a4e910805f5685d6f421,User_A4FG1EZ8FBOFA,US
6989a4e910805f5685d6f422,User_A1A0I6YOQO9CRG,IT
6989a4e910805f5685d6f423,User_A3VBVDOMJT49GH,CA
6989a4e910805f5685d6f424,User_A1V1FZNO223CXK,FR
6989a4e910805f5685d6f425,User_A28MSJJMT6H7VW,IT
6989a4e910805f5685d6f426,User_A2AOO8YTBQ3AO2,US
6989a4e910805f5685d6f427,User_ANAG6Y5KI2X8M,FR
6989a4e910805f5685d6f428,User_AH5KQ6XJQUB8T,CA
6989a4e910805f5685d6f429,User_A1HESYFOXUTSR5,IT
6989a4e910805f5685d6f42a,User_A3N2CS0R6P6NRM,GB
6989a4e910805f5685d6f42b,User_A3F6AHCE2IGPYB,IT
6989a4e910805f5685d6f42c,User_9905,US
6989a4e910805f5685d6f42d,User_ATS3P5Q6GI8QF,DE
6989a4e910805f5685d6f42e,User_APBLG8D18IOAU,CA
6989a4e910805f5685d6f42f,User_A358XP3X4U0X45,DE
6989a4e910805f5685d6f430,User_A2IH7O56WZ61Z5,IT
6989a4e910805f5685d6f431,User_A39G0SVTWC9D0U,CA
6989a4e910805f5685d6f432,User_A1Q0PMXI52DB02,US
6989a4e910805f5685d6f433,User_A26TY6GCGBF5HT,CA
6989a4e910805f5685d6f434,User_A1LQX4ON0GFD2V,IT
6989a4e910805f5685d6f435,User_A2E8XCCBYFNP6A,GB
6989a4e910805f5685d6f436,User_A8W2CDSHK4DZB,CA
6989a4e910805f5685d6f437,User_A3E5D8WBYFVNRT,GB
6989a4e910805f5685d6f438,User_ATBPZ2H5RV4WR,GB
6989a4e910805f5685d6f439,User_A1VOWBIR3CKRUN,IT
6989a4e910805f5685d6f43a,User_A2M6LXV7G3AWVG,GB
6989a4e910805f5685d6f43b,User_A3US42X7JURUDX,CA
6989a4e910805f5685d6f43c,User_A1DD3MCP1CZJYX,US
6989a4e910805f5685d6f43d,User_A3IB1W0SVED0Z3,DE
6989a4e910805f5685d6f43e,User_A24ZTHGM0D4YKD,DE
6989a4e910805f5685d6f43f,User_A1BKWB8RPHO1F9,ES
6989a4e910805f5685d6f440,User_A1J9SF7LLHZPQF,ES
6989a4e910805f5685d6f441,User_A1K7G60140ABS3,ES
6989a4e910805f5685d6f442,User_A32P8KSQOHEKQG,DE
6989a4e910805f5685d6f443,User_A2933Z4M8OCVB4,CA
6989a4e910805f5685d6f444,User_A3TDYX4GP2WR4Y,IT
6989a4e910805f5685d6f445,User_A13UF3KI4ZP81F,IT
6989a4e910805f5685d6f446,User_A1E13TP94S5KUD,CA
6989a4e910805f5685d6f447,User_18313,ES
6989a4e910805f5685d6f448,User_A3OB1O42LI0XDC,ES
6989a4e910805f5685d6f449,User_A1AH4O9HJT1QOW,FR
6989a4e910805f5685d6f44a,User_AF84EMTCEPTMZ,CA
6989a4e910805f5685d6f44b,User_A1584OSWVF80GN,CA
6989a4e910805f5685d6f44c,User_AQGD0LLNTUJFS,ES
6989a4e910805f5685d6f44d,User_A3CEZOOZU6VX5F,DE
6989a4e910805f5685d6f44e,User_A1UA960XB4FA8G,IT
6989a4e910805f5685d6f44f,User_AVBYKD2BL04LT,DE
6989a4e910805f5685d6f450,User_AUYQJJHC6VN2K,GB
6989a4e910805f5685d6f451,User_AY5NIHS1SAWUB,GB
6989a4e910805f5685d6f452,User_AGM2HBQ99KH1E,ES
6989a4e910805f5685d6f453,User_A1NQXBQTTKD31A,CA
6989a4e910805f5685d6f454,User_A1VBHRPZ4113RA,IT
6989a4e910805f5685d6f455,User_AICEGV3CO12Y9,GB
6989a4e910805f5685d6f456,User_A9JAYHZOARJX8,CA
6989a4e910805f5685d6f457,User_A1RKKZPM6B6B9Z,CA
6989a4e910805f5685d6f458,User_A2VBDC1CJVSEJ3,DE
6989a4e910805f5685d6f459,User_6944,ES
6989a4e910805f5685d6f45a,User_A5MXIAVDAENJ2,FR
6989a4e910805f5685d6f45b,User_A2XLR0Z56L5A7B,GB
6989a4e910805f5685d6f45c,User_A1578SXL1NXXJV,GB
6989a4e910805f5685d6f45d,User_A3HHT2XTCF461C,DE
6989a4e910805f5685d6f45e,User_20410,DE
6989a4e910805f5685d6f45f,User_A27HEDAITFQLP8,GB
6989a4e910805f5685d6f460,User_AYB6ZRKKXSGBT,FR
6989a4e910805f5685d6f461,User_A360Y5E4VM2WU4,FR
6989a4e910805f5685d6f462,User_A3J27L5CEJPVFK,DE
6989a4e910805f5685d6f463,User_A3GC14JK2M0OHH,ES
6989a4e910805f5685d6f464,User_A65D3EGFDW6SZ,FR
6989a4e910805f5685d6f465,User_AGYCKFRAADW8N,DE
6989a4e910805f5685d6f466,User_A3P63Q6DZXLJ74,US
6989a4e910805f5685d6f467,User_10784,GB
6989a4e910805f5685d6f468,User_AGRNVUX5AAZ78,US
6989a4e910805f5685d6f469,User_A27LKFHOX8D7I5,IT
6989a4e910805f5685d6f46a,User_A1DC9EGE8X7IS8,US
6989a4e910805f5685d6f46b,User_A31OQJ0W96CGV,GB
6989a4e910805f5685d6f46c,User_A17JSYLFT9PM2L,ES
6989a4e910805f5685d6f46d,User_7908,ES
6989a4e910805f5685d6f46e,User_A3EB299LM518W8,IT
6989a4e910805f5685d6f46f,User_A2NU4WC77YNA8H,CA
6989a4e910805f5685d6f470,User_A17E6A58P2VVCG,CA
6989a4e910805f5685d6f471,User_A32HH93JPN3TVV,CA
6989a4e910805f5685d6f472,User_AA53GYZDIHAR6,FR
6989a4e910805f5685d6f473,User_A27Y4Q78YZQH8Y,CA
6989a4e910805f5685d6f474,User_A2CLNAV975OQAU,IT
6989a4e910805f5685d6f475,User_A1ANG2ORVAYSFS,GB
6989a4e910805f5685d6f476,User_A3F9F5YRKKYEBZ,US
6989a4e910805f5685d6f477,User_A2YHSIQQMSK2M6,US
6989a4e910805f5685d6f478,User_A258V5QYUOZL0W,CA
6989a4e910805f5685d6f479,User_A1S4XEG99CYSV4,DE
6989a4e910805f5685d6f47a,User_278089,ES
6989a4e910805f5685d6f47b,User_276878,IT
6989a4e910805f5685d6f47c,User_AGAV8OVAKPX44,GB
6989a4e910805f5685d6f47d,User_A33QSRTNGG8AEG,GB
6989a4e910805f5685d6f47e,User_A1WPQGUYP0XI99,US
6989a4e910805f5685d6f47f,User_7373,GB
6989a4e910805f5685d6f480,User_A1J5KCZC8CMW9I,US
6989a4e910805f5685d6f481,User_ABB7EIYNV6ZW9,ES
6989a4e910805f5685d6f482,User_A2BNRUNT2X918E,GB
6989a4e910805f5685d6f483,User_A1NHAMNU4Q0GPE,CA
6989a4e910805f5685d6f484,User_A2I3D2NX4XKZYJ,ES
6989a4e910805f5685d6f485,User_A36VY8BJ5M6PPH,DE
6989a4e910805f5685d6f486,User_ALF3APB3TGNZW,DE
6989a4e910805f5685d6f487,User_A3VXB5Q0MXD2CF,GB
6989a4e910805f5685d6f488,User_A1AIH99KHYJGGA,DE
6989a4e910805f5685d6f489,User_A2HQAA0AGXIOMI,FR
6989a4e910805f5685d6f48a,User_A30VUMM1U58VPK,ES
6989a4e910805f5685d6f48b,User_A1OIDKENKC62S9,US
6989a4e910805f5685d6f48c,User_AT4YQJO25DATI,IT
6989a4e910805f5685d6f48d,User_ACNSWNPIEBMUL,DE
6989a4e910805f5685d6f48e,User_A2BK6OOC8YNYFI,GB
6989a4e910805f5685d6f48f,User_21895,CA
6989a4e910805f5685d6f490,User_AF45J2V0TVQ2H,CA
6989a4e910805f5685d6f491,User_A1TONARORL4JZD,CA
6989a4e910805f5685d6f492,User_A1AMO8ABMMP2R3,CA
6989a4e910805f5685d6f493,User_16678,CA
6989a4e910805f5685d6f494,User_APN6YHWVHFYSV,IT
6989a4e910805f5685d6f495,User_A1SVBL3O4OAXCB,US
6989a4e910805f5685d6f496,User_278161,GB
6989a4e910805f5685d6f497,User_A16KGSUO4U6F0L,DE
6989a4e910805f5685d6f498,User_12799,US
6989a4e910805f5685d6f499,User_AMA0XXH54XBY,CA
6989a4e910805f5685d6f49a,User_A2D843DMU1Y8MM,GB
6989a4e910805f5685d6f49b,User_4171,GB
6989a4e910805f5685d6f49c,User_A3UHDJDDTVSKLL,FR
6989a4e910805f5685d6f49d,User_A3MQOV6RCF0MEK,US
6989a4e910805f5685d6f49e,User_A2H8RXLITVGBJV,GB
6989a4e910805f5685d6f49f,User_A2C863C1QBI8HX,IT
6989a4e910805f5685d6f4a0,User_A130CFQJVGKGDN,GB
6989a4e910805f5685d6f4a1,User_A2PXU9IGD9BPAD,IT
6989a4e910805f5685d6f4a2,User_ACXUOAW1IUHUI,FR
6989a4e910805f5685d6f4a3,User_A113KA21MQG9W4,US
6989a4e910805f5685d6f4a4,User_A3VHO7VSD0FXZY,GB
6989a4e910805f5685d6f4a5,User_A3AH40H692XNM1,IT
6989a4e910805f5685d6f4a6,User_A2A7SDKIORWKTI,IT
6989a4e910805f5685d6f4a7,User_A33YIDQ133DGX3,FR
6989a4e910805f5685d6f4a8,User_A1QG9TL1QMDVLW,FR
6989a4e910805f5685d6f4a9,User_AOK5QNBIHD4I7,IT
6989a4e910805f5685d6f4aa,User_ALJYB7F2X7U7L,ES
6989a4e910805f5685d6f4ab,User_18254,US
6989a4e910805f5685d6f4ac,User_AFY202NAZ3PO1,ES
6989a4e910805f5685d6f4ad,User_A3SOVCMHQ5QEBB,CA
6989a4e910805f5685d6f4ae,User_A2F0J9D73PR090,FR
6989a4e910805f5685d6f4af,User_A2ZU1QJRWX58MG,DE
6989a4e910805f5685d6f4b0,User_AMBK0ZG8MTM2L,IT
6989a4e910805f5685d6f4b1,User_A2MORKQYZKDKJ9,US
6989a4e910805f5685d6f4b2,User_A27VZ62L3PJJ8N,ES
6989a4e910805f5685d6f4b3,User_A30FTDHX23VCAE,US
6989a4e910805f5685d6f4b4,User_ACX71WUFPITL3,FR
6989a4e910805f5685d6f4b5,User_A1DD0N949AYDTG,IT
6989a4e910805f5685d6f4b6,User_A1XHY0UHGWXW8S,US
6989a4e910805f5685d6f4b7,User_AR9IJQ8LHUXY7,CA
6989a4e910805f5685d6f4b8,User_A34X9EZTTQR7R7,US
6989a4e910805f5685d6f4b9,User_A1GFM0ZKG5PKJJ,GB
6989a4e910805f5685d6f4ba,User_AOZISO1V7MYXI,US
6989a4e910805f5685d6f4bb,User_AURXVPUYSYPQN,GB
6989a4e910805f5685d6f4bc,User_A1JDHIQ653RR5F,ES
6989a4e910805f5685d6f4bd,User_A13N0YX2FPIU3U,US
6989a4e910805f5685d6f4be,User_A2J4K4QR00NWTO,GB
6989a4e910805f5685d6f4bf,User_1948,DE
6989a4e910805f5685d6f4c0,User_A3WZ63N457IKQ,IT
6989a4e910805f5685d6f4c1,User_A3FA0ID2ALFCDF,CA
6989a4e910805f5685d6f4c2,User_A31P2ZG05DNHLF,IT
6989a4e910805f5685d6f4c3,User_AZB8YWWNHEYUL,FR
6989a4e910805f5685d6f4c4,User_A1WV3OHXX4GHO5,GB
6989a4e910805f5685d6f4c5,User_A2VJSUOL3U7YN2,GB
6989a4e910805f5685d6f4c6,User_A2ZXFPZ1XRUHYK,GB
6989a4e910805f5685d6f4c7,User_6643,ES
6989a4e910805f5685d6f4c8,User_A1XBKFTRZ25GF8,US
6989a4e910805f5685d6f4c9,User_A1STE7RT5B7Q3S,US
6989a4e910805f5685d6f4ca,User_A1PJTNYYXQ9EDT,CA
6989a4e910805f5685d6f4cb,User_A2SXV8IJZNT6VW,DE
6989a4e910805f5685d6f4cc,User_AFR6FPVTCYJS9,GB
6989a4e910805f5685d6f4cd,User_A2NI8Y74XRRNN8,US
6989a4e910805f5685d6f4ce,User_AWF44499U4WB2,US
6989a4e910805f5685d6f4cf,User_A33EM6FXIAE4U,GB
6989a4e910805f5685d6f4d0,User_A1AFJQQV3ZDJQA,IT
6989a4e910805f5685d6f4d1,User_A1MS3UJZWBPJE3,IT
6989a4e910805f5685d6f4d2,User_A23JRLGEP9L4AU,FR
6989a4e910805f5685d6f4d3,User_A1RBBVNQRQKU9F,US
6989a4e910805f5685d6f4d4,User_A2SMWZMHGT2LBH,IT
6989a4e910805f5685d6f4d5,User_ALHCY0D2IXXAK,CA
6989a4e910805f5685d6f4d6,User_A2T81GS130R80M,IT
6989a4e910805f5685d6f4d7,User_A3VDEO41R6WEAA,GB
6989a4e910805f5685d6f4d8,User_APGIWWY6N41VB,DE
6989a4e910805f5685d6f4d9,User_AW4KFOMMUAMCZ,CA
6989a4e910805f5685d6f4da,User_A16LR96HZ5UK7Z,GB
6989a4e910805f5685d6f4db,User_A1EE3IEEXMRICC,GB
6989a4e910805f5685d6f4dc,User_APAPKY7QR7UF9,FR
6989a4e910805f5685d6f4dd,User_A3GMORPBPLQPYZ,GB
6989a4e910805f5685d6f4de,User_A65ZCHKBILBTN,US
6989a4e910805f5685d6f4df,User_A2GDP28AAO1KBD,GB
6989a4e910805f5685d6f4e0,User_A1D36RZWTZM19O,DE
6989a4e910805f5685d6f4e1,User_A26F9GBPD7XJ66,ES
6989a4e910805f5685d6f4e2,User_A3LGTAN2WOL42Q,GB
6989a4e910805f5685d6f4e3,User_763,US
6989a4e910805f5685d6f4e4,User_AB5L99EQD2C3U,CA
6989a4e910805f5685d6f4e5,User_A7WUK37G28P3I,US
6989a4e910805f5685d6f4e6,User_AR845QXCIHTT6,DE
6989a4e910805f5685d6f4e7,User_21918,IT
6989a4e910805f5685d6f4e8,User_A3EK4NS9CMXC7W,ES
6989a4e910805f5685d6f4e9,User_A2ND64G4MUV07K,ES
6989a4e910805f5685d6f4ea,User_A2QDJ2HNZXRFJU,US
6989a4e910805f5685d6f4eb,User_A3JUORS2CCJ51X,FR
6989a4e910805f5685d6f4ec,User_A3SY48I9HCVAVC,GB
6989a4e910805f5685d6f4ed,User_A25P3EF0E1W25I,ES
6989a4e910805f5685d6f4ee,User_A2CDUZLI6YYIDY,CA
6989a4e910805f5685d6f4ef,User_ATC2WM08ZF9C1,CA
6989a4e910805f5685d6f4f0,User_A3KRRXPFEAO6V,IT
6989a4e910805f5685d6f4f1,User_19170,ES
6989a4e910805f5685d6f4f2,User_A5R3U8ZSFKAL4,FR
6989a4e910805f5685d6f4f3,User_ASAQZDRE2D63Y,IT
6989a4e910805f5685d6f4f4,User_A1FCMOL6T8PF9I,ES
6989a4e910805f5685d6f4f5,User_A3V2W0GE6XQUPF,FR
6989a4e910805f5685d6f4f6,User_A392EVE5AXH2MG,FR
6989a4e910805f5685d6f4f7,User_A329TKFDXJXM6Y,CA
6989a4e910805f5685d6f4f8,User_11112,IT
6989a4e910805f5685d6f4f9,User_A1ON74ACJIMTP9,DE
6989a4e910805f5685d6f4fa,User_A1565JPXC83F37,ES
6989a4e910805f5685d6f4fb,User_A285RIC11KX01P,CA
6989a4e910805f5685d6f4fc,User_AO7FUP0LH51OW,IT
6989a4e910805f5685d6f4fd,User_A2Q9NK66K01CD0,FR
6989a4e910805f5685d6f4fe,User_A33WJ3UVUMOUSQ,GB
6989a4e910805f5685d6f4ff,User_A3CBLRPMJ2P3Z9,ES
6989a4e910805f5685d6f500,User_AR8A201I1QVTG,GB
6989a4e910805f5685d6f501,User_A23E1FV6M2F0EK,IT
6989a4e910805f5685d6f502,User_21046,GB
6989a4e910805f5685d6f503,User_A2SPWZH2KSOI4D,DE
6989a4e910805f5685d6f504,User_A1MJPLMN54ZNM3,GB
6989a4e910805f5685d6f505,User_A3B7SP726QFLCP,CA
6989a4e910805f5685d6f506,User_1785,US
6989a4e910805f5685d6f507,User_A73LX936QBTEP,ES
6989a4e910805f5685d6f508,User_AA4GLNGUGBA6I,CA
6989a4e910805f5685d6f509,User_14083,IT
6989a4e910805f5685d6f50a,User_3408,CA
6989a4e910805f5685d6f50b,User_A386KG0TQEZSOB,CA
6989a4e910805f5685d6f50c,User_ACIA6FIHM5SOK,FR
6989a4e910805f5685d6f50d,User_A3VOBJQ4UR5ZZ8,GB
6989a4e910805f5685d6f50e,User_A30ADOXEIKWT58,GB
6989a4e910805f5685d6f50f,User_A2BLLZMW72BW2I,GB
6989a4e910805f5685d6f510,User_AY1PGEZ6AZCCR,DE
6989a4e910805f5685d6f511,User_AMM0WNDESCEKG,ES
6989a4e910805f5685d6f512,User_A78X8WX5TRZ6J,US
6989a4e910805f5685d6f513,User_834,US
6989a4e910805f5685d6f514,User_A2F5F3GP4G2Q3B,US
6989a4e910805f5685d6f515,User_A3471UKVUZ7CB1,DE
6989a4e910805f5685d6f516,User_ACN8MUCPIO0HY,DE
6989a4e910805f5685d6f517,User_A2MED7BOXJ17UD,GB
6989a4e910805f5685d6f518,User_A2H9LUUCYE0KJC,CA
6989a4e910805f5685d6f519,User_A24NY8SMBN7M23,DE
6989a4e910805f5685d6f51a,User_17170,ES
6989a4e910805f5685d6f51b,User_A1TDBQ7KQUNPZE,US
6989a4e910805f5685d6f51c,User_A2PQBMZ0MOLKHC,US
6989a4e910805f5685d6f51d,User_A2VN986E5KR1NV,ES
6989a4e910805f5685d6f51e,User_955,ES
6989a4e910805f5685d6f51f,User_A309B18FKBVCOA,CA
6989a4e910805f5685d6f520,User_A34HZKI5W19IQB,US
6989a4e910805f5685d6f521,User_A3NE0TPAXWODOQ,GB
6989a4e910805f5685d6f522,User_A3MY97H7K12DMM,GB
6989a4e910805f5685d6f523,User_A39EQELDSO4S1K,US
6989a4e910805f5685d6f524,User_A13RMEVQGEI3FJ,DE
6989a4e910805f5685d6f525,User_ANALY4XR35Z7D,CA
6989a4e910805f5685d6f526,User_A19JZ0PBGIU4TF,CA
6989a4e910805f5685d6f527,User_A1L8VIPSP6UA7B,DE
6989a4e910805f5685d6f528,User_A7WUNP7F1R96B,FR
6989a4e910805f5685d6f529,User_A1WS2IRQJN10P7,IT
6989a4e910805f5685d6f52a,User_AT3V0XSYZCPAK,GB
6989a4e910805f5685d6f52b,User_12975,GB
6989a4e910805f5685d6f52c,User_AA9WCAL7GLOBF,IT
6989a4e910805f5685d6f52d,User_A22AFCG9CKT5CF,GB
6989a4e910805f5685d6f52e,User_ARO6QUNB6IZIZ,DE
6989a4e910805f5685d6f52f,User_AEX4WGAQ34CIY,GB
6989a4e910805f5685d6f530,User_A3D60EBYOUK6R,US
6989a4e910805f5685d6f531,User_AZ21N8E58IA6E,ES
6989a4e910805f5685d6f532,User_A70CFRN23BLRR,GB
6989a4e910805f5685d6f533,User_A1GT7HXCCFQ3X7,US
6989a4e910805f5685d6f534,User_11971,GB
6989a4e910805f5685d6f535,User_11150,FR
6989a4e910805f5685d6f536,User_A3FXRV52BMA6XJ,FR
6989a4e910805f5685d6f537,User_AKF9NC5JHHVMS,DE
6989a4e910805f5685d6f538,User_A3AO1QJRTW8KQM,IT
6989a4e910805f5685d6f539,User_A3JULY7DR73JUU,GB
6989a4e910805f5685d6f53a,User_A3FEMQW5OE05D9,FR
6989a4e910805f5685d6f53b,User_A1ZLWSQQZ83B66,ES
6989a4e910805f5685d6f53c,User_A29BR4C02A2OMW,GB
6989a4e910805f5685d6f53d,User_A2LZYLCRTXIDPG,CA
6989a4e910805f5685d6f53e,User_A1PG2QLXI9JH9Y,IT
6989a4e910805f5685d6f53f,User_ADWTKD947JTP3,CA
6989a4e910805f5685d6f540,User_A2M4XBWDZNF5C9,ES
6989a4e910805f5685d6f541,User_A1P8YDXB8YS0GS,IT
6989a4e910805f5685d6f542,User_AHDJ6Q2QGL9DM,DE
6989a4e910805f5685d6f543,User_ASPRXDHMTF4X9,CA
6989a4e910805f5685d6f544,User_A9UHULH8GN1VG,CA
6989a4e910805f5685d6f545,User_A3SNT2E30ID6FM,US
6989a4e910805f5685d6f546,User_A1KGK0WZERRVC1,US
6989a4e910805f5685d6f547,User_AD2SIWK06NX7O,DE
6989a4e910805f5685d6f548,User_A3D4AS86R3OGGK,IT
6989a4e910805f5685d6f549,User_A2X4HE21JTAL98,FR
6989a4e910805f5685d6f54a,User_ASEBX8TBYWQWA,US
6989a4e910805f5685d6f54b,User_A12KZLV1TBNAF0,ES
6989a4e910805f5685d6f54c,User_A29PWKADFJZ7RL,GB
6989a4e910805f5685d6f54d,User_A2V3Y2PCAKSBQE,IT
6989a4e910805f5685d6f54e,User_18639,CA
6989a4e910805f5685d6f54f,User_A1IOH9G53ZQL4Y,FR
6989a4e910805f5685d6f550,User_A38HYMIWN9EXOV,IT
6989a4e910805f5685d6f551,User_A592JDESZFMNF,FR
6989a4e910805f5685d6f552,User_A9BKIPOTBE9T2,GB
6989a4e910805f5685d6f553,User_A3CJLJYUUDEP8Z,DE
6989a4e910805f5685d6f554,User_AA42BFHN1I4NL,IT
6989a4e910805f5685d6f555,User_A2WFZ9AR05X7S5,CA
6989a4e910805f5685d6f556,User_AIIWXTTMQJRW1,IT
6989a4e910805f5685d6f557,User_A9C51IEEJTTWR,IT
6989a4e910805f5685d6f558,User_A9MCC9WTQGJV3,ES
6989a4e910805f5685d6f559,User_A3LD1AIPQRATOV,GB
6989a4e910805f5685d6f55a,User_A1K7WB9I13IZQG,DE
6989a4e910805f5685d6f55b,User_A31MC117DDYDSD,US
6989a4e910805f5685d6f55c,User_A6TPHIXWU4Y7K,US
6989a4e910805f5685d6f55d,User_A1H9BKI1AE594Q,CA
6989a4e910805f5685d6f55e,User_AJDNOM7U3AJ5O,US
6989a4e910805f5685d6f55f,User_A2RKXJ9QPOTBZP,ES
6989a4e910805f5685d6f560,User_A1IC06N3OY8X0K,GB
6989a4e910805f5685d6f561,User_A8DQHK2WGLEOK,FR
6989a4e910805f5685d6f562,User_A10ZM7MC3Z7TNU,DE
6989a4e910805f5685d6f563,User_A2ZBQ3SR6UJDXV,GB
6989a4e910805f5685d6f564,User_A3VZL4M7RMKIFT,CA
6989a4e910805f5685d6f565,User_AGAAKNGCP7ZCA,US
6989a4e910805f5685d6f566,User_A2GWWVVWJGZODC,ES
6989a4e910805f5685d6f567,User_A349WUOJY5KFGH,GB
6989a4e910805f5685d6f568,User_AZV6OGQRNDLOT,GB
6989a4e910805f5685d6f569,User_A2RILGGZX7XSIH,CA
6989a4e910805f5685d6f56a,User_A1977ZR4KQYZ4J,ES
6989a4e910805f5685d6f56b,User_AMCRKH8EXCE1W,FR
6989a4e910805f5685d6f56c,User_A35W63B09WQKOJ,IT
6989a4e910805f5685d6f56d,User_AT22F5CLQGPRG,IT
6989a4e910805f5685d6f56e,User_A1H7NWFEOWPINI,IT
6989a4e910805f5685d6f56f,User_AXT3S75U8ND24,FR
6989a4e910805f5685d6f570,User_A3HYUF0V6W1PZC,FR
6989a4e910805f5685d6f571,User_A1141ZQ57K5HZY,GB
6989a4e910805f5685d6f572,User_A24T281QR4MP0C,FR
6989a4e910805f5685d6f573,User_A1XQCZ843HRZXQ,FR
6989a4e910805f5685d6f574,User_A1102KQ10QW213,US
6989a4e910805f5685d6f575,User_A3TZIFL37FOMZE,IT
6989a4e910805f5685d6f576,User_A3SDELECGUYKHX,CA
6989a4e910805f5685d6f577,User_A1TS7YDSEORCZ1,CA
6989a4e910805f5685d6f578,User_AQTM43PL9LAVW,DE
6989a4e910805f5685d6f579,User_A36N63U81W207D,FR
6989a4e910805f5685d6f57a,User_278167,DE
6989a4e910805f5685d6f57b,User_A2Q2F9YT9TA1N5,US
6989a4e910805f5685d6f57c,User_16975,GB
6989a4e910805f5685d6f57d,User_A2M850B7P2UFSZ,GB
6989a4e910805f5685d6f57e,User_ATK7VNVXVU44Z,DE
6989a4e910805f5685d6f57f,User_A3VS7E2W6MKE1A,US
6989a4e910805f5685d6f580,User_A3PYFJN3ADLSN0,DE
6989a4e910805f5685d6f581,User_A5J0FK0IFOEPC,ES
6989a4e910805f5685d6f582,User_A37I34YD5D2JI,FR
6989a4e910805f5685d6f583,User_A1WJ1OG2PYWHJM,US
6989a4e910805f5685d6f584,User_16935,US
6989a4e910805f5685d6f585,User_A25N1MMVEPXU1,ES
6989a4e910805f5685d6f586,User_A38FACH4R3BB6V,US
6989a4e910805f5685d6f587,User_A102PS97JPLYGK,ES
6989a4e910805f5685d6f588,User_A1ONNNIOVSF3DC,CA
6989a4e910805f5685d6f589,User_A1AH59DV8PEELS,DE
6989a4e910805f5685d6f58a,User_A2K5ZYECOCXP7U,US
6989a4e910805f5685d6f58b,User_A22N0P1M6KHQUI,CA
6989a4e910805f5685d6f58c,User_A1P4VZMB4HGS0,GB
6989a4e910805f5685d6f58d,User_AJBOXS9G2O250,DE
6989a4e910805f5685d6f58e,User_A2KJ7SICG3VRYE,DE
6989a4e910805f5685d6f58f,User_A2441CXD8TXS0R,IT
6989a4e910805f5685d6f590,User_23153,US
6989a4e910805f5685d6f591,User_APT4790XVNJLN,ES
6989a4e910805f5685d6f592,User_A2672WJE0ZFN0S,US
6989a4e910805f5685d6f593,User_AAIFO93JJQIU,CA
6989a4e910805f5685d6f594,User_A2J4CQY6D62PRL,DE
6989a4e910805f5685d6f595,User_A2TCTYVWMWY6CZ,US
6989a4e910805f5685d6f596,User_A20UMBXSHLEYCV,CA
6989a4e910805f5685d6f597,User_A1SR3JC91WRK5M,ES
6989a4e910805f5685d6f598,User_ANX3DDV12ZRRU,ES
6989a4e910805f5685d6f599,User_6318,US
6989a4e910805f5685d6f59a,User_A30BMWF395S1II,ES
6989a4e910805f5685d6f59b,User_A2LJWL9SFL8AE2,GB
6989a4e910805f5685d6f59c,User_AAMM2PAJUL762,DE
6989a4e910805f5685d6f59d,User_A33BN2CMNY8X38,IT
6989a4e910805f5685d6f59e,User_A2TG3IME4DGDWQ,DE
6989a4e910805f5685d6f59f,User_A1LUDQ441UNF5H,GB
6989a4e910805f5685d6f5a0,User_A1NNSG2HAJH0ZY,DE
6989a4e910805f5685d6f5a1,User_A3UUDIH2ZTFSXJ,ES
6989a4e910805f5685d6f5a2,User_A2PQL25HJ79ZIS,FR
6989a4e910805f5685d6f5a3,User_A2SR4EZ6J6WG3B,CA
6989a4e910805f5685d6f5a4,User_1140,FR
6989a4e910805f5685d6f5a5,User_ACWU5Z6R5OIVJ,ES
6989a4e910805f5685d6f5a6,User_AG2H8TL25THXY,DE
6989a4e910805f5685d6f5a7,User_19509,FR
6989a4e910805f5685d6f5a8,User_16408,GB
6989a4e910805f5685d6f5a9,User_A3C8QXCLBOQTLW,FR
6989a4e910805f5685d6f5aa,User_A1N8PQA470MQXE,US
6989a4e910805f5685d6f5ab,User_A2WZTP8F3X5CBA,GB
6989a4e910805f5685d6f5ac,User_A9SLH42LA458A,ES
6989a4e910805f5685d6f5ad,User_A31DQ1WETVK5NJ,GB
6989a4e910805f5685d6f5ae,User_AB8R8P4RBQPNQ,GB
6989a4e910805f5685d6f5af,User_15970,US
6989a4e910805f5685d6f5b0,User_AOJ73KXIK8OTT,FR
6989a4e910805f5685d6f5b1,User_AWGXI940K4O53,US
6989a4e910805f5685d6f5b2,User_A33R0L8ON3OMMO,GB
6989a4e910805f5685d6f5b3,User_A2REQE21I2J3M6,CA
6989a4e910805f5685d6f5b4,User_A3P2LBZW7KSHLI,GB
6989a4e910805f5685d6f5b5,User_A2807H0MYJDI73,CA
6989a4e910805f5685d6f5b6,User_A378UFH47A7QQG,DE
6989a4e910805f5685d6f5b7,User_A15W1LNY03IWUQ,ES
6989a4e910805f5685d6f5b8,User_A2VX6CF55PWX8,ES
6989a4e910805f5685d6f5b9,User_14191,US
6989a4e910805f5685d6f5ba,User_AT7CEM6O79NJP,ES
6989a4e910805f5685d6f5bb,User_A2ET9V5JNVFOLY,IT
6989a4e910805f5685d6f5bc,User_A3RNST1XO7PYWS,ES
6989a4e910805f5685d6f5bd,User_AF7VIJTL5KI96,DE
6989a4e910805f5685d6f5be,User_AG40P22HRZ6S6,DE
6989a4e910805f5685d6f5bf,User_A2TG4QNFYB9ZYC,CA
6989a4e910805f5685d6f5c0,User_A28U7ZFYJXE1L4,FR
6989a4e910805f5685d6f5c1,User_11879,US
6989a4e910805f5685d6f5c2,User_AJ7HP3T3MYQJI,GB
6989a4e910805f5685d6f5c3,User_A1H6WXWPBHT1WF,FR
6989a4e910805f5685d6f5c4,User_AJ6H5INQINAFX,US
6989a4e910805f5685d6f5c5,User_A2VG5BIONF343H,US
6989a4e910805f5685d6f5c6,User_A3W4J5AJ7SQZIW,GB
6989a4e910805f5685d6f5c7,User_A2XB7KSWQVEB24,IT
6989a4e910805f5685d6f5c8,User_A3KHNYEU9XMOPN,US
6989a4e910805f5685d6f5c9,User_AIRDRRC6D0MFV,FR
6989a4e910805f5685d6f5ca,User_A2JA9LYSXZES1A,FR
6989a4e910805f5685d6f5cb,User_A1VJNYLBCO8NQ2,US
6989a4e910805f5685d6f5cc,User_A3IPOMSV28CU0P,CA
6989a4e910805f5685d6f5cd,User_278158,FR
6989a4e910805f5685d6f5ce,User_ARBQ7E3YYHN0T,DE
6989a4e910805f5685d6f5cf,User_AKLNTGSHNZCA5,GB
6989a4e910805f5685d6f5d0,User_AX4FR5X73TA81,IT
6989a4e910805f5685d6f5d1,User_2933,ES
6989a4e910805f5685d6f5d2,User_20177,US
6989a4e910805f5685d6f5d3,User_A30SHI5VSQYIR1,FR
6989a4e910805f5685d6f5d4,User_A9QNRILPQC0F7,CA
6989a4e910805f5685d6f5d5,User_ACKZ43G9MZIWR,CA
6989a4e910805f5685d6f5d6,User_12992,DE
6989a4e910805f5685d6f5d7,User_A2VV95TS2ASRWD,DE
6989a4e910805f5685d6f5d8,User_A1Y2GKW6ZAD0DU,US
6989a4e910805f5685d6f5d9,User_A39PMSEBO2QL29,DE
6989a4e910805f5685d6f5da,User_16111,GB
6989a4e910805f5685d6f5db,User_A3BZCYSHCM2046,ES
6989a4e910805f5685d6f5dc,User_19945,GB
6989a4e910805f5685d6f5dd,User_A3B7LWKNORW1DU,ES
6989a4e910805f5685d6f5de,User_A2E18S95NXLG3J,ES
6989a4e910805f5685d6f5df,User_A2SSV2VBR92TR7,US
6989a4e910805f5685d6f5e0,User_22855,IT
6989a4e910805f5685d6f5e1,User_A2LGD1KEMUVPOZ,DE
6989a4e910805f5685d6f5e2,User_AH1RJ0A0G3F95,IT
6989a4e910805f5685d6f5e3,User_A31PI1S4YUTNFB,ES
6989a4e910805f5685d6f5e4,User_1490,ES
6989a4e910805f5685d6f5e5,User_A5Z5S4GITJXBY,GB
6989a4e910805f5685d6f5e6,User_A3AD0KIFB5ENAT,GB
6989a4e910805f5685d6f5e7,User_A21ET9HMSIBO9S,GB
6989a4e910805f5685d6f5e8,User_A2PRZUM1WIYXMD,DE
6989a4e910805f5685d6f5e9,User_A2DPITGOPU6WHL,FR
6989a4e910805f5685d6f5ea,User_A15F64WRIWSPTD,GB
6989a4e910805f5685d6f5eb,User_A1NMM0RDRF6R84,IT
6989a4e910805f5685d6f5ec,User_A2VQBUCM7VJ0LK,DE
6989a4e910805f5685d6f5ed,User_3189,FR
6989a4e910805f5685d6f5ee,User_A1BWIOWG37M2ND,FR
6989a4e910805f5685d6f5ef,User_A1TLIAG035H102,ES
6989a4e910805f5685d6f5f0,User_4878,GB
6989a4e910805f5685d6f5f1,User_ALMEHBLTRYRKJ,IT
6989a4e910805f5685d6f5f2,User_A3OUGDEUS3EIF,GB
6989a4e910805f5685d6f5f3,User_A2JZLKHLZO0MKI,DE
6989a4e910805f5685d6f5f4,User_A336RMKOYDZOJH,ES
6989a4e910805f5685d6f5f5,User_A25GDJ31WLG4U1,US
6989a4e910805f5685d6f5f6,User_A7A2LFHVI2KD,GB
6989a4e910805f5685d6f5f7,User_A16PJWVITLJAJI,FR
6989a4e910805f5685d6f5f8,User_278221,ES
6989a4e910805f5685d6f5f9,User_A1L1ZYOS0YX21P,GB
6989a4e910805f5685d6f5fa,User_A1C0QRTAM2ZW4V,FR
6989a4e910805f5685d6f5fb,User_A268DL8CE1FKPK,GB
6989a4e910805f5685d6f5fc,User_11662,FR
6989a4e910805f5685d6f5fd,User_AP6VPDLGRU7DQ,ES
6989a4e910805f5685d6f5fe,User_A3IBU18LLL18AS,FR
6989a4e910805f5685d6f5ff,User_A1OUP1OPY8P2X3,CA
6989a4e910805f5685d6f600,User_A3TNH6IND3BT99,IT
6989a4e910805f5685d6f601,User_A3T0BW4LK9O1EZ,FR
6989a4e910805f5685d6f602,User_A2CAF6DVZOHMHG,DE
6989a4e910805f5685d6f603,User_A2DP2CVIR7TM1,CA
6989a4e910805f5685d6f604,User_A35J3NPOYVFE2I,ES
6989a4e910805f5685d6f605,User_A22WSUGN8IVD5O,US
6989a4e910805f5685d6f606,User_AUG84ZQ4YMCOL,IT
6989a4e910805f5685d6f607,User_A2TZNX649POPN8,IT
6989a4e910805f5685d6f608,User_21428,FR
6989a4e910805f5685d6f609,User_A1NS6O584WD5FJ,IT
6989a4e910805f5685d6f60a,User_AOY9SZTMNQWAW,FR
6989a4e910805f5685d6f60b,User_A2W5KBV5PT4UPM,ES
6989a4e910805f5685d6f60c,User_A37NP9ZP7PS9ZF,GB
6989a4e910805f5685d6f60d,User_A7D60I4RWMTS8,FR
6989a4e910805f5685d6f60e,User_A10Q8NIFOVOHFV,DE
6989a4e910805f5685d6f60f,User_A3GL86U3XW71EQ,ES
6989a4e910805f5685d6f610,User_ADUDLGVUD1GXN,ES
6989a4e910805f5685d6f611,User_A1O413A6H9MRYH,GB
6989a4e910805f5685d6f612,User_A2J3TB174JKZED,DE
6989a4e910805f5685d6f613,User_A1ZK7HW156U63J,IT
6989a4e910805f5685d6f614,User_A16RU8MUHEAJRM,IT
6989a4e910805f5685d6f615,User_A25VFJYXO3LSVD,US
6989a4e910805f5685d6f616,User_A2EWEJNBQ6PDK9,DE
6989a4e910805f5685d6f617,User_A17LW29RU9334U,US
6989a4e910805f5685d6f618,User_A3A2N6VLHGARAE,DE
6989a4e910805f5685d6f619,User_A338MUWSSBI5YD,DE
6989a4e910805f5685d6f61a,User_A1BY4QE5SEZC7G,FR
6989a4e910805f5685d6f61b,User_ATEZXIAHFZUDQ,DE
6989a4e910805f5685d6f61c,User_A2X4JBA969OXV1,CA
6989a4e910805f5685d6f61d,User_A3KJMX3CTO4EXZ,FR
6989a4e910805f5685d6f61e,User_AQQAHQAKPJWUT,GB
6989a4e910805f5685d6f61f,User_A2ERKR47FCJ9UP,US
6989a4e910805f5685d6f620,User_A1Z1N91U8F7JDK,FR
6989a4e910805f5685d6f621,User_A2X5N5W71CZHKH,IT
6989a4e910805f5685d6f622,User_15190,FR
6989a4e910805f5685d6f623,User_A3R9UTK5U72V03,DE
6989a4e910805f5685d6f624,User_1517,ES
6989a4e910805f5685d6f625,User_17051,DE
6989a4e910805f5685d6f626,User_A18JV6UQ5Z8YZE,DE
6989a4e910805f5685d6f627,User_A1MD9AEU9C4WJN,GB
6989a4e910805f5685d6f628,User_A368S3SPCKNAI7,IT
6989a4e910805f5685d6f629,User_278479,CA
6989a4e910805f5685d6f62a,User_A2401J2QH42N4G,DE
6989a4e910805f5685d6f62b,User_9615,DE
6989a4e910805f5685d6f62c,User_A1PO5E1NZRXG1J,CA
6989a4e910805f5685d6f62d,User_AHTRJ7DESVW2B,GB
6989a4e910805f5685d6f62e,User_A293UBA80BWN1J,CA
6989a4e910805f5685d6f62f,User_A2P3A3CTZLYLEJ,IT
6989a4e910805f5685d6f630,User_13066,FR
6989a4e910805f5685d6f631,User_A1GONZN6SC1C29,ES
6989a4e910805f5685d6f632,User_A2Q68CSQYPAKST,FR
6989a4e910805f5685d6f633,User_A3UJ50L3ST5G95,GB
6989a4e910805f5685d6f634,User_A1Y0WPL4ZYFEEZ,ES
6989a4e910805f5685d6f635,User_A38VAF4S1DARTN,US
6989a4e910805f5685d6f636,User_APGKLF7UUZ733,CA
6989a4e910805f5685d6f637,User_A2HEEBN9QJWP00,IT
6989a4e910805f5685d6f638,User_AUZWHX8N0JVOU,ES
6989a4e910805f5685d6f639,User_AHTC40HQKBTJM,IT
6989a4e910805f5685d6f63a,User_A3E999C2MROR09,DE
6989a4e910805f5685d6f63b,User_A3PNRNZDQGACKZ,US
6989a4e910805f5685d6f63c,User_AX84KD7DQY8TI,DE
6989a4e910805f5685d6f63d,User_ARG7WTYP8L66M,IT
6989a4e910805f5685d6f63e,User_A30IZSYFQ21CVY,US
6989a4e910805f5685d6f63f,User_3694,US
6989a4e910805f5685d6f640,User_A2O1RM3MWZDF4L,ES
6989a4e910805f5685d6f641,User_A24IA3AVBZMDCX,IT
6989a4e910805f5685d6f642,User_A25MZ7A5A4I6Z5,FR
6989a4e910805f5685d6f643,User_A19WTUQI42GVOL,IT
6989a4e910805f5685d6f644,User_A3IRB8IDDVVNJ8,DE
6989a4e910805f5685d6f645,User_A1RSWUG56VDOA6,FR
6989a4e910805f5685d6f646,User_ASH5XJ6RGRVKC,ES
6989a4e910805f5685d6f647,User_ADLEMNG39F913,CA
6989a4e910805f5685d6f648,User_5207,CA
6989a4e910805f5685d6f649,User_AN560AP1HH0U1,DE
6989a4e910805f5685d6f64a,User_A2LJL3LMLQLTEO,ES
6989a4e910805f5685d6f64b,User_ACD3KEYPN9YE,ES
6989a4e910805f5685d6f64c,User_A1LD711MXT5YU1,ES
6989a4e910805f5685d6f64d,User_A18B7Y92W85TFN,US
6989a4e910805f5685d6f64e,User_A1MR32JEGHQ710,IT
6989a4e910805f5685d6f64f,User_ASOJUBRHQI1DW,CA
6989a4e910805f5685d6f650,User_A3PAJQBTTY8LME,DE
6989a4e910805f5685d6f651,User_A2MK8DFF48ZTQE,CA
6989a4e910805f5685d6f652,User_A3C4VSLX0MHEQC,IT
6989a4e910805f5685d6f653,User_A2ONU509N6M3Q4,DE
6989a4e910805f5685d6f654,User_22359,US
6989a4e910805f5685d6f655,User_A2MWPA86GG8WT7,CA
6989a4e910805f5685d6f656,User_A1Z63YWT5J4RK1,DE
6989a4e910805f5685d6f657,User_A2SZ4YLHLUH1B1,CA
6989a4e910805f5685d6f658,User_A32ZK9BDQI4Z1Z,CA
6989a4e910805f5685d6f659,User_A1NVW4NUXPOSJB,ES
6989a4e910805f5685d6f65a,User_AWKNYHEA5SCUT,GB
6989a4e910805f5685d6f65b,User_A27X6ZGIHD7T0U,FR
6989a4e910805f5685d6f65c,User_A1NV0QT5DB4UOW,ES
6989a4e910805f5685d6f65d,User_A4G2O3L51WA3N,US
6989a4e910805f5685d6f65e,User_16041,GB
6989a4e910805f5685d6f65f,User_A3OMJ4HJCS5733,ES
6989a4e910805f5685d6f660,User_A1LY4JLMR6M5P6,GB
6989a4e910805f5685d6f661,User_A29N88WAYLF1GW,GB
6989a4e910805f5685d6f662,User_A2I6GZSP1729E3,US
6989a4e910805f5685d6f663,User_A299V0RMRD2YTR,IT
6989a4e910805f5685d6f664,User_A2Y5VVZ6CRWXPF,DE
6989a4e910805f5685d6f665,User_A3HOVH0077HJAT,US
6989a4e910805f5685d6f666,User_A17TDKMQSRKAL1,ES
6989a4e910805f5685d6f667,User_AAY1YLTKK4JC7,GB
6989a4e910805f5685d6f668,User_ARZGE01P26J8X,DE
6989a4e910805f5685d6f669,User_A3PGBV9CP46Z81,CA
6989a4e910805f5685d6f66a,User_A3PGK6WZFNPS5I,US
6989a4e910805f5685d6f66b,User_A2C23CBL0J7FXI,US
6989a4e910805f5685d6f66c,User_A1PDS0SS3OIDKU,DE
6989a4e910805f5685d6f66d,User_AX7K1MZ87WQBR,DE
6989a4e910805f5685d6f66e,User_A1FXPPLCLEVHKI,ES
6989a4e910805f5685d6f66f,User_A3Q9IYLRD834VN,ES
6989a4e910805f5685d6f670,User_AN94QRHSY3XFW,CA
6989a4e910805f5685d6f671,User_AGK2KFRXDESNQ,CA
6989a4e910805f5685d6f672,User_A2317BDHGEQPDS,ES
6989a4e910805f5685d6f673,User_A2CNVVRL6ADOSD,DE
6989a4e910805f5685d6f674,User_A2BWSTECHOGO0P,DE
6989a4e910805f5685d6f675,User_A2GHS3CMBU49EQ,FR
6989a4e910805f5685d6f676,User_A2VYJNFHL0793D,CA
6989a4e910805f5685d6f677,User_A39N9Q09PJH5DR,DE
6989a4e910805f5685d6f678,User_278637,IT
6989a4e910805f5685d6f679,User_ASRI5TA1KDYLT,US
6989a4e910805f5685d6f67a,User_A346Q7G40L4LNK,IT
6989a4e910805f5685d6f67b,User_A30I2CC1BIDMIO,US
6989a4e910805f5685d6f67c,User_A1VK6K6XXSD27L,US
6989a4e910805f5685d6f67d,User_A1OQMHGCBO7V1K,US
6989a4e910805f5685d6f67e,User_A2OFFL8IJ2QPN8,CA
6989a4e910805f5685d6f67f,User_APN7XAK3LSNKB,ES
6989a4e910805f5685d6f680,User_A2M0EOSSQ4P26Z,IT
6989a4e910805f5685d6f681,User_AVDWQFTYSFO0A,DE
6989a4e910805f5685d6f682,User_A1DTV491WW7T00,CA
6989a4e910805f5685d6f683,User_A1JV5W5FJCP4AU,GB
6989a4e910805f5685d6f684,User_A1VMOKKM3MKLZH,CA
6989a4e910805f5685d6f685,User_AUWAW8ZENYTLH,CA
6989a4e910805f5685d6f686,User_AEX0GVYOWRDW9,DE
6989a4e910805f5685d6f687,User_AWOF9QV4LKZGH,ES
6989a4e910805f5685d6f688,User_AOX5YBUUAPDJH,GB
6989a4e910805f5685d6f689,User_A1DU0JGPJZZUU6,DE
6989a4e910805f5685d6f68a,User_AYUH88DFOUTLZ,ES
6989a4e910805f5685d6f68b,User_A2PMCVAQC09I51,IT
6989a4e910805f5685d6f68c,User_A11CX3F2ATKM61,DE
6989a4e910805f5685d6f68d,User_A2RCAYT7QXBV0J,DE
6989a4e910805f5685d6f68e,User_A2ZMHKTDVXGALE,FR
6989a4e910805f5685d6f68f,User_AYLVD2RUJSUXS,FR
6989a4e910805f5685d6f690,User_ANDMJLK4KPMYE,DE
6989a4e910805f5685d6f691,User_20066,GB
6989a4e910805f5685d6f692,User_A3NG2AE1FW6HDO,FR
6989a4e910805f5685d6f693,User_A2E3ZQNCAEM8L7,US
6989a4e910805f5685d6f694,User_A2DE8KV26J0140,FR
6989a4e910805f5685d6f695,User_A15HZS9RVI9ZXO,IT
6989a4e910805f5685d6f696,User_A2GMNVN0FG1W9K,FR
6989a4e910805f5685d6f697,User_A319OJDZPHFGEC,US
6989a4e910805f5685d6f698,User_A1B9CB0YT5VVAW,CA
6989a4e910805f5685d6f699,User_A3PDJR39RYE6Q0,CA
6989a4e910805f5685d6f69a,User_A33WU6HHAURT8A,GB
6989a4e910805f5685d6f69b,User_A6ZVCQFYP2KVQ,DE
6989a4e910805f5685d6f69c,User_A3LLOKBL30L8A5,IT
6989a4e910805f5685d6f69d,User_A1K2ADRM6S7ILR,CA
6989a4e910805f5685d6f69e,User_8878,CA
6989a4e910805f5685d6f69f,User_A1MEZCK7EQJBM8,DE
6989a4e910805f5685d6f6a0,User_277243,ES
6989a4e910805f5685d6f6a1,User_AYS5T1CS3U5IL,GB
6989a4e910805f5685d6f6a2,User_A3PKX1M9LQG1NN,US
6989a4e910805f5685d6f6a3,User_A2N6QECXVK6X13,GB
6989a4e910805f5685d6f6a4,User_A2QGVGEWLPTVW6,US
6989a4e910805f5685d6f6a5,User_A1AJVD7B9L4URB,CA
6989a4e910805f5685d6f6a6,User_A25Y8B8CYPUDOP,DE
6989a4e910805f5685d6f6a7,User_A2AQIAYHAP84KZ,ES
6989a4e910805f5685d6f6a8,User_ALIWX1P2QZUN9,GB
6989a4e910805f5685d6f6a9,User_A2AU9E0IMXFR5P,IT
6989a4e910805f5685d6f6aa,User_A2GYA0MBUKBQLS,GB
6989a4e910805f5685d6f6ab,User_11855,US
6989a4e910805f5685d6f6ac,User_A1QU5YYGQNVY6,US
6989a4e910805f5685d6f6ad,User_A9OO3V2MNOBXN,GB
6989a4e910805f5685d6f6ae,User_15370,FR
6989a4e910805f5685d6f6af,User_A1HUC93YGTGESK,FR
6989a4e910805f5685d6f6b0,User_A3EH5PHVGT1N7E,IT
6989a4e910805f5685d6f6b1,User_A2CB21LJND26AQ,CA
6989a4e910805f5685d6f6b2,User_A3FZX8UBI0UFMU,CA
6989a4e910805f5685d6f6b3,User_A3I4V55WHZK2O1,IT
6989a4e910805f5685d6f6b4,User_A1QL9NPK2XFOCP,DE
6989a4e910805f5685d6f6b5,User_A55SU25YYQT17,FR
6989a4e910805f5685d6f6b6,User_A34ESR81PHZ8RV,CA
6989a4e910805f5685d6f6b7,User_A3HSQEOJQGCMP0,GB
6989a4e910805f5685d6f6b8,User_A3C5DN5Y72H0AO,IT
6989a4e910805f5685d6f6b9,User_A2J6DZY4XLGB54,GB
6989a4e910805f5685d6f6ba,User_A36QBOA4Q9EWJA,ES
6989a4e910805f5685d6f6bb,User_A1K5ITSI5AIPXK,DE
6989a4e910805f5685d6f6bc,User_A175VGZQ0YVW9A,CA
6989a4e910805f5685d6f6bd,User_A1T4OQAWXTT3XZ,IT
6989a4e910805f5685d6f6be,User_A2O77FOZDYWBRI,GB
6989a4e910805f5685d6f6bf,User_ANO4MFPWJBHWJ,CA
6989a4e910805f5685d6f6c0,User_A1K9JRAMUUMHIH,GB
6989a4e910805f5685d6f6c1,User_7265,GB
6989a4e910805f5685d6f6c2,User_21649,ES
6989a4e910805f5685d6f6c3,User_AOZT2QHQ1O45D,US
6989a4e910805f5685d6f6c4,User_A1Y14C7A1MK30B,FR
6989a4e910805f5685d6f6c5,User_9432,IT
6989a4e910805f5685d6f6c6,User_A1C9DWW74IOE3Z,FR
6989a4e910805f5685d6f6c7,User_AEWE26WSKQCQB,US
6989a4e910805f5685d6f6c8,User_AL368J1KDU3WW,FR
6989a4e910805f5685d6f6c9,User_A1FC4QLIU01PRE,GB
6989a4e910805f5685d6f6ca,User_A3UZXXFSI93CZA,GB
6989a4e910805f5685d6f6cb,User_AN0UEUQL5X222,IT
6989a4e910805f5685d6f6cc,User_A1QW5CH2MZ2AXY,GB
6989a4e910805f5685d6f6cd,User_A2JQ2UCBJY45JM,ES
6989a4e910805f5685d6f6ce,User_A3T2ZPA4RLRHEH,DE
6989a4e910805f5685d6f6cf,User_AC7WE5VICEQIQ,DE
6989a4e910805f5685d6f6d0,User_AE2H9M2LZJXQN,DE
6989a4e910805f5685d6f6d1,User_22720,DE
6989a4e910805f5685d6f6d2,User_A20C3Y0TCWBGBW,FR
6989a4e910805f5685d6f6d3,User_7009,CA
6989a4e910805f5685d6f6d4,User_AAA9XEKBIS3O7,CA
6989a4e910805f5685d6f6d5,User_A2OWFRFAEJ65HD,GB
6989a4e910805f5685d6f6d6,User_A3BS2MSCSLJEAJ,FR
6989a4e910805f5685d6f6d7,User_10688,GB
6989a4e910805f5685d6f6d8,User_A1MTWGF1H69OVJ,ES
6989a4e910805f5685d6f6d9,User_AUQW6UEZFC7B2,GB
6989a4e910805f5685d6f6da,User_AVXLR399ZBX6R,ES
6989a4e910805f5685d6f6db,User_A325VUMXLZPTNR,US
6989a4e910805f5685d6f6dc,User_A379ZYZWV2YLLR,US
6989a4e910805f5685d6f6dd,User_A30MN46HXJGDHW,CA
6989a4e910805f5685d6f6de,User_A2W0XCWOK3MW6F,CA
6989a4e910805f5685d6f6df,User_A3RU8CXVUJLHXP,US
6989a4e910805f5685d6f6e0,User_A2BEF871JWXITQ,US
6989a4e910805f5685d6f6e1,User_A2HAVD6WJQU4C2,CA
6989a4e910805f5685d6f6e2,User_A3A6U0N7HSNX9Y,DE
6989a4e910805f5685d6f6e3,User_A2JAG8EKQFKARN,US
6989a4e910805f5685d6f6e4,User_A27JKOZCQBOE5L,CA
6989a4e910805f5685d6f6e5,User_A12X2XB2EBVUP,US
6989a4e910805f5685d6f6e6,User_A10XQB3F2CNVEP,IT
6989a4e910805f5685d6f6e7,User_A12R6ZRQLC48TU,CA
6989a4e910805f5685d6f6e8,User_A37GRFP6VMUXKT,IT
6989a4e910805f5685d6f6e9,User_A1ASSSDBVCMVTD,ES
6989a4e910805f5685d6f6ea,User_A1MU8Z4JE4PH8X,FR
6989a4e910805f5685d6f6eb,User_A2JX868GM8BRBF,CA
6989a4e910805f5685d6f6ec,User_277562,CA
6989a4e910805f5685d6f6ed,User_A2SQBV59KY0BAN,ES
6989a4e910805f5685d6f6ee,User_A3B6FOHAAOL7G3,FR
6989a4e910805f5685d6f6ef,User_AGCOCRW8A56U8,US
6989a4e910805f5685d6f6f0,User_A1ZY52Q39UXSQN,US
6989a4e910805f5685d6f6f1,User_A36Z1Q5710MA25,DE
6989a4e910805f5685d6f6f2,User_A3O3HKJ44WWV46,FR
6989a4e910805f5685d6f6f3,User_AMU1IWV06E4CI,IT
6989a4e910805f5685d6f6f4,User_A3J06L4I9ETIIM,CA
6989a4e910805f5685d6f6f5,User_A36DPJTXKEJX2Y,ES
6989a4e910805f5685d6f6f6,User_A1NDVUZDHUVWP6,GB
6989a4e910805f5685d6f6f7,User_A2OX2TU8DORKT,CA
6989a4e910805f5685d6f6f8,User_A1NX6B7MXRE6X4,IT
6989a4e910805f5685d6f6f9,User_A3317FP9VM8DXC,DE
6989a4e910805f5685d6f6fa,User_A1IK3AFKFORHR5,GB
6989a4e910805f5685d6f6fb,User_A8K8WDF23TXY1,US
6989a4e910805f5685d6f6fc,User_A1PCD5ZN8AWFFB,GB
6989a4e910805f5685d6f6fd,User_4363,US
6989a4e910805f5685d6f6fe,User_18648,FR
6989a4e910805f5685d6f6ff,User_A2FCPM6HFY06YB,GB
6989a4e910805f5685d6f700,User_A3P13WKN1SPDBI,DE
6989a4e910805f5685d6f701,User_A3MOYRJ5KTSENC,GB
6989a4e910805f5685d6f702,User_AMBP2EK9W5N33,US
6989a4e910805f5685d6f703,User_A2G09FPOF4VD9N,IT
6989a4e910805f5685d6f704,User_277915,DE
6989a4e910805f5685d6f705,User_AODIZFKXZZN8R,ES
6989a4e910805f5685d6f706,User_AE0SZLZGQTEC2,US
6989a4e910805f5685d6f707,User_A1YENIF0NR5TM1,ES
6989a4e910805f5685d6f708,User_A2AQHF27QIE79Y,IT
6989a4e910805f5685d6f709,User_276992,IT
6989a4e910805f5685d6f70a,User_A2Y2OBGFZ8R8L3,US
6989a4e910805f5685d6f70b,User_A3V5Q2SMYZMST0,ES
6989a4e910805f5685d6f70c,User_19132,IT
6989a4e910805f5685d6f70d,User_A3N070S2AV230Q,CA
6989a4e910805f5685d6f70e,User_A3J7F123W2EDQ8,US
6989a4e910805f5685d6f70f,User_A14WP7N026MKVH,GB
6989a4e910805f5685d6f710,User_A22F3BWM7RAHDA,IT
6989a4e910805f5685d6f711,User_21425,CA
6989a4e910805f5685d6f712,User_A2QW4U3XPSXU7C,CA
6989a4e910805f5685d6f713,User_A3SVBXX2VGA8MZ,GB
6989a4e910805f5685d6f714,User_A1Y8M4YX7Z879U,FR
6989a4e910805f5685d6f715,User_A2VIS3XU8Z4PCY,IT
6989a4e910805f5685d6f716,User_A3LG5UGS7N5B88,US
6989a4e910805f5685d6f717,User_A3II9N92YKPIPV,DE
6989a4e910805f5685d6f718,User_A2E9WSC35DSI7J,ES
6989a4e910805f5685d6f719,User_20584,CA
6989a4e910805f5685d6f71a,User_A2YQ36Q440NKQ1,FR
6989a4e910805f5685d6f71b,User_A2ZLO5CBYYXA86,GB
6989a4e910805f5685d6f71c,User_A28NRFH4YVA091,CA
6989a4e910805f5685d6f71d,User_A2GI20VFVV99HT,IT
6989a4e910805f5685d6f71e,User_A2KX5HDL7QXESP,FR
6989a4e910805f5685d6f71f,User_A24GFY7Q1JIN7C,IT
6989a4e910805f5685d6f720,User_ATFNKDX7MZX24,GB
6989a4e910805f5685d6f721,User_A3PK971R04XQAX,ES
6989a4e910805f5685d6f722,User_A3PAE6CR24XA6T,DE
6989a4e910805f5685d6f723,User_A257IREYZMFAHJ,CA
6989a4e910805f5685d6f724,User_A1OOQ4RI0PP9GZ,GB
6989a4e910805f5685d6f725,User_A2D83GUPD1472K,GB
6989a4e910805f5685d6f726,User_3323,DE
6989a4e910805f5685d6f727,User_A26NMQGGLUZQDO,CA
6989a4e910805f5685d6f728,User_15476,FR
6989a4e910805f5685d6f729,User_AN2MKV62BREXE,CA
6989a4e910805f5685d6f72a,User_A33MYKMFZW0VDP,US
6989a4e910805f5685d6f72b,User_A1VUPZGJ9W1YA1,DE
6989a4e910805f5685d6f72c,User_A1T5D35Q310FY3,DE
6989a4e910805f5685d6f72d,User_A262NK9F7TL6PU,FR
6989a4e910805f5685d6f72e,User_AATR6Q785AJAO,US
6989a4e910805f5685d6f72f,User_AM9SVF7W2617G,DE
6989a4e910805f5685d6f730,User_A1WZS0O8DUVZK1,DE
6989a4e910805f5685d6f731,User_277828,IT
6989a4e910805f5685d6f732,User_A38DQSG0YHE4D7,DE
6989a4e910805f5685d6f733,User_19732,DE
6989a4e910805f5685d6f734,User_A4G08GY0QFU4R,ES
6989a4e910805f5685d6f735,User_A3BSZOUWN2J52N,FR
6989a4e910805f5685d6f736,User_A1FBMKRBJ97VE,GB
6989a4e910805f5685d6f737,User_A1G6RXCACLIELJ,FR
6989a4e910805f5685d6f738,User_AHO3GZPAGYD5N,DE
6989a4e910805f5685d6f739,User_22776,IT
6989a4e910805f5685d6f73a,User_A1RGM9SNWWMJS2,DE
6989a4e910805f5685d6f73b,User_A3HTJFFFH9K05N,CA
6989a4e910805f5685d6f73c,User_A2T7HC50PI82CW,FR
6989a4e910805f5685d6f73d,User_A1EWQHBOG8YTYM,IT
6989a4e910805f5685d6f73e,User_A16LYV97GWDCN6,FR
6989a4e910805f5685d6f73f,User_A3DN91HKGA16L,ES
6989a4e910805f5685d6f740,User_A1580DQQRMEM9E,CA
6989a4e910805f5685d6f741,User_A2BQCYUQBIMQUO,ES
6989a4e910805f5685d6f742,User_ACQOJP176RBEW,DE
6989a4e910805f5685d6f743,User_A2KOYRQOCFTCW,DE
6989a4e910805f5685d6f744,User_A1AUUUUCZIUCXX,IT
6989a4e910805f5685d6f745,User_AASJYZIAOX4DH,DE
6989a4e910805f5685d6f746,User_ADHNQZMJA9X87,ES
6989a4e910805f5685d6f747,User_4518,CA
6989a4e910805f5685d6f748,User_A2W8L0BA7I7Z1R,FR
6989a4e910805f5685d6f749,User_ACIK4IKT8STUU,CA
6989a4e910805f5685d6f74a,User_AP8D74QD9LUUL,GB
6989a4e910805f5685d6f74b,User_A1XHK8COWBZ34F,FR
6989a4e910805f5685d6f74c,User_A2TWXIAFCL11V7,ES
6989a4e910805f5685d6f74d,User_A2FYK4HWXZRLPN,US
6989a4e910805f5685d6f74e,User_A3L3FXF9KE2JLP,GB
6989a4e910805f5685d6f74f,User_A1NZC71O5HT9YZ,IT
6989a4e910805f5685d6f750,User_A27IA8AH033AF9,IT
6989a4e910805f5685d6f751,User_A2FRIASHSM1NLN,DE
6989a4e910805f5685d6f752,User_A3NFEMML0MFEZK,FR
6989a4e910805f5685d6f753,User_A9GSVJCJ742XB,ES
6989a4e910805f5685d6f754,User_A8G9GETA2OLMZ,ES
6989a4e910805f5685d6f755,User_A9OBC1NID2WID,CA
6989a4e910805f5685d6f756,User_A35N7VSTSET9TV,DE
6989a4e910805f5685d6f757,User_A21BMHMVYIDNEO,FR
6989a4e910805f5685d6f758,User_A26TWY9AD935HC,ES
6989a4e910805f5685d6f759,User_A3RBRFFNAB2UWC,US
6989a4e910805f5685d6f75a,User_A1D3IRSJ39OP26,US
6989a4e910805f5685d6f75b,User_A508B5J07545G,ES
6989a4e910805f5685d6f75c,User_A2FNVMRE332MXP,DE
6989a4e910805f5685d6f75d,User_A3ILYE1ZM1UBGD,CA
6989a4e910805f5685d6f75e,User_A1BVQ86DI5ICYJ,ES
6989a4e910805f5685d6f75f,User_A1NFCHJ8ZR4362,ES
6989a4e910805f5685d6f760,User_A25IRMHWUZ60IT,ES
6989a4e910805f5685d6f761,User_A16HDU0RAXVBHV,IT
6989a4e910805f5685d6f762,User_AN5NVBRN3ON9J,ES
6989a4e910805f5685d6f763,User_ADKZ9W8ZABB2C,DE
6989a4e910805f5685d6f764,User_A1DBR52KKT3MKC,DE
6989a4e910805f5685d6f765,User_A32HGG3JTFKQ03,US
6989a4e910805f5685d6f766,User_278831,FR
6989a4e910805f5685d6f767,User_A3DKPFBD3X3QCG,FR
6989a4e910805f5685d6f768,User_15387,GB
6989a4e910805f5685d6f769,User_A1SR2L4S3GXAFK,DE
6989a4e910805f5685d6f76a,User_A39Y50TM9SVKYD,ES
6989a4e910805f5685d6f76b,User_14452,ES
6989a4e910805f5685d6f76c,User_A1VGBF6COR3SIA,US
6989a4e910805f5685d6f76d,User_A3SE2BNI823QBO,DE
6989a4e910805f5685d6f76e,User_A3Q4T0TJM1VZMR,DE
6989a4e910805f5685d6f76f,User_ATHYHNZ7DLJF9,ES
6989a4e910805f5685d6f770,User_A2SECCTYYRTC22,US
6989a4e910805f5685d6f771,User_21800,CA
6989a4e910805f5685d6f772,User_A31WVZ3YAOIXYQ,US
6989a4e910805f5685d6f773,User_11621,FR
6989a4e910805f5685d6f774,User_A2CSJTRT22ST3S,FR
6989a4e910805f5685d6f775,User_5396,FR
6989a4e910805f5685d6f776,User_AVRMM77OJ94TK,ES
6989a4e910805f5685d6f777,User_A3D9OCZKZKH4GK,IT
6989a4e910805f5685d6f778,User_A1RMMEC7K824XH,DE
6989a4e910805f5685d6f779,User_A2WMYZU3UCI8U0,CA
6989a4e910805f5685d6f77a,User_A2PY7VZCF5J4NS,GB
6989a4e910805f5685d6f77b,User_A250XF8LUNDBR3,ES
6989a4e910805f5685d6f77c,User_A1PCXTYXKIMX81,IT
6989a4e910805f5685d6f77d,User_A2T14X4XOVXBTL,GB
6989a4e910805f5685d6f77e,User_18020,ES
6989a4e910805f5685d6f77f,User_19962,US
6989a4e910805f5685d6f780,User_A3DEU3ATG4LA38,ES
6989a4e910805f5685d6f781,User_23237,CA
6989a4e910805f5685d6f782,User_AZT5NCYHKVATF,DE
6989a4e910805f5685d6f783,User_A1J2CCYYZL6QD,ES
6989a4e910805f5685d6f784,User_AI1Y6D90W5SSH,FR
6989a4e910805f5685d6f785,User_A3D5JK8O6L4OVL,ES
6989a4e910805f5685d6f786,User_A2FUP5EG2XVEB1,CA
6989a4e910805f5685d6f787,User_A23XQ5HHEQQR0I,GB
6989a4e910805f5685d6f788,User_A3JLDH3CWA8JBE,IT
6989a4e910805f5685d6f789,User_AAEFRMTXG0MWN,FR
6989a4e910805f5685d6f78a,User_A9LCL2NOEKEHJ,US
6989a4e910805f5685d6f78b,User_A1S5730H97QOLG,GB
6989a4e910805f5685d6f78c,User_A3LGBEFEMWIKFJ,US
6989a4e910805f5685d6f78d,User_AIBC1I04CFAY,GB
6989a4e910805f5685d6f78e,User_A1K73RP6NQOZJ6,GB
6989a4e910805f5685d6f78f,User_A34BYK8M3TUP4T,IT
6989a4e910805f5685d6f790,User_A1Q4ZU2Y929N0A,GB
6989a4e910805f5685d6f791,User_A209CHFI17ER64,ES
6989a4e910805f5685d6f792,User_AW1G56OPLNI1E,CA
6989a4e910805f5685d6f793,User_A1EB2BH7WONIG6,GB
6989a4e910805f5685d6f794,User_A1JHR3ZOSYSQ9R,US
6989a4e910805f5685d6f795,User_10619,US
6989a4e910805f5685d6f796,User_A2LFU8ZS336W1F,DE
6989a4e910805f5685d6f797,User_A2NHD7LUXVGTD3,ES
6989a4e910805f5685d6f798,User_276788,ES
6989a4e910805f5685d6f799,User_A1PIBVH50YUAOD,ES
6989a4e910805f5685d6f79a,User_A1TOZ6PJ1GATOA,FR
6989a4e910805f5685d6f79b,User_A1DPP8TXDCHCDN,US
6989a4e910805f5685d6f79c,User_1555,CA
6989a4e910805f5685d6f79d,User_A3EQLHGOIYD4Y2,GB
6989a4e910805f5685d6f79e,User_A3A7F6PVNEP144,GB
6989a4e910805f5685d6f79f,User_A2G000SEEVATK2,GB
6989a4e910805f5685d6f7a0,User_A2EJBUNE4BRCIB,US
6989a4e910805f5685d6f7a1,User_14058,FR
6989a4e910805f5685d6f7a2,User_A1OKF2EHUZPIYA,IT
6989a4e910805f5685d6f7a3,User_A2OL90FQNY5EWR,IT
6989a4e910805f5685d6f7a4,User_A26W10N6HVB0ZY,GB
6989a4e910805f5685d6f7a5,User_ARM5RUX01YC8T,US
6989a4e910805f5685d6f7a6,User_A1VJ63E1GYDMLN,FR
6989a4e910805f5685d6f7a7,User_A2NH2BQ7KWX0CG,DE
6989a4e910805f5685d6f7a8,User_A2UYT0HVCPWWL8,IT
6989a4e910805f5685d6f7a9,User_AXYTHPN5K21NL,GB
6989a4e910805f5685d6f7aa,User_A2BXHEI2WJH3XZ,CA
6989a4e910805f5685d6f7ab,User_AOITR2RJZE9CM,ES
6989a4e910805f5685d6f7ac,User_A1ASQWX4SH72A6,US
6989a4e910805f5685d6f7ad,User_A2V9S3MCHCXJGF,US
6989a4e910805f5685d6f7ae,User_A13DU4P8V5GRW9,CA
6989a4e910805f5685d6f7af,User_A715BLILOAT1C,CA
6989a4e910805f5685d6f7b0,User_AQ9GMZIW417FR,US
6989a4e910805f5685d6f7b1,User_A11OIAG3LGTCEH,FR
6989a4e910805f5685d6f7b2,User_7744,IT
6989a4e910805f5685d6f7b3,User_A1UIHGR897YOQ4,GB
6989a4e910805f5685d6f7b4,User_ASE10U0290M30,FR
6989a4e910805f5685d6f7b5,User_A2T20OJTW1MDJN,ES
6989a4e910805f5685d6f7b6,User_17949,ES
6989a4e910805f5685d6f7b7,User_A164EASASWIY2X,GB
6989a4e910805f5685d6f7b8,User_8855,IT
6989a4e910805f5685d6f7b9,User_A3OFNRMQBCU8CF,GB
6989a4e910805f5685d6f7ba,User_13429,CA
6989a4e910805f5685d6f7bb,User_AY7YKVZD1ZY2F,US
6989a4e910805f5685d6f7bc,User_A2NJZQ7C3C1K7H,CA
6989a4e910805f5685d6f7bd,User_A28G2XRL2YZ8PO,IT
6989a4e910805f5685d6f7be,User_A2ME5NUYH4UZC7,DE
6989a4e910805f5685d6f7bf,User_A3J6QLPAPRGS16,FR
6989a4e910805f5685d6f7c0,User_ADR87C1AW147D,ES
6989a4e910805f5685d6f7c1,User_A1RFEXFQAYUPAV,GB
6989a4e910805f5685d6f7c2,User_A3IJDDGOQLO8F7,IT
6989a4e910805f5685d6f7c3,User_A2KJVCE8GF30I3,IT
6989a4e910805f5685d6f7c4,User_A2PB8NW2BB89SG,ES
6989a4e910805f5685d6f7c5,User_ADFRH0Y4YWQJR,DE
6989a4e910805f5685d6f7c6,User_A1N5TKSZ942FOT,IT
6989a4e910805f5685d6f7c7,User_A21QB9YGZ6EQP7,IT
6989a4e910805f5685d6f7c8,User_22987,US
6989a4e910805f5685d6f7c9,User_A125MZ8NHJFGM4,GB
6989a4e910805f5685d6f7ca,User_AVOOXSPAGHHG3,GB
6989a4e910805f5685d6f7cb,User_7858,US
6989a4e910805f5685d6f7cc,User_A28226Y6HYZC0B,ES
6989a4e910805f5685d6f7cd,User_A18UH6D20FHY48,CA
6989a4e910805f5685d6f7ce,User_A3T7UE9PNBEZWH,ES
6989a4e910805f5685d6f7cf,User_AXHW2Z3R2JPG6,FR
6989a4e910805f5685d6f7d0,User_A256S0SNCGFKGC,US
6989a4e910805f5685d6f7d1,User_A20ZXT5ZXSKOLU,US
6989a4e910805f5685d6f7d2,User_A2MDW9LPCIBK1C,FR
6989a4e910805f5685d6f7d3,User_A20WLDH5XV1L07,CA
6989a4e910805f5685d6f7d4,User_A1M8FKBDH9O34E,GB
6989a4e910805f5685d6f7d5,User_A2VX6VGKPN4N2N,DE
6989a4e910805f5685d6f7d6,User_A2C22XT69O0B2K,CA
6989a4e910805f5685d6f7d7,User_22953,ES
6989a4e910805f5685d6f7d8,User_13181,US
6989a4e910805f5685d6f7d9,User_A1WJCU2Q12U3AU,US
6989a4e910805f5685d6f7da,User_A1KI5R0BXOYVKA,GB
6989a4e910805f5685d6f7db,User_AKW3XF4YCL3YP,DE
6989a4e910805f5685d6f7dc,User_AR7Y1BB1HF38J,US
6989a4e910805f5685d6f7dd,User_A13U565Z6IGW32,IT
6989a4e910805f5685d6f7de,User_A1YR21K2XYQ7ST,US
6989a4e910805f5685d6f7df,User_A3K2O23ACSOTEO,GB
6989a4e910805f5685d6f7e0,User_A38XWNMKHPVL6V,IT
6989a4e910805f5685d6f7e1,User_A3DAJ3VYW34UB5,IT
6989a4e910805f5685d6f7e2,User_A2O24Y49NLN0MR,ES
6989a4e910805f5685d6f7e3,User_A5NWZ0W0W3841,ES
6989a4e910805f5685d6f7e4,User_AHGIA3NEQ2QOM,CA
6989a4e910805f5685d6f7e5,User_2132,CA
6989a4e910805f5685d6f7e6,User_A16R1CGBOJ2W6U,CA
6989a4e910805f5685d6f7e7,User_10951,US
6989a4e910805f5685d6f7e8,User_A6WL54UFZ6Y86,ES
6989a4e910805f5685d6f7e9,User_A7KZSX89SI88W,GB
6989a4e910805f5685d6f7ea,User_A1DSOC3DAP7ABV,CA
6989a4e910805f5685d6f7eb,User_A25LTMG4E9D8C,US
6989a4e910805f5685d6f7ec,User_A1W81LC89AXI6U,IT
6989a4e910805f5685d6f7ed,User_6972,ES
6989a4e910805f5685d6f7ee,User_A28CGTRP8UFD7T,IT
6989a4e910805f5685d6f7ef,User_AQSE5BL3OWKS9,IT
6989a4e910805f5685d6f7f0,User_A21UY1CDSQY6B,FR
6989a4e910805f5685d6f7f1,User_A2G19F50J2NIQ8,ES
6989a4e910805f5685d6f7f2,User_AULNHMH8O819D,FR
6989a4e910805f5685d6f7f3,User_277819,US
6989a4e910805f5685d6f7f4,User_A2YYY4R2IYX2UR,GB
6989a4e910805f5685d6f7f5,User_AV96U5DWRLZLR,DE
6989a4e910805f5685d6f7f6,User_A14OIMFW8408HG,ES
6989a4e910805f5685d6f7f7,User_A1IHT31N8RLPN8,DE
6989a4e910805f5685d6f7f8,User_AZNQ9AGN8Z1GK,IT
6989a4e910805f5685d6f7f9,User_A1P6NE2GTDMEV7,ES
6989a4e910805f5685d6f7fa,User_ADCGK1DOSHI6P,ES
6989a4e910805f5685d6f7fb,User_A2ZVMQJS6JT78G,US
6989a4e910805f5685d6f7fc,User_A13OF7OBRBBBY9,GB
6989a4e910805f5685d6f7fd,User_A9ZGNKDDSL676,DE
6989a4e910805f5685d6f7fe,User_6289,GB
6989a4e910805f5685d6f7ff,User_A1VK64XLUTS6BW,US
6989a4e910805f5685d6f800,User_A1E87MWPFNCP3F,CA
6989a4e910805f5685d6f801,User_A3AKG73AM4OKSI,US
6989a4e910805f5685d6f802,User_A2FN3KH9CDXP2A,IT
6989a4e910805f5685d6f803,User_A1SZZZPN52ODNT,DE
6989a4e910805f5685d6f804,User_A288K054TAM2O8,ES
6989a4e910805f5685d6f805,User_A1M3SRMWQ8HGMC,ES
6989a4e910805f5685d6f806,User_AKOMF5JOGIDDY,ES
6989a4e910805f5685d6f807,User_A2Q9B0MRB2FW64,ES
6989a4e910805f5685d6f808,User_A369HDBMZ0Q5QI,GB
6989a4e910805f5685d6f809,User_ARVIOWMXTTQ50,GB
6989a4e910805f5685d6f80a,User_A39KJOCZGCM8P1,DE
6989a4e910805f5685d6f80b,User_20512,US
6989a4e910805f5685d6f80c,User_A2EL4NCCDLCAJC,IT
6989a4e910805f5685d6f80d,User_ASX7AWP0YDDJ4,DE
6989a4e910805f5685d6f80e,User_A88Y69YBAOH8U,IT
6989a4e910805f5685d6f80f,User_A3KXLOCP8C4J1V,FR
6989a4e910805f5685d6f810,User_AQ28OX1OSNRWB,DE
6989a4e910805f5685d6f811,User_AHUO1PQWHN4AR,FR
6989a4e910805f5685d6f812,User_20635,GB
6989a4e910805f5685d6f813,User_A21ZEHK7K4KOS8,CA
6989a4e910805f5685d6f814,User_A3H6IYC6HTFXH4,IT
6989a4e910805f5685d6f815,User_A13S6AW653YCOB,ES
6989a4e910805f5685d6f816,User_A1V0H87RH0NQQ3,US
6989a4e910805f5685d6f817,User_A2DOOQJVUA8H7Y,FR
6989a4e910805f5685d6f818,User_21717,DE
6989a4e910805f5685d6f819,User_A3K8L8O3Q6YB68,DE
6989a4e910805f5685d6f81a,User_A162W0O46SVQDW,CA
6989a4e910805f5685d6f81b,User_A3HYNMXQUEL11N,DE
6989a4e910805f5685d6f81c,User_A3BBKB47F9EC8D,ES
6989a4e910805f5685d6f81d,User_A3EP8N9MIGKY4N,US
6989a4e910805f5685d6f81e,User_A16HMMY8BLGUO3,DE
6989a4e910805f5685d6f81f,User_A3SLIBPBQBZCNQ,IT
6989a4e910805f5685d6f820,User_A1CC1IKCUIQMUV,CA
6989a4e910805f5685d6f821,User_AR4QGADHCB4QQ,ES
6989a4e910805f5685d6f822,User_A2FRH97U36ZX4I,US
6989a4e910805f5685d6f823,User_A1QKNUT3PIZIDH,US
6989a4e910805f5685d6f824,User_A32TV3GASOEI3G,ES
6989a4e910805f5685d6f825,User_A1PQ68T9TGAID8,ES
6989a4e910805f5685d6f826,User_AGKRLJVBSMBY9,US
6989a4e910805f5685d6f827,User_A1JPUMC3793X2C,US
6989a4e910805f5685d6f828,User_18412,CA
6989a4e910805f5685d6f829,User_A23H6VMW6O98XQ,IT
6989a4e910805f5685d6f82a,User_A2MT549PES9F8S,US
6989a4e910805f5685d6f82b,User_A1DAFWS98LQD2R,ES
6989a4e910805f5685d6f82c,User_A1QI91Z3OFC5LR,US
6989a4e910805f5685d6f82d,User_A1TMFRRJUMWWYS,US
6989a4e910805f5685d6f82e,User_A2AFC10IEVPWML,FR
6989a4e910805f5685d6f82f,User_A2L9G81KGUXOD7,FR
6989a4e910805f5685d6f830,User_A2JYS145ETS9TV,ES
6989a4e910805f5685d6f831,User_A18N7JQET09MI4,CA
6989a4e910805f5685d6f832,User_A2UUQVRXW1087R,DE
6989a4e910805f5685d6f833,User_22097,GB
6989a4e910805f5685d6f834,User_22974,CA
6989a4e910805f5685d6f835,User_A13D83WDRO3NV8,ES
6989a4e910805f5685d6f836,User_A2NVNQWHJQKB7M,FR
6989a4e910805f5685d6f837,User_AG5MGBSO8XPEC,US
6989a4e910805f5685d6f838,User_A7V1SSD43JXN4,IT
6989a4e910805f5685d6f839,User_A3E210450V0KM7,CA
6989a4e910805f5685d6f83a,User_A3LVQVYXBL6T7U,FR
6989a4e910805f5685d6f83b,User_9486,GB
6989a4e910805f5685d6f83c,User_A3HQ2RWZW832PY,DE
6989a4e910805f5685d6f83d,User_A259EKRD8OOMAF,US
6989a4e910805f5685d6f83e,User_278819,FR
6989a4e910805f5685d6f83f,User_ACI3EV83JLAKJ,IT
6989a4e910805f5685d6f840,User_A35W5T9VIQU0R8,FR
6989a4e910805f5685d6f841,User_A3RX5RMRAJ8Z5B,CA
6989a4e910805f5685d6f842,User_A5P5V55M1CUA4,IT
6989a4e910805f5685d6f843,User_A326KJ4LEXF994,GB
6989a4e910805f5685d6f844,User_A3QP80KWW2RB7X,CA
6989a4e910805f5685d6f845,User_A3SAK0LF30DXJC,IT
6989a4e910805f5685d6f846,User_A3329V1LT5ZLDE,ES
6989a4e910805f5685d6f847,User_A1O9VQE0V2L4U2,GB
6989a4e910805f5685d6f848,User_AVZLUD2WRZFW5,US
6989a4e910805f5685d6f849,User_A35RY72W8EJ1XV,ES
6989a4e910805f5685d6f84a,User_AIBRTGBN07D6A,FR
6989a4e910805f5685d6f84b,User_A2H9UO8RYFX5MB,GB
6989a4e910805f5685d6f84c,User_21340,IT
6989a4e910805f5685d6f84d,User_21865,US
6989a4e910805f5685d6f84e,User_A3H7GF7NXE1Y2J,ES
6989a4e910805f5685d6f84f,User_A2VWB6UK9A7ZGU,US
6989a4e910805f5685d6f850,User_A1OK9PJJT89QYM,GB
6989a4e910805f5685d6f851,User_A2WQNHK82VTJWT,IT
6989a4e910805f5685d6f852,User_A2NZ5AWPSFFSOK,IT
6989a4e910805f5685d6f853,User_A2CVRKTY25MIB7,FR
6989a4e910805f5685d6f854,User_AZ6CAY5MX5HOM,GB
6989a4e910805f5685d6f855,User_A2W3TP5CDRH29W,IT
6989a4e910805f5685d6f856,User_A17A0HYNBS41L8,GB
6989a4e910805f5685d6f857,User_A2006O8MADY57C,IT
6989a4e910805f5685d6f858,User_A40VOQHAYSJD4,FR
6989a4e910805f5685d6f859,User_A3T3RZO7Z1XF5X,GB
6989a4e910805f5685d6f85a,User_AT0OI1DNH6JEA,GB
6989a4e910805f5685d6f85b,User_A1B4K5O7JBYIQY,US
6989a4e910805f5685d6f85c,User_A1N6VONMCB5QN5,CA
6989a4e910805f5685d6f85d,User_A2VJ80PM1G00QV,IT
6989a4e910805f5685d6f85e,User_AFFC911HKLUWG,FR
6989a4e910805f5685d6f85f,User_A2LN1O5LSTSLJS,US
6989a4e910805f5685d6f860,User_A11VRSCR9LSJEN,CA
6989a4e910805f5685d6f861,User_A29SHFBU5O9BWO,IT
6989a4e910805f5685d6f862,User_A1G9BIKCRMM6VW,DE
6989a4e910805f5685d6f863,User_A2A0U07X21L2U6,US
6989a4e910805f5685d6f864,User_A39AOF7UQL7KS1,IT
6989a4e910805f5685d6f865,User_AUV8RSM26X4UK,DE
6989a4e910805f5685d6f866,User_A1BH4F4UV78GV2,US
6989a4e910805f5685d6f867,User_A1G7ZSE597FWHY,US
6989a4e910805f5685d6f868,User_AMT2D784D1GOX,GB
6989a4e910805f5685d6f869,User_A2CWZTDPVJ7O1X,CA
6989a4e910805f5685d6f86a,User_A13LCTJU2MDMGD,US
6989a4e910805f5685d6f86b,User_A38XP381PWHRFA,ES
6989a4e910805f5685d6f86c,User_A2LGJZMZNAQHVG,GB
6989a4e910805f5685d6f86d,User_A1DG0TOJBFX07U,IT
6989a4e910805f5685d6f86e,User_A2SHIE67BT263,GB
6989a4e910805f5685d6f86f,User_A2I0B36MNDHXSH,FR
6989a4e910805f5685d6f870,User_A3YO9OQHVV5HL,GB
6989a4e910805f5685d6f871,User_AUHLDGRWNZOQV,US
6989a4e910805f5685d6f872,User_A2D4KYA86MLHM5,GB
6989a4e910805f5685d6f873,User_A10KVN2IYYUHFL,ES
6989a4e910805f5685d6f874,User_A3G37WN8L0VVY1,DE
6989a4e910805f5685d6f875,User_A1PHE6X76K4Y29,FR
6989a4e910805f5685d6f876,User_AN2HRLE3K65YU,IT
6989a4e910805f5685d6f877,User_A3AUPZFNKWZL9M,FR
6989a4e910805f5685d6f878,User_A22PKWJMXFSV6J,IT
6989a4e910805f5685d6f879,User_A17DEEKWENXI0N,GB
6989a4e910805f5685d6f87a,User_AER8EFT7XWODZ,US
6989a4e910805f5685d6f87b,User_A39FUDBPSSSNR6,CA
6989a4e910805f5685d6f87c,User_A3KZR1GRJU4FI3,ES
6989a4e910805f5685d6f87d,User_A3TFXPMSNK2JDJ,FR
6989a4e910805f5685d6f87e,User_A1ZPW8JFIKWR84,ES
6989a4e910805f5685d6f87f,User_A15D1DHDS7NQN2,IT
6989a4e910805f5685d6f880,User_A17QHOKVTLDA0,DE
6989a4e910805f5685d6f881,User_A3OO3RKSC7D7F2,DE
6989a4e910805f5685d6f882,User_A1MPUMWEL2IC02,IT
6989a4e910805f5685d6f883,User_A1KXMOAM9G4SYA,IT
6989a4e910805f5685d6f884,User_A3HUGEISP9PTAD,CA
6989a4e910805f5685d6f885,User_A3UKE6AZ195YO3,IT
6989a4e910805f5685d6f886,User_A2IW8NEDGZWELJ,GB
6989a4e910805f5685d6f887,User_AXFUYYC1XGBUS,ES
6989a4e910805f5685d6f888,User_A2A4YVVYVVP6FI,CA
6989a4e910805f5685d6f889,User_AQ3IEMTMCVZ02,GB
6989a4e910805f5685d6f88a,User_A3LUXTCTTAA4KR,GB
6989a4e910805f5685d6f88b,User_1539,FR
6989a4e910805f5685d6f88c,User_A2YJZZ1Q7Y8Y4U,US
6989a4e910805f5685d6f88d,User_A1VBSO53GDGGXS,CA
6989a4e910805f5685d6f88e,User_A3O50U33FRZ91F,GB
6989a4e910805f5685d6f88f,User_1841,CA
6989a4e910805f5685d6f890,User_7486,GB
6989a4e910805f5685d6f891,User_A2OCFJC7S0YWDT,FR
6989a4e910805f5685d6f892,User_A7YU9QLHIXLOT,DE
6989a4e910805f5685d6f893,User_AU6DIIDZK2OQM,CA
6989a4e910805f5685d6f894,User_AYYDDLO1C0DVD,ES
6989a4e910805f5685d6f895,User_A1I615916N8YKE,GB
6989a4e910805f5685d6f896,User_A1AZO0FTZ6IINO,DE
6989a4e910805f5685d6f897,User_A1I2RG1BCLYUO2,GB
6989a4e910805f5685d6f898,User_A3M8E98NWOD62Q,GB
6989a4e910805f5685d6f899,User_A5FMH4UXIIP1Y,FR
6989a4e910805f5685d6f89a,User_A1BP0G24TM285F,CA
6989a4e910805f5685d6f89b,User_1390,US
6989a4e910805f5685d6f89c,User_A3M7T02SKM0G63,GB
6989a4e910805f5685d6f89d,User_ARPGPBMELP2CD,IT
6989a4e910805f5685d6f89e,User_ATBPVPGOUYKGQ,FR
6989a4e910805f5685d6f89f,User_AAHGPDGEDRVEN,DE
6989a4e910805f5685d6f8a0,User_A34A8LZN3R0BRZ,FR
6989a4e910805f5685d6f8a1,User_A1V1D7036MVMV3,US
6989a4e910805f5685d6f8a2,User_A15N2Q4AX4QP2K,GB
6989a4e910805f5685d6f8a3,User_A29OC3BLSUFD5V,CA
6989a4e910805f5685d6f8a4,User_A2LT9PQH6LCQB8,CA
6989a4e910805f5685d6f8a5,User_A3VPBAVQ5K3FG8,DE
6989a4e910805f5685d6f8a6,User_A2HPQ0O0AXMH6U,US
6989a4e910805f5685d6f8a7,User_A2DW6ITKD576FH,US
6989a4e910805f5685d6f8a8,User_AEKOF0QPZPUHD,US
6989a4e910805f5685d6f8a9,User_A1F3GBHPC96H0I,DE
6989a4e910805f5685d6f8aa,User_A2FD0ZK9DRH08L,US
6989a4e910805f5685d6f8ab,User_A1O7SFSZSX9YC4,DE
6989a4e910805f5685d6f8ac,User_A2VRDCDAMPBPGV,ES
6989a4e910805f5685d6f8ad,User_AH7UTZ01VEJB,GB
6989a4e910805f5685d6f8ae,User_A2C3WS7B6EJ29M,DE
6989a4e910805f5685d6f8af,User_A3QYM0BCL7MKDG,ES
6989a4e910805f5685d6f8b0,User_A31660SHX1JRP3,CA
6989a4e910805f5685d6f8b1,User_AT29BMDG35Q2C,ES
6989a4e910805f5685d6f8b2,User_ATY2RRTE3CMBR,IT
6989a4e910805f5685d6f8b3,User_A00540411RKGTDNU543WS,IT
6989a4e910805f5685d6f8b4,User_A1W3YI7DFKDBWS,IT
6989a4e910805f5685d6f8b5,User_A1FKMSHGPM68T8,FR
6989a4e910805f5685d6f8b6,User_ANBTDP1V7HAF8,GB
6989a4e910805f5685d6f8b7,User_10867,IT
6989a4e910805f5685d6f8b8,User_AJQBQV9IIB2OL,US
6989a4e910805f5685d6f8b9,User_AXKGXLNXXNZIS,DE
6989a4e910805f5685d6f8ba,User_A1ICRM6ZC4DWBF,CA
6989a4e910805f5685d6f8bb,User_AOE1Y6OGLHC4A,IT
6989a4e910805f5685d6f8bc,User_A2UYAFQ40U2PHS,US
6989a4e910805f5685d6f8bd,User_18713,FR
6989a4e910805f5685d6f8be,User_A245BWEGYWRDOS,IT
6989a4e910805f5685d6f8bf,User_AC2C84PQ840I,DE
6989a4e910805f5685d6f8c0,User_AGGD15S0QO5L5,DE
6989a4e910805f5685d6f8c1,User_A34C03F0P4ET4D,DE
6989a4e910805f5685d6f8c2,User_A2PJVKJR0B1WWH,IT
6989a4e910805f5685d6f8c3,User_A2HOQXU1LAPIBD,DE
6989a4e910805f5685d6f8c4,User_A1VP2ZWUM2SI5Y,GB
6989a4e910805f5685d6f8c5,User_A1R65LV4NUPS8N,IT
6989a4e910805f5685d6f8c6,User_A2DZY7TSJLZ3OP,US
6989a4e910805f5685d6f8c7,User_A8Y3H3F9UEVLN,IT
6989a4e910805f5685d6f8c8,User_AYS0A3GY96PZO,FR
6989a4e910805f5685d6f8c9,User_A2P7J07HXA0CN0,ES
6989a4e910805f5685d6f8ca,User_A3DR5A2FS9D0DU,IT
6989a4e910805f5685d6f8cb,User_13816,FR
6989a4e910805f5685d6f8cc,User_A16ZID08GPM1Y4,GB
6989a4e910805f5685d6f8cd,User_A1Z8T4GA9R3A1N,ES
6989a4e910805f5685d6f8ce,User_A2BIMG7XXHUY4K,GB
6989a4e910805f5685d6f8cf,User_A2SXI914AVTPHC,DE
6989a4e910805f5685d6f8d0,User_A2BITC05ZUOX16,DE
6989a4e910805f5685d6f8d1,User_A33HUTPODI5533,CA
6989a4e910805f5685d6f8d2,User_19455,US
6989a4e910805f5685d6f8d3,User_14535,GB
6989a4e910805f5685d6f8d4,User_AJ4SNTSE7RPX1,GB
6989a4e910805f5685d6f8d5,User_A1GNK286MJ38Q1,DE
6989a4e910805f5685d6f8d6,User_AGJZC4MQH1TQS,CA
6989a4e910805f5685d6f8d7,User_A1WT047CVF256C,IT
6989a4e910805f5685d6f8d8,User_A35ATDMOGD6SWB,GB
6989a4e910805f5685d6f8d9,User_18112,GB
6989a4e910805f5685d6f8da,User_ANYQKR5RF3FGL,GB
6989a4e910805f5685d6f8db,User_A3MJQVHEOZ5DIV,FR
6989a4e910805f5685d6f8dc,User_A11L6MLSDCBN41,FR
6989a4e910805f5685d6f8dd,User_ALOMBNMUORDFD,ES
6989a4e910805f5685d6f8de,User_278330,CA
6989a4e910805f5685d6f8df,User_17703,US
6989a4e910805f5685d6f8e0,User_A3K49L2EC2T91U,ES
6989a4e910805f5685d6f8e1,User_A2A376VHWQETZO,US
6989a4e910805f5685d6f8e2,User_A2QQBDFS0D9OMK,US
6989a4e910805f5685d6f8e3,User_15277,DE
6989a4e910805f5685d6f8e4,User_AS2UCZ694MB8C,IT
6989a4e910805f5685d6f8e5,User_A1EBLMD1X1MZBW,ES
6989a4e910805f5685d6f8e6,User_A2YZT1Y2FSNZ66,FR
6989a4e910805f5685d6f8e7,User_A3NYARFVLIUWMR,IT
6989a4e910805f5685d6f8e8,User_A1BT6TL7UCIC5Y,DE
6989a4e910805f5685d6f8e9,User_A1VF0102Z9VITO,DE
6989a4e910805f5685d6f8ea,User_A1CBJCNPXRQYPK,US
6989a4e910805f5685d6f8eb,User_AFL0B8JAW4T8Z,DE
6989a4e910805f5685d6f8ec,User_A1YTCKEZS6L0FH,ES
6989a4e910805f5685d6f8ed,User_ANJ2I0R82KWK5,US
6989a4e910805f5685d6f8ee,User_A2IRYI1RNGP43Y,CA
6989a4e910805f5685d6f8ef,User_A3VAXB8CDYY5BG,IT
6989a4e910805f5685d6f8f0,User_A1JWY89JZJLLGH,US
6989a4e910805f5685d6f8f1,User_A1L9ZMGCWDG93B,ES
6989a4e910805f5685d6f8f2,User_A1TNT1TXWW7E0G,IT
6989a4e910805f5685d6f8f3,User_A3T41SD51GPEXF,ES
6989a4e910805f5685d6f8f4,User_A4L4U0NEMAD10,GB
6989a4e910805f5685d6f8f5,User_A2LFP5AZD9KEXJ,GB
6989a4e910805f5685d6f8f6,User_A2YQ26MQFCMU1W,IT
6989a4e910805f5685d6f8f7,User_A27LKGMD8SRDTP,IT
6989a4e910805f5685d6f8f8,User_A252SWHA0VKMKX,FR
6989a4e910805f5685d6f8f9,User_A4AF5MNO6G092,ES
6989a4e910805f5685d6f8fa,User_A3K04ROLCOVZ3E,FR
6989a4e910805f5685d6f8fb,User_A1XSA68QBBQ4TZ,FR
6989a4e910805f5685d6f8fc,User_A1Q1EJSR7G5L3L,US
6989a4e910805f5685d6f8fd,User_A3R1FNIEPDUT44,US
6989a4e910805f5685d6f8fe,User_A119EKA8QFKJM6,ES
6989a4e910805f5685d6f8ff,User_A266G2AN4KWR3P,CA
6989a4e910805f5685d6f900,User_AUW07AB3TVUMP,ES
6989a4e910805f5685d6f901,User_17145,ES
6989a4e910805f5685d6f902,User_A1OHL5BNM780F4,IT
6989a4e910805f5685d6f903,User_A1WV9COKY6K4EM,CA
6989a4e910805f5685d6f904,User_AK3N7F7PAKFZ2,GB
6989a4e910805f5685d6f905,User_AGJRUK27RBVYS,US
6989a4e910805f5685d6f906,User_A1QS2BJMD6NL80,DE
6989a4e910805f5685d6f907,User_AF3MA1P79THL4,DE
6989a4e910805f5685d6f908,User_AQTQ2ZQWHI6QT,FR
6989a4e910805f5685d6f909,User_A98EHCNLXTKI3,GB
6989a4e910805f5685d6f90a,User_A24TJAL0R7OOYM,US
6989a4e910805f5685d6f90b,User_A3CVVJ0Y6SN20X,FR
6989a4e910805f5685d6f90c,User_A1CYOHNGQ1WED1,IT
6989a4e910805f5685d6f90d,User_ASPMBLAKQGNGK,US
6989a4e910805f5685d6f90e,User_A3Q2CTWNN4U3M1,US
6989a4e910805f5685d6f90f,User_A1DT7S8EC6OQIQ,US
6989a4e910805f5685d6f910,User_A3K9DC2ND25ZBV,DE
6989a4e910805f5685d6f911,User_A14VRMKUHFZSRV,FR
6989a4e910805f5685d6f912,User_AE62FITK32DJQ,FR
6989a4e910805f5685d6f913,User_A3EQ7BW3YRDQZR,CA
6989a4e910805f5685d6f914,User_ARYS5DDOCL4AS,GB
6989a4e910805f5685d6f915,User_A251OTCDOJVQLJ,ES
6989a4e910805f5685d6f916,User_A2E94UQQICOJ73,GB
6989a4e910805f5685d6f917,User_6759,GB
6989a4e910805f5685d6f918,User_AD10TQPI2EU36,CA
6989a4e910805f5685d6f919,User_A3OJFPKMCXKOM0,US
6989a4e910805f5685d6f91a,User_A1QDA38GE8369Z,CA
6989a4e910805f5685d6f91b,User_AXAIBXIUW7XIB,CA
6989a4e910805f5685d6f91c,User_16036,CA
6989a4e910805f5685d6f91d,User_A2VESC2C2PCJ7L,IT
6989a4e910805f5685d6f91e,User_A1PPKI1EAZ3R2K,IT
6989a4e910805f5685d6f91f,User_21061,IT
6989a4e910805f5685d6f920,User_4306,DE
6989a4e910805f5685d6f921,User_A1APK7CWFQ0CDT,CA
6989a4e910805f5685d6f922,User_278254,DE
6989a4e910805f5685d6f923,User_13312,CA
6989a4e910805f5685d6f924,User_A3TSA4EHPAXW5D,IT
6989a4e910805f5685d6f925,User_A3LFUGRK1FJTP2,GB
6989a4e910805f5685d6f926,User_AE7V9CVINK2ZE,US
6989a4e910805f5685d6f927,User_A134JICLDSKYTK,DE
6989a4e910805f5685d6f928,User_A1AHJBNUYFRRAT,CA
6989a4e910805f5685d6f929,User_ADS4S2JI2P0DI,FR
6989a4e910805f5685d6f92a,User_A1YCNWAMRKHBLC,ES
6989a4e910805f5685d6f92b,User_A3MDVGNHHUSR4Z,FR
6989a4e910805f5685d6f92c,User_A1QJP2WNLQFPVY,US
6989a4e910805f5685d6f92d,User_A3687TKM0VIZNY,DE
6989a4e910805f5685d6f92e,User_A24Z0BB8XVWQ8G,GB
6989a4e910805f5685d6f92f,User_A1FGHULCN63LSW,GB
6989a4e910805f5685d6f930,User_A1Z21IRR450AHL,IT
6989a4e910805f5685d6f931,User_5311,ES
6989a4e910805f5685d6f932,User_17461,US
6989a4e910805f5685d6f933,User_A2SZXRYAA3INKF,IT
6989a4e910805f5685d6f934,User_A26YDA3YQ0L39,US
6989a4e910805f5685d6f935,User_ATU7N81W867UG,CA
6989a4e910805f5685d6f936,User_A19FH5CJV9KGXP,US
6989a4e910805f5685d6f937,User_A1VQFMGXHSWDUX,CA
6989a4e910805f5685d6f938,User_AMWOIFOVRMG6K,CA
6989a4e910805f5685d6f939,User_AVVGYE7IZ0WW8,IT
6989a4e910805f5685d6f93a,User_A1OB7HATRAQ96Q,ES
6989a4e910805f5685d6f93b,User_A2PEWRBLAMENWJ,FR
6989a4e910805f5685d6f93c,User_A1T3DCSX6CTT1B,IT
6989a4e910805f5685d6f93d,User_21094,GB
6989a4e910805f5685d6f93e,User_A1QR76OCGJQ2EV,CA
6989a4e910805f5685d6f93f,User_AGCH14JUICTCM,US
6989a4e910805f5685d6f940,User_A1UR0VFX4NIIDR,CA
6989a4e910805f5685d6f941,User_A3M0RHKTJRLUKH,GB
6989a4e910805f5685d6f942,User_A1WYFRCDVMCTAH,US
6989a4e910805f5685d6f943,User_AWBKNMRSS4QAF,GB
6989a4e910805f5685d6f944,User_APGH1HCSUVLIE,FR
6989a4e910805f5685d6f945,User_A277YLVXRUJ4CE,US
6989a4e910805f5685d6f946,User_A429O7RQR4LNQ,US
6989a4e910805f5685d6f947,User_AODFY18U2LZV9,IT
6989a4e910805f5685d6f948,User_6226,FR
6989a4e910805f5685d6f949,User_A3Q0IZXCRTDR8Q,ES
6989a4e910805f5685d6f94a,User_A39YVJVTA92NAN,CA
6989a4e910805f5685d6f94b,User_A261C880SZK6BK,DE
6989a4e910805f5685d6f94c,User_A2U1QHTSDCYPM5,CA
6989a4e910805f5685d6f94d,User_A1Y79QP3RSE31M,ES
6989a4e910805f5685d6f94e,User_277737,US
6989a4e910805f5685d6f94f,User_A33L7G4E8CID3,US
6989a4e910805f5685d6f950,User_18213,DE
6989a4e910805f5685d6f951,User_A39RUGZB6ENBOB,GB
6989a4e910805f5685d6f952,User_A1YKCDKMJ9PWRX,CA
6989a4e910805f5685d6f953,User_AFHVZ3U7D82OG,IT
6989a4e910805f5685d6f954,User_A2UM70SXX6TY30,US
6989a4e910805f5685d6f955,User_A1CFAZILWQTU95,GB
6989a4e910805f5685d6f956,User_AZDG6ZTZAG9SL,GB
6989a4e910805f5685d6f957,User_A3VR3BLG9NEI2V,GB
6989a4e910805f5685d6f958,User_A31RDZSL0AERHH,US
6989a4e910805f5685d6f959,User_ANZTN7BD7K6KW,US
6989a4e910805f5685d6f95a,User_A145PJ769UGAID,GB
6989a4e910805f5685d6f95b,User_A1E6FVGNZO1OHJ,DE
6989a4e910805f5685d6f95c,User_A1IW0W5HA5T36P,IT
6989a4e910805f5685d6f95d,User_A2LQH53USCWWBQ,CA
6989a4e910805f5685d6f95e,User_ABV8PJFXWTU76,GB
6989a4e910805f5685d6f95f,User_AM6DJFH0B2C9S,FR
6989a4e910805f5685d6f960,User_A3TG2A6HXSX9Q7,DE
6989a4e910805f5685d6f961,User_A12BM9BV8THPD0,US
6989a4e910805f5685d6f962,User_1434,FR
6989a4e910805f5685d6f963,User_A1DI8DX6MMK1SN,IT
6989a4e910805f5685d6f964,User_A1GB0M6DSMQ637,GB
6989a4e910805f5685d6f965,User_A1HS3TBTQS1IEM,CA
6989a4e910805f5685d6f966,User_A11FFJ4F3PJW9R,FR
6989a4e910805f5685d6f967,User_A34B14V2AVJVOT,CA
6989a4e910805f5685d6f968,User_A3HV42C56S5H2M,GB
6989a4e910805f5685d6f969,User_A2DA3JJXKSWW3K,IT
6989a4e910805f5685d6f96a,User_A3TMCBJA1IZ5O7,GB
6989a4e910805f5685d6f96b,User_A3JDJF2RWMQRSU,CA
6989a4e910805f5685d6f96c,User_A3DDZZJ6WU4I72,ES
6989a4e910805f5685d6f96d,User_A3RTNA9THAU2OP,US
6989a4e910805f5685d6f96e,User_A1XVWVYQG053QC,US
6989a4e910805f5685d6f96f,User_A3KWB5VZS7Z5DH,GB
6989a4e910805f5685d6f970,User_14791,CA
6989a4e910805f5685d6f971,User_15171,FR
6989a4e910805f5685d6f972,User_A1KVFKE78VJSN6,GB
6989a4e910805f5685d6f973,User_277601,IT
6989a4e910805f5685d6f974,User_A3RGFZNP4B699R,CA
6989a4e910805f5685d6f975,User_AKKR6OU2YV1X0,CA
6989a4e910805f5685d6f976,User_A1YX40QZG57T15,IT
6989a4e910805f5685d6f977,User_A3FDF80JASNN92,IT
6989a4e910805f5685d6f978,User_16876,DE
6989a4e910805f5685d6f979,User_8134,GB
6989a4e910805f5685d6f97a,User_AR106WUPR6VDS,ES
6989a4e910805f5685d6f97b,User_A1VLTR3FAK0ZVC,FR
6989a4e910805f5685d6f97c,User_AM1MKWK5MKI9R,GB
6989a4e910805f5685d6f97d,User_A127UH3KKXW0C0,FR
6989a4e910805f5685d6f97e,User_5755,IT
6989a4e910805f5685d6f97f,User_A3PJUJWNAFFX53,US
6989a4e910805f5685d6f980,User_12634,IT
6989a4e910805f5685d6f981,User_21102,FR
6989a4e910805f5685d6f982,User_A2F1T8G05444WL,CA
6989a4e910805f5685d6f983,User_A2RFPILLLLRUZ8,ES
6989a4e910805f5685d6f984,User_A61OI092EKPAE,GB
6989a4e910805f5685d6f985,User_A1FSTC2JP6KFIX,CA
6989a4e910805f5685d6f986,User_A2Z7UOGHVYUKBZ,DE
6989a4e910805f5685d6f987,User_AQRB1COU2W5ST,IT
6989a4e910805f5685d6f988,User_6545,IT
6989a4e910805f5685d6f989,User_A103L8XUBRMVBC,ES
6989a4e910805f5685d6f98a,User_AGYJLFU4I6XG,ES
6989a4e910805f5685d6f98b,User_A16KE56EKLE22J,CA
6989a4e910805f5685d6f98c,User_A1ICHUACYRQMK8,IT
6989a4e910805f5685d6f98d,User_ATOCNW6Y53LQY,FR
6989a4e910805f5685d6f98e,User_A2RB67N8XJ52QB,DE
6989a4e910805f5685d6f98f,User_A2NHV544DCTAWM,FR
6989a4e910805f5685d6f990,User_AURKUN3RE30W0,CA
6989a4e910805f5685d6f991,User_AXCL52E6DUZNW,US
6989a4e910805f5685d6f992,User_19947,US
6989a4e910805f5685d6f993,User_A1VJJW6YEA5VH2,CA
6989a4e910805f5685d6f994,User_A25LVN0TSA6O2U,DE
6989a4e910805f5685d6f995,User_A16QN07BMKU3RW,CA
6989a4e910805f5685d6f996,User_A1GO9A82O2PRNX,GB
6989a4e910805f5685d6f997,User_A24HMJFV3E1KN4,CA
6989a4e910805f5685d6f998,User_8309,ES
6989a4e910805f5685d6f999,User_ABF6UEGM12XFB,CA
6989a4e910805f5685d6f99a,User_A35POV40QYONAP,CA
6989a4e910805f5685d6f99b,User_A3FX1SLCDMWDSD,FR
6989a4e910805f5685d6f99c,User_A3R7MXVQRGGIQ9,DE
6989a4e910805f5685d6f99d,User_A2L2QMATZYL998,US
6989a4e910805f5685d6f99e,User_A2RNWHXPBDR9KU,US
6989a4e910805f5685d6f99f,User_APZ51J02JEJ8I,ES
6989a4e910805f5685d6f9a0,User_ARCWQEXFMUMD5,IT
6989a4e910805f5685d6f9a1,User_A2SHE36O7YAXFK,DE
6989a4e910805f5685d6f9a2,User_4864,GB
6989a4e910805f5685d6f9a3,User_AR7LF6I63UML1,CA
6989a4e910805f5685d6f9a4,User_AMT9ECBYGNNP8,ES
6989a4e910805f5685d6f9a5,User_AVC13ACPN2FNR,US
6989a4e910805f5685d6f9a6,User_A1SQ467H1JMP9O,FR
6989a4e910805f5685d6f9a7,User_ARVVX368HHKRI,CA
6989a4e910805f5685d6f9a8,User_AHIK2283VKIV2,FR
6989a4e910805f5685d6f9a9,User_A1OQ3YDKKWXQUS,ES
6989a4e910805f5685d6f9aa,User_6669,US
6989a4e910805f5685d6f9ab,User_A2VNS056ZL7O36,FR
6989a4e910805f5685d6f9ac,User_A2U69CPVFXTDLY,IT
6989a4e910805f5685d6f9ad,User_A1J1WWGUA70U9T,DE
6989a4e910805f5685d6f9ae,User_A1KH6XAYMBZWOE,US
6989a4e910805f5685d6f9af,User_A2T9EHCUD7CNEB,GB
6989a4e910805f5685d6f9b0,User_A3W3XY5HDT10AS,GB
6989a4e910805f5685d6f9b1,User_A3WJ0DLZMI3P,ES
6989a4e910805f5685d6f9b2,User_1250,IT
6989a4e910805f5685d6f9b3,User_A2YNAI5C0TJMEN,CA
6989a4e910805f5685d6f9b4,User_A1KL52T40T1NTB,CA
6989a4e910805f5685d6f9b5,User_A1UUCRZ33TQ43O,DE
6989a4e910805f5685d6f9b6,User_A1RBCB097RJMGP,DE
6989a4e910805f5685d6f9b7,User_A21FN332TFYLER,ES
6989a4e910805f5685d6f9b8,User_A26B98IQF6BZYG,FR
6989a4e910805f5685d6f9b9,User_A1LO3MRT1TASX0,DE
6989a4e910805f5685d6f9ba,User_A3IZJYVOF1VCOC,CA
6989a4e910805f5685d6f9bb,User_ANNVNW48GQC3T,ES
6989a4e910805f5685d6f9bc,User_A2NY7HOITU4C7V,DE
6989a4e910805f5685d6f9bd,User_A1TZIHZQAZWVRW,IT
6989a4e910805f5685d6f9be,User_A20R2PQAV18R9F,CA
6989a4e910805f5685d6f9bf,User_A2G0URHXQ0VEAK,CA
6989a4e910805f5685d6f9c0,User_AYBF1KR9O8JX5,ES
6989a4e910805f5685d6f9c1,User_A2EMFX9CC5GYPJ,US
6989a4e910805f5685d6f9c2,User_A2NOZB6VZCTOI4,US
6989a4e910805f5685d6f9c3,User_A1NY61PXRRW9A,ES
6989a4e910805f5685d6f9c4,User_ADGYRIFZAVPRV,CA
6989a4e910805f5685d6f9c5,User_ANIRELKAL9FBK,FR
6989a4e910805f5685d6f9c6,User_A3HXX2FWL8CUR9,US
6989a4e910805f5685d6f9c7,User_A21RVK24R11NIA,GB
6989a4e910805f5685d6f9c8,User_A3APYWXL54R4R6,US
6989a4e910805f5685d6f9c9,User_A1OODSDIVAIEBJ,IT
6989a4e910805f5685d6f9ca,User_278257,CA
6989a4e910805f5685d6f9cb,User_A1SLXFTNL3PFQF,FR
6989a4e910805f5685d6f9cc,User_A3OYWJIGB2OU7V,IT
6989a4e910805f5685d6f9cd,User_AGSPMRGFF3XX7,ES
6989a4e910805f5685d6f9ce,User_A1TNVWZI4YVM5F,IT
6989a4e910805f5685d6f9cf,User_278314,US
6989a4e910805f5685d6f9d0,User_AG7W4W9JF1RGX,FR
6989a4e910805f5685d6f9d1,User_4801,ES
6989a4e910805f5685d6f9d2,User_A3YWKDKT6UAMY,IT
6989a4e910805f5685d6f9d3,User_AR7C7MU9PO4KV,US
6989a4e910805f5685d6f9d4,User_AHZ8BN5BU3KRT,GB
6989a4e910805f5685d6f9d5,User_A35UXJOOWWU2AC,FR
6989a4e910805f5685d6f9d6,User_15272,US
6989a4e910805f5685d6f9d7,User_19880,IT
6989a4e910805f5685d6f9d8,User_A1QAF89X027MFX,ES
6989a4e910805f5685d6f9d9,User_A2VQ08XUBNDU88,DE
6989a4e910805f5685d6f9da,User_A2KGBKFYKTOYBP,US
6989a4e910805f5685d6f9db,User_A3MZ1SL3JUMV6R,US
6989a4e910805f5685d6f9dc,User_9417,US
6989a4e910805f5685d6f9dd,User_A2RR10JTZ1LUJZ,GB
6989a4e910805f5685d6f9de,User_A1MSDWYIJUO0IW,IT
6989a4e910805f5685d6f9df,User_AJ54MWOK32LE7,GB
6989a4e910805f5685d6f9e0,User_A39FC66C21OQDX,ES
6989a4e910805f5685d6f9e1,User_19166,IT
6989a4e910805f5685d6f9e2,User_ASOPGBEV8HOMK,DE
6989a4e910805f5685d6f9e3,User_A2UKR62K0DSA9L,ES
6989a4e910805f5685d6f9e4,User_A11N67JH4FB6HL,DE
6989a4e910805f5685d6f9e5,User_A3NJ6BKPP7IUQ9,US
6989a4e910805f5685d6f9e6,User_A1KGHP6FO3FS8W,FR
6989a4e910805f5685d6f9e7,User_AQZSXZQ4T88I4,GB
6989a4e910805f5685d6f9e8,User_A1AX29022MMHYS,FR
6989a4e910805f5685d6f9e9,User_ABCVZEHRYLJQ3,ES
6989a4e910805f5685d6f9ea,User_A1AI72G8T1FPA,FR
6989a4e910805f5685d6f9eb,User_AU0OYEAHL42NO,CA
6989a4e910805f5685d6f9ec,User_A2SVFGRQB3DHZ,DE
6989a4e910805f5685d6f9ed,User_A3NWE43CHV3U9H,CA
6989a4e910805f5685d6f9ee,User_A2MKLVUZ7OFNZL,IT
6989a4e910805f5685d6f9ef,User_A1CR0V6J7EP8BA,CA
6989a4e910805f5685d6f9f0,User_A3DSF8R852TTNP,US
6989a4e910805f5685d6f9f1,User_440,US
6989a4e910805f5685d6f9f2,User_ADENZ3ZW548X2,GB
6989a4e910805f5685d6f9f3,User_A13PQRNRLL92I5,CA
6989a4e910805f5685d6f9f4,User_A2YNC5I34T5NPU,CA
6989a4e910805f5685d6f9f5,User_A2O8DHD4S5SJXB,GB
6989a4e910805f5685d6f9f6,User_A1U160YHXSMMBV,US
6989a4e910805f5685d6f9f7,User_AF01WQ27PB9TL,IT
6989a4e910805f5685d6f9f8,User_13233,DE
6989a4e910805f5685d6f9f9,User_A1C3ZB1LGPKWZA,FR
6989a4e910805f5685d6f9fa,User_A3CA3RWZYJDWXE,DE
6989a4e910805f5685d6f9fb,User_A1WA7S4BYKXBUD,IT
6989a4e910805f5685d6f9fc,User_A26F5GZIXP5PCP,ES
6989a4e910805f5685d6f9fd,User_A3URYZZMWPWEQB,DE
6989a4e910805f5685d6f9fe,User_AECW7D69VKMOV,FR
6989a4e910805f5685d6f9ff,User_A1AJLULEYZTKUA,IT
6989a4e910805f5685d6fa00,User_A1X64E51ZJP1OQ,IT
6989a4e910805f5685d6fa01,User_A232JUSF2FL3C7,IT
6989a4e910805f5685d6fa02,User_A1D3HS4QFDJ14K,DE
6989a4e910805f5685d6fa03,User_AMAEQVWA68726,DE
6989a4e910805f5685d6fa04,User_A7EY9KEVQVG6D,ES
6989a4e910805f5685d6fa05,User_A2CPM6WTF7PO3G,IT
6989a4e910805f5685d6fa06,User_A2OOVC8MTNQ8CT,GB
6989a4e910805f5685d6fa07,User_A1II9393RAH19C,FR
6989a4e910805f5685d6fa08,User_A2OTFK3UVY70IR,ES
6989a4e910805f5685d6fa09,User_A2FYTNC0V87N4X,FR
6989a4e910805f5685d6fa0a,User_A37HCI4QAO20WM,CA
6989a4e910805f5685d6fa0b,User_A2HTA2TP7723LH,IT
6989a4e910805f5685d6fa0c,User_A96K1ZGW56S2I,DE
6989a4e910805f5685d6fa0d,User_5118,IT
6989a4e910805f5685d6fa0e,User_A1CFWA0BTIVVQY,ES
6989a4e910805f5685d6fa0f,User_278355,US
6989a4e910805f5685d6fa10,User_A1F6OVNIR8Y3AV,IT
6989a4e910805f5685d6fa11,User_A1CZE457LUY2KG,ES
6989a4e910805f5685d6fa12,User_AWEA25WNTQ8KG,US
6989a4e910805f5685d6fa13,User_A3QNXB6OFHBW2H,ES
6989a4e910805f5685d6fa14,User_16760,DE
6989a4e910805f5685d6fa15,User_AQANMVBTRO0K2,FR
6989a4e910805f5685d6fa16,User_A2PZXXPGLXXKZU,CA
6989a4e910805f5685d6fa17,User_A27470FV2ME6TE,IT
6989a4e910805f5685d6fa18,User_A1JZLMQXAENSTS,US
6989a4e910805f5685d6fa19,User_A3K8TYU7UOUTR0,GB
6989a4e910805f5685d6fa1a,User_1332,CA
6989a4e910805f5685d6fa1b,User_ACFCMY75RJ1UP,ES
6989a4e910805f5685d6fa1c,User_A7NLVNYOJXEJL,GB
6989a4e910805f5685d6fa1d,User_A1DR1A3RSWYIIL,GB
6989a4e910805f5685d6fa1e,User_A14276UQJHEQNB,GB
6989a4e910805f5685d6fa1f,User_A3E4EWZ5RU76R9,ES
6989a4e910805f5685d6fa20,User_A2O0WMLBD9TD94,IT
6989a4e910805f5685d6fa21,User_A283RP7FPL3LU5,US
6989a4e910805f5685d6fa22,User_AOB0JGH8AGJ57,DE
6989a4e910805f5685d6fa23,User_AZMR606RD05VM,ES
6989a4e910805f5685d6fa24,User_A308IXYQVQSC57,DE
6989a4e910805f5685d6fa25,User_A17HZ59FT82368,ES
6989a4e910805f5685d6fa26,User_AUY7L0SJNUM95,CA
6989a4e910805f5685d6fa27,User_A3L0MULM7358CM,FR
6989a4e910805f5685d6fa28,User_278313,US
6989a4e910805f5685d6fa29,User_A17O70HSZ2X4AG,ES
6989a4e910805f5685d6fa2a,User_A31W0OKYAKXMGH,FR
6989a4e910805f5685d6fa2b,User_A1XNXHTPQRACRO,CA
6989a4e910805f5685d6fa2c,User_A2EBUYB1AD87QS,IT
6989a4e910805f5685d6fa2d,User_A195HG0M02P0RS,FR
6989a4e910805f5685d6fa2e,User_AWPPXMXN0KD5S,GB
6989a4e910805f5685d6fa2f,User_A8R8WNJBVU6XS,ES
6989a4e910805f5685d6fa30,User_A15O13KD8NH0B0,FR
6989a4e910805f5685d6fa31,User_A2J0UWEWKVJ8KA,US
6989a4e910805f5685d6fa32,User_A2RLJFRG94FWS4,US
6989a4e910805f5685d6fa33,User_A2F175PO34RTTF,ES
6989a4e910805f5685d6fa34,User_A355VDG7Z5IK15,CA
6989a4e910805f5685d6fa35,User_AMCZKTKGXJ3MM,IT
6989a4e910805f5685d6fa36,User_ANA2PVMARGY8H,US
6989a4e910805f5685d6fa37,User_A29S6BRBZTOHT8,US
6989a4e910805f5685d6fa38,User_A3A739OHPHLFTG,GB
6989a4e910805f5685d6fa39,User_A3FOJD8CXT5J6X,US
6989a4e910805f5685d6fa3a,User_13917,DE
6989a4e910805f5685d6fa3b,User_A32CV7WMG3AHHA,ES
6989a4e910805f5685d6fa3c,User_A3G1ZEEI2BD5AN,CA
6989a4e910805f5685d6fa3d,User_11708,FR
6989a4e910805f5685d6fa3e,User_277743,US
6989a4e910805f5685d6fa3f,User_A1725KPO7A5ULX,DE
6989a4e910805f5685d6fa40,User_A1R8RRSN39MO8A,DE
6989a4e910805f5685d6fa41,User_A2V8MQ8MOTOGXK,CA
6989a4e910805f5685d6fa42,User_A3F9CF5XXBW239,ES
6989a4e910805f5685d6fa43,User_A3RNP5X8ZGZIEI,DE
6989a4e910805f5685d6fa44,User_A3SNXR899ZH4N0,GB
6989a4e910805f5685d6fa45,User_4733,US
6989a4e910805f5685d6fa46,User_AZTQ16CR57YLR,US
6989a4e910805f5685d6fa47,User_13505,DE
6989a4e910805f5685d6fa48,User_22503,ES
6989a4e910805f5685d6fa49,User_A308XODVVKFCG9,CA
6989a4e910805f5685d6fa4a,User_A15TYZY6O3DOWM,US
6989a4e910805f5685d6fa4b,User_AND6Z5AVQZ6AB,US
6989a4e910805f5685d6fa4c,User_AHMJRLIE1AGIS,US
6989a4e910805f5685d6fa4d,User_A225TCYVBPL94U,IT
6989a4e910805f5685d6fa4e,User_A3BYAHYBMEGXZU,ES
6989a4e910805f5685d6fa4f,User_A3GFGJU8T0YOVG,IT
6989a4e910805f5685d6fa50,User_A3JO7U9NODJMOR,CA
6989a4e910805f5685d6fa51,User_A2LESZH24200QK,FR
6989a4e910805f5685d6fa52,User_A2FYJAM2EF33GQ,GB
6989a4e910805f5685d6fa53,User_ASHRHGXMGS6I5,ES
6989a4e910805f5685d6fa54,User_A3ECB8OYFMWE3Y,ES
6989a4e910805f5685d6fa55,User_A17HRDEIR64ELW,GB
6989a4e910805f5685d6fa56,User_AW3898JBQWNC6,DE
6989a4e910805f5685d6fa57,User_A31UAJMF9W7U96,US
6989a4e910805f5685d6fa58,User_A2W437VMA8PMR,CA
6989a4e910805f5685d6fa59,User_A2VR8L92AAC79J,ES
6989a4e910805f5685d6fa5a,User_6445,ES
6989a4e910805f5685d6fa5b,User_A2O0RO97NJR3Q8,IT
6989a4e910805f5685d6fa5c,User_4309,CA
6989a4e910805f5685d6fa5d,User_ACGXQN7J6599J,IT
6989a4e910805f5685d6fa5e,User_A68C6OGKDCRYN,ES
6989a4e910805f5685d6fa5f,User_AYMXFUD82Y0L7,ES
6989a4e910805f5685d6fa60,User_A233RJSQJ6O9YH,ES
6989a4e910805f5685d6fa61,User_A3B1H328YV2865,CA
6989a4e910805f5685d6fa62,User_A2FV5TOUA1W0WJ,GB
6989a4e910805f5685d6fa63,User_A3OH97NB96A2FT,CA
6989a4e910805f5685d6fa64,User_13920,FR
6989a4e910805f5685d6fa65,User_A2LZW8W1LHO06N,GB
6989a4e910805f5685d6fa66,User_AZ92O1PWKAM7Q,ES
6989a4e910805f5685d6fa67,User_A3P01S666SOKCP,IT
6989a4e910805f5685d6fa68,User_13896,CA
6989a4e910805f5685d6fa69,User_A6EZH55I3K5WM,GB
6989a4e910805f5685d6fa6a,User_A1PUKSXGAM6WEO,DE
6989a4e910805f5685d6fa6b,User_A2W8T1L1G1E9FZ,ES
6989a4e910805f5685d6fa6c,User_A2VG3MZU322VXY,IT
6989a4e910805f5685d6fa6d,User_A1ST0TUZNHYRF4,US
6989a4e910805f5685d6fa6e,User_A3V3MITG7EZ955,CA
6989a4e910805f5685d6fa6f,User_A2KJK6WHRZFJ2J,GB
6989a4e910805f5685d6fa70,User_A2TYVANLQFVRNI,ES
6989a4e910805f5685d6fa71,User_AXUOFV17Z4891,US
6989a4e910805f5685d6fa72,User_A29MI9BYZDJ4PK,ES
6989a4e910805f5685d6fa73,User_A1FLMMYVL081QK,IT
6989a4e910805f5685d6fa74,User_A2KTN9SWXWOG6I,GB
6989a4e910805f5685d6fa75,User_A2IB9KZ00OWPZB,US
6989a4e910805f5685d6fa76,User_A3ERYIGM5B1769,CA
6989a4e910805f5685d6fa77,User_A3R29Z17K4060Z,IT
6989a4e910805f5685d6fa78,User_A1TWPGBXL9MRW8,ES
6989a4e910805f5685d6fa79,User_AA42MJGPC819H,IT
6989a4e910805f5685d6fa7a,User_A1P5RO75X88IIQ,IT
6989a4e910805f5685d6fa7b,User_278524,US
6989a4e910805f5685d6fa7c,User_A3G53DWC712TAL,US
6989a4e910805f5685d6fa7d,User_A2L3LVHGEYE118,US
6989a4e910805f5685d6fa7e,User_A1Z2EREQ699CWM,IT
6989a4e910805f5685d6fa7f,User_A17UQL76OCVR4F,US
6989a4e910805f5685d6fa80,User_A22M5KLCKAJTT,IT
6989a4e910805f5685d6fa81,User_A1QUH9PZ39WH3K,CA
6989a4e910805f5685d6fa82,User_A34HK3C2EE0GJ9,ES
6989a4e910805f5685d6fa83,User_A3L1JZ1KTMHHNO,ES
6989a4e910805f5685d6fa84,User_A127I5BD21KHXT,IT
6989a4e910805f5685d6fa85,User_3030,FR
6989a4e910805f5685d6fa86,User_A3US4XBNFEKWDS,IT
6989a4e910805f5685d6fa87,User_A2A35N6E4NDHO1,FR
6989a4e910805f5685d6fa88,User_A1HQWRJ4QFOS0R,GB
6989a4e910805f5685d6fa89,User_A1UIM8430PR6XI,IT
6989a4e910805f5685d6fa8a,User_A2P1G1N0HK2DLU,CA
6989a4e910805f5685d6fa8b,User_5084,DE
6989a4e910805f5685d6fa8c,User_A3UOYYAXXBD5VA,ES
6989a4e910805f5685d6fa8d,User_A19JTR1KSY83BB,IT
6989a4e910805f5685d6fa8e,User_A3KKA5WZ4YIT71,ES
6989a4e910805f5685d6fa8f,User_22818,ES
6989a4e910805f5685d6fa90,User_A2AMYLQF3LGAPG,DE
6989a4e910805f5685d6fa91,User_A7BV60HMAB7YF,FR
6989a4e910805f5685d6fa92,User_A1IXI3WK8BIOPN,FR
6989a4e910805f5685d6fa93,User_A1ZR3L7EFI3D6P,IT
6989a4e910805f5685d6fa94,User_AQQYWK0HINFCN,GB
6989a4e910805f5685d6fa95,User_19610,GB
6989a4e910805f5685d6fa96,User_APEW4NQ2BUHKU,CA
6989a4e910805f5685d6fa97,User_A2OPZMTMRUU5DD,FR
6989a4e910805f5685d6fa98,User_A3UT7FD0DI6GB4,IT
6989a4e910805f5685d6fa99,User_A2DB720I9XRX7K,IT
6989a4e910805f5685d6fa9a,User_AHJJ6NVRPMLFD,DE
6989a4e910805f5685d6fa9b,User_A2VADAVB8U1HCC,ES
6989a4e910805f5685d6fa9c,User_A18Y0NDPHMLE3W,US
6989a4e910805f5685d6fa9d,User_A21UANWMAQ9DVZ,IT
6989a4e910805f5685d6fa9e,User_A1DUYZDYDKW0CZ,CA
6989a4e910805f5685d6fa9f,User_A34VO4U8WO69UM,US
6989a4e910805f5685d6faa0,User_A1P7FEVJ7WG53D,FR
6989a4e910805f5685d6faa1,User_A1CK06RTBKNWKJ,FR
6989a4e910805f5685d6faa2,User_A18RHUK0QAB5BO,GB
6989a4e910805f5685d6faa3,User_A1EOCM51YO3ELD,US
6989a4e910805f5685d6faa4,User_A2S4T4T2B2ZODM,GB
6989a4e910805f5685d6faa5,User_A3EJJ6VE8Y5MPK,GB
6989a4e910805f5685d6faa6,User_A10RXXVVCN5K8D,IT
6989a4e910805f5685d6faa7,User_AEID64BOEW7A7,IT
6989a4e910805f5685d6faa8,User_A1R5TDG8K6EPZL,GB
6989a4e910805f5685d6faa9,User_6022,DE
6989a4e910805f5685d6faaa,User_A1YI659HTLCVMF,GB
6989a4e910805f5685d6faab,User_A4JPGA48KHDFE,IT
6989a4e910805f5685d6faac,User_A1F7D0TMZ201TP,ES
6989a4e910805f5685d6faad,User_3745,DE
6989a4e910805f5685d6faae,User_A3TKSOQZZK7XNF,IT
6989a4e910805f5685d6faaf,User_A3QBNPCEGG19RA,FR
6989a4e910805f5685d6fab0,User_A1NBKOYXWNE2FP,ES
6989a4e910805f5685d6fab1,User_A18UPZ36TOEATU,DE
6989a4e910805f5685d6fab2,User_ACJX5YNITXZDP,IT
6989a4e910805f5685d6fab3,User_277816,FR
6989a4e910805f5685d6fab4,User_AABQTXKK8ZIZV,GB
6989a4e910805f5685d6fab5,User_ATOQQSF991X6Y,FR
6989a4e910805f5685d6fab6,User_A1AK1EUFP3FR8J,ES
6989a4e910805f5685d6fab7,User_A9RUU8JSKU7G1,ES
6989a4e910805f5685d6fab8,User_A1XEZGFPOP8R1G,CA
6989a4e910805f5685d6fab9,User_16736,CA
6989a4e910805f5685d6faba,User_A2ISVMITXHT072,FR
6989a4e910805f5685d6fabb,User_A2G12HGXGMW06F,ES
6989a4e910805f5685d6fabc,User_AEDWFIPBORN6O,ES
6989a4e910805f5685d6fabd,User_A10NFIBYZO52F5,IT
6989a4e910805f5685d6fabe,User_A20UJP1JSTIOL6,DE
6989a4e910805f5685d6fabf,User_22152,FR
6989a4e910805f5685d6fac0,User_278846,CA
6989a4e910805f5685d6fac1,User_A2AE3FG94O1CEF,ES
6989a4e910805f5685d6fac2,User_A5JBGUGUAWM28,IT
6989a4e910805f5685d6fac3,User_A2OCXEL1AFJWXN,ES
6989a4e910805f5685d6fac4,User_AE62QJFQ8L5WI,CA
6989a4e910805f5685d6fac5,User_276746,FR
6989a4e910805f5685d6fac6,User_A15OSJW276OISZ,FR
6989a4e910805f5685d6fac7,User_A1N6712C6JHYJ9,IT
6989a4e910805f5685d6fac8,User_AH4G2K3837Z6A,US
6989a4e910805f5685d6fac9,User_A27UBBHJSM5O3Q,DE
6989a4e910805f5685d6faca,User_AUQTW6H7PT6DL,IT
6989a4e910805f5685d6facb,User_A15Z8W108SJ1OW,FR
6989a4e910805f5685d6facc,User_A2MV9DCYEREO6J,CA
6989a4e910805f5685d6facd,User_A3GWAM0BO3OY0J,GB
6989a4e910805f5685d6face,User_AOIZ7E8X6LSXG,ES
6989a4e910805f5685d6facf,User_A2ZKYPY6GCNBUX,DE
6989a4e910805f5685d6fad0,User_A2TEAHXXDZNG2Q,ES
6989a4e910805f5685d6fad1,User_A35Y91E77SQSUS,GB
6989a4e910805f5685d6fad2,User_A24RY5G4I81ASX,CA
6989a4e910805f5685d6fad3,User_12173,ES
6989a4e910805f5685d6fad4,User_A31G5K3E3XSWZ1,IT
6989a4e910805f5685d6fad5,User_AAAYYMFI0WION,ES
6989a4e910805f5685d6fad6,User_A2ZWSIL96PFDBJ,FR
6989a4e910805f5685d6fad7,User_AOCH3ON3BIM7O,IT
6989a4e910805f5685d6fad8,User_12828,GB
6989a4e910805f5685d6fad9,User_4273,FR
6989a4e910805f5685d6fada,User_A1A20UNYJRMF0N,GB
6989a4e910805f5685d6fadb,User_A1RT9FNT63IFVE,GB
6989a4e910805f5685d6fadc,User_A1TXD4O7Z15FY4,US
6989a4e910805f5685d6fadd,User_A2LL4R0P8XFA4F,ES
6989a4e910805f5685d6fade,User_A150WZ86NJGMHY,ES
6989a4e910805f5685d6fadf,User_A2L61WP92XPG95,ES
6989a4e910805f5685d6fae0,User_A1C7Y2J2G7NPEZ,FR
6989a4e910805f5685d6fae1,User_A1S9RE8T70XP1A,IT
6989a4e910805f5685d6fae2,User_A3H71ZG7DYI5RJ,US
6989a4e910805f5685d6fae3,User_AW411O8XXWS5J,US
6989a4e910805f5685d6fae4,User_1424,GB
6989a4e910805f5685d6fae5,User_ATS8SHQZU3W4N,ES
6989a4e910805f5685d6fae6,User_AEN1MMV9YIX20,GB
6989a4e910805f5685d6fae7,User_A2KBD38KUKMUO7,DE
6989a4e910805f5685d6fae8,User_A1NB20UYG7VWDE,US
6989a4e910805f5685d6fae9,User_AMVMO62ZFGLFC,CA
6989a4e910805f5685d6faea,User_A32KD1CPPIJDKN,IT
6989a4e910805f5685d6faeb,User_A2TL5IQWXBKYWZ,DE
6989a4e910805f5685d6faec,User_3026,US
6989a4e910805f5685d6faed,User_2398,GB
6989a4e910805f5685d6faee,User_A3AUIEYL3Z9QNK,ES
6989a4e910805f5685d6faef,User_A6YK7TEYVSSA3,DE
6989a4e910805f5685d6faf0,User_A1LNKPJ9P8BLSO,GB
6989a4e910805f5685d6faf1,User_15213,ES
6989a4e910805f5685d6faf2,User_A1HA9BHTDXKTWL,GB
6989a4e910805f5685d6faf3,User_A1312ULY6OJ41A,GB
6989a4e910805f5685d6faf4,User_A1QN3F4YEVK8F5,DE
6989a4e910805f5685d6faf5,User_A1YN90JJ8W9WRH,US
6989a4e910805f5685d6faf6,User_A1XGF4JOW5ZYIV,CA
6989a4e910805f5685d6faf7,User_A23SFRXDEOKUSK,FR
6989a4e910805f5685d6faf8,User_A33C3S5SR5SPOA,CA
6989a4e910805f5685d6faf9,User_AEYXX34BIC99R,ES
6989a4e910805f5685d6fafa,User_A2TPTGJ1B50H65,US
6989a4e910805f5685d6fafb,User_A1J3JXEFO2AZEZ,DE
6989a4e910805f5685d6fafc,User_A2Q44PW3CAIKEB,ES
6989a4e910805f5685d6fafd,User_A1BI2GKAN5L36E,IT
6989a4e910805f5685d6fafe,User_A2DER7R7N0DL3C,ES
6989a4e910805f5685d6faff,User_A2GN7D5IWWOMH3,GB
6989a4e910805f5685d6fb00,User_A2FNDSS5KSMF7P,IT
6989a4e910805f5685d6fb01,User_AG45AV4X8VRGN,IT
6989a4e910805f5685d6fb02,User_A2TGTH0VCANC5C,CA
6989a4e910805f5685d6fb03,User_19638,US
6989a4e910805f5685d6fb04,User_A14HDWMVNV36W,CA
6989a4e910805f5685d6fb05,User_A386C4TCWC9KN5,GB
6989a4e910805f5685d6fb06,User_18583,GB
6989a4e910805f5685d6fb07,User_A2POFDLI7IKA0V,ES
6989a4e910805f5685d6fb08,User_5537,GB
6989a4e910805f5685d6fb09,User_A13IOWKUUE7QCS,CA
6989a4e910805f5685d6fb0a,User_A17NF1UULQB6NT,DE
6989a4e910805f5685d6fb0b,User_278007,ES
6989a4e910805f5685d6fb0c,User_A2QPXFWWPDLVK4,ES
6989a4e910805f5685d6fb0d,User_AQC1WVWRA1G6P,GB
6989a4e910805f5685d6fb0e,User_A1FKI5ZUQG05Z6,CA
6989a4e910805f5685d6fb0f,User_A3V6894X3RY482,IT
6989a4e910805f5685d6fb10,User_A1EM1PEMH6OYDU,DE
6989a4e910805f5685d6fb11,User_A3TDS428YW0WT2,DE
6989a4e910805f5685d6fb12,User_A138WPJ7SJL9KB,DE
6989a4e910805f5685d6fb13,User_A2CIDB68QE1Q9J,FR
6989a4e910805f5685d6fb14,User_A11K04B22JBWEP,ES
6989a4e910805f5685d6fb15,User_A16T1TVG5M90RY,CA
6989a4e910805f5685d6fb16,User_A1XOA4XNXMRK1B,GB
6989a4e910805f5685d6fb17,User_A2MDBK49UC4445,DE
6989a4e910805f5685d6fb18,User_A3H374AVXKQWP6,ES
6989a4e910805f5685d6fb19,User_A2JO8RUJARRKQI,CA
6989a4e910805f5685d6fb1a,User_ALPR6XWUHV8MH,FR
6989a4e910805f5685d6fb1b,User_A20FNQ6IJ3HG55,GB
6989a4e910805f5685d6fb1c,User_APB3HZVMCF9IA,GB
6989a4e910805f5685d6fb1d,User_16796,IT
6989a4e910805f5685d6fb1e,User_A2142P2BVLR5Q2,GB
6989a4e910805f5685d6fb1f,User_AUQV9Y69NAGBB,GB
6989a4e910805f5685d6fb20,User_A3J1VJGUFICGHC,ES
6989a4e910805f5685d6fb21,User_AJNSWQ3XGZ9N5,GB
6989a4e910805f5685d6fb22,User_10074,US
6989a4e910805f5685d6fb23,User_AHSJH3IXQNUGN,GB
6989a4e910805f5685d6fb24,User_ABGBBQGEB9AFY,FR
6989a4e910805f5685d6fb25,User_A38BXP79YHGLQJ,CA
6989a4e910805f5685d6fb26,User_A1LPTWPNBPZWJP,ES
6989a4e910805f5685d6fb27,User_A11AZ24KM222JM,US
6989a4e910805f5685d6fb28,User_1242,ES
6989a4e910805f5685d6fb29,User_A3A5MAC1V666Z4,FR
6989a4e910805f5685d6fb2a,User_A85F366I2YDB8,IT
6989a4e910805f5685d6fb2b,User_3343,FR
6989a4e910805f5685d6fb2c,User_A2AX9F71Y16BXV,ES
6989a4e910805f5685d6fb2d,User_A338M53YQRD2PA,IT
6989a4e910805f5685d6fb2e,User_5627,DE
6989a4e910805f5685d6fb2f,User_A1T8UPUJ441GKW,CA
6989a4e910805f5685d6fb30,User_AYIRTKU6GFZ70,GB
6989a4e910805f5685d6fb31,User_A3A4C5HMLJG9YR,IT
6989a4e910805f5685d6fb32,User_A165SAZZONY1P4,DE
6989a4e910805f5685d6fb33,User_A1AJ73ZQS8JJZK,DE
6989a4e910805f5685d6fb34,User_A2BRNIN1A5JRML,US
6989a4e910805f5685d6fb35,User_A11V50A3GF5EMM,FR
6989a4e910805f5685d6fb36,User_A1BQANOQNOCKUX,DE
6989a4e910805f5685d6fb37,User_A1XIHMJW9DC4T8,IT
6989a4e910805f5685d6fb38,User_A2NUJL7E1CJB6Y,ES
6989a4e910805f5685d6fb39,User_A1778HI6WAD0Q4,IT
6989a4e910805f5685d6fb3a,User_17282,CA
6989a4e910805f5685d6fb3b,User_A6FG53088ZD34,ES
6989a4e910805f5685d6fb3c,User_A2UXGLHRF9L3UB,GB
6989a4e910805f5685d6fb3d,User_21357,DE
6989a4e910805f5685d6fb3e,User_A2GTPAYYTR7C4N,FR
6989a4e910805f5685d6fb3f,User_A134XUH47H8Y13,DE
6989a4e910805f5685d6fb40,User_A1WZCSXYMO8LYR,DE
6989a4e910805f5685d6fb41,User_A2DCB5OXH6CAKF,GB
6989a4e910805f5685d6fb42,User_AE6EJ9Z0IRJTT,ES
6989a4e910805f5685d6fb43,User_A28JWIKFEHPDN2,CA
6989a4e910805f5685d6fb44,User_A2R0BZ6NF8COC4,ES
6989a4e910805f5685d6fb45,User_A3C6FV85QML7ZL,DE
6989a4e910805f5685d6fb46,User_A3FA5HY3HQEJFO,CA
6989a4e910805f5685d6fb47,User_A3O7YWACPHCMCV,DE
6989a4e910805f5685d6fb48,User_A2MT94VZCIUOT1,US
6989a4e910805f5685d6fb49,User_AWXUSH1FG9LBK,GB
6989a4e910805f5685d6fb4a,User_11809,GB
6989a4e910805f5685d6fb4b,User_A3IFZ49WYVXVN8,GB
6989a4e910805f5685d6fb4c,User_13677,GB
6989a4e910805f5685d6fb4d,User_A2MMT3VYV3Y76U,US
6989a4e910805f5685d6fb4e,User_A2X5TMNXXO6IG5,GB
6989a4e910805f5685d6fb4f,User_A264TFFY2H0FND,US
6989a4e910805f5685d6fb50,User_A218XLNEXQX7MC,GB
6989a4e910805f5685d6fb51,User_ASRREEQU86VES,FR
6989a4e910805f5685d6fb52,User_20065,CA
6989a4e910805f5685d6fb53,User_11146,US
6989a4e910805f5685d6fb54,User_A2C4H5KP9SRXUC,FR
6989a4e910805f5685d6fb55,User_A2RKCBRBHSF48G,CA
6989a4e910805f5685d6fb56,User_A1HJLE3207Y44P,CA
6989a4e910805f5685d6fb57,User_AAQT81YRGUCOO,US
6989a4e910805f5685d6fb58,User_10009,ES
6989a4e910805f5685d6fb59,User_A2ENBJMKRKOV02,DE
6989a4e910805f5685d6fb5a,User_A6WQISOFBOV8K,ES
6989a4e910805f5685d6fb5b,User_A2LZGZXG5BOQ0Q,ES
6989a4e910805f5685d6fb5c,User_AS4M1NUGGGIR8,CA
6989a4e910805f5685d6fb5d,User_13610,ES
6989a4e910805f5685d6fb5e,User_A2EZYY67ZALVHP,DE
6989a4e910805f5685d6fb5f,User_A3JCVDCHEZEM4T,ES
6989a4e910805f5685d6fb60,User_2550,GB
6989a4e910805f5685d6fb61,User_AMXYCFU23IKNI,CA
6989a4e910805f5685d6fb62,User_A1XV4ZN3KBODI5,IT
6989a4e910805f5685d6fb63,User_A2OVEER6S8H2ZL,DE
6989a4e910805f5685d6fb64,User_A2TWIOBUW7B74Z,GB
6989a4e910805f5685d6fb65,User_A15ZVIA4V9FR4E,ES
6989a4e910805f5685d6fb66,User_A2VCGJLKGK2WJJ,US
6989a4e910805f5685d6fb67,User_21616,DE
6989a4e910805f5685d6fb68,User_A12WFQH71IN7B5,FR
6989a4e910805f5685d6fb69,User_A3K0C8H023Y0WH,US
6989a4e910805f5685d6fb6a,User_AIV2RV4DVJPPF,ES
6989a4e910805f5685d6fb6b,User_A9ZIJVHNCYNND,ES
6989a4e910805f5685d6fb6c,User_AEVNUEDRGTC4P,US
6989a4e910805f5685d6fb6d,User_A5E7IAIIYZ2LC,DE
6989a4e910805f5685d6fb6e,User_ANJ57YH1BIM8N,IT
6989a4e910805f5685d6fb6f,User_A2P119N74LBBVQ,ES
6989a4e910805f5685d6fb70,User_A2L3U6SEZQ6KUW,IT
6989a4e910805f5685d6fb71,User_A3SHWS3PMOU4X3,ES
6989a4e910805f5685d6fb72,User_ABMSLHPKJJMYM,DE
6989a4e910805f5685d6fb73,User_A3IX6WYUC4EAPA,GB
6989a4e910805f5685d6fb74,User_A1DDH6E3J1RZPR,US
6989a4e910805f5685d6fb75,User_277159,GB
6989a4e910805f5685d6fb76,User_A2Q6YDQIFNSLVE,IT
6989a4e910805f5685d6fb77,User_A1XQV7UUD6GS29,US
6989a4e910805f5685d6fb78,User_A21V7687XCXGRA,IT
6989a4e910805f5685d6fb79,User_ASM7SI6RNQ4LK,DE
6989a4e910805f5685d6fb7a,User_A1M2OLSW8G33YN,CA
6989a4e910805f5685d6fb7b,User_A2N2R1B56IA7RM,US
6989a4e910805f5685d6fb7c,User_ABJL5S3QATIZZ,IT
6989a4e910805f5685d6fb7d,User_A2E7AXLRXK4LM6,DE
6989a4e910805f5685d6fb7e,User_A1GBT5LZ4DCVSS,FR
6989a4e910805f5685d6fb7f,User_A3VG3GJ3ASKJCO,DE
6989a4e910805f5685d6fb80,User_A2K1B63QFAP4KT,IT
6989a4e910805f5685d6fb81,User_A2NZK62DKAT168,DE
6989a4e910805f5685d6fb82,User_A3G78Y9NPPCQKX,DE
6989a4e910805f5685d6fb83,User_4706,GB
6989a4e910805f5685d6fb84,User_ABEAW54Z8OMUZ,IT
6989a4e910805f5685d6fb85,User_9107,FR
6989a4e910805f5685d6fb86,User_A9K0LOZIW0BXE,US
6989a4e910805f5685d6fb87,User_AC3EXCJ3TV6BO,CA
6989a4e910805f5685d6fb88,User_20251,FR
6989a4e910805f5685d6fb89,User_A2458BTZT9XY81,GB
6989a4e910805f5685d6fb8a,User_A3AWWBHFC7Z0KT,ES
6989a4e910805f5685d6fb8b,User_A1S2QFRVQ2A91D,IT
6989a4e910805f5685d6fb8c,User_A24IFN3NJU4KSY,GB
6989a4e910805f5685d6fb8d,User_A2HTWI0BLVN2PV,ES
6989a4e910805f5685d6fb8e,User_A3413POX3K3CGT,FR
6989a4e910805f5685d6fb8f,User_A1PSK9HA6QDHJF,CA
6989a4e910805f5685d6fb90,User_A1OWLQO6J2O0PM,US
6989a4e910805f5685d6fb91,User_A1PY6SJT8UHL92,FR
6989a4e910805f5685d6fb92,User_38,DE
6989a4e910805f5685d6fb93,User_AQNX0GUJFOJO7,US
6989a4e910805f5685d6fb94,User_A3A8QFV7E3H7GB,ES
6989a4e910805f5685d6fb95,User_A18GGDCVC8I5NW,US
6989a4e910805f5685d6fb96,User_A1HHBDLSCHK4M7,DE
6989a4e910805f5685d6fb97,User_A2C1CPZKU0E13Y,GB
6989a4e910805f5685d6fb98,User_A37FYKD2ZZ9GZ7,FR
6989a4e910805f5685d6fb99,User_A1PKFDTQRJE9J,CA
6989a4e910805f5685d6fb9a,User_10546,ES
6989a4e910805f5685d6fb9b,User_A2IRKVLXMHIHF2,CA
6989a4e910805f5685d6fb9c,User_A1FQKFY6WK9D6P,GB
6989a4e910805f5685d6fb9d,User_AI69J2Y75LRVN,FR
6989a4e910805f5685d6fb9e,User_A3DG27KAW6IJ80,US
6989a4e910805f5685d6fb9f,User_A217MTXYGQ9Y9H,FR
6989a4e910805f5685d6fba0,User_A1TQTYGTDBK4VF,ES
6989a4e910805f5685d6fba1,User_AT0KDXOGIK5LI,CA
6989a4e910805f5685d6fba2,User_A2GRCOTS0MX206,CA
6989a4e910805f5685d6fba3,User_A1YYWZFIWS9XEE,CA
6989a4e910805f5685d6fba4,User_4548,FR
6989a4e910805f5685d6fba5,User_AXW04LRMLXFHJ,US
6989a4e910805f5685d6fba6,User_A313VOS25H6G2F,FR
6989a4e910805f5685d6fba7,User_277835,CA
6989a4e910805f5685d6fba8,User_A1VWDRRS4VLP23,FR
6989a4e910805f5685d6fba9,User_A38XAOVI082XA5,DE
6989a4e910805f5685d6fbaa,User_A1O46RR2M2T963,IT
6989a4e910805f5685d6fbab,User_6365,IT
6989a4e910805f5685d6fbac,User_A3S9KFUHI0FLQF,GB
6989a4e910805f5685d6fbad,User_A13WLXBM36009G,IT
6989a4e910805f5685d6fbae,User_A3C6Y1NRWFAXIJ,GB
6989a4e910805f5685d6fbaf,User_6858,FR
6989a4e910805f5685d6fbb0,User_AZF79GLSZR69X,ES
6989a4e910805f5685d6fbb1,User_11898,GB
6989a4e910805f5685d6fbb2,User_A6NMI1Z2K59EJ,DE
6989a4e910805f5685d6fbb3,User_ATYXK9BNG2Y2D,GB
6989a4e910805f5685d6fbb4,User_A6Z7XJHVT0KTS,ES
6989a4e910805f5685d6fbb5,User_A2EITL9EGQ3O7B,FR
6989a4e910805f5685d6fbb6,User_A20US3IAOAIZL2,CA
6989a4e910805f5685d6fbb7,User_A14I2UO0KK2BNO,DE
6989a4e910805f5685d6fbb8,User_AGQ4VRBWM3C03,DE
6989a4e910805f5685d6fbb9,User_AIDPESPBX4YPI,FR
6989a4e910805f5685d6fbba,User_A1J5I1V41LZLAG,CA
6989a4e910805f5685d6fbbb,User_A305K0OR65EF3Z,IT
6989a4e910805f5685d6fbbc,User_A2Y2ZMVBOH4XVW,US
6989a4e910805f5685d6fbbd,User_A3SXDCILTFMXA5,IT
6989a4e910805f5685d6fbbe,User_A27REZ1HVIWPHX,IT
6989a4e910805f5685d6fbbf,User_22414,GB
6989a4e910805f5685d6fbc0,User_A2403PSEVIT1TG,GB
6989a4e910805f5685d6fbc1,User_A3628VLHDCFHP3,DE
6989a4e910805f5685d6fbc2,User_A3782QF23TEYVB,DE
6989a4e910805f5685d6fbc3,User_A3EBOW7TEWC570,CA
6989a4e910805f5685d6fbc4,User_AJOHNV96BAPKV,CA
6989a4e910805f5685d6fbc5,User_AJWS4JE8CL76R,US
6989a4e910805f5685d6fbc6,User_A1GDIIBLNSWW2W,CA
6989a4e910805f5685d6fbc7,User_AQBYDXSD9CGIZ,FR
6989a4e910805f5685d6fbc8,User_A2WDH7GVRMWTZH,FR
6989a4e910805f5685d6fbc9,User_A23S0L4B2G59RY,IT
6989a4e910805f5685d6fbca,User_AS0L4K9OU68RV,US
6989a4e910805f5685d6fbcb,User_A3FKQLWKQ3SKDW,CA
6989a4e910805f5685d6fbcc,User_ABM62QCRN9F4I,DE
6989a4e910805f5685d6fbcd,User_A3EBSDX5J4TFS7,FR
6989a4e910805f5685d6fbce,User_12140,DE
6989a4e910805f5685d6fbcf,User_7452,ES
6989a4e910805f5685d6fbd0,User_A1KTLFUOHLE6WM,GB
6989a4e910805f5685d6fbd1,User_AF30SVIUU1LP3,FR
6989a4e910805f5685d6fbd2,User_ARVT1I0WSWHXW,FR
6989a4e910805f5685d6fbd3,User_ABJ8I5KJN4G8E,GB
6989a4e910805f5685d6fbd4,User_A07430931T9PR7QLY3LZR,ES
6989a4e910805f5685d6fbd5,User_A7K6J5K0NJ0K2,US
6989a4e910805f5685d6fbd6,User_A2MZOKEG27M7HQ,CA
6989a4e910805f5685d6fbd7,User_A2XQ8TY7SF98WS,IT
6989a4e910805f5685d6fbd8,User_278036,FR
6989a4e910805f5685d6fbd9,User_A1PFKK3CSX1ZNM,ES
6989a4e910805f5685d6fbda,User_A1ZXPP8VJ3YPKD,CA
6989a4e910805f5685d6fbdb,User_A1R7B8F68VALTR,GB
6989a4e910805f5685d6fbdc,User_A344OZ0IFPDMXL,ES
6989a4e910805f5685d6fbdd,User_A2R3J6I8KA2AI3,FR
6989a4e910805f5685d6fbde,User_A2ZVZYYNJMP8U2,US
6989a4e910805f5685d6fbdf,User_A32AZ0C0KMIO98,IT
6989a4e910805f5685d6fbe0,User_A2KCY9H79POIKO,DE
6989a4e910805f5685d6fbe1,User_A2P1Z57U22ER57,GB
6989a4e910805f5685d6fbe2,User_AVL59RJVN7STL,ES
6989a4e910805f5685d6fbe3,User_AQVEAOM16AQMZ,US
6989a4e910805f5685d6fbe4,User_A2N26ZWW4NYODL,DE
6989a4e910805f5685d6fbe5,User_APNTCH9BK2KIG,CA
6989a4e910805f5685d6fbe6,User_A1TVPYYEOYEWL5,FR
6989a4e910805f5685d6fbe7,User_AQWXVXX17ZEQM,GB
6989a4e910805f5685d6fbe8,User_7763,IT
6989a4e910805f5685d6fbe9,User_A2NDXYP4KOC70P,DE
6989a4e910805f5685d6fbea,User_A3QJ5EXCPY965H,GB
6989a4e910805f5685d6fbeb,User_A8WZZ6RT1QNDN,ES
6989a4e910805f5685d6fbec,User_A3NW47LZJY14WT,GB
6989a4e910805f5685d6fbed,User_A3VMABVQJ4A3DY,US
6989a4e910805f5685d6fbee,User_AOY8NLFDSM07N,ES
6989a4e910805f5685d6fbef,User_A1P27HWO9FPZC7,ES
6989a4e910805f5685d6fbf0,User_AH9ACUQ4J5WWC,GB
6989a4e910805f5685d6fbf1,User_A1J6XNDRXQWN2I,US
6989a4e910805f5685d6fbf2,User_A3ETUHK3ANT2RR,DE
6989a4e910805f5685d6fbf3,User_6112,GB
6989a4e910805f5685d6fbf4,User_16637,US
6989a4e910805f5685d6fbf5,User_A23OJN3HZ6K8WH,DE
6989a4e910805f5685d6fbf6,User_A3PE1MV0P179WJ,FR
6989a4e910805f5685d6fbf7,User_A26Q8XUR6OX9NI,IT
6989a4e910805f5685d6fbf8,User_A25B2SEFQR8E6N,ES
6989a4e910805f5685d6fbf9,User_A17MNN9F3EO34P,IT
6989a4e910805f5685d6fbfa,User_A2NHJLCHGMRMRA,GB
6989a4e910805f5685d6fbfb,User_A368INKWDUYHMK,IT
6989a4e910805f5685d6fbfc,User_A6SRD2GUWOHGD,CA
6989a4e910805f5685d6fbfd,User_22817,ES
6989a4e910805f5685d6fbfe,User_1781,DE
6989a4e910805f5685d6fbff,User_A222QEY6X95GSW,IT
6989a4e910805f5685d6fc00,User_A67RZCSVDIAUO,GB
6989a4e910805f5685d6fc01,User_A1OY4UAV1KAMR4,IT
6989a4e910805f5685d6fc02,User_A287FCTOFZVPVD,FR
6989a4e910805f5685d6fc03,User_ANGTYO75G8ZZY,US
6989a4e910805f5685d6fc04,User_A3R42N1W4MQ9OY,DE
6989a4e910805f5685d6fc05,User_A159CB2GA4LHU,US
6989a4e910805f5685d6fc06,User_A3J16J4PP12KYF,DE
6989a4e910805f5685d6fc07,User_A2Z6OSZF4BYRMT,GB
6989a4e910805f5685d6fc08,User_A32WSWKXNJMGI,ES
6989a4e910805f5685d6fc09,User_A1PFRFGX0SXSKZ,DE
6989a4e910805f5685d6fc0a,User_AVZ3KI8TCWCWB,GB
6989a4e910805f5685d6fc0b,User_A164DCQPVX2S35,GB
6989a4e910805f5685d6fc0c,User_A3DR1LB8EE942U,ES
6989a4e910805f5685d6fc0d,User_A4L4F7BDRUVBK,US
6989a4e910805f5685d6fc0e,User_A2UWV6ABM7B48S,DE
6989a4e910805f5685d6fc0f,User_A1AB9SAZAOK65U,IT
6989a4e910805f5685d6fc10,User_A175VIGCJ7V5S8,FR
6989a4e910805f5685d6fc11,User_13550,IT
6989a4e910805f5685d6fc12,User_AL9EM03OHTVP8,DE
6989a4e910805f5685d6fc13,User_AL68JW793ZQ7M,IT
6989a4e910805f5685d6fc14,User_A1Y01KS90KHIXZ,FR
6989a4e910805f5685d6fc15,User_20339,CA
6989a4e910805f5685d6fc16,User_ADPMBBH6VIEKW,CA
6989a4e910805f5685d6fc17,User_AQ4DFQGQA544K,US
6989a4e910805f5685d6fc18,User_A3EPWRBELC3Q4X,FR
6989a4e910805f5685d6fc19,User_AP3CFMAQ8MDDB,ES
6989a4e910805f5685d6fc1a,User_A16821FHBP3L0P,IT
6989a4e910805f5685d6fc1b,User_6268,ES
6989a4e910805f5685d6fc1c,User_A1DVF7BTN68U4R,IT
6989a4e910805f5685d6fc1d,User_A1ZURC449JBF69,GB
6989a4e910805f5685d6fc1e,User_A2FZ8D14LZW14Y,DE
6989a4e910805f5685d6fc1f,User_A1DQ7VLJCOW3LM,CA
6989a4e910805f5685d6fc20,User_A2TOZDW6OETVAW,US
6989a4e910805f5685d6fc21,User_A5LSI49LEFGMK,CA
6989a4e910805f5685d6fc22,User_A1QBEAD5ES8XDU,IT
6989a4e910805f5685d6fc23,User_241,GB
6989a4e910805f5685d6fc24,User_A2INIOA6ALXGGF,IT
6989a4e910805f5685d6fc25,User_A1PYS5D25PH9BZ,IT
6989a4e910805f5685d6fc26,User_A1MHOIS8D2VXR6,FR
6989a4e910805f5685d6fc27,User_A2WB7712KRT758,ES
6989a4e910805f5685d6fc28,User_A3RPEDYIKS1AQ5,FR
6989a4e910805f5685d6fc29,User_AY8B1PUFZ4JXK,GB
6989a4e910805f5685d6fc2a,User_A2O4I6959UA7FO,ES
6989a4e910805f5685d6fc2b,User_A19KPS6WE7IXP9,US
6989a4e910805f5685d6fc2c,User_A22J1UV7A844WB,FR
6989a4e910805f5685d6fc2d,User_A2TJMZ052R3FY2,CA
6989a4e910805f5685d6fc2e,User_A1Z7XUOX5UZAI9,FR
6989a4e910805f5685d6fc2f,User_3927,IT
6989a4e910805f5685d6fc30,User_A3I29DJX5UWOMB,GB
6989a4e910805f5685d6fc31,User_A1XUO6TYQ5HAB4,FR
6989a4e910805f5685d6fc32,User_A29WH83F894YAA,IT
6989a4e910805f5685d6fc33,User_A3O3NNPP2D0XM3,CA
6989a4e910805f5685d6fc34,User_A3I92PEEL1B62O,US
6989a4e910805f5685d6fc35,User_ACCYAAJGXXYRP,IT
6989a4e910805f5685d6fc36,User_AIRZZL4VTGJ48,IT
6989a4e910805f5685d6fc37,User_A2BFPZW3MUZ3O9,FR
6989a4e910805f5685d6fc38,User_A1AFWNCUCMQHMW,DE
6989a4e910805f5685d6fc39,User_A3OA2Y4QT84A9E,IT
6989a4e910805f5685d6fc3a,User_AOQODYOALL8TM,ES
6989a4e910805f5685d6fc3b,User_A2YQ3Q34ZSYWDT,IT
6989a4e910805f5685d6fc3c,User_A30AW6HVCN2D7L,GB
6989a4e910805f5685d6fc3d,User_ACQJN05DMP0N5,DE
6989a4e910805f5685d6fc3e,User_A1C7Y18MAPQD0B,GB
6989a4e910805f5685d6fc3f,User_A1AEQ14WB2DE07,US
6989a4e910805f5685d6fc40,User_A1895K53I5I5E8,IT
6989a4e910805f5685d6fc41,User_A6IZNB95EL1TM,IT
6989a4e910805f5685d6fc42,User_447,ES
6989a4e910805f5685d6fc43,User_AU0TFCH7E9IZH,US
6989a4e910805f5685d6fc44,User_10618,DE
6989a4e910805f5685d6fc45,User_277096,US
6989a4e910805f5685d6fc46,User_A2VBP1KUR1RX5L,ES
6989a4e910805f5685d6fc47,User_277186,DE
6989a4e910805f5685d6fc48,User_A32GK89C999834,DE
6989a4e910805f5685d6fc49,User_A4UA7I9CKZMD8,GB
6989a4e910805f5685d6fc4a,User_A26Q3JN44ARO7U,FR
6989a4e910805f5685d6fc4b,User_A1EGGXI5010TFR,US
6989a4e910805f5685d6fc4c,User_A1S483JNIX6WC,CA
6989a4e910805f5685d6fc4d,User_A33J7EMP5PIB5A,GB
6989a4e910805f5685d6fc4e,User_A37F6GLH4NJAIN,CA
6989a4e910805f5685d6fc4f,User_A1BTBGKVOV6O4T,ES
6989a4e910805f5685d6fc50,User_A5P0AOBN50TBD,US
6989a4e910805f5685d6fc51,User_277058,GB
6989a4e910805f5685d6fc52,User_11713,CA
6989a4e910805f5685d6fc53,User_A2VHV9PR80BRGM,IT
6989a4e910805f5685d6fc54,User_A112Y29SDKDXYV,ES
6989a4e910805f5685d6fc55,User_A29318NPQLEA6F,DE
6989a4e910805f5685d6fc56,User_AZD9KK7JN429Z,DE
6989a4e910805f5685d6fc57,User_A2FP90NW2U8PDN,IT
6989a4e910805f5685d6fc58,User_A3NRNJN4GAQ2V6,ES
6989a4e910805f5685d6fc59,User_A3EB5RKLYU8J4H,GB
6989a4e910805f5685d6fc5a,User_AWD1X9H8I4TVI,ES
6989a4e910805f5685d6fc5b,User_277853,ES
6989a4e910805f5685d6fc5c,User_17451,CA
6989a4e910805f5685d6fc5d,User_A2M5SQ5TO4V0N9,IT
6989a4e910805f5685d6fc5e,User_ATI7W6QTQWE3Z,IT
6989a4e910805f5685d6fc5f,User_A5RTYPETTEPP3,DE
6989a4e910805f5685d6fc60,User_15145,CA
6989a4e910805f5685d6fc61,User_AKV12QOX2HL8T,IT
6989a4e910805f5685d6fc62,User_A2H22I2RWE0HOV,GB
6989a4e910805f5685d6fc63,User_A3NGTZ7HZT3RJX,IT
6989a4e910805f5685d6fc64,User_22114,CA
6989a4e910805f5685d6fc65,User_A2F3CEGY89F9L5,FR
6989a4e910805f5685d6fc66,User_A140QTL54ZC6S,US
6989a4e910805f5685d6fc67,User_ARQ7VUMER1N0U,CA
6989a4e910805f5685d6fc68,User_5366,DE
6989a4e910805f5685d6fc69,User_ALZYVC06EZU0H,FR
6989a4e910805f5685d6fc6a,User_A3K1OES8RR3K9G,IT
6989a4e910805f5685d6fc6b,User_A2CVPN11LHLXMU,GB
6989a4e910805f5685d6fc6c,User_A3PUWEIXVNWQZ7,IT
6989a4e910805f5685d6fc6d,User_A16DQ459FWI5KK,GB
6989a4e910805f5685d6fc6e,User_AXWWF0OY0J3BE,ES
6989a4e910805f5685d6fc6f,User_278492,DE
6989a4e910805f5685d6fc70,User_A808PH6JMHRE5,ES
6989a4e910805f5685d6fc71,User_A1KS8B0EVCOR3M,DE
6989a4e910805f5685d6fc72,User_A2Y1RH7IPGRU30,IT
6989a4e910805f5685d6fc73,User_A1FE004KH72NUG,US
6989a4e910805f5685d6fc74,User_A2LWA7NVC9FEOL,FR
6989a4e910805f5685d6fc75,User_A1ZM45NJ4DPG4N,US
6989a4e910805f5685d6fc76,User_A3MEOTUD2I43YB,IT
6989a4e910805f5685d6fc77,User_A3D5O45V2DH3G5,FR
6989a4e910805f5685d6fc78,User_A2HJ8JN3I87KG5,FR
6989a4e910805f5685d6fc79,User_A386RJ08DQ9CNQ,CA
6989a4e910805f5685d6fc7a,User_A5PCOQ5NH6D46,IT
6989a4e910805f5685d6fc7b,User_276963,DE
6989a4e910805f5685d6fc7c,User_A23H02JVNAHZAZ,CA
6989a4e910805f5685d6fc7d,User_A2EN77A3EW4J91,IT
6989a4e910805f5685d6fc7e,User_A3W9HT3BNE4PQ,IT
6989a4e910805f5685d6fc7f,User_A38Z67ABSXPRGV,US
6989a4e910805f5685d6fc80,User_ANTIQT1M1GYYF,ES
6989a4e910805f5685d6fc81,User_A1ORK21ZGD27JT,ES
6989a4e910805f5685d6fc82,User_A3N8YLID24CTOD,ES
6989a4e910805f5685d6fc83,User_A137A5BR7IDRZL,IT
6989a4e910805f5685d6fc84,User_A28FMB1W9FX4Y6,IT
6989a4e910805f5685d6fc85,User_A36KIAZ9MCKB1P,GB
6989a4e910805f5685d6fc86,User_A1FLCXMJUWLH9I,IT
6989a4e910805f5685d6fc87,User_AQL3GOGN3VY71,IT
6989a4e910805f5685d6fc88,User_A2BEM8LP4YRJQ0,ES
6989a4e910805f5685d6fc89,User_A2611HQ8HZ4Y77,CA
6989a4e910805f5685d6fc8a,User_A2RPIGO3G4M6GN,CA
6989a4e910805f5685d6fc8b,User_A1DJVSGM0JYAD9,US
6989a4e910805f5685d6fc8c,User_A33D1LPCYUANWE,CA
6989a4e910805f5685d6fc8d,User_ASCGWGVKHLKU6,FR
6989a4e910805f5685d6fc8e,User_A3L1L11TA7VB6P,DE
6989a4e910805f5685d6fc8f,User_A1QWM2TK8YPR1L,US
6989a4e910805f5685d6fc90,User_A2Z4GBDHNB99E6,IT
6989a4e910805f5685d6fc91,User_A2OIWXOG0I4ERF,FR
6989a4e910805f5685d6fc92,User_A3LFID2NEYHI39,DE
6989a4e910805f5685d6fc93,User_A23LIF3P3CPIBM,US
6989a4e910805f5685d6fc94,User_A2OWYO0T91QA75,CA
6989a4e910805f5685d6fc95,User_A1RQ83KBF7TUTG,US
6989a4e910805f5685d6fc96,User_18827,IT
6989a4e910805f5685d6fc97,User_AYEF5MIMPX9LI,ES
6989a4e910805f5685d6fc98,User_A1FYG9QCF32X63,IT
6989a4e910805f5685d6fc99,User_A3UFFB5329OJEN,CA
6989a4e910805f5685d6fc9a,User_A3RPSZVB3KC50U,CA
6989a4e910805f5685d6fc9b,User_A3JSCJ4E7D11LF,ES
6989a4e910805f5685d6fc9c,User_A2D4RX1XWVYQOJ,US
6989a4e910805f5685d6fc9d,User_1956,US
6989a4e910805f5685d6fc9e,User_A2Y7JQX54TWRTY,FR
6989a4e910805f5685d6fc9f,User_A2XCP53HHLLRWV,IT
6989a4e910805f5685d6fca0,User_AEJAMCGCTJ56A,IT
6989a4e910805f5685d6fca1,User_A3HP2VE8KA4T3X,DE
6989a4e910805f5685d6fca2,User_AJ8TBV3FD6704,GB
6989a4e910805f5685d6fca3,User_AV9W7OTBWI3PX,IT
6989a4e910805f5685d6fca4,User_A9FQ846XLHYRJ,FR
6989a4e910805f5685d6fca5,User_A1XM7VKHGJUS79,FR
6989a4e910805f5685d6fca6,User_A2PAEH7RYW57F7,US
6989a4e910805f5685d6fca7,User_A253K1VJYOZNTF,IT
6989a4e910805f5685d6fca8,User_AHW8JTCTZTR9Y,ES
6989a4e910805f5685d6fca9,User_AQR2XU3HEXDVZ,DE
6989a4e910805f5685d6fcaa,User_3856,GB
6989a4e910805f5685d6fcab,User_AQUKZ52T1BE9H,IT
6989a4e910805f5685d6fcac,User_A3UK39CWDEOKPX,ES
6989a4e910805f5685d6fcad,User_A20RJ1ES5CPEGU,DE
6989a4e910805f5685d6fcae,User_3580,CA
6989a4e910805f5685d6fcaf,User_A19V2S0FLHDL3D,DE
6989a4e910805f5685d6fcb0,User_A3T0DD71Z1XDSI,ES
6989a4e910805f5685d6fcb1,User_A3PXMII22VY8UA,IT
6989a4e910805f5685d6fcb2,User_AHQMLQ0ZFPG2C,FR
6989a4e910805f5685d6fcb3,User_A11JMMUU3WH034,IT
6989a4e910805f5685d6fcb4,User_A2U5WUFWAGILUO,GB
6989a4e910805f5685d6fcb5,User_A2N636UYX18MV9,ES
6989a4e910805f5685d6fcb6,User_A3EPZUU7B0VZNN,FR
6989a4e910805f5685d6fcb7,User_5383,ES
6989a4e910805f5685d6fcb8,User_A3CZVZ35U5F96H,IT
6989a4e910805f5685d6fcb9,User_A1BEUDWNTPTX5A,ES
6989a4e910805f5685d6fcba,User_A4MXNXJ7JP9FY,DE
6989a4e910805f5685d6fcbb,User_A1JZBMCLIRVLPF,GB
6989a4e910805f5685d6fcbc,User_A2TQQJZKUHYL7Z,FR
6989a4e910805f5685d6fcbd,User_A2HQW8Y52SVFS5,FR
6989a4e910805f5685d6fcbe,User_A1ZWDCU5154CL6,FR
6989a4e910805f5685d6fcbf,User_A1W23VEMLIXXXW,ES
6989a4e910805f5685d6fcc0,User_A33PVCHCQ2BTN0,ES
6989a4e910805f5685d6fcc1,User_A1DEVK1KQHWO45,IT
6989a4e910805f5685d6fcc2,User_A3OACRFSOYB7BU,FR
6989a4e910805f5685d6fcc3,User_ATSO7AOHFHUMB,ES
6989a4e910805f5685d6fcc4,User_A1ZHDHRMRO4WX,CA
6989a4e910805f5685d6fcc5,User_A2ZMWGU610X3ZT,ES
6989a4e910805f5685d6fcc6,User_A2TV9F48T5SBIO,FR
6989a4e910805f5685d6fcc7,User_22658,DE
6989a4e910805f5685d6fcc8,User_1138,GB
6989a4e910805f5685d6fcc9,User_22812,FR
6989a4e910805f5685d6fcca,User_A1ICLSLOM84TQB,US
6989a4e910805f5685d6fccb,User_A2TIUYI73U036T,FR
6989a4e910805f5685d6fccc,User_A2DK4OBX1IDDP,IT
6989a4e910805f5685d6fccd,User_AZ5E3HH8JGJIQ,ES
6989a4e910805f5685d6fcce,User_A3VUWDSKYPYDEV,DE
6989a4e910805f5685d6fccf,User_15386,FR
6989a4e910805f5685d6fcd0,User_277315,US
6989a4e910805f5685d6fcd1,User_A3G01RI3MUWWQ6,IT
6989a4e910805f5685d6fcd2,User_A2K0O3NAMDKUHI,GB
6989a4e910805f5685d6fcd3,User_AI022ISOCG94A,ES
6989a4e910805f5685d6fcd4,User_A1IIZOFP8YKGPR,IT
6989a4e910805f5685d6fcd5,User_A3TBGAUXS29PQV,DE
6989a4e910805f5685d6fcd6,User_A3HMFRTIFD500,US
6989a4e910805f5685d6fcd7,User_A1461IN75LCEN2,GB
6989a4e910805f5685d6fcd8,User_10187,DE
6989a4e910805f5685d6fcd9,User_A2KIVCI8A8TOX1,ES
6989a4e910805f5685d6fcda,User_AN39SL2Q7VOVD,ES
6989a4e910805f5685d6fcdb,User_A10ZEVNZ3MLX5H,US
6989a4e910805f5685d6fcdc,User_A2WFYLXYYK32WP,DE
6989a4e910805f5685d6fcdd,User_1466,GB
6989a4e910805f5685d6fcde,User_A3LBOMQVR74I79,US
6989a4e910805f5685d6fcdf,User_20418,GB
6989a4e910805f5685d6fce0,User_AL47WL00RCSYJ,FR
6989a4e910805f5685d6fce1,User_A1NU5FUGPNVXCU,ES
6989a4e910805f5685d6fce2,User_A2BIK2DQ5EU52G,ES
6989a4e910805f5685d6fce3,User_A1W17MVP0ZK8X8,IT
6989a4e910805f5685d6fce4,User_A3W30MDLT8P54D,IT
6989a4e910805f5685d6fce5,User_277794,DE
6989a4e910805f5685d6fce6,User_A3IVICQI4162WC,ES
6989a4e910805f5685d6fce7,User_10197,DE
6989a4e910805f5685d6fce8,User_9183,GB
6989a4e910805f5685d6fce9,User_A3S4FZ2PLRKE8T,DE
6989a4e910805f5685d6fcea,User_A164CEQYM6I9WL,GB
6989a4e910805f5685d6fceb,User_A1BEIKLH5BV3Y1,GB
6989a4e910805f5685d6fcec,User_A35CJOEW5BMDXZ,DE
6989a4e910805f5685d6fced,User_A31IPJA5MI4R4K,FR
6989a4e910805f5685d6fcee,User_A1274J89XU96EB,GB
6989a4e910805f5685d6fcef,User_A2WA8ASCEQZ1KX,FR
6989a4e910805f5685d6fcf0,User_A2H403MY3QTAOF,CA
6989a4e910805f5685d6fcf1,User_A3OA4PTBX7O9YL,FR
6989a4e910805f5685d6fcf2,User_A2ZJIV0X2I1995,DE
6989a4e910805f5685d6fcf3,User_A3AYS1LTJ38Y5E,US
6989a4e910805f5685d6fcf4,User_2152,CA
6989a4e910805f5685d6fcf5,User_A27Z83NQXHWJNT,ES
6989a4e910805f5685d6fcf6,User_A2UCK8AUOP30R2,DE
6989a4e910805f5685d6fcf7,User_21480,IT
6989a4e910805f5685d6fcf8,User_A1AZ85OLB3H1AU,IT
6989a4e910805f5685d6fcf9,User_ABCRV5Q0803TR,GB
6989a4e910805f5685d6fcfa,User_A32WDLU5Z9ENFT,DE
6989a4e910805f5685d6fcfb,User_A2HXKUZRIFXXLS,ES
6989a4e910805f5685d6fcfc,User_AUDPS9N488339,IT
6989a4e910805f5685d6fcfd,User_A24MYLQYL554NC,US
6989a4e910805f5685d6fcfe,User_A3DXAYM2SDKTVO,CA
6989a4e910805f5685d6fcff,User_A1ZR81HK80AXE2,DE
6989a4e910805f5685d6fd00,User_A35FYGIXKBE6VU,CA
6989a4e910805f5685d6fd01,User_13319,DE
6989a4e910805f5685d6fd02,User_AZ0IOBU20TBOP,FR
6989a4e910805f5685d6fd03,User_A194PDZSOQJ9QL,FR
6989a4e910805f5685d6fd04,User_A36DJ9VIOIUG6K,ES
6989a4e910805f5685d6fd05,User_A1BYCSEUXDEG5J,FR
6989a4e910805f5685d6fd06,User_A1KXONFPU2XQ5K,ES
6989a4e910805f5685d6fd07,User_A2NPU1W1FZWYV0,FR
6989a4e910805f5685d6fd08,User_A1NZY4DQELUP72,IT
6989a4e910805f5685d6fd09,User_A2VXK4Y2W8522U,US
6989a4e910805f5685d6fd0a,User_A3PT1NMP9UZKNI,IT
6989a4e910805f5685d6fd0b,User_AT44N3PHQJY6I,ES
6989a4e910805f5685d6fd0c,User_A1O7CDZ9BQVV5O,IT
6989a4e910805f5685d6fd0d,User_4912,IT
6989a4e910805f5685d6fd0e,User_A3VZ9CSEYB8LK0,CA
6989a4e910805f5685d6fd0f,User_A2L9GMNDF9B2A1,GB
6989a4e910805f5685d6fd10,User_A129S2CIJPLEYF,US
6989a4e910805f5685d6fd11,User_A3XYPF18JDAYM,FR
6989a4e910805f5685d6fd12,User_16449,DE
6989a4e910805f5685d6fd13,User_A2OFJNW7UO49VK,US
6989a4e910805f5685d6fd14,User_A2874BUPT0KTJW,FR
6989a4e910805f5685d6fd15,User_A15A5BMZ0K8ZYM,ES
6989a4e910805f5685d6fd16,User_AEJJ7DVEMWDR2,FR
6989a4e910805f5685d6fd17,User_A1KXRC7PK6S7LI,GB
6989a4e910805f5685d6fd18,User_A331KWP04XXXIQ,DE
6989a4e910805f5685d6fd19,User_A3MH1507RWA4QL,CA
6989a4e910805f5685d6fd1a,User_A3IQMIIKYKH8TH,GB
6989a4e910805f5685d6fd1b,User_A2BX8AQZI0RILP,ES
6989a4e910805f5685d6fd1c,User_A53ODPA2XGP2R,US
6989a4e910805f5685d6fd1d,User_A2JD5IJX4K4CJ7,US
6989a4e910805f5685d6fd1e,User_A29QRWU45ACNE7,GB
6989a4e910805f5685d6fd1f,User_A18THP5MFMK7CO,FR
6989a4e910805f5685d6fd20,User_A235WZ0QUO1FT4,US
6989a4e910805f5685d6fd21,User_A2O8S857LEVKKX,US
6989a4e910805f5685d6fd22,User_A29071RYQZHVFU,US
6989a4e910805f5685d6fd23,User_A157EB6ORDDZVD,FR
6989a4e910805f5685d6fd24,User_3944,US
6989a4e910805f5685d6fd25,User_A1EN4GKH9UKRX0,FR
6989a4e910805f5685d6fd26,User_A1NRB61A6CBTGM,IT
6989a4e910805f5685d6fd27,User_A3LXYFX0RZIYA1,IT
6989a4e910805f5685d6fd28,User_A1A98FV5E9354O,DE
6989a4e910805f5685d6fd29,User_AIQDTDU6WU4W3,DE
6989a4e910805f5685d6fd2a,User_A18EO2D4UC1AHE,DE
6989a4e910805f5685d6fd2b,User_21894,FR
6989a4e910805f5685d6fd2c,User_A2BSZPRBKYAB2K,ES
6989a4e910805f5685d6fd2d,User_AM3INXMCLOP7O,ES
6989a4e910805f5685d6fd2e,User_A9YNYD373E4AH,CA
6989a4e910805f5685d6fd2f,User_A3LB86GH7I6RLR,FR
6989a4e910805f5685d6fd30,User_A3OB8U8362U5XV,IT
6989a4e910805f5685d6fd31,User_A1ZFD6OKT0W0UD,DE
6989a4e910805f5685d6fd32,User_A2F8UPD05KJ5K2,FR
6989a4e910805f5685d6fd33,User_A13JMOMHUNZ703,CA
6989a4e910805f5685d6fd34,User_278390,GB
6989a4e910805f5685d6fd35,User_A2OSSLQ2SO7X1D,FR
6989a4e910805f5685d6fd36,User_A3VU5LY3QOW8YB,FR
6989a4e910805f5685d6fd37,User_4495,US
6989a4e910805f5685d6fd38,User_A179GX8E3M4G52,IT
6989a4e910805f5685d6fd39,User_A9TOVHNOI5053,US
6989a4e910805f5685d6fd3a,User_ACYNWRXZPFP7H,DE
6989a4e910805f5685d6fd3b,User_AT04V4H3AO3T5,US
6989a4e910805f5685d6fd3c,User_A18QAJI99ZEL8I,IT
6989a4e910805f5685d6fd3d,User_11355,GB
6989a4e910805f5685d6fd3e,User_A2KKCS2P3OHT74,IT
6989a4e910805f5685d6fd3f,User_A125TCSLZ8IBCY,GB
6989a4e910805f5685d6fd40,User_A3PW78R5BBOUQU,DE
6989a4e910805f5685d6fd41,User_A1KQ9FEKXASK6I,DE
6989a4e910805f5685d6fd42,User_A15GVSCJZL8DP9,ES
6989a4e910805f5685d6fd43,User_2103,GB
6989a4e910805f5685d6fd44,User_A3QSX90BPP5B21,US
6989a4e910805f5685d6fd45,User_278238,US
6989a4e910805f5685d6fd46,User_3044,ES
6989a4e910805f5685d6fd47,User_A2W114UNC6WIV1,IT
6989a4e910805f5685d6fd48,User_A3RMC41U3BLTGN,FR
6989a4e910805f5685d6fd49,User_21885,CA
6989a4e910805f5685d6fd4a,User_1684,GB
6989a4e910805f5685d6fd4b,User_A2582KMXLK2P06,ES
6989a4e910805f5685d6fd4c,User_A29VG90T649CSU,IT
6989a4e910805f5685d6fd4d,User_A1S4PELMLAASDW,FR
6989a4e910805f5685d6fd4e,User_A2MTO8GC1UL8GD,FR
6989a4e910805f5685d6fd4f,User_819,CA
6989a4e910805f5685d6fd50,User_A2YLLZ7Y0IK7,FR
6989a4e910805f5685d6fd51,User_A1VQBHHXIKHIGS,US
6989a4e910805f5685d6fd52,User_A6TG2V7INLFHG,GB
6989a4e910805f5685d6fd53,User_7259,FR
6989a4e910805f5685d6fd54,User_A2PLXTKXUQAUW5,ES
6989a4e910805f5685d6fd55,User_A3MC2R81OGUNT1,FR
6989a4e910805f5685d6fd56,User_A2MHTAKASCOX11,CA
6989a4e910805f5685d6fd57,User_AYWNUX0UF5E6Q,FR
6989a4e910805f5685d6fd58,User_A3QG54QCOW309A,GB
6989a4e910805f5685d6fd59,User_AJD901XO8JH3G,DE
6989a4e910805f5685d6fd5a,User_A3F8R96M0MOL1W,DE
6989a4e910805f5685d6fd5b,User_ADNFPDS8IDMGF,GB
6989a4e910805f5685d6fd5c,User_A3FJLGYJYWIQP8,IT
6989a4e910805f5685d6fd5d,User_A2S5TL6LVIHYNS,GB
6989a4e910805f5685d6fd5e,User_AIBDONB6UWSK2,GB
6989a4e910805f5685d6fd5f,User_A1T423AK2VWM0M,CA
6989a4e910805f5685d6fd60,User_A24EP91YJSN7AR,IT
6989a4e910805f5685d6fd61,User_12220,ES
6989a4e910805f5685d6fd62,User_A3HTWZD2FEHAHO,US
6989a4e910805f5685d6fd63,User_21705,DE
6989a4e910805f5685d6fd64,User_277824,FR
6989a4e910805f5685d6fd65,User_A1ONI20QNDZEH5,US
6989a4e910805f5685d6fd66,User_A2WSB0BS1LDUMS,ES
6989a4e910805f5685d6fd67,User_A3BCZCMOMRWE6D,GB
6989a4e910805f5685d6fd68,User_A2IU5FT8J5KN7U,CA
6989a4e910805f5685d6fd69,User_AHHFO2LGH38RI,ES
6989a4e910805f5685d6fd6a,User_A2KJ6MX4LLIGXW,CA
6989a4e910805f5685d6fd6b,User_A3TEAVS7R9GHR7,CA
6989a4e910805f5685d6fd6c,User_A30JO9NU3MWZB,GB
6989a4e910805f5685d6fd6d,User_A2FG6YLERNV1YO,ES
6989a4e910805f5685d6fd6e,User_A1YX4P9JT81DYA,CA
6989a4e910805f5685d6fd6f,User_A1JL98I5KL10HT,ES
6989a4e910805f5685d6fd70,User_21343,FR
6989a4e910805f5685d6fd71,User_A23GE9SXEESW70,ES
6989a4e910805f5685d6fd72,User_AQTZVAZ5WRHKW,ES
6989a4e910805f5685d6fd73,User_5372,ES
6989a4e910805f5685d6fd74,User_A2FQXW9PF95KQE,FR
6989a4e910805f5685d6fd75,User_A3BZHUHRYV4JY5,GB
6989a4e910805f5685d6fd76,User_AUPO4RWY77MPN,ES
6989a4e910805f5685d6fd77,User_A1KMPEDUNOF0SC,CA
6989a4e910805f5685d6fd78,User_A3QTSCTRZF3VGY,DE
6989a4e910805f5685d6fd79,User_A30USCJ8Q77IKT,US
6989a4e910805f5685d6fd7a,User_A2R4R0FCFUBVVG,ES
6989a4e910805f5685d6fd7b,User_A37200VQ8MBYU2,IT
6989a4e910805f5685d6fd7c,User_ARKMGYVVZKUFM,GB
6989a4e910805f5685d6fd7d,User_A1Q20LJQOPF8C8,CA
6989a4e910805f5685d6fd7e,User_A1MIEHHRDRWAF4,FR
6989a4e910805f5685d6fd7f,User_A2ZKC7LJIMLBPK,IT
6989a4e910805f5685d6fd80,User_AQN2JCY97UIXL,GB
6989a4e910805f5685d6fd81,User_A1DI7FN3LMBVSM,GB
6989a4e910805f5685d6fd82,User_A19B0GTBYVO2OL,US
6989a4e910805f5685d6fd83,User_A22PJL1547BR6Y,IT
6989a4e910805f5685d6fd84,User_A1PQK9OTGHDY08,DE
6989a4e910805f5685d6fd85,User_A2ZJNO0L3JDFAB,DE
6989a4e910805f5685d6fd86,User_A2I46XXFNGSCUA,CA
6989a4e910805f5685d6fd87,User_A2F4YWAV6062U2,US
6989a4e910805f5685d6fd88,User_A1JO2OOINB1RM3,CA
6989a4e910805f5685d6fd89,User_A14CSC3TG9R6NV,CA
6989a4e910805f5685d6fd8a,User_A3TJS7XR1HHAI0,ES
6989a4e910805f5685d6fd8b,User_AB2319UNZ3QHR,ES
6989a4e910805f5685d6fd8c,User_A15W6NIEU1LW0R,GB
6989a4e910805f5685d6fd8d,User_A3CSETSVUK3LWQ,FR
6989a4e910805f5685d6fd8e,User_A1Z81GM85KH5XS,CA
6989a4e910805f5685d6fd8f,User_A1Z0FLCK8UKG5O,DE
6989a4e910805f5685d6fd90,User_ADC2HUN9Y35OT,IT
6989a4e910805f5685d6fd91,User_A2P0C00U6J1AXE,GB
6989a4e910805f5685d6fd92,User_A1BR1RXK9G6H7I,DE
6989a4e910805f5685d6fd93,User_A2Y9E9JRISI0W8,GB
6989a4e910805f5685d6fd94,User_A6C3L3ZBU4OR2,IT
6989a4e910805f5685d6fd95,User_A25OJDRDRNJZ97,IT
6989a4e910805f5685d6fd96,User_A2ISV1HZD6GFXS,IT
6989a4e910805f5685d6fd97,User_A3O58GTFRLM41W,DE
6989a4e910805f5685d6fd98,User_A2FYXEWOUUTK95,GB
6989a4e910805f5685d6fd99,User_A3AGVQMO48KT4X,CA
6989a4e910805f5685d6fd9a,User_A2KSU7OOJ5C479,DE
6989a4e910805f5685d6fd9b,User_A1M779YCQ8L0UP,DE
6989a4e910805f5685d6fd9c,User_A6ZPLVAUQ6695,ES
6989a4e910805f5685d6fd9d,User_A205CDGPEDYFXY,DE
6989a4e910805f5685d6fd9e,User_A291R7ZF8XGU5T,ES
6989a4e910805f5685d6fd9f,User_A30H0FDF3DK4IN,GB
6989a4e910805f5685d6fda0,User_A2QT0KPQU671OU,CA
6989a4e910805f5685d6fda1,User_ACPDGMK7AKN5J,FR
6989a4e910805f5685d6fda2,User_6401,ES
6989a4e910805f5685d6fda3,User_AG09HKSAYUOKP,DE
6989a4e910805f5685d6fda4,User_A3IHPCBP1BMMUF,IT
6989a4e910805f5685d6fda5,User_A3SYC08S5OKG2L,IT
6989a4e910805f5685d6fda6,User_A1S7S4G7ZATCGH,DE
6989a4e910805f5685d6fda7,User_3771,CA
6989a4e910805f5685d6fda8,User_A1QEO64PQ206IH,US
6989a4e910805f5685d6fda9,User_A2Y2XM4IT3JXUQ,US
6989a4e910805f5685d6fdaa,User_A11XOK1ZRKBK0H,CA
6989a4e910805f5685d6fdab,User_A2I473EY0D3EYW,GB
6989a4e910805f5685d6fdac,User_A16FLTQNAWZTZG,DE
6989a4e910805f5685d6fdad,User_A3994Y1VP43KJ,DE
6989a4e910805f5685d6fdae,User_A3F2LWE2E718PD,US
6989a4e910805f5685d6fdaf,User_A2BBHUU97Q46E6,GB
6989a4e910805f5685d6fdb0,User_AC1PBZJMO29BA,DE
6989a4e910805f5685d6fdb1,User_AMC6QARSJPYO3,ES
6989a4e910805f5685d6fdb2,User_AVL5IDEE8YA3D,US
6989a4e910805f5685d6fdb3,User_A1P960VEEMBLG3,GB
6989a4e910805f5685d6fdb4,User_4547,US
6989a4e910805f5685d6fdb5,User_AHDFO1APBHU8L,US
6989a4e910805f5685d6fdb6,User_A2HK2KJEHUKIOS,CA
6989a4e910805f5685d6fdb7,User_A1C0SRFFS5ZOB6,US
6989a4e910805f5685d6fdb8,User_A226WHGZ61IOIL,FR
6989a4e910805f5685d6fdb9,User_AJ5FQZR45HGQ6,IT
6989a4e910805f5685d6fdba,User_22788,GB
6989a4e910805f5685d6fdbb,User_A1MQEUO7U2062V,FR
6989a4e910805f5685d6fdbc,User_A2RMUH7O7PBYUL,ES
6989a4e910805f5685d6fdbd,User_AVW2P44GX7Y5P,FR
6989a4e910805f5685d6fdbe,User_A2RJ7QG3O2EFI4,FR
6989a4e910805f5685d6fdbf,User_A1OXF8GW1MUJI5,ES
6989a4e910805f5685d6fdc0,User_A2R1HU1HUA47VS,ES
6989a4e910805f5685d6fdc1,User_A3FIM8IO7IYXHD,FR
6989a4e910805f5685d6fdc2,User_AQ5QVHNNPJMKI,US
6989a4e910805f5685d6fdc3,User_1969,CA
6989a4e910805f5685d6fdc4,User_A1K4HPSHM2HPW1,US
6989a4e910805f5685d6fdc5,User_A1ULDSUKQ44DSA,DE
6989a4e910805f5685d6fdc6,User_A1K5K3K1CJEFST,IT
6989a4e910805f5685d6fdc7,User_ALAVY65B4IR1O,GB
6989a4e910805f5685d6fdc8,User_A28U80Z0NRUHJR,ES
6989a4e910805f5685d6fdc9,User_A7GT0WQKKDP0V,IT
6989a4e910805f5685d6fdca,User_10047,US
6989a4e910805f5685d6fdcb,User_A14T3SGC93DW90,DE
6989a4e910805f5685d6fdcc,User_A24TX691LZVJ23,IT
6989a4e910805f5685d6fdcd,User_13095,CA
6989a4e910805f5685d6fdce,User_A2HC4MLHBLIOW5,IT
6989a4e910805f5685d6fdcf,User_A2TYGL38X5BSPH,GB
6989a4e910805f5685d6fdd0,User_A2EQC9MEICEEK1,FR
6989a4e910805f5685d6fdd1,User_A10ZUGPJIENJ8C,CA
6989a4e910805f5685d6fdd2,User_A3B66SPLVBJZS5,CA
6989a4e910805f5685d6fdd3,User_A2QNBGIFVS3AI5,FR
6989a4e910805f5685d6fdd4,User_2985,GB
6989a4e910805f5685d6fdd5,User_13286,DE
6989a4e910805f5685d6fdd6,User_AYAEECN8VHH0G,GB
6989a4e910805f5685d6fdd7,User_A3OYHPBWUN1U4K,ES
6989a4e910805f5685d6fdd8,User_9381,US
6989a4e910805f5685d6fdd9,User_A16TZTMIBLJK6H,IT
6989a4e910805f5685d6fdda,User_A2DYTFSH9OP2HP,IT
6989a4e910805f5685d6fddb,User_AC58Z72OB2DDX,ES
6989a4e910805f5685d6fddc,User_A3MLTQ0TN1CHAB,DE
6989a4e910805f5685d6fddd,User_A34ACQXEZTVHRR,DE
6989a4e910805f5685d6fdde,User_A1PNSMGIFHGSGM,IT
6989a4e910805f5685d6fddf,User_A11XKY4EIU2KNR,DE
6989a4e910805f5685d6fde0,User_A29M8M7NDSZPKN,ES
6989a4e910805f5685d6fde1,User_A2E9UI5UTQPGH3,FR
6989a4e910805f5685d6fde2,User_A2F5LO8ZSX9561,IT
6989a4e910805f5685d6fde3,User_A2T68P9I05KBFT,GB
6989a4e910805f5685d6fde4,User_AF891EPCBMLLO,US
6989a4e910805f5685d6fde5,User_A12HCCBKM2SYJ6,FR
6989a4e910805f5685d6fde6,User_A2924CRHEV9B3,GB
6989a4e910805f5685d6fde7,User_AZGFN6A4M29BO,US
6989a4e910805f5685d6fde8,User_A3OFK4HAGDRE7E,DE
6989a4e910805f5685d6fde9,User_A2Y2S23VC22Z96,IT
6989a4e910805f5685d6fdea,User_A3UYHUASZMM3V4,DE
6989a4e910805f5685d6fdeb,User_AIOB3K2PE2E3R,DE
6989a4e910805f5685d6fdec,User_A34TRSS2L7V4BP,IT
6989a4e910805f5685d6fded,User_AQ8DU6XVA3USJ,ES
6989a4e910805f5685d6fdee,User_AWS8XNKZKRABS,FR
6989a4e910805f5685d6fdef,User_5690,ES
6989a4e910805f5685d6fdf0,User_A1KAKU5SCNNEZM,ES
6989a4e910805f5685d6fdf1,User_A39AOQ5C1DZF1S,CA
6989a4e910805f5685d6fdf2,User_A2QOBG7K0PA6IL,ES
6989a4e910805f5685d6fdf3,User_A1JIP7ZWOTRDHI,IT
6989a4e910805f5685d6fdf4,User_A11O8YZRKJZGWB,US
6989a4e910805f5685d6fdf5,User_12549,GB
6989a4e910805f5685d6fdf6,User_A2OKE8DICWRL89,GB
6989a4e910805f5685d6fdf7,User_A1CNFZMNF7RP05,FR
6989a4e910805f5685d6fdf8,User_A6FT241EVFR2Z,IT
6989a4e910805f5685d6fdf9,User_AOH4UB590JPAY,DE
6989a4e910805f5685d6fdfa,User_A87IAW7RGJ8QJ,ES
6989a4e910805f5685d6fdfb,User_A1BTIFC6WPFNCY,US
6989a4e910805f5685d6fdfc,User_AFSC09ZR31WKG,US
6989a4e910805f5685d6fdfd,User_A20N4RNCT89FSB,IT
6989a4e910805f5685d6fdfe,User_A1YNHF2DG1TAHO,GB
6989a4e910805f5685d6fdff,User_A2WG1GQWC4P9KD,GB
6989a4e910805f5685d6fe00,User_A1FWEU37YJBORI,IT
6989a4e910805f5685d6fe01,User_A3856LGWPJ218V,US
6989a4e910805f5685d6fe02,User_A2916V0F1BSAZL,IT
6989a4e910805f5685d6fe03,User_A2E83H1NZNO3CF,ES
6989a4e910805f5685d6fe04,User_14461,ES
6989a4e910805f5685d6fe05,User_A376H5R298FGEY,GB
6989a4e910805f5685d6fe06,User_A1QTKCK1E2V0TU,GB
6989a4e910805f5685d6fe07,User_A32J2SUJFF8SQH,CA
6989a4e910805f5685d6fe08,User_A2RXL86TLRI2DP,FR
6989a4e910805f5685d6fe09,User_A3O7JJ2IPYMZN3,DE
6989a4e910805f5685d6fe0a,User_AEVV2AJR2LP29,DE
6989a4e910805f5685d6fe0b,User_A172AQ6YISZ850,DE
6989a4e910805f5685d6fe0c,User_A23UJO5PWWRT2S,GB
6989a4e910805f5685d6fe0d,User_21909,IT
6989a4e910805f5685d6fe0e,User_AZTYHKV3MI0YL,GB
6989a4e910805f5685d6fe0f,User_17926,FR
6989a4e910805f5685d6fe10,User_A2TYUCQYO6YEMF,ES
6989a4e910805f5685d6fe11,User_AU341E05JR74V,ES
6989a4e910805f5685d6fe12,User_A2CV3I83FBOGLN,CA
6989a4e910805f5685d6fe13,User_A25791QXQ2Z7E6,CA
6989a4e910805f5685d6fe14,User_A1PDWD4KCP1ABG,DE
6989a4e910805f5685d6fe15,User_AD0J5KK4WQXNS,ES
6989a4e910805f5685d6fe16,User_AXZZW5XONMNZC,IT
6989a4e910805f5685d6fe17,User_AOJJDLU8OLCJA,US
6989a4e910805f5685d6fe18,User_11640,FR
6989a4e910805f5685d6fe19,User_A7PNOKN67P7T3,IT
6989a4e910805f5685d6fe1a,User_A1KCZV9PDD5FF,ES
6989a4e910805f5685d6fe1b,User_9172,CA
6989a4e910805f5685d6fe1c,User_A1HCURA5MIMWX0,US
6989a4e910805f5685d6fe1d,User_A33H8DC3ZG58T0,ES
6989a4e910805f5685d6fe1e,User_A22NP67VS11F71,IT
6989a4e910805f5685d6fe1f,User_16830,US
6989a4e910805f5685d6fe20,User_AA4OYAUXYKHD3,US
6989a4e910805f5685d6fe21,User_A3F92S565ZRP4N,FR
6989a4e910805f5685d6fe22,User_A3NSK1H62JDYS3,FR
6989a4e910805f5685d6fe23,User_A3CPODFIL7T127,ES
6989a4e910805f5685d6fe24,User_A3CUARI7TV29Z6,US
6989a4e910805f5685d6fe25,User_ABQG7W6CTX470,FR
6989a4e910805f5685d6fe26,User_A1K3HKRCNNZN6X,FR
6989a4e910805f5685d6fe27,User_A2JMDKCDZN36JH,ES
6989a4e910805f5685d6fe28,User_A22A9UHILLJM7O,DE
6989a4e910805f5685d6fe29,User_A2TNG0X5H819VF,US
6989a4e910805f5685d6fe2a,User_A2SLK45O793E30,CA
6989a4e910805f5685d6fe2b,User_276904,GB
6989a4e910805f5685d6fe2c,User_A32QT7C2RPON1,US
6989a4e910805f5685d6fe2d,User_A2TS61KOHPSSRF,ES
6989a4e910805f5685d6fe2e,User_A1CGS3CK7E57SE,DE
6989a4e910805f5685d6fe2f,User_AZZK8T7V8NQ9N,DE
6989a4e910805f5685d6fe30,User_A3HSVDW2ASU4RO,CA
6989a4e910805f5685d6fe31,User_A1H8PRI14OYWGU,DE
6989a4e910805f5685d6fe32,User_A37W9VKW96KKPQ,FR
6989a4e910805f5685d6fe33,User_A2O3QNQTL94H8S,CA
6989a4e910805f5685d6fe34,User_A12IYMP81O3Y0Z,CA
6989a4e910805f5685d6fe35,User_A35I7S87NNC8OO,FR
6989a4e910805f5685d6fe36,User_A3TVTGCXWODYNA,IT
6989a4e910805f5685d6fe37,User_A1KJIHQSDH62C5,CA
6989a4e910805f5685d6fe38,User_ASIE69HHMND2W,DE
6989a4e910805f5685d6fe39,User_A1XB8KVFJIRVXG,US
6989a4e910805f5685d6fe3a,User_A1VZHZBPVSCBPK,US
6989a4e910805f5685d6fe3b,User_A3BVH10DSPW8YO,IT
6989a4e910805f5685d6fe3c,User_A16GUL88EQ5YX1,US
6989a4e910805f5685d6fe3d,User_A3IOCEOI151NIQ,CA
6989a4e910805f5685d6fe3e,User_9188,DE
6989a4e910805f5685d6fe3f,User_A14M4JZ1G0UB0V,ES
6989a4e910805f5685d6fe40,User_A33ZMDXLV33I91,FR
6989a4e910805f5685d6fe41,User_A1PFNGM8K1GQ89,CA
6989a4e910805f5685d6fe42,User_A3QIVVCQYZLOA5,US
6989a4e910805f5685d6fe43,User_A110HQHDJ9V6AP,CA
6989a4e910805f5685d6fe44,User_A1HTJT0R3G79XC,ES
6989a4e910805f5685d6fe45,User_A246YDUT97UJ9N,DE
6989a4e910805f5685d6fe46,User_16564,DE
6989a4e910805f5685d6fe47,User_A3N58UVR7ASN27,GB
6989a4e910805f5685d6fe48,User_A3G6Q2A764Z423,ES
6989a4e910805f5685d6fe49,User_AKL0DV22CFF5M,US
6989a4e910805f5685d6fe4a,User_A350FFLLI1C8A4,GB
6989a4e910805f5685d6fe4b,User_A2NQDBJ7095P4G,IT
6989a4e910805f5685d6fe4c,User_10313,ES
6989a4e910805f5685d6fe4d,User_A13HWL2RV8VWH6,ES
6989a4e910805f5685d6fe4e,User_AVLWJPVN443N9,GB
6989a4e910805f5685d6fe4f,User_AVJDSIQPP87B9,CA
6989a4e910805f5685d6fe50,User_A1TJ9HE8U6HZ00,DE
6989a4e910805f5685d6fe51,User_ABQDASH95G9SL,FR
6989a4e910805f5685d6fe52,User_AXKD3R3NVLBFQ,FR
6989a4e910805f5685d6fe53,User_AI2D2D5XJ6X4B,FR
6989a4e910805f5685d6fe54,User_A3H4OJXYRCVGNN,FR
6989a4e910805f5685d6fe55,User_A12LH2100CKQO,DE
6989a4e910805f5685d6fe56,User_A13KCAEGY6IDQ3,US
6989a4e910805f5685d6fe57,User_A3KZ9HYZ031966,IT
6989a4e910805f5685d6fe58,User_A20EX5SYMH0R40,GB
6989a4e910805f5685d6fe59,User_A1HXSV2YOBV3GJ,FR
6989a4e910805f5685d6fe5a,User_A6W4M67BRB26Y,US
6989a4e910805f5685d6fe5b,User_A39N89RKKCWUHJ,CA
6989a4e910805f5685d6fe5c,User_A2ADYGYCC5QUX,IT
6989a4e910805f5685d6fe5d,User_A26DJU0UGI6B8Q,DE
6989a4e910805f5685d6fe5e,User_A3GLQSCU1KG2K5,ES
6989a4e910805f5685d6fe5f,User_A2UWFKGJIAW3TW,FR
6989a4e910805f5685d6fe60,User_A1C9JTJQ8CGQ8E,CA
6989a4e910805f5685d6fe61,User_A10E7660SIQAWC,GB
6989a4e910805f5685d6fe62,User_A27WN5KFOHIKQV,US
6989a4e910805f5685d6fe63,User_15027,DE
6989a4e910805f5685d6fe64,User_A33M5LWVDRQJL3,CA
6989a4e910805f5685d6fe65,User_A1Z6Q6CYM8H5CV,ES
6989a4e910805f5685d6fe66,User_A2GFY6YTQ5XD93,DE
6989a4e910805f5685d6fe67,User_A1JGLWSV109S9L,US
6989a4e910805f5685d6fe68,User_A3SXVUEAS9US7Z,IT
6989a4e910805f5685d6fe69,User_9941,DE
6989a4e910805f5685d6fe6a,User_A2T79JTMR3HCQK,DE
6989a4e910805f5685d6fe6b,User_A2DWQT39N53N8Y,US
6989a4e910805f5685d6fe6c,User_1235,GB
6989a4e910805f5685d6fe6d,User_A2ERB8N1OG1LA4,FR
6989a4e910805f5685d6fe6e,User_A1TXEQQ66GPR8V,DE
6989a4e910805f5685d6fe6f,User_AXSAHKFK8A4CO,DE
6989a4e910805f5685d6fe70,User_AF9FVW03AXV6I,DE
6989a4e910805f5685d6fe71,User_ADR2LJIOBE4HL,FR
6989a4e910805f5685d6fe72,User_A34HG5XJGXDSC4,ES
6989a4e910805f5685d6fe73,User_ATB2HDVX59DBV,US
6989a4e910805f5685d6fe74,User_A1FD8DSS9O8NZW,GB
6989a4e910805f5685d6fe75,User_A2V5RTBG5K3TSL,ES
6989a4e910805f5685d6fe76,User_AT0B86GMT7IYU,ES
6989a4e910805f5685d6fe77,User_6682,IT
6989a4e910805f5685d6fe78,User_A1TJAL8GU7P9WF,US
6989a4e910805f5685d6fe79,User_A3FL4I56X6RPRS,DE
6989a4e910805f5685d6fe7a,User_A2Y07EQRFMRD3B,DE
6989a4e910805f5685d6fe7b,User_A1RUZOI24IX38S,DE
6989a4e910805f5685d6fe7c,User_A1QFIWOXV3KJBZ,CA
6989a4e910805f5685d6fe7d,User_21606,ES
6989a4e910805f5685d6fe7e,User_A3PGKLIFWPS6A3,GB
6989a4e910805f5685d6fe7f,User_A1BXOHJME19CN9,FR
6989a4e910805f5685d6fe80,User_A17LWBC2IAZ1BV,US
6989a4e910805f5685d6fe81,User_19174,FR
6989a4e910805f5685d6fe82,User_A3QHJ7BHTV3OE5,US
6989a4e910805f5685d6fe83,User_A3P0CWH9BERLML,IT
6989a4e910805f5685d6fe84,User_A2XHZ7VYREN2DT,FR
6989a4e910805f5685d6fe85,User_A1E69ZFSHQGIDV,GB
6989a4e910805f5685d6fe86,User_A11T2DJYCNERMG,CA
6989a4e910805f5685d6fe87,User_A2BPG4C19SY7F6,DE
6989a4e910805f5685d6fe88,User_A6Q4C6OGWTY61,FR
6989a4e910805f5685d6fe89,User_A3BCJF6KK8D2E1,IT
6989a4e910805f5685d6fe8a,User_A28NZJRW38CDX9,CA
6989a4e910805f5685d6fe8b,User_A2GU5LMUVAFKD0,FR
6989a4e910805f5685d6fe8c,User_A37K5LE9IAO9A1,CA
6989a4e910805f5685d6fe8d,User_A1NQK5MH9GTJ6S,FR
6989a4e910805f5685d6fe8e,User_A3V6ILT2UL39AH,ES
6989a4e910805f5685d6fe8f,User_A35EFEB1VFXZIP,ES
6989a4e910805f5685d6fe90,User_21822,FR
6989a4e910805f5685d6fe91,User_A1JQ6B2WKF1KTY,ES
6989a4e910805f5685d6fe92,User_A25HU5P6NQ6CDD,FR
6989a4e910805f5685d6fe93,User_A9NCQGVV5W8N0,US
6989a4e910805f5685d6fe94,User_A2T2OVNIRFWS4R,ES
6989a4e910805f5685d6fe95,User_A2F2ZHKWR71EE7,CA
6989a4e910805f5685d6fe96,User_6525,FR
6989a4e910805f5685d6fe97,User_A30LHK7PL4QGFI,ES
6989a4e910805f5685d6fe98,User_A37M6JQM5HNDTV,DE
6989a4e910805f5685d6fe99,User_A21MBOKCOZGYL6,FR
6989a4e910805f5685d6fe9a,User_A2N9UJMSYNV7Y,DE
6989a4e910805f5685d6fe9b,User_A3AH5ND20XC66S,IT
6989a4e910805f5685d6fe9c,User_5310,ES
6989a4e910805f5685d6fe9d,User_AE6LNLFB6E4HW,IT
6989a4e910805f5685d6fe9e,User_A1ZS5924QN7C8E,ES
6989a4e910805f5685d6fe9f,User_A2YE4JB7PKN5AZ,GB
6989a4e910805f5685d6fea0,User_A3SMS76IRAMNJJ,CA
6989a4e910805f5685d6fea1,User_A266SQGX2PH8OF,ES
6989a4e910805f5685d6fea2,User_A32FUQWD78TXBA,IT
6989a4e910805f5685d6fea3,User_A3HRVQD6XK8T7Y,CA
6989a4e910805f5685d6fea4,User_AUJG4O6VAL2EA,US
6989a4e910805f5685d6fea5,User_A1SD255M87B5PV,FR
6989a4e910805f5685d6fea6,User_ABW0MF3NQB17J,US
6989a4e910805f5685d6fea7,User_A22VG6RZ0QDAGV,CA
6989a4e910805f5685d6fea8,User_A32KG1B2CBDVSF,GB
6989a4e910805f5685d6fea9,User_A303U1MOXG5R1F,IT
6989a4e910805f5685d6feaa,User_A3AHMTQJYE5CQN,IT
6989a4e910805f5685d6feab,User_A72C7UFPATZ9K,GB
6989a4e910805f5685d6feac,User_A1Z2BAPWO9C1B9,DE
6989a4e910805f5685d6fead,User_A54UU4ZD7QU76,US
6989a4e910805f5685d6feae,User_A2INDDW3XYFFV1,ES
6989a4e910805f5685d6feaf,User_A3T0K9QLDKURBG,IT
6989a4e910805f5685d6feb0,User_A1NSUZ4FGMAZAM,US
6989a4e910805f5685d6feb1,User_A3EHA16S1OAWT,IT
6989a4e910805f5685d6feb2,User_A2FZ71H7WEYG96,IT
6989a4e910805f5685d6feb3,User_17326,CA
6989a4e910805f5685d6feb4,User_A10CVTNS7PB9ZW,GB
6989a4e910805f5685d6feb5,User_A1G8PIS94ET6QU,FR
6989a4e910805f5685d6feb6,User_4799,FR
6989a4e910805f5685d6feb7,User_19556,IT
6989a4e910805f5685d6feb8,User_A6COG2FS3I5MN,ES
6989a4e910805f5685d6feb9,User_A2ROUHOCSAD6K4,DE
6989a4e910805f5685d6feba,User_A38S9K9SK00XLL,DE
6989a4e910805f5685d6febb,User_ANM5PZ6SXJ1TT,US
6989a4e910805f5685d6febc,User_AYTH21EBOL8KU,DE
6989a4e910805f5685d6febd,User_A3LQX0F7AZFD9Z,DE
6989a4e910805f5685d6febe,User_A2OOVY7HCY6LQ5,GB
6989a4e910805f5685d6febf,User_AHB8PCI86SNT4,ES
6989a4e910805f5685d6fec0,User_AK0BEYWKVFYZW,FR
6989a4e910805f5685d6fec1,User_A4702IGFF8TLA,GB
6989a4e910805f5685d6fec2,User_A5BWJPOU5LFCM,GB
6989a4e910805f5685d6fec3,User_A3JR6D5B9WF5J8,DE
6989a4e910805f5685d6fec4,User_AYQ8RLE0K6RU8,CA
6989a4e910805f5685d6fec5,User_A367MPYBPFJWQ6,FR
6989a4e910805f5685d6fec6,User_A1TW30V9LYO263,ES
6989a4e910805f5685d6fec7,User_A2HQ2L6OG7TWWM,ES
6989a4e910805f5685d6fec8,User_19867,DE
6989a4e910805f5685d6fec9,User_A3CQUFV97XUETL,FR
6989a4e910805f5685d6feca,User_4444,CA
6989a4e910805f5685d6fecb,User_A1IPE0XI32W2GX,ES
6989a4e910805f5685d6fecc,User_A26JSQMKGN063V,DE
6989a4e910805f5685d6fecd,User_A19RSQYTR69U3B,ES
6989a4e910805f5685d6fece,User_A1JAPP1CXRG57A,IT
6989a4e910805f5685d6fecf,User_AEE8969U5MGU3,US
6989a4e910805f5685d6fed0,User_A7HXF8XC99OKY,FR
6989a4e910805f5685d6fed1,User_A2PX7WM9KWTU1L,IT
6989a4e910805f5685d6fed2,User_A3VDH1SYIG2N1Q,GB
6989a4e910805f5685d6fed3,User_A3SPZF89T77KIX,CA
6989a4e910805f5685d6fed4,User_8886,CA
6989a4e910805f5685d6fed5,User_A37IM00M6CJ41C,CA
6989a4e910805f5685d6fed6,User_ACMC11HX9725W,ES
6989a4e910805f5685d6fed7,User_A2ZGIG81DXOHVT,FR
6989a4e910805f5685d6fed8,User_AOZ7XAHCURXXS,GB
6989a4e910805f5685d6fed9,User_A1YS73DN4RXI6X,CA
6989a4e910805f5685d6feda,User_A2JVLQNZHA34H2,FR
6989a4e910805f5685d6fedb,User_20430,DE
6989a4e910805f5685d6fedc,User_A2U38WFOI1IL3W,FR
6989a4e910805f5685d6fedd,User_AFMI0FOFL3OBT,CA
6989a4e910805f5685d6fede,User_A3MZTBAILA3QOK,DE
6989a4e910805f5685d6fedf,User_A19K4Q2ODYD1FC,US
6989a4e910805f5685d6fee0,User_ABRLW9QRTMNZ2,US
6989a4e910805f5685d6fee1,User_A1MN3PWYC5NUQK,DE
6989a4e910805f5685d6fee2,User_A1I1LQFLZRE4BT,FR
6989a4e910805f5685d6fee3,User_A3F98SRFT82MD0,DE
6989a4e910805f5685d6fee4,User_A1V4QK4OE1A0QS,CA
6989a4e910805f5685d6fee5,User_A1QZU7QNOWUN8L,CA
6989a4e910805f5685d6fee6,User_A3GXCPY6KPD2WO,GB
6989a4e910805f5685d6fee7,User_A1LY0XINEWNHVB,ES
6989a4e910805f5685d6fee8,User_AMWP4IBRYC4QY,ES
6989a4e910805f5685d6fee9,User_A3NRF0OX8B1TZC,IT
6989a4e910805f5685d6feea,User_A1R600130ELMZB,GB
6989a4e910805f5685d6feeb,User_A3QMIP4KC3JVVG,DE
6989a4e910805f5685d6feec,User_A2QO08DN1DTEWD,CA
6989a4e910805f5685d6feed,User_A2H2TGZV0RWLQQ,US
6989a4e910805f5685d6feee,User_AULUINJOUB2HL,DE
6989a4e910805f5685d6feef,User_A9ARVDAUZEHDM,US
6989a4e910805f5685d6fef0,User_A1D2YYV4AL68RQ,FR
6989a4e910805f5685d6fef1,User_A12O21EYDHO4OO,IT
6989a4e910805f5685d6fef2,User_A3SBA6RATXA3CI,GB
6989a4e910805f5685d6fef3,User_A27BZX469D80TV,US
6989a4e910805f5685d6fef4,User_AKC0DYCVR5W76,ES
6989a4e910805f5685d6fef5,User_AJAJQ7ETD2YKE,CA
6989a4e910805f5685d6fef6,User_A19JH3TGW0PX0X,IT
6989a4e910805f5685d6fef7,User_A3G8SNLSK0OYAW,IT
6989a4e910805f5685d6fef8,User_A19Q6JEEEBNOAU,CA
6989a4e910805f5685d6fef9,User_A2I4V9GVQULYG2,ES
6989a4e910805f5685d6fefa,User_A1Y7WC48YRLZ8Z,GB
6989a4e910805f5685d6fefb,User_A1B6O7SAIYG2N0,IT
6989a4e910805f5685d6fefc,User_A2II8LM0M0B8QS,GB
6989a4e910805f5685d6fefd,User_AFNO84OIXRWFV,CA
6989a4e910805f5685d6fefe,User_A2WRE9D6O7Q1RS,CA
6989a4e910805f5685d6feff,User_A35HZ3R065DGQV,CA
6989a4e910805f5685d6ff00,User_A3OQF1H14QZXSC,US
6989a4e910805f5685d6ff01,User_A2D9MEBCFHIP2F,GB
6989a4e910805f5685d6ff02,User_9341,US
6989a4e910805f5685d6ff03,User_2942,IT
6989a4e910805f5685d6ff04,User_A3VQSFORKH8B7O,FR
6989a4e910805f5685d6ff05,User_A3CXIWC952FWSE,US
6989a4e910805f5685d6ff06,User_A2RHOJZY1I2Y0F,IT
6989a4e910805f5685d6ff07,User_A30CL2PU1U59P9,CA
6989a4e910805f5685d6ff08,User_A20M6YCK4JFQ21,US
6989a4e910805f5685d6ff09,User_A3IB85RLOY3N2B,DE
6989a4e910805f5685d6ff0a,User_A20IGH8FEVDNBD,DE
6989a4e910805f5685d6ff0b,User_A1S2RBHTU0J6X0,CA
6989a4e910805f5685d6ff0c,User_20432,GB
6989a4e910805f5685d6ff0d,User_A1H0YQBSH2G00Z,CA
6989a4e910805f5685d6ff0e,User_A1SL4Y2TSZHJVI,GB
6989a4e910805f5685d6ff0f,User_1389,DE
6989a4e910805f5685d6ff10,User_A36XFY807P8YRO,CA
6989a4e910805f5685d6ff11,User_A35NGAQNQ0GRX4,DE
6989a4e910805f5685d6ff12,User_A1882M52PHND0B,US
6989a4e910805f5685d6ff13,User_A1ACKPLZ86IMLY,IT
6989a4e910805f5685d6ff14,User_AGBJGXPYNXNXK,FR
6989a4e910805f5685d6ff15,User_14151,GB
6989a4e910805f5685d6ff16,User_A391OMFYDV3YAY,FR
6989a4e910805f5685d6ff17,User_A33C5WFMAKRYU9,FR
6989a4e910805f5685d6ff18,User_A3UPGIV1ZNYSPZ,DE
6989a4e910805f5685d6ff19,User_A32GWJ0OSOU4JI,CA
6989a4e910805f5685d6ff1a,User_A3RNRI8OM04ZE1,US
6989a4e910805f5685d6ff1b,User_ABPQX1VYIL8MA,FR
6989a4e910805f5685d6ff1c,User_A1FKMTAT0057PX,ES
6989a4e910805f5685d6ff1d,User_20712,DE
6989a4e910805f5685d6ff1e,User_A1VEL8F50JUHDJ,DE
6989a4e910805f5685d6ff1f,User_AGDYPR4V9ZF1D,IT
6989a4e910805f5685d6ff20,User_A3MDLDRB2GVKBH,FR
6989a4e910805f5685d6ff21,User_A2QKZ1L8Q4IQYY,ES
6989a4e910805f5685d6ff22,User_5459,DE
6989a4e910805f5685d6ff23,User_A99CILDQPTRTZ,IT
6989a4e910805f5685d6ff24,User_A2J3V8AJ1Z0921,IT
6989a4e910805f5685d6ff25,User_A3K1JFYC9KOVV5,DE
6989a4e910805f5685d6ff26,User_202,GB
6989a4e910805f5685d6ff27,User_A20ZD26MRGSUKU,FR
6989a4e910805f5685d6ff28,User_A2S4PQHPTKZ812,IT
6989a4e910805f5685d6ff29,User_6900,FR
6989a4e910805f5685d6ff2a,User_4556,DE
6989a4e910805f5685d6ff2b,User_A1N31PTN083CCN,IT
6989a4e910805f5685d6ff2c,User_A2RGC8WFJLHE2K,US
6989a4e910805f5685d6ff2d,User_AFM2YHMTKH931,FR
6989a4e910805f5685d6ff2e,User_A28SE66GQKCGM8,US
6989a4e910805f5685d6ff2f,User_A30KYVNGVS1WIO,GB
6989a4e910805f5685d6ff30,User_A35Q8RV518W1US,IT
6989a4e910805f5685d6ff31,User_AURQTR6LF0WYS,ES
6989a4e910805f5685d6ff32,User_AYXC9USAWXY6L,DE
6989a4e910805f5685d6ff33,User_A1HA6KZZNDCME9,GB
6989a4e910805f5685d6ff34,User_A1T6BORGW6UNEO,ES
6989a4e910805f5685d6ff35,User_AFDG3R6KWSOL1,US
6989a4e910805f5685d6ff36,User_ASVNX8INOUZQ0,GB
6989a4e910805f5685d6ff37,User_21423,US
6989a4e910805f5685d6ff38,User_ACJTFFEPW8HU6,CA
6989a4e910805f5685d6ff39,User_AQAHI3O4V6MY1,IT
6989a4e910805f5685d6ff3a,User_A85BC26EHN6PU,GB
6989a4e910805f5685d6ff3b,User_A1EZG8M9T0G25R,ES
6989a4e910805f5685d6ff3c,User_A2DYH4QMME6J73,FR
6989a4e910805f5685d6ff3d,User_22873,DE
6989a4e910805f5685d6ff3e,User_A08834252VBVVICHT1SE6,IT
6989a4e910805f5685d6ff3f,User_A15E5OIYVN1199,ES
6989a4e910805f5685d6ff40,User_A1CF9PSOIMVKAK,GB
6989a4e910805f5685d6ff41,User_AXVKB7WUD2PRV,DE
6989a4e910805f5685d6ff42,User_A38BEIB5NCPXBR,CA
6989a4e910805f5685d6ff43,User_A3CH70UCSAA7NW,US
6989a4e910805f5685d6ff44,User_A1R6KGK8TRJAGV,ES
6989a4e910805f5685d6ff45,User_A31NXDWZSPP8QR,GB
6989a4e910805f5685d6ff46,User_10916,GB
6989a4e910805f5685d6ff47,User_A2BK25BUQ8DSM6,ES
6989a4e910805f5685d6ff48,User_APG7KGYZA9SGI,ES
6989a4e910805f5685d6ff49,User_A2NPVOLPT1ZOLL,IT
6989a4e910805f5685d6ff4a,User_A1UMVX3ZQIN293,ES
6989a4e910805f5685d6ff4b,User_A1ZZ4OYB8JNC35,FR
6989a4e910805f5685d6ff4c,User_16183,CA
6989a4e910805f5685d6ff4d,User_AKISAFM5S2YTN,IT
6989a4e910805f5685d6ff4e,User_AHQIAT0FOVG5Z,GB
6989a4e910805f5685d6ff4f,User_A34BJ403WKPZBV,FR
6989a4e910805f5685d6ff50,User_ALVB2GRKQDU6H,GB
6989a4e910805f5685d6ff51,User_A2M01EMH8K4DZ3,ES
6989a4e910805f5685d6ff52,User_A2HDZHLMT3L5IO,FR
6989a4e910805f5685d6ff53,User_AQFTBV10AOLZP,US
6989a4e910805f5685d6ff54,User_A3GZHYXW731MAU,GB
6989a4e910805f5685d6ff55,User_A2URQBUGEYDUBI,GB
6989a4e910805f5685d6ff56,User_A3UKG41JF058ZM,DE
6989a4e910805f5685d6ff57,User_A3DJXIA3O7I4L,CA
6989a4e910805f5685d6ff58,User_13886,US
6989a4e910805f5685d6ff59,User_AC5QDZCMK1Z86,IT
6989a4e910805f5685d6ff5a,User_19295,GB
6989a4e910805f5685d6ff5b,User_A1J8XA217Q5HWZ,ES
6989a4e910805f5685d6ff5c,User_7482,DE
6989a4e910805f5685d6ff5d,User_A3C1EY8Q6JNRHW,CA
6989a4e910805f5685d6ff5e,User_A2L2M2J3879ID8,GB
6989a4e910805f5685d6ff5f,User_A31LFP2S1ROX9T,IT
6989a4e910805f5685d6ff60,User_ANYOL2DR7TSOD,US
6989a4e910805f5685d6ff61,User_A3TMH3ESKQN3L4,DE
6989a4e910805f5685d6ff62,User_AVJ5QV5Q3XSWE,GB
6989a4e910805f5685d6ff63,User_A3RWWI2M7SJZVI,US
6989a4e910805f5685d6ff64,User_21708,IT
6989a4e910805f5685d6ff65,User_A134QAKPS15ZBC,ES
6989a4e910805f5685d6ff66,User_A2W3HC9ZK5TDY9,ES
6989a4e910805f5685d6ff67,User_15492,CA
6989a4e910805f5685d6ff68,User_A197PCENUDXO7M,FR
6989a4e910805f5685d6ff69,User_AP48POHNTYMGO,GB
6989a4e910805f5685d6ff6a,User_278843,US
6989a4e910805f5685d6ff6b,User_A13K6EW34QL0TY,CA
6989a4e910805f5685d6ff6c,User_AKUTL49Q2G8S,DE
6989a4e910805f5685d6ff6d,User_8316,DE
6989a4e910805f5685d6ff6e,User_A2LXGJCH8F09C2,US
6989a4e910805f5685d6ff6f,User_A1C88QDO2RG0I9,DE
6989a4e910805f5685d6ff70,User_A32WG7DQRM37AF,US
6989a4e910805f5685d6ff71,User_16077,US
6989a4e910805f5685d6ff72,User_A3FHAMLNGHCFU7,ES
6989a4e910805f5685d6ff73,User_A1FI39G2XBR70F,GB
6989a4e910805f5685d6ff74,User_ADFSIR4KGQDK6,FR
6989a4e910805f5685d6ff75,User_AUG2J2M7Q6015,GB
6989a4e910805f5685d6ff76,User_AYW2UL0WB6ISE,FR
6989a4e910805f5685d6ff77,User_AB9UWSMW3J5WJ,GB
6989a4e910805f5685d6ff78,User_AAS7DK0MVV8T7,IT
6989a4e910805f5685d6ff79,User_APKZ3YZPTO5H1,IT
6989a4e910805f5685d6ff7a,User_A18PLNVPKLP9MA,GB
6989a4e910805f5685d6ff7b,User_4005,IT
6989a4e910805f5685d6ff7c,User_A1ZMNIFR2RRA0V,FR
6989a4e910805f5685d6ff7d,User_19881,IT
6989a4e910805f5685d6ff7e,User_A16HXVNPU5TCGE,CA
6989a4e910805f5685d6ff7f,User_11464,US
6989a4e910805f5685d6ff80,User_A32LJD5YVTA5JG,US
6989a4e910805f5685d6ff81,User_A2DBP94S35ITXE,DE
6989a4e910805f5685d6ff82,User_A3HO86PIV9BMK,US
6989a4e910805f5685d6ff83,User_A27AL1O0ZVDLS9,IT
6989a4e910805f5685d6ff84,User_A3STDPXRUJQBOQ,CA
6989a4e910805f5685d6ff85,User_AQ81IPF8VKVPD,CA
6989a4e910805f5685d6ff86,User_20147,DE
6989a4e910805f5685d6ff87,User_8075,ES
6989a4e910805f5685d6ff88,User_A21MX32WR5FVQ0,GB
6989a4e910805f5685d6ff89,User_A1N6M2123P7LYC,CA
6989a4e910805f5685d6ff8a,User_AAD5KWR8ND30C,FR
6989a4e910805f5685d6ff8b,User_AQ2DX2ZXYHKZH,FR
6989a4e910805f5685d6ff8c,User_A3LUVZ3685QMT4,ES
6989a4e910805f5685d6ff8d,User_AFC8AD08JNWVF,CA
6989a4e910805f5685d6ff8e,User_A12QSZHLDH0NEP,GB
6989a4e910805f5685d6ff8f,User_A3HCPK54FATFO4,CA
6989a4e910805f5685d6ff90,User_A3EHVE1UJ07PMQ,FR
6989a4e910805f5685d6ff91,User_A3I9IYXHTOYI20,ES
6989a4e910805f5685d6ff92,User_A2EFCBFZRQK742,IT
6989a4e910805f5685d6ff93,User_AWH4Q5SDSR3HM,DE
6989a4e910805f5685d6ff94,User_A17M1YUC2N7BBN,IT
6989a4e910805f5685d6ff95,User_APVC4RJYC6F60,IT
6989a4e910805f5685d6ff96,User_A2AVSGC749R8X3,CA
6989a4e910805f5685d6ff97,User_A1W61KV7NLA8FB,US
6989a4e910805f5685d6ff98,User_A2HW4GC6H0L2LR,ES
6989a4e910805f5685d6ff99,User_A2OBXSIYU3OOCC,US
6989a4e910805f5685d6ff9a,User_AFZ1MHM5BTB1A,GB
6989a4e910805f5685d6ff9b,User_A3P4S2XYTZ880I,IT
6989a4e910805f5685d6ff9c,User_A2PX7GN85YLI1W,ES
6989a4e910805f5685d6ff9d,User_16359,FR
6989a4e910805f5685d6ff9e,User_A1R3IHXM4TBF66,FR
6989a4e910805f5685d6ff9f,User_A31IO6HNFMRNDS,ES
6989a4e910805f5685d6ffa0,User_A37YJGJI9Q30DL,IT
6989a4e910805f5685d6ffa1,User_A4VAHH49YOTY9,CA
6989a4e910805f5685d6ffa2,User_A1D4X9IFSI9CL6,IT
6989a4e910805f5685d6ffa3,User_AODE7KW194X4Z,CA
6989a4e910805f5685d6ffa4,User_A75VUOJJJ921V,IT
6989a4e910805f5685d6ffa5,User_A2ZCS1K2BCER9X,DE
6989a4e910805f5685d6ffa6,User_8222,US
6989a4e910805f5685d6ffa7,User_A2GRZ9SLIIWOHY,GB
6989a4e910805f5685d6ffa8,User_A6T4OM1XQEM14,FR
6989a4e910805f5685d6ffa9,User_A2NGND4UJZDUSU,FR
6989a4e910805f5685d6ffaa,User_AEFVBMQPKNTK0,FR
6989a4e910805f5685d6ffab,User_AAH27R9079O8E,ES
6989a4e910805f5685d6ffac,User_AKDOIOR3T8JIV,FR
6989a4e910805f5685d6ffad,User_AB3D6RP99QWJQ,ES
6989a4e910805f5685d6ffae,User_A25N6QPBHOXF70,ES
6989a4e910805f5685d6ffaf,User_5317,CA
6989a4e910805f5685d6ffb0,User_A1KCH70W3T55CX,FR
6989a4e910805f5685d6ffb1,User_A3JODUEITVZWGH,IT
6989a4e910805f5685d6ffb2,User_A2KV3H9UT896X,DE
6989a4e910805f5685d6ffb3,User_A314CD0JJUG1QS,CA
6989a4e910805f5685d6ffb4,User_ABQEKKRD6WZFA,US
6989a4e910805f5685d6ffb5,User_A1MTDGHA11GXUX,DE
6989a4e910805f5685d6ffb6,User_A1QSUUBZYYC1KI,ES
6989a4e910805f5685d6ffb7,User_A2WB5KDCJE5KL2,GB
6989a4e910805f5685d6ffb8,User_A3KW860X0G2GRQ,ES
6989a4e910805f5685d6ffb9,User_A3E8K5VNKYO9R1,ES
6989a4e910805f5685d6ffba,User_A3PBGBDVFSYXJ6,CA
6989a4e910805f5685d6ffbb,User_A3CMAZMNIYJGH5,GB
6989a4e910805f5685d6ffbc,User_A1JERSDSDURXVY,FR
6989a4e910805f5685d6ffbd,User_A1ES0C91DRT7UT,DE
6989a4e910805f5685d6ffbe,User_ARXOOICETHQRT,IT
6989a4e910805f5685d6ffbf,User_277526,GB
6989a4e910805f5685d6ffc0,User_A8H16N8FW9Y9,GB
6989a4e910805f5685d6ffc1,User_A9YAI11CLYUA7,DE
6989a4e910805f5685d6ffc2,User_A3UQO31DVHR4J,DE
6989a4e910805f5685d6ffc3,User_22295,US
6989a4e910805f5685d6ffc4,User_277799,ES
6989a4e910805f5685d6ffc5,User_A2GMUNBN9HKRZS,CA
6989a4e910805f5685d6ffc6,User_AKM4ACMD2I638,CA
6989a4e910805f5685d6ffc7,User_11169,CA
6989a4e910805f5685d6ffc8,User_A38XDX01KJZ6J,CA
6989a4e910805f5685d6ffc9,User_A1J1JADJ3N1PB3,US
6989a4e910805f5685d6ffca,User_A203K9JP2PN5LG,US
6989a4e910805f5685d6ffcb,User_2668,FR
6989a4e910805f5685d6ffcc,User_A3KW1MGV6Q3UJY,IT
6989a4e910805f5685d6ffcd,User_A2XTPJ0WZI81JE,GB
6989a4e910805f5685d6ffce,User_A2DBQFGZLTANHT,GB
6989a4e910805f5685d6ffcf,User_6466,DE
6989a4e910805f5685d6ffd0,User_A1SKFNK5HFSML4,CA
6989a4e910805f5685d6ffd1,User_AIY8WN06W2DZ6,CA
6989a4e910805f5685d6ffd2,User_AYYRXV5ZEDCNR,ES
6989a4e910805f5685d6ffd3,User_A1CHWC5PWQZ8YP,GB
6989a4e910805f5685d6ffd4,User_A3AMFPYP1PCZI4,IT
6989a4e910805f5685d6ffd5,User_AOY25TMS65K21,FR
6989a4e910805f5685d6ffd6,User_A3RBTYFDO87PYQ,FR
6989a4e910805f5685d6ffd7,User_A1A5QK5XEW6WXP,US
6989a4e910805f5685d6ffd8,User_A2VIBW6JFZ10MQ,ES
6989a4e910805f5685d6ffd9,User_AD0N2Z69953M9,DE
6989a4e910805f5685d6ffda,User_A31U2QT7SAL7K,GB
6989a4e910805f5685d6ffdb,User_AGKIWR4WBLXTI,IT
6989a4e910805f5685d6ffdc,User_A2SOHAFQI08O6N,FR
6989a4e910805f5685d6ffdd,User_A2MB170AQ65GLN,FR
6989a4e910805f5685d6ffde,User_A12MBXE3UZDNX,US
6989a4e910805f5685d6ffdf,User_A2XS5DL7BP12W0,FR
6989a4e910805f5685d6ffe0,User_ANRHG964WZ789,ES
6989a4e910805f5685d6ffe1,User_AQOOYFZDA4MI,US
6989a4e910805f5685d6ffe2,User_16452,DE
6989a4e910805f5685d6ffe3,User_A205MYJGES6F57,IT
6989a4e910805f5685d6ffe4,User_A1X0KSQX7NSZ1H,US
6989a4e910805f5685d6ffe5,User_278334,FR
6989a4e910805f5685d6ffe6,User_A1BT46XOWXDLMM,DE
6989a4e910805f5685d6ffe7,User_7730,CA
6989a4e910805f5685d6ffe8,User_A1YFVMNX3PLIOJ,CA
6989a4e910805f5685d6ffe9,User_A2319GWQBJN41R,FR
6989a4e910805f5685d6ffea,User_A1GV39WO3NJVHY,DE
6989a4e910805f5685d6ffeb,User_AOFGOUMXLMVZS,ES
6989a4e910805f5685d6ffec,User_AMNMXI2EVU7K3,IT
6989a4e910805f5685d6ffed,User_AVUUDC6156IP9,ES
6989a4e910805f5685d6ffee,User_A3K6K43UQNC7TI,CA
6989a4e910805f5685d6ffef,User_A1P00HRAF69U4O,IT
6989a4e910805f5685d6fff0,User_5634,IT
6989a4e910805f5685d6fff1,User_6651,CA
6989a4e910805f5685d6fff2,User_A1R6DKN9YQ2YU1,ES
6989a4e910805f5685d6fff3,User_A23J0APK8N94T6,GB
6989a4e910805f5685d6fff4,User_AVTBOH5EBQLWH,DE
6989a4e910805f5685d6fff5,User_A3STB6K8O2HI8U,US
6989a4e910805f5685d6fff6,User_A3CM317241L9M8,ES
6989a4e910805f5685d6fff7,User_6787,GB
6989a4e910805f5685d6fff8,User_A2ES77IPH45ZZU,IT
6989a4e910805f5685d6fff9,User_A8MZA6YR9UAN9,US
6989a4e910805f5685d6fffa,User_AYJNY01NFTVX3,US
6989a4e910805f5685d6fffb,User_AJ1XY1PK6SROF,GB
6989a4e910805f5685d6fffc,User_A1378GPGUCUKS7,US
6989a4e910805f5685d6fffd,User_A1O2W66F71HACZ,IT
6989a4e910805f5685d6fffe,User_A2MN7EFNQU1TL5,US
6989a4e910805f5685d6ffff,User_A3VBZ6DPAXQE91,IT
6989a4e910805f5685d70000,User_AHMXD5WAVWLRO,CA
6989a4e910805f5685d70001,User_A2E7170OYXABJX,FR
6989a4e910805f5685d70002,User_A3KSV8X0AKVQET,FR
6989a4e910805f5685d70003,User_ATOS43PU744NH,IT
6989a4e910805f5685d70004,User_A2CQWAMMQM8ED,CA
6989a4e910805f5685d70005,User_A1E3HX6WX6D4X1,FR
6989a4e910805f5685d70006,User_A3F5VMKNWXHNFJ,IT
6989a4e910805f5685d70007,User_A1NKH8NT0ETT9E,CA
6989a4e910805f5685d70008,User_A2DF11KA3GISTE,IT
6989a4e910805f5685d70009,User_20330,US
6989a4e910805f5685d7000a,User_13347,CA
6989a4e910805f5685d7000b,User_A3LZOP5JOO5ET5,IT
6989a4e910805f5685d7000c,User_A283TFED9T1DS,US
6989a4e910805f5685d7000d,User_A2SDWC82MRU1N6,US
6989a4e910805f5685d7000e,User_A1VEI0CMV84G3E,DE
6989a4e910805f5685d7000f,User_A209E4BL9OFTU7,CA
6989a4e910805f5685d70010,User_A2FM7LL5ZZBFAW,ES
6989a4e910805f5685d70011,User_AZS20A7XST03I,ES
6989a4e910805f5685d70012,User_A3KCWOPO8756O,ES
6989a4e910805f5685d70013,User_A22P7YTUTTNXZ8,CA
6989a4e910805f5685d70014,User_ALTGM0OPVLUO,US
6989a4e910805f5685d70015,User_A3BWSLHFK76HY,US
6989a4e910805f5685d70016,User_A3K8YP2TCX54TI,IT
6989a4e910805f5685d70017,User_A2SJ6ULDW7PPZ8,CA
6989a4e910805f5685d70018,User_A19RG3A83JPA8D,US
6989a4e910805f5685d70019,User_AWNYO50OFKPYB,GB
6989a4e910805f5685d7001a,User_A1MQTTDA2E551U,ES
6989a4e910805f5685d7001b,User_AFDRO39KKZSVN,CA
6989a4e910805f5685d7001c,User_A2GNVLK09GZ1LZ,ES
6989a4e910805f5685d7001d,User_12956,DE
6989a4e910805f5685d7001e,User_AYK92YNE4G91G,IT
6989a4e910805f5685d7001f,User_A2BMKA0VN2ZL0V,US
6989a4e910805f5685d70020,User_2534,ES
6989a4e910805f5685d70021,User_AG8K4WJ7GVOMD,GB
6989a4e910805f5685d70022,User_A1NOK9YLZQVUNP,IT
6989a4e910805f5685d70023,User_A1D473FP8EN4JW,IT
6989a4e910805f5685d70024,User_242,DE
6989a4e910805f5685d70025,User_APX5GHVMPMOUD,ES
6989a4e910805f5685d70026,User_A3BBRWJMD2RUS7,ES
6989a4e910805f5685d70027,User_A17DWHZJJ3T0O9,ES
6989a4e910805f5685d70028,User_AIQKAYK090C7B,FR
6989a4e910805f5685d70029,User_10544,IT
6989a4e910805f5685d7002a,User_A8DFHJZD0ER0F,GB
6989a4e910805f5685d7002b,User_A1WM8SJVFPDV7Q,GB
6989a4e910805f5685d7002c,User_12811,DE
6989a4e910805f5685d7002d,User_AUGFNPZE8KNCR,ES
6989a4e910805f5685d7002e,User_4008,GB
6989a4e910805f5685d7002f,User_A11N2L45DDUL83,DE
6989a4e910805f5685d70030,User_AZIV93Y7J7GJ,IT
6989a4e910805f5685d70031,User_A3AZZTO1GK19FZ,GB
6989a4e910805f5685d70032,User_4541,ES
6989a4e910805f5685d70033,User_10067,CA
6989a4e910805f5685d70034,User_A17SKL5SDY3WY9,DE
6989a4e910805f5685d70035,User_A246L6O7TSLG8U,FR
6989a4e910805f5685d70036,User_A1AQR9B06OXRH3,GB
6989a4e910805f5685d70037,User_A2HGUJPZBMJOMA,DE
6989a4e910805f5685d70038,User_A1CNVTVLOV2O93,FR
6989a4e910805f5685d70039,User_10163,GB
6989a4e910805f5685d7003a,User_15523,FR
6989a4e910805f5685d7003b,User_A96N0ISM520DS,US
6989a4e910805f5685d7003c,User_A2F2KNM79KFFD2,ES
6989a4e910805f5685d7003d,User_ACKUHEG2JCJ1Y,FR
6989a4e910805f5685d7003e,User_A2VBIFEKN2TUUO,ES
6989a4e910805f5685d7003f,User_A32WYIUWD2HJHU,IT
6989a4e910805f5685d70040,User_A3LXAFQTZRLAF,IT
6989a4e910805f5685d70041,User_AG6ZPYZAUU0BS,IT
6989a4e910805f5685d70042,User_AHVFAES6HE8Z8,ES
6989a4e910805f5685d70043,User_A1U76SXIJ6225L,CA
6989a4e910805f5685d70044,User_A1IQCQUA8Z8K5G,DE
6989a4e910805f5685d70045,User_AWNWJA4N9YZ3Q,US
6989a4e910805f5685d70046,User_A3UAMH18B0SWR8,CA
6989a4e910805f5685d70047,User_A2WMQUVID0HTWX,DE
6989a4e910805f5685d70048,User_1922,DE
6989a4e910805f5685d70049,User_AELC7KNZMVD5J,CA
6989a4e910805f5685d7004a,User_A2QRKGI8C6C4VO,US
6989a4e910805f5685d7004b,User_A37CGN6HVHX6RB,GB
6989a4e910805f5685d7004c,User_A24KMN1IQGPSZK,ES
6989a4e910805f5685d7004d,User_3829,ES
6989a4e910805f5685d7004e,User_21325,IT
6989a4e910805f5685d7004f,User_19298,DE
6989a4e910805f5685d70050,User_A367OCMTYW1X7S,DE
6989a4e910805f5685d70051,User_A2SGW6665VY95P,IT
6989a4e910805f5685d70052,User_AAUCXSTXAMNQA,FR
6989a4e910805f5685d70053,User_A33PCJ7HP7STO2,DE
6989a4e910805f5685d70054,User_1361,FR
6989a4e910805f5685d70055,User_ALR4H8Z5JYT00,CA
6989a4e910805f5685d70056,User_A3CVLIKJ8FS2DE,ES
6989a4e910805f5685d70057,User_7898,ES
6989a4e910805f5685d70058,User_A1KTIBJN2XKKMK,US
6989a4e910805f5685d70059,User_A8VSBCAJOTNBQ,FR
6989a4e910805f5685d7005a,User_A2Q6CLLQPXG55A,US
6989a4e910805f5685d7005b,User_A2RX8JOQSK6K2P,FR
6989a4e910805f5685d7005c,User_1619,CA
6989a4e910805f5685d7005d,User_A2AVD40GUBAG7D,GB
6989a4e910805f5685d7005e,User_A3DJJ6L297OVGF,ES
6989a4e910805f5685d7005f,User_A1DW17UHVTV5PL,ES
6989a4e910805f5685d70060,User_A21BCRNQLHKR5D,US
6989a4e910805f5685d70061,User_A3AZ4RE1RAJDPK,DE
6989a4e910805f5685d70062,User_A2KU88V4H625PU,ES
6989a4e910805f5685d70063,User_AZ85B5Q1UEH5U,CA
6989a4e910805f5685d70064,User_A1036Q8RW09IUH,CA
6989a4e910805f5685d70065,User_A1J6X4QZS3Z4M,ES
6989a4e910805f5685d70066,User_A9FTVXADWGTCW,IT
6989a4e910805f5685d70067,User_A1QMT4BOPR4NBA,ES
6989a4e910805f5685d70068,User_A24MTMDNOJCVA3,GB
6989a4e910805f5685d70069,User_AGDOEU07ZG7HM,GB
6989a4e910805f5685d7006a,User_AIDXR4M6TR4K2,DE
6989a4e910805f5685d7006b,User_A1X50SODGYNTBF,FR
6989a4e910805f5685d7006c,User_A1B8N94LFQCWSE,IT
6989a4e910805f5685d7006d,User_A1PCT37WQJEFPW,DE
6989a4e910805f5685d7006e,User_AB9CZ4JAIP9Y,IT
6989a4e910805f5685d7006f,User_A2X2BXNU64EMM9,DE
6989a4e910805f5685d70070,User_A1U80YHM6X28CV,US
6989a4e910805f5685d70071,User_A37B7D7HXSX1DZ,CA
6989a4e910805f5685d70072,User_A18EFGXJDUKTP5,DE
6989a4e910805f5685d70073,User_A1FC5ZDEWT4V39,FR
6989a4e910805f5685d70074,User_A3N4BR7LNUIJHT,FR
6989a4e910805f5685d70075,User_A1Z9LYHX44E82M,FR
6989a4e910805f5685d70076,User_A3APPKALUGB2GT,GB
6989a4e910805f5685d70077,User_A35VUAJOVT7JMI,DE
6989a4e910805f5685d70078,User_10757,ES
6989a4e910805f5685d70079,User_A41SSOMCLSQ0G,ES
6989a4e910805f5685d7007a,User_A36T1GCU9GPLAO,CA
6989a4e910805f5685d7007b,User_A193ERSFPGQ7M7,DE
6989a4e910805f5685d7007c,User_A1BBKS1UTXFEKF,FR
6989a4e910805f5685d7007d,User_AOR4GK6YKDZEX,ES
6989a4e910805f5685d7007e,User_A1JLG4JNNHX4XW,US
6989a4e910805f5685d7007f,User_A1OWF6SF97JDVD,IT
6989a4e910805f5685d70080,User_A34OOBFM1SKSW4,GB
6989a4e910805f5685d70081,User_A3EDURDFXMFTI6,ES
6989a4e910805f5685d70082,User_A1FPX3J21QJ16P,GB
6989a4e910805f5685d70083,User_A13OIL6RRNXGFM,US
6989a4e910805f5685d70084,User_A17ZQ8TL7K1Z0B,CA
6989a4e910805f5685d70085,User_A1ZYCURYWEAB99,IT
6989a4e910805f5685d70086,User_AK6UVFSU07NXH,ES
6989a4e910805f5685d70087,User_AYY30VT2OUFAX,GB
6989a4e910805f5685d70088,User_A1VOP3EOYK866R,IT
6989a4e910805f5685d70089,User_A1U4KZJSQ16C0F,CA
6989a4e910805f5685d7008a,User_AR3G373KYBYFX,GB
6989a4e910805f5685d7008b,User_10790,ES
6989a4e910805f5685d7008c,User_A3Q4M7HHDHE6KU,GB
6989a4e910805f5685d7008d,User_AYBH0CT65EBZE,US
6989a4e910805f5685d7008e,User_AJDSOYBW2XB3,IT
6989a4e910805f5685d7008f,User_A1TA5S0SQBTL39,ES
6989a4e910805f5685d70090,User_A3B2IUAKCNVFVT,GB
6989a4e910805f5685d70091,User_A1RAEADPQ9ZZ5U,FR
6989a4e910805f5685d70092,User_A27T7HVDXA3K2A,US
6989a4e910805f5685d70093,User_A3JOQ44W6W3W7K,US
6989a4e910805f5685d70094,User_A338WYMMVTANO6,ES
6989a4e910805f5685d70095,User_A6I0Y71161IHS,IT
6989a4e910805f5685d70096,User_A30P3VWZ06X1IL,DE
6989a4e910805f5685d70097,User_6990,CA
6989a4e910805f5685d70098,User_A1BGOL0I59BJ67,IT
6989a4e910805f5685d70099,User_A323D96GDU6MB7,ES
6989a4e910805f5685d7009a,User_AZDP83RADLAW8,DE
6989a4e910805f5685d7009b,User_A3MPV6UPZ3LLAM,IT
6989a4e910805f5685d7009c,User_17045,DE
6989a4e910805f5685d7009d,User_AHD9ZZZZCGFBE,ES
6989a4e910805f5685d7009e,User_A1CCQNQZH69HLO,IT
6989a4e910805f5685d7009f,User_A25773EBHHXMXF,GB
6989a4e910805f5685d700a0,User_ASZ1Z3OFATA1N,IT
6989a4e910805f5685d700a1,User_A38W0RSCOAVTWD,GB
6989a4e910805f5685d700a2,User_A2HIH3T49H2EQE,IT
6989a4e910805f5685d700a3,User_A444UP1H2P1CC,IT
6989a4e910805f5685d700a4,User_AKJA3W51GLHXZ,DE
6989a4e910805f5685d700a5,User_A1WKWI4OC6CAZZ,US
6989a4e910805f5685d700a6,User_A2ALJ68QBH7CWG,GB
6989a4e910805f5685d700a7,User_A1X18PGBTPB1A3,IT
6989a4e910805f5685d700a8,User_A2IE72YX4EY8BO,ES
6989a4e910805f5685d700a9,User_A3JXO6DAI7QBN1,US
6989a4e910805f5685d700aa,User_780,FR
6989a4e910805f5685d700ab,User_A2VK9WA5QZYFUW,CA
6989a4e910805f5685d700ac,User_A25IAA3TDLREZH,ES
6989a4e910805f5685d700ad,User_AOGOBRFZ40WFO,FR
6989a4e910805f5685d700ae,User_A3F8W7R5YJC7BV,IT
6989a4e910805f5685d700af,User_A1IVRTGFXG5LOT,FR
6989a4e910805f5685d700b0,User_A2R1GSW6GANH18,CA
6989a4e910805f5685d700b1,User_6051,IT
6989a4e910805f5685d700b2,User_AG7ZJ8HF8RFJ6,CA
6989a4e910805f5685d700b3,User_AGLMF7S245NEP,CA
6989a4e910805f5685d700b4,User_A2JQ70D2UVKEVG,FR
6989a4e910805f5685d700b5,User_AFVBYTVP8C4LW,IT
6989a4e910805f5685d700b6,User_AFFE3URLV4L49,CA
6989a4e910805f5685d700b7,User_APIAP5IJI4N9V,GB
6989a4e910805f5685d700b8,User_A2T6UEVGOESY3Z,DE
6989a4e910805f5685d700b9,User_A2RQKLFW3CTG1K,ES
6989a4e910805f5685d700ba,User_14272,DE
6989a4e910805f5685d700bb,User_A2WPAYOSP7DTF8,FR
6989a4e910805f5685d700bc,User_A25UZ7MA72SMKM,ES
6989a4e910805f5685d700bd,User_15608,FR
6989a4e910805f5685d700be,User_A15BICS2D23E7W,IT
6989a4e910805f5685d700bf,User_A2AMR2BB73BUB8,US
6989a4e910805f5685d700c0,User_A2552SYX33SJW4,DE
6989a4e910805f5685d700c1,User_A33B27DRYL6GDO,CA
6989a4e910805f5685d700c2,User_765,DE
6989a4e910805f5685d700c3,User_A2HFW64YKL2N5M,DE
6989a4e910805f5685d700c4,User_A2WBR5KR5BL9O0,CA
6989a4e910805f5685d700c5,User_A2IAR5XDY0KT2F,DE
6989a4e910805f5685d700c6,User_A18HBBO2TR3R2V,ES
6989a4e910805f5685d700c7,User_ARME5RIV93581,FR
6989a4e910805f5685d700c8,User_AYENQJOIYV80K,GB
6989a4e910805f5685d700c9,User_A1JTN9TPJUBZI,ES
6989a4e910805f5685d700ca,User_AH9SI2BB73D9O,GB
6989a4e910805f5685d700cb,User_AGWXGVXNSK5SP,CA
6989a4e910805f5685d700cc,User_A209W2SZWP6BVD,DE
6989a4e910805f5685d700cd,User_15475,IT
6989a4e910805f5685d700ce,User_A3R84OI2NO18R3,DE
6989a4e910805f5685d700cf,User_A1EK82EIGLBMJR,ES
6989a4e910805f5685d700d0,User_14542,US
6989a4e910805f5685d700d1,User_AJ8CL38UPJLNS,IT
6989a4e910805f5685d700d2,User_277909,US
6989a4e910805f5685d700d3,User_A2M25KPGYX86U3,GB
6989a4e910805f5685d700d4,User_A1HP5HZR5FRQKA,IT
6989a4e910805f5685d700d5,User_A9DJ7V5QWXEPR,US
6989a4e910805f5685d700d6,User_A3VDUWP7TBST98,US
6989a4e910805f5685d700d7,User_A2HFL26OQJ2T9X,ES
6989a4e910805f5685d700d8,User_AU6YUO58UAIOP,DE
6989a4e910805f5685d700d9,User_A1EIG1K2JUOSBS,FR
6989a4e910805f5685d700da,User_AQPUYOLHDED81,FR
6989a4e910805f5685d700db,User_1863,DE
6989a4e910805f5685d700dc,User_A2DS9C9CY6Q60G,US
6989a4e910805f5685d700dd,User_A18B5E3QPK1NXO,DE
6989a4e910805f5685d700de,User_AC9NP5VGWT0FM,ES
6989a4e910805f5685d700df,User_A28O7AGVUJ1GA9,DE
6989a4e910805f5685d700e0,User_AY3QGA5EZWU44,IT
6989a4e910805f5685d700e1,User_21420,ES
6989a4e910805f5685d700e2,User_A1WB69JK2J287O,DE
6989a4e910805f5685d700e3,User_A2NU6661ZYF0DT,ES
6989a4e910805f5685d700e4,User_A3DBICL8CL2MNK,FR
6989a4e910805f5685d700e5,User_A15S44J4NHU4LS,US
6989a4e910805f5685d700e6,User_7520,IT
6989a4e910805f5685d700e7,User_A2TWSWNQFN2KEZ,US
6989a4e910805f5685d700e8,User_A231L5I1PT6M0Y,US
6989a4e910805f5685d700e9,User_A1600TUILSCLYM,DE
6989a4e910805f5685d700ea,User_A27RTT7RQGPPL0,GB
6989a4e910805f5685d700eb,User_AKAB8DJD9RYYH,ES
6989a4e910805f5685d700ec,User_A3NEZTZD9R50DJ,DE
6989a4e910805f5685d700ed,User_A2CZ94WSC09ACW,GB
6989a4e910805f5685d700ee,User_AUK9QRJBGH10Y,DE
6989a4e910805f5685d700ef,User_A1EQ95IHP79RT3,GB
6989a4e910805f5685d700f0,User_A10FF7LFWIH9K4,CA
6989a4e910805f5685d700f1,User_A1PG9X2QXVF8VK,DE
6989a4e910805f5685d700f2,User_A1DZ29LVVAJQXZ,ES
6989a4e910805f5685d700f3,User_A298N5Q1DH85IC,FR
6989a4e910805f5685d700f4,User_A1LXBTR6AJ5DZY,DE
6989a4e910805f5685d700f5,User_A1CKMEJ4DK703R,US
6989a4e910805f5685d700f6,User_A2Q597VUYBV58M,FR
6989a4e910805f5685d700f7,User_A3JPG6ZE3EH8O9,US
6989a4e910805f5685d700f8,User_A3OJ012QPTGMLR,IT
6989a4e910805f5685d700f9,User_A2SSI0IW3YQ39W,IT
6989a4e910805f5685d700fa,User_A1HWZ96QNDEMAU,DE
6989a4e910805f5685d700fb,User_A3TMAREJ4SBV2I,ES
6989a4e910805f5685d700fc,User_22252,ES
6989a4e910805f5685d700fd,User_18885,GB
6989a4e910805f5685d700fe,User_A30VUVHZ2Q389J,CA
6989a4e910805f5685d700ff,User_A3LJZ7Q8581HMT,IT
6989a4e910805f5685d70100,User_A1GSXWAWDL6OA0,ES
6989a4e910805f5685d70101,User_A2FMYBCKGQG0ON,IT
6989a4e910805f5685d70102,User_A2H181C1JWXQCQ,FR
6989a4e910805f5685d70103,User_A87PC7VCYHIFQ,ES
6989a4e910805f5685d70104,User_A1VPS4QJ86Q9VX,ES
6989a4e910805f5685d70105,User_AZ39JMAANDVN9,GB
6989a4e910805f5685d70106,User_A3AH9WQ11EZ8UP,CA
6989a4e910805f5685d70107,User_A3LP116YH4AIPZ,CA
6989a4e910805f5685d70108,User_A1AK78L2M02V00,US
6989a4e910805f5685d70109,User_A1ABSQWWSY830B,ES
6989a4e910805f5685d7010a,User_A3IMC9MZRRN5K9,IT
6989a4e910805f5685d7010b,User_A1R1A3PR41O5L5,US
6989a4e910805f5685d7010c,User_A2YL62HY6VBD86,GB
6989a4e910805f5685d7010d,User_A3UA01OT41LPR5,US
6989a4e910805f5685d7010e,User_A2FMBF92C7VKIJ,IT
6989a4e910805f5685d7010f,User_A1R3XK0S6LBZS0,DE
6989a4e910805f5685d70110,User_A3VAKIMWELTX7M,FR
6989a4e910805f5685d70111,User_A3G667R529LIU8,DE
6989a4e910805f5685d70112,User_A1DTDGY264RHPT,FR
6989a4e910805f5685d70113,User_A1VZHPBLBSDM1,CA
6989a4e910805f5685d70114,User_A37V883ZPSMEQ8,CA
6989a4e910805f5685d70115,User_12685,DE
6989a4e910805f5685d70116,User_A3NSSFRT20WXZ7,GB
6989a4e910805f5685d70117,User_A7674ZL47T3SV,US
6989a4e910805f5685d70118,User_A39B1TL7I576QS,US
6989a4e910805f5685d70119,User_A1V5I7LZRN28JJ,IT
6989a4e910805f5685d7011a,User_A13FSSU28RMOF6,FR
6989a4e910805f5685d7011b,User_1673,US
6989a4e910805f5685d7011c,User_A1X0B5NQC3ZYTG,GB
6989a4e910805f5685d7011d,User_A3CWYJRG1W5VED,ES
6989a4e910805f5685d7011e,User_A1U2VN5NXNA178,ES
6989a4e910805f5685d7011f,User_A35S6NL571H830,GB
6989a4e910805f5685d70120,User_A1TLJQ86XDBGK4,DE
6989a4e910805f5685d70121,User_A4JZI9S1FGOIW,US
6989a4e910805f5685d70122,User_A3QBHMMDRSC5VY,FR
6989a4e910805f5685d70123,User_A1RTT4RAF17K0F,ES
6989a4e910805f5685d70124,User_A2FZA7T0YXJTPN,DE
6989a4e910805f5685d70125,User_A1FXEHWJN2TU3M,FR
6989a4e910805f5685d70126,User_A2Y2OQ8LOUSE67,DE
6989a4e910805f5685d70127,User_AHJGF0BP6VLEL,IT
6989a4e910805f5685d70128,User_A2QBEWEKRP8UGQ,DE
6989a4e910805f5685d70129,User_A2DBGAXB6HWPJ7,DE
6989a4e910805f5685d7012a,User_A14MF63X40QDT2,ES
6989a4e910805f5685d7012b,User_A2UJASOACTMWVH,GB
6989a4e910805f5685d7012c,User_AJ4Z0WKLPTXHP,CA
6989a4e910805f5685d7012d,User_A30KGMARMASWVB,CA
6989a4e910805f5685d7012e,User_A3V5X0SCAMIJ5,IT
6989a4e910805f5685d7012f,User_A3PNK418UHH0BB,CA
6989a4e910805f5685d70130,User_A1H1A0TR1K38SQ,IT
6989a4e910805f5685d70131,User_A1N2A8EC1MFAFY,DE
6989a4e910805f5685d70132,User_A3D660GRHE2Y7Y,US
6989a4e910805f5685d70133,User_A3PJ81VLCNL7FZ,ES
6989a4e910805f5685d70134,User_A22QTZ5F98PSBS,FR
6989a4e910805f5685d70135,User_A3E0RLAN48ZCZR,CA
6989a4e910805f5685d70136,User_6348,US
6989a4e910805f5685d70137,User_20528,GB
6989a4e910805f5685d70138,User_A17B72QFIDYX58,DE
6989a4e910805f5685d70139,User_566,IT
6989a4e910805f5685d7013a,User_A1SP4EUCUG2POI,ES
6989a4e910805f5685d7013b,User_AZOF57NLO0UU6,DE
6989a4e910805f5685d7013c,User_ALLNEJ7E0GLGU,GB
6989a4e910805f5685d7013d,User_A5SEZIU8BW7QV,CA
6989a4e910805f5685d7013e,User_AYTQHTMIUD4QA,IT
6989a4e910805f5685d7013f,User_A1M553T6V7LPQ2,IT
6989a4e910805f5685d70140,User_A18VVPTPE17H7Z,GB
6989a4e910805f5685d70141,User_A16CRU3YGS3FZT,FR
6989a4e910805f5685d70142,User_AENNW2G826191,GB
6989a4e910805f5685d70143,User_A1W5RHOMY0PJ1U,IT
6989a4e910805f5685d70144,User_A1UA5IKGRD94TX,US
6989a4e910805f5685d70145,User_A27Z3Q7RX92KI6,IT
6989a4e910805f5685d70146,User_A3SQW65A3VZ1RA,ES
6989a4e910805f5685d70147,User_A2O0S7DD6VRVZ0,FR
6989a4e910805f5685d70148,User_A1FS8J17DSVTX1,GB
6989a4e910805f5685d70149,User_A1EXQZ5TTJD4ZJ,ES
6989a4e910805f5685d7014a,User_A2O77NOTKZQLX1,CA
6989a4e910805f5685d7014b,User_A1TJ0VGU1SQ7XF,CA
6989a4e910805f5685d7014c,User_AUI2SOE61A6KL,FR
6989a4e910805f5685d7014d,User_5465,FR
6989a4e910805f5685d7014e,User_13060,ES
6989a4e910805f5685d7014f,User_A1ZMQ5YA0G74CF,GB
6989a4e910805f5685d70150,User_A2WHNAOGU4P1IQ,CA
6989a4e910805f5685d70151,User_AX329NHW6B7BA,IT
6989a4e910805f5685d70152,User_A61GM3WMRPTUX,US
6989a4e910805f5685d70153,User_A2ECYHYV6I7P42,CA
6989a4e910805f5685d70154,User_AIP4VKOB0PEYW,FR
6989a4e910805f5685d70155,User_A1YFS6P7RWBA9F,DE
6989a4e910805f5685d70156,User_A1R9QOPV6HVEKF,DE
6989a4e910805f5685d70157,User_A22RY8N8CNDF3A,ES
6989a4e910805f5685d70158,User_A1W8VFZCX4CFBD,US
6989a4e910805f5685d70159,User_A3NQVEY1OAIZ5P,GB
6989a4e910805f5685d7015a,User_A29H1JWK17MVRB,CA
6989a4e910805f5685d7015b,User_A1Y68ST3FKUNER,ES
6989a4e910805f5685d7015c,User_21617,FR
6989a4e910805f5685d7015d,User_A2FC5XV4Y63PZ1,IT
6989a4e910805f5685d7015e,User_A6TXJ6CJ2NHT8,FR
6989a4e910805f5685d7015f,User_A14AN7PWEUYXMM,CA
6989a4e910805f5685d70160,User_9730,DE
6989a4e910805f5685d70161,User_AWX8Q3Q7YWMJQ,DE
6989a4e910805f5685d70162,User_A2QAEKMOJSNLPT,FR
6989a4e910805f5685d70163,User_A1PVJ73G64GS6,FR
6989a4e910805f5685d70164,User_A3QRKE14VL3PGB,CA
6989a4e910805f5685d70165,User_A3C87DHWYHM7AT,US
6989a4e910805f5685d70166,User_2962,US
6989a4e910805f5685d70167,User_21982,US
6989a4e910805f5685d70168,User_A2666Q2LV6SN66,US
6989a4e910805f5685d70169,User_A2ONE1BFW9069L,GB
6989a4e910805f5685d7016a,User_A27815B4WKSSZ8,DE
6989a4e910805f5685d7016b,User_A35I8KL91TTEUU,US
6989a4e910805f5685d7016c,User_A1RJF5W8HKENOX,DE
6989a4e910805f5685d7016d,User_A1Q0EE7OBJZ49Y,US
6989a4e910805f5685d7016e,User_A1SO72BC2JQ8JI,ES
6989a4e910805f5685d7016f,User_A3I0XWDNZGFBR1,US
6989a4e910805f5685d70170,User_A219RXXCJ336RF,ES
6989a4e910805f5685d70171,User_5281,ES
6989a4e910805f5685d70172,User_A38IUAQKFXYBO1,FR
6989a4e910805f5685d70173,User_A2MRDYFBFCF3FO,IT
6989a4e910805f5685d70174,User_A31XWE5EYPB4WW,US
6989a4e910805f5685d70175,User_A2OS58FACW65SM,DE
6989a4e910805f5685d70176,User_2115,ES
6989a4e910805f5685d70177,User_A316YOQHYQFWH7,GB
6989a4e910805f5685d70178,User_A2IWP4X1ZEGZFC,IT
6989a4e910805f5685d70179,User_A1G36FQ1G48QYN,CA
6989a4e910805f5685d7017a,User_A19MMM1OJ3TQUS,FR
6989a4e910805f5685d7017b,User_A1HFZJCY1S5ZT2,DE
6989a4e910805f5685d7017c,User_A24S6PB9F60TQ5,DE
6989a4e910805f5685d7017d,User_8219,CA
6989a4e910805f5685d7017e,User_9624,FR
6989a4e910805f5685d7017f,User_A1PURG5ASALH79,GB
6989a4e910805f5685d70180,User_A3SMH1ZLQM0EBK,ES
6989a4e910805f5685d70181,User_A2P11SIJA9YKCL,IT
6989a4e910805f5685d70182,User_A172CG2TDV7GI5,CA
6989a4e910805f5685d70183,User_AO0D6YZ3DC1G5,DE
6989a4e910805f5685d70184,User_A12KD3GINBX8R7,DE
6989a4e910805f5685d70185,User_A3ST5M9U23G1RQ,FR
6989a4e910805f5685d70186,User_A2VS7V4Q3CISN2,US
6989a4e910805f5685d70187,User_20457,GB
6989a4e910805f5685d70188,User_A3UKO2FHBPDJWE,IT
6989a4e910805f5685d70189,User_A1CW7E8VW7938,IT
6989a4e910805f5685d7018a,User_ACJFOTTNK4CCX,DE
6989a4e910805f5685d7018b,User_A5WUDKKKZYKA5,IT
6989a4e910805f5685d7018c,User_AWA0H9KO7CFPD,IT
6989a4e910805f5685d7018d,User_1570,US
6989a4e910805f5685d7018e,User_A39JUKQBQ2WDZ,CA
6989a4e910805f5685d7018f,User_ACAXV4V8PBCE3,GB
6989a4e910805f5685d70190,User_AREXVP8EEIWBE,GB
6989a4e910805f5685d70191,User_A3DBAYRFJGWOIV,GB
6989a4e910805f5685d70192,User_A1A5ABO6642GWO,GB
6989a4e910805f5685d70193,User_A5FKM5A7UREY6,FR
6989a4e910805f5685d70194,User_A237ZAVKIOJFWX,CA
6989a4e910805f5685d70195,User_A2M85QIK0EOOFN,DE
6989a4e910805f5685d70196,User_A39AIS9DKO29DM,US
6989a4e910805f5685d70197,User_A1IM23VVIS7CFL,GB
6989a4e910805f5685d70198,User_A3QIDISE9R6OKZ,IT
6989a4e910805f5685d70199,User_A3JOQ9PSOU9WOF,GB
6989a4e910805f5685d7019a,User_A1V99U8BITPL1M,IT
6989a4e910805f5685d7019b,User_A4JHEO7H330AF,DE
6989a4e910805f5685d7019c,User_A2A7VCHP549UTE,US
6989a4e910805f5685d7019d,User_A2IGYM7K8MFJRC,ES
6989a4e910805f5685d7019e,User_A2SBQ0WKRF6O0L,DE
6989a4e910805f5685d7019f,User_A8EZ49REXLXJT,CA
6989a4e910805f5685d701a0,User_A16YPP0VVGEHLM,FR
6989a4e910805f5685d701a1,User_A33UY3DX0E6MGP,CA
6989a4e910805f5685d701a2,User_AZB2XL16IA1XA,US
6989a4e910805f5685d701a3,User_20699,CA
6989a4e910805f5685d701a4,User_A146F2MW0LZOFV,DE
6989a4e910805f5685d701a5,User_A3HNXVSFH8O82B,GB
6989a4e910805f5685d701a6,User_A3XJMEU4KQLCO,ES
6989a4e910805f5685d701a7,User_A3QQD5JYVETWQV,US
6989a4e910805f5685d701a8,User_A28PJG2ERISH22,CA
6989a4e910805f5685d701a9,User_A2M49HEA25FWZV,CA
6989a4e910805f5685d701aa,User_A1X9RYMRTX7RIV,CA
6989a4e910805f5685d701ab,User_A1PTFHO2O6YWJE,ES
6989a4e910805f5685d701ac,User_AK3SVVU0H93MJ,ES
6989a4e910805f5685d701ad,User_A3GBDPUXJMMT95,US
6989a4e910805f5685d701ae,User_A2YXCK9A5BBZR4,IT
6989a4e910805f5685d701af,User_A156IXPR2UN9HM,IT
6989a4e910805f5685d701b0,User_A3LSUA9GWWGBAQ,IT
6989a4e910805f5685d701b1,User_AG86805DG3W4K,US
6989a4e910805f5685d701b2,User_AEKJ8G550YYW2,DE
6989a4e910805f5685d701b3,User_A118AMK04H0O6E,FR
6989a4e910805f5685d701b4,User_A2AK649KPZ2IZN,IT
6989a4e910805f5685d701b5,User_A8TYMJ4KGXFWN,FR
6989a4e910805f5685d701b6,User_A1CRE598L3RWD1,CA
6989a4e910805f5685d701b7,User_A20UB23QP5T6LD,ES
6989a4e910805f5685d701b8,User_A3FFE3R6RDAM5F,FR
6989a4e910805f5685d701b9,User_A36JBTI66M825J,IT
6989a4e910805f5685d701ba,User_A2ZI6XHT54357M,IT
6989a4e910805f5685d701bb,User_A12L37VOSC55AN,ES
6989a4e910805f5685d701bc,User_A2YB3IAVLON3ZN,ES
6989a4e910805f5685d701bd,User_A1DIKHEPUIU0GY,CA
6989a4e910805f5685d701be,User_A2KZHKPEQDMX,US
6989a4e910805f5685d701bf,User_A3J787NNBOLY11,GB
6989a4e910805f5685d701c0,User_A82H3K9PBBWGA,CA
6989a4e910805f5685d701c1,User_A38F4T2GKJE1BP,GB
6989a4e910805f5685d701c2,User_A2J7XJK6CCK1ZD,CA
6989a4e910805f5685d701c3,User_A1MER9TF3VYII4,FR
6989a4e910805f5685d701c4,User_A3KY8F557TOL1I,ES
6989a4e910805f5685d701c5,User_A2WLJLKU4QNRTZ,ES
6989a4e910805f5685d701c6,User_A14E6AWKBZFHS9,FR
6989a4e910805f5685d701c7,User_A8FUSA3T90SN1,DE
6989a4e910805f5685d701c8,User_A2W1GVIEBDHW64,IT
6989a4e910805f5685d701c9,User_A06650603VOJNJDLFF8N0,GB
6989a4e910805f5685d701ca,User_AKIT9HBDABW2R,DE
6989a4e910805f5685d701cb,User_A3STHX4D9RA42S,DE
6989a4e910805f5685d701cc,User_10598,CA
6989a4e910805f5685d701cd,User_A2GQZ28K3RDY7O,ES
6989a4e910805f5685d701ce,User_A3PEAPJOBEOF2D,GB
6989a4e910805f5685d701cf,User_A2RE46DMHACCMC,CA
6989a4e910805f5685d701d0,User_A2L3CVTRU92PCL,CA
6989a4e910805f5685d701d1,User_A81PI6FL0ODXL,FR
6989a4e910805f5685d701d2,User_A1E16W37PGZ1RW,US
6989a4e910805f5685d701d3,User_A3LV8KCFLEAYA5,FR
6989a4e910805f5685d701d4,User_A3FDNLZDVP0ULK,CA
6989a4e910805f5685d701d5,User_A8472PG0WZXUO,ES
6989a4e910805f5685d701d6,User_901,GB
6989a4e910805f5685d701d7,User_ALP19U34LPTE1,US
6989a4e910805f5685d701d8,User_AC90DS7VXSF1K,CA
6989a4e910805f5685d701d9,User_A3FG1KUXPV0QBH,ES
6989a4e910805f5685d701da,User_A21QN7WVSFUPB,IT
6989a4e910805f5685d701db,User_A3SJ1VCWANNAFL,DE
6989a4e910805f5685d701dc,User_ASOU97QTN1ST2,DE
6989a4e910805f5685d701dd,User_AAFSLJTOS0YQM,GB
6989a4e910805f5685d701de,User_A2MPT0903A0XFW,GB
6989a4e910805f5685d701df,User_A3PZ8NWCQF8IZP,US
6989a4e910805f5685d701e0,User_A23HBY9MR3YY3F,US
6989a4e910805f5685d701e1,User_A1OL97DPQIU59C,CA
6989a4e910805f5685d701e2,User_ABIBV86A5EPB7,GB
6989a4e910805f5685d701e3,User_A32BSJZXAUE5NY,IT
6989a4e910805f5685d701e4,User_A3PB650J9GRAT8,IT
6989a4e910805f5685d701e5,User_A18F19WHTAJKSZ,US
6989a4e910805f5685d701e6,User_A22JJO4LUUR8YZ,GB
6989a4e910805f5685d701e7,User_A11GQALNH6V5LH,FR
6989a4e910805f5685d701e8,User_A3A4TYVRA1DM5Z,ES
6989a4e910805f5685d701e9,User_A2SPZ58J79A3EZ,DE
6989a4e910805f5685d701ea,User_A2VNZ4AFMT5EQO,US
6989a4e910805f5685d701eb,User_A3N9ZBUOSRYTWC,FR
6989a4e910805f5685d701ec,User_A1NYG6MWWHAV66,DE
6989a4e910805f5685d701ed,User_A10QSIBIAWPMN2,GB
6989a4e910805f5685d701ee,User_AW3WDKCSFVHQN,CA
6989a4e910805f5685d701ef,User_A1MH3NCGNW0LRY,DE
6989a4e910805f5685d701f0,User_10296,CA
6989a4e910805f5685d701f1,User_A36WD8GXQ5QCJ7,US
6989a4e910805f5685d701f2,User_A3GSQBNE4O9Y5E,GB
6989a4e910805f5685d701f3,User_A2YI3SU5THQUQZ,IT
6989a4e910805f5685d701f4,User_A11W1YE735EWRH,IT
6989a4e910805f5685d701f5,User_AF3C0ZQWH7GMJ,FR
6989a4e910805f5685d701f6,User_A2225OIF6HH3WR,ES
6989a4e910805f5685d701f7,User_AOHKH73SA3ZK7,IT
6989a4e910805f5685d701f8,User_ADC0TCP62YCT3,US
6989a4e910805f5685d701f9,User_A3W2SCO1NOS52W,IT
6989a4e910805f5685d701fa,User_A3M3MD6VJUF6UG,US
6989a4e910805f5685d701fb,User_A25AYU9005P2AC,FR
6989a4e910805f5685d701fc,User_A2OO8776R4SPFB,FR
6989a4e910805f5685d701fd,User_A3EIPVNGIEG900,CA
6989a4e910805f5685d701fe,User_A1QD1CBD6OZMJ8,CA
6989a4e910805f5685d701ff,User_4820,CA
6989a4e910805f5685d70200,User_A1G814XQ983UP5,ES
6989a4e910805f5685d70201,User_A3GRPM9B37WVED,IT
6989a4e910805f5685d70202,User_AVRWLHHOUNE0S,DE
6989a4e910805f5685d70203,User_A35F3XAIGON7SA,ES
6989a4e910805f5685d70204,User_A6J82N22KCVXM,GB
6989a4e910805f5685d70205,User_AOA2AD2U9VTUN,ES
6989a4e910805f5685d70206,User_A2TK7LR0JBS564,FR
6989a4e910805f5685d70207,User_ADL6IUA4T3NQ5,GB
6989a4e910805f5685d70208,User_A3DSAML3TVM960,CA
6989a4e910805f5685d70209,User_A1MHCW2UH0AV13,GB
6989a4e910805f5685d7020a,User_A1OO7KZV68KZLR,FR
6989a4e910805f5685d7020b,User_A2I6FERI4Q0YIW,US
6989a4e910805f5685d7020c,User_A2XMU758W1GL7J,US
6989a4e910805f5685d7020d,User_A29PURWTC6LPGL,GB
6989a4e910805f5685d7020e,User_A2W4QDW8XJT3HX,US
6989a4e910805f5685d7020f,User_A283IHMFLSPBQM,DE
6989a4e910805f5685d70210,User_18179,ES
6989a4e910805f5685d70211,User_A1Y33TZ3K4ODGL,FR
6989a4e910805f5685d70212,User_A28H1NW7R7AWW6,CA
6989a4e910805f5685d70213,User_A3CCTR5540MJDH,US
6989a4e910805f5685d70214,User_A2G9MO59TY2Z8L,CA
6989a4e910805f5685d70215,User_A2VJ3J6IXLMOUR,GB
6989a4e910805f5685d70216,User_18502,FR
6989a4e910805f5685d70217,User_A27FYO5N6JUP2C,US
6989a4e910805f5685d70218,User_278694,ES
6989a4e910805f5685d70219,User_A27EUWNNRO6GLY,US
6989a4e910805f5685d7021a,User_AIWDJ3S85O10Q,IT
6989a4e910805f5685d7021b,User_A3IRV9D5P40F0B,US
6989a4e910805f5685d7021c,User_A1J8290MGWYL1Q,CA
6989a4e910805f5685d7021d,User_A1A4N0S25XZQ8F,CA
6989a4e910805f5685d7021e,User_A2PI50EQWRT7HM,FR
6989a4e910805f5685d7021f,User_AU38WWZU1K7BK,DE
6989a4e910805f5685d70220,User_1733,US
6989a4e910805f5685d70221,User_44,ES
6989a4e910805f5685d70222,User_A1UIB472CJSJBH,IT
6989a4e910805f5685d70223,User_A1JX9E5W914I1O,GB
6989a4e910805f5685d70224,User_19711,GB
6989a4e910805f5685d70225,User_A1ITV7R1VSZ941,GB
6989a4e910805f5685d70226,User_AC8JTBIOS10YO,CA
6989a4e910805f5685d70227,User_A23HIVWOB973VD,US
6989a4e910805f5685d70228,User_ANRQKAT41Z78W,GB
6989a4e910805f5685d70229,User_A1I8AUEIC25WI8,GB
6989a4e910805f5685d7022a,User_A11VN7BJKH5YJC,FR
6989a4e910805f5685d7022b,User_A3LVYWR7ZK8999,US
6989a4e910805f5685d7022c,User_A2TMT84XD1RCB6,IT
6989a4e910805f5685d7022d,User_ATQI1W1O1NCHB,FR
6989a4e910805f5685d7022e,User_A2TC4499XPCVV3,US
6989a4e910805f5685d7022f,User_A9RG27UC5D6S9,FR
6989a4e910805f5685d70230,User_ADFZ81PCTEX0X,ES
6989a4e910805f5685d70231,User_A2ABM4LOQGWU1N,ES
6989a4e910805f5685d70232,User_A2I9ABXL2I0G3W,US
6989a4e910805f5685d70233,User_A1SQ281TPZ860M,CA
6989a4e910805f5685d70234,User_A2GQVG6F92CG72,CA
6989a4e910805f5685d70235,User_A5495Z5QZL2QV,GB
6989a4e910805f5685d70236,User_A3F6OJ5EY1WT2J,US
6989a4e910805f5685d70237,User_A3OBCNM35CQ598,GB
6989a4e910805f5685d70238,User_A2NB31GAD4JBD3,GB
6989a4e910805f5685d70239,User_A2NLJ2FMVT2U97,GB
6989a4e910805f5685d7023a,User_A16OJHK6IBNWLM,IT
6989a4e910805f5685d7023b,User_A7ISXX22FHFMC,ES
6989a4e910805f5685d7023c,User_AIGN16PJ7VR8E,GB
6989a4e910805f5685d7023d,User_A2MIQZIXDG1B0S,FR
6989a4e910805f5685d7023e,User_A3H1MMW8XF0WT5,CA
6989a4e910805f5685d7023f,User_AF32C9HY8KTAN,ES
6989a4e910805f5685d70240,User_AW6AIZ043XJZO,FR
6989a4e910805f5685d70241,User_A16OOV6X7CSFET,CA
6989a4e910805f5685d70242,User_ANVSTFE9ZC5TA,GB
6989a4e910805f5685d70243,User_A24CBQ0U2U8NTU,GB
6989a4e910805f5685d70244,User_A20CY0YGDQ419U,IT
6989a4e910805f5685d70245,User_A2FA8AG1TYQT2N,ES
6989a4e910805f5685d70246,User_AFQ68QYBX5N6C,DE
6989a4e910805f5685d70247,User_A11H1UCQ2EZTUR,IT
6989a4e910805f5685d70248,User_A3FKQI0YPUSRYG,GB
6989a4e910805f5685d70249,User_A2XXGV1Z787FYT,DE
6989a4e910805f5685d7024a,User_A1PFO1BSA4WE8A,IT
6989a4e910805f5685d7024b,User_A2TPD95U0QVE8A,GB
6989a4e910805f5685d7024c,User_A31U8N6UGAD0Z,GB
6989a4e910805f5685d7024d,User_A3K2PAR3HP1DK1,FR
6989a4e910805f5685d7024e,User_A39O7L057IK940,CA
6989a4e910805f5685d7024f,User_A28KS9BAPQWEKH,IT
6989a4e910805f5685d70250,User_A29C16YH0OLOBD,FR
6989a4e910805f5685d70251,User_AHIIPLN7ZMO7R,IT
6989a4e910805f5685d70252,User_A3FAZAZ5ZCU2VD,ES
6989a4e910805f5685d70253,User_A1W76I87WYZ063,CA
6989a4e910805f5685d70254,User_A2T7JIIGT72FKN,DE
6989a4e910805f5685d70255,User_14580,FR
6989a4e910805f5685d70256,User_A2D58GAVQ3X845,CA
6989a4e910805f5685d70257,User_A1FV060LDN0E7W,DE
6989a4e910805f5685d70258,User_A39RM8MM8DSCBD,ES
6989a4e910805f5685d70259,User_A1YAZBZY4A0DXT,CA
6989a4e910805f5685d7025a,User_277509,ES
6989a4e910805f5685d7025b,User_AK1PGE8SCNCNO,CA
6989a4e910805f5685d7025c,User_A2EQFQMFLMN51H,GB
6989a4e910805f5685d7025d,User_6637,IT
6989a4e910805f5685d7025e,User_A3GFK0Q8NQKT9W,ES
6989a4e910805f5685d7025f,User_A3FTWABB57BVJY,DE
6989a4e910805f5685d70260,User_AZ7CQMJ8AG01S,CA
6989a4e910805f5685d70261,User_8124,ES
6989a4e910805f5685d70262,User_2287,GB
6989a4e910805f5685d70263,User_A3QNZNK9LRVXLP,ES
6989a4e910805f5685d70264,User_A2MG18307LV5ZE,ES
6989a4e910805f5685d70265,User_A25DFTBGEC4ON2,DE
6989a4e910805f5685d70266,User_ASV7OLMEGN8B1,DE
6989a4e910805f5685d70267,User_A1J75R59MS0LF8,IT
6989a4e910805f5685d70268,User_A2RO5QIBEJN7PI,US
6989a4e910805f5685d70269,User_A1G291QLMP52AH,IT
6989a4e910805f5685d7026a,User_A2RIS7W4LGQSE0,GB
6989a4e910805f5685d7026b,User_8433,IT
6989a4e910805f5685d7026c,User_A2D2CFQV5EID2G,FR
6989a4e910805f5685d7026d,User_A3I1PEUK2WNDM7,GB
6989a4e910805f5685d7026e,User_A1RILUJG3YDSHP,IT
6989a4e910805f5685d7026f,User_A1C6BIAIX5D73C,ES
6989a4e910805f5685d70270,User_AMPR60TYY64BM,IT
6989a4e910805f5685d70271,User_A303CTPNCE4P0Y,FR
6989a4e910805f5685d70272,User_ABUJFUNTQVJVD,CA
6989a4e910805f5685d70273,User_A1S2RHRKIH5GX3,DE
6989a4e910805f5685d70274,User_A2Q75W6N5LS5D1,FR
6989a4e910805f5685d70275,User_A3AN3MVFSYD9Z,FR
6989a4e910805f5685d70276,User_A19ZFJM7HA62MZ,GB
6989a4e910805f5685d70277,User_A2ZU5UM8ZI8LQG,ES
6989a4e910805f5685d70278,User_A3JUH7RUPYD4G1,DE
6989a4e910805f5685d70279,User_AVZN0Y1B4TUS3,FR
6989a4e910805f5685d7027a,User_AVH7E9UX8BHOJ,GB
6989a4e910805f5685d7027b,User_A3JFP8H67F0O01,GB
6989a4e910805f5685d7027c,User_A4H4KYSM2KQ85,ES
6989a4e910805f5685d7027d,User_A2HLW3MAXL2SPU,IT
6989a4e910805f5685d7027e,User_A1H1L4C71L8NIC,GB
6989a4e910805f5685d7027f,User_A2DMK9JC38NZE2,US
6989a4e910805f5685d70280,User_A2T106MP2Z0QY4,IT
6989a4e910805f5685d70281,User_A2LA1NOWQBQ0LJ,GB
6989a4e910805f5685d70282,User_A3BGP1PWK1D7W8,IT
6989a4e910805f5685d70283,User_AVW63MOA2GZPM,FR
6989a4e910805f5685d70284,User_A1PD57C6XD75MV,GB
6989a4e910805f5685d70285,User_A6VXUACIB8R2G,DE
6989a4e910805f5685d70286,User_A196K44KQ7RNI5,CA
6989a4e910805f5685d70287,User_A32GVJLEO79LA8,GB
6989a4e910805f5685d70288,User_12692,CA
6989a4e910805f5685d70289,User_1723,DE
6989a4e910805f5685d7028a,User_A2AG4RADFA0O3E,DE
6989a4e910805f5685d7028b,User_A3VLO7QU2EIYUH,GB
6989a4e910805f5685d7028c,User_10959,DE
6989a4e910805f5685d7028d,User_10906,IT
6989a4e910805f5685d7028e,User_A3T9WA0Z3MYR1K,IT
6989a4e910805f5685d7028f,User_A387HZ8QYFI0RR,GB
6989a4e910805f5685d70290,User_A11L1MD4AIYKB4,DE
6989a4e910805f5685d70291,User_A2QMJCSABZ5E0S,DE
6989a4e910805f5685d70292,User_A3B6V3XYOYI6GT,GB
6989a4e910805f5685d70293,User_A1WF8HQR0GX0Y4,DE
6989a4e910805f5685d70294,User_A1XZ42S3GCDVGU,ES
6989a4e910805f5685d70295,User_A3LC99ASFZM6LI,US
6989a4e910805f5685d70296,User_A1PA2EPACNW69X,US
6989a4e910805f5685d70297,User_AM3XXUA0H8P46,ES
6989a4e910805f5685d70298,User_A3SO4SZPDNW0S3,FR
6989a4e910805f5685d70299,User_A2QPZJ6BMTQ2XI,US
6989a4e910805f5685d7029a,User_AK6ZI1TPK1B82,IT
6989a4e910805f5685d7029b,User_15951,FR
6989a4e910805f5685d7029c,User_A23REWL3UN83V2,FR
6989a4e910805f5685d7029d,User_16088,US
6989a4e910805f5685d7029e,User_A4UL27HNJL88T,GB
6989a4e910805f5685d7029f,User_A5H2S8FNZ15O5,IT
6989a4e910805f5685d702a0,User_A2SVABD37RUNUT,IT
6989a4e910805f5685d702a1,User_A1Q14F52LLP4FX,IT
6989a4e910805f5685d702a2,User_A3FZKRURD0JT7S,IT
6989a4e910805f5685d702a3,User_A3TEH90X39WC8F,GB
6989a4e910805f5685d702a4,User_A1QLNVAGWSHFO8,US
6989a4e910805f5685d702a5,User_A15ZDS15TKCGKO,DE
6989a4e910805f5685d702a6,User_A20GKLEYY87B2A,IT
6989a4e910805f5685d702a7,User_A34132B7XC27BZ,DE
6989a4e910805f5685d702a8,User_10145,US
6989a4e910805f5685d702a9,User_A2IL7HRVR2V1ZE,GB
6989a4e910805f5685d702aa,User_ABRSY34N2AKIB,FR
6989a4e910805f5685d702ab,User_A6QU6YD6YUZDJ,DE
6989a4e910805f5685d702ac,User_A39VSWL7XW790E,US
6989a4e910805f5685d702ad,User_A1HE6YLKMO912X,US
6989a4e910805f5685d702ae,User_A1ZWCUVBVQF3N,IT
6989a4e910805f5685d702af,User_ATFN5G360YSMF,DE
6989a4e910805f5685d702b0,User_A1C5YVOMTF4XCC,ES
6989a4e910805f5685d702b1,User_A2094KAP3ZC6RA,IT
6989a4e910805f5685d702b2,User_APPZ3MDZ9M9M6,CA
6989a4e910805f5685d702b3,User_A23KVLM5HC8V13,CA
6989a4e910805f5685d702b4,User_A3R07HBM0IEX61,FR
6989a4e910805f5685d702b5,User_AIUY6QLU4PMWJ,ES
6989a4e910805f5685d702b6,User_A24QHF7YDXQD89,GB
6989a4e910805f5685d702b7,User_3991,ES
6989a4e910805f5685d702b8,User_A2MMDUYNYTHG41,CA
6989a4e910805f5685d702b9,User_A1GGATN5TGXQ5,ES
6989a4e910805f5685d702ba,User_1706,GB
6989a4e910805f5685d702bb,User_10664,DE
6989a4e910805f5685d702bc,User_A3FZWOE24KVVEE,IT
6989a4e910805f5685d702bd,User_A2IW726N2NXSS7,FR
6989a4e910805f5685d702be,User_A29AV9LIEMFAJJ,ES
6989a4e910805f5685d702bf,User_AD4XBTBQYQBT3,FR
6989a4e910805f5685d702c0,User_A3PXHOXW4UTWPF,US
6989a4e910805f5685d702c1,User_A39FBFNV8QVRY4,IT
6989a4e910805f5685d702c2,User_A446YRIELFR,CA
6989a4e910805f5685d702c3,User_A19ZFQAGZTLOPD,ES
6989a4e910805f5685d702c4,User_AXLDOEV5W2VFR,US
6989a4e910805f5685d702c5,User_A3D6KZT0QG6UKB,US
6989a4e910805f5685d702c6,User_A2U5B8JHA0DTOC,FR
6989a4e910805f5685d702c7,User_A3FKSZAD8ZBZ24,FR
6989a4e910805f5685d702c8,User_A1EXQB9SIPBPZZ,FR
6989a4e910805f5685d702c9,User_AR7GOIVRTWOGV,DE
6989a4e910805f5685d702ca,User_A33KNC8TE5VPJB,US
6989a4e910805f5685d702cb,User_A3T1FZUM22K9GQ,IT
6989a4e910805f5685d702cc,User_A39GJEQXWUHFAX,FR
6989a4e910805f5685d702cd,User_AO2VP72EVT1YC,IT
6989a4e910805f5685d702ce,User_12516,DE
6989a4e910805f5685d702cf,User_A4TG09SEHV1Q5,GB
6989a4e910805f5685d702d0,User_AB4MB7S796GNJ,GB
6989a4e910805f5685d702d1,User_A18KAC7DFVE3E3,US
6989a4e910805f5685d702d2,User_ALJHIS8YBYFLM,US
6989a4e910805f5685d702d3,User_A3D9UQOR4MORPB,US
6989a4e910805f5685d702d4,User_A203T9A668X7CC,CA
6989a4e910805f5685d702d5,User_A2TFHD8YI0OA2J,US
6989a4e910805f5685d702d6,User_A2LB8L2BD45A80,IT
6989a4e910805f5685d702d7,User_A28CZRO0PHRYQA,DE
6989a4e910805f5685d702d8,User_A2D0CFXJ52R80L,CA
6989a4e910805f5685d702d9,User_A1KQX6V9VCXX9B,US
6989a4e910805f5685d702da,User_A2O09T2LCVOK0G,GB
6989a4e910805f5685d702db,User_A2ULCFOJEXUIHA,GB
6989a4e910805f5685d702dc,User_A1QIZVF472GO7Q,CA
6989a4e910805f5685d702dd,User_15978,IT
6989a4e910805f5685d702de,User_A3J2BL4AQLS386,IT
6989a4e910805f5685d702df,User_11224,FR
6989a4e910805f5685d702e0,User_A19NQ19N2DMOIB,FR
6989a4e910805f5685d702e1,User_A2Q0BTK14RNWOQ,DE
6989a4e910805f5685d702e2,User_7754,CA
6989a4e910805f5685d702e3,User_A35ETLSN4RNR5A,ES
6989a4e910805f5685d702e4,User_22217,DE
6989a4e910805f5685d702e5,User_AQDLPSB0R805X,CA
6989a4e910805f5685d702e6,User_A2Z7RLOF7KXDUF,FR
6989a4e910805f5685d702e7,User_19539,US
6989a4e910805f5685d702e8,User_A3F2PL14VKHKSZ,IT
6989a4e910805f5685d702e9,User_6033,GB
6989a4e910805f5685d702ea,User_A1P07ENUSOV9TI,US
6989a4e910805f5685d702eb,User_A1ZDTDM4JI321N,DE
6989a4e910805f5685d702ec,User_A2B9I6R41O8UPD,US
6989a4e910805f5685d702ed,User_A2PV4GR1KX2KL9,US
6989a4e910805f5685d702ee,User_A1OUGBFBOME2GU,DE
6989a4e910805f5685d702ef,User_AJ71L2WIH7IU8,FR
6989a4e910805f5685d702f0,User_A7ZDBW98UHTTY,FR
6989a4e910805f5685d702f1,User_A34YP8G6ZEPYXP,US
6989a4e910805f5685d702f2,User_A18R94XJKN05QJ,US
6989a4e910805f5685d702f3,User_A22JDV467WHXUG,FR
6989a4e910805f5685d702f4,User_A1GXUKJNI6NPIV,US
6989a4e910805f5685d702f5,User_A19TEAIU395FCH,DE
6989a4e910805f5685d702f6,User_A1POBOR5CZC339,ES
6989a4e910805f5685d702f7,User_19165,ES
6989a4e910805f5685d702f8,User_1133,US
6989a4e910805f5685d702f9,User_21559,DE
6989a4e910805f5685d702fa,User_AK9U2DRYMMOL8,FR
6989a4e910805f5685d702fb,User_A1QN9HGXY5H8YS,DE
6989a4e910805f5685d702fc,User_A4ONPTKOHKXPB,US
6989a4e910805f5685d702fd,User_A3IYP3MS6N8ZKV,CA
6989a4e910805f5685d702fe,User_A31JBWFEWIV2P2,US
6989a4e910805f5685d702ff,User_A2GLLKTJS0TPNB,CA
6989a4e910805f5685d70300,User_18276,FR
6989a4e910805f5685d70301,User_A12HB3DU5Q79YQ,CA
6989a4e910805f5685d70302,User_19657,CA
6989a4e910805f5685d70303,User_A3VL0HJ0S7D4NK,US
6989a4e910805f5685d70304,User_A2LJLXJLAKT64V,CA
6989a4e910805f5685d70305,User_A1LZI8DHP269OI,US
6989a4e910805f5685d70306,User_ATPHJDWYOQB3R,US
6989a4e910805f5685d70307,User_4918,IT
6989a4e910805f5685d70308,User_AV2JGJTENUWWG,FR
6989a4e910805f5685d70309,User_A2YDW40W7N9FBR,IT
6989a4e910805f5685d7030a,User_A3N9QO6EDQSZD5,US
6989a4e910805f5685d7030b,User_A3L8MQ97W5QS6,DE
6989a4e910805f5685d7030c,User_A10Q5IGBODORAC,US
6989a4e910805f5685d7030d,User_A2T0F8ULWU6R4L,CA
6989a4e910805f5685d7030e,User_A3SMSS23M4C1IF,US
6989a4e910805f5685d7030f,User_19175,US
6989a4e910805f5685d70310,User_AEKWYM6IQP52T,US
6989a4e910805f5685d70311,User_A202FGBQHO5638,GB
6989a4e910805f5685d70312,User_A260NMALMDVVMJ,US
6989a4e910805f5685d70313,User_A2C8YKJZVME7TB,FR
6989a4e910805f5685d70314,User_A20DLQWVW7WAW0,ES
6989a4e910805f5685d70315,User_AGSIV7Y4RWENM,GB
6989a4e910805f5685d70316,User_A177F2917LXGWR,IT
6989a4e910805f5685d70317,User_A28XS0EPOD3DLR,ES
6989a4e910805f5685d70318,User_A3PA9CXWLKTOB,GB
6989a4e910805f5685d70319,User_A11ZKLYVHKFRZL,DE
6989a4e910805f5685d7031a,User_A1QNTFAD3VMUQB,US
6989a4e910805f5685d7031b,User_A38B1KAMA824EE,US
6989a4e910805f5685d7031c,User_A540H1BRWOP3Q,GB
6989a4e910805f5685d7031d,User_A1E1N0UHQHHJYK,IT
6989a4e910805f5685d7031e,User_A4K3WO60VU6V3,CA
6989a4e910805f5685d7031f,User_A3H6PDE4030BLR,GB
6989a4e910805f5685d70320,User_A24NGW9V2QHU47,FR
6989a4e910805f5685d70321,User_A2DKK4SHCY09PU,ES
6989a4e910805f5685d70322,User_AUJG09X6WNQO1,GB
6989a4e910805f5685d70323,User_A1C8Y981G4BKI4,IT
6989a4e910805f5685d70324,User_A38ZRB32QGS73R,CA
6989a4e910805f5685d70325,User_A1VTSM600QZ1ML,IT
6989a4e910805f5685d70326,User_3477,ES
6989a4e910805f5685d70327,User_A1T15YOH1G2V15,GB
6989a4e910805f5685d70328,User_A3L47QVWO6U8J4,US
6989a4e910805f5685d70329,User_A2GNU514DYPJC,DE
6989a4e910805f5685d7032a,User_A34O2WLOWMQ08P,US
6989a4e910805f5685d7032b,User_AKX2UVHP61JXL,IT
6989a4e910805f5685d7032c,User_A13QI0IYZPWJWM,DE
6989a4e910805f5685d7032d,User_A35OVIKDS01922,FR
6989a4e910805f5685d7032e,User_A2K0H00BSLK7QP,US
6989a4e910805f5685d7032f,User_A1RJYW4937OCE8,CA
6989a4e910805f5685d70330,User_A2AEO3GTS6VWUP,GB
6989a4e910805f5685d70331,User_278130,GB
6989a4e910805f5685d70332,User_A2T7E0F1LANOGV,CA
6989a4e910805f5685d70333,User_A16WPA6JV83YXT,US
6989a4e910805f5685d70334,User_278307,FR
6989a4e910805f5685d70335,User_A20DM66FMHYNH2,US
6989a4e910805f5685d70336,User_A5MMA127W9XEP,GB
6989a4e910805f5685d70337,User_A2GWNI4KRQJ06Y,US
6989a4e910805f5685d70338,User_AZSV99SDJC242,DE
6989a4e910805f5685d70339,User_A3L31489BCB1D7,IT
6989a4e910805f5685d7033a,User_3462,GB
6989a4e910805f5685d7033b,User_A2FEGRJQNU51P9,US
6989a4e910805f5685d7033c,User_A1EUADQWFK9GGB,DE
6989a4e910805f5685d7033d,User_16941,ES
6989a4e910805f5685d7033e,User_AX06O0JD4B1RL,CA
6989a4e910805f5685d7033f,User_A320ZV7XX77LZ,CA
6989a4e910805f5685d70340,User_A12OXTS9Z6X88T,ES
6989a4e910805f5685d70341,User_A1XJHLB0QNWYKN,IT
6989a4e910805f5685d70342,User_277554,US
6989a4e910805f5685d70343,User_A25Q2AIX2MAHBV,GB
6989a4e910805f5685d70344,User_A6L0LTCYAEKSB,CA
6989a4e910805f5685d70345,User_A1CWFF5PVJ1R5M,IT
6989a4e910805f5685d70346,User_A13Z7V691N90FV,FR
6989a4e910805f5685d70347,User_A36J8ARM67PVN0,DE
6989a4e910805f5685d70348,User_14146,DE
6989a4e910805f5685d70349,User_A22FQE724KT840,DE
6989a4e910805f5685d7034a,User_A88KEDKPCLGMD,DE
6989a4e910805f5685d7034b,User_A2SZNV7C7F2YOY,CA
6989a4e910805f5685d7034c,User_3757,IT
6989a4e910805f5685d7034d,User_A1WDG64960JBZ9,CA
6989a4e910805f5685d7034e,User_A2UGCI9D7AQS9I,DE
6989a4e910805f5685d7034f,User_A19HT7UFZ88V7Z,GB
6989a4e910805f5685d70350,User_AOH1HB8GEYYIC,US
6989a4e910805f5685d70351,User_A22MZYNFH5TNYR,US
6989a4e910805f5685d70352,User_15775,FR
6989a4e910805f5685d70353,User_AJAZRCPJMV21F,FR
6989a4e910805f5685d70354,User_A2YE0VRKSVBRPJ,IT
6989a4e910805f5685d70355,User_A1QZ6MFP9TSQU6,CA
6989a4e910805f5685d70356,User_A3RT54F73Z505I,IT
6989a4e910805f5685d70357,User_A3LX9XXHRX6RBQ,CA
6989a4e910805f5685d70358,User_A1A4OI8NWWCZDZ,ES
6989a4e910805f5685d70359,User_A2RIB4QNIAVLEG,CA
6989a4e910805f5685d7035a,User_AWQYUYGHXN3AK,ES
6989a4e910805f5685d7035b,User_A31N1I5DNGF83K,IT
6989a4e910805f5685d7035c,User_A3QYOW0444MSYO,FR
6989a4e910805f5685d7035d,User_A1II8P4SPXNB25,IT
6989a4e910805f5685d7035e,User_A1HSBI580VZHYX,IT
6989a4e910805f5685d7035f,User_A1BH6SMZJBQHVD,GB
6989a4e910805f5685d70360,User_A1PIVORKQ3V1AT,CA
6989a4e910805f5685d70361,User_A3G602Z4DWDZKS,CA
6989a4e910805f5685d70362,User_A1QIOBX8TM9587,CA
6989a4e910805f5685d70363,User_A1XLRO58VPVR5N,ES
6989a4e910805f5685d70364,User_A8IPQ1Q1O7YX5,IT
6989a4e910805f5685d70365,User_5700,FR
6989a4e910805f5685d70366,User_A1C4IUDKGMZPI2,US
6989a4e910805f5685d70367,User_A2OG4QTYIS6MO4,ES
6989a4e910805f5685d70368,User_A7W339XNKTQ6B,CA
6989a4e910805f5685d70369,User_A3A0GLGVA60WJ7,ES
6989a4e910805f5685d7036a,User_AB3KE5AIZLXA5,US
6989a4e910805f5685d7036b,User_A1YMNJX8ZCG5DY,DE
6989a4e910805f5685d7036c,User_A27OZJSODCU7IF,IT
6989a4e910805f5685d7036d,User_A3KQ1IUG2BJEY9,CA
6989a4e910805f5685d7036e,User_AC0GXDHU5SJRU,ES
6989a4e910805f5685d7036f,User_A37ITFQMWUSVU8,DE
6989a4e910805f5685d70370,User_A21W6PCDZWG15R,ES
6989a4e910805f5685d70371,User_AO9JYG0HT14VC,US
6989a4e910805f5685d70372,User_A18DDI431HHFTN,FR
6989a4e910805f5685d70373,User_A1WU01234MRCC,IT
6989a4e910805f5685d70374,User_A35D5F7K5TRZ9D,DE
6989a4e910805f5685d70375,User_AXOP0QB85D7IN,FR
6989a4e910805f5685d70376,User_A3KQJE19KH5GY5,ES
6989a4e910805f5685d70377,User_A2Y210D56YLLD7,IT
6989a4e910805f5685d70378,User_A2DDYMLHQDTJZL,DE
6989a4e910805f5685d70379,User_A2HXN4V0ZEOB5M,US
6989a4e910805f5685d7037a,User_A3TGKOV5OEFI6V,IT
6989a4e910805f5685d7037b,User_A3SQID64LWT9N3,GB
6989a4e910805f5685d7037c,User_A35DPKCZV2WE7E,FR
6989a4e910805f5685d7037d,User_A12HE1JBCPM6XH,US
6989a4e910805f5685d7037e,User_21211,ES
6989a4e910805f5685d7037f,User_A2B3NTEOT4Z1C8,GB
6989a4e910805f5685d70380,User_A29IPLCBZ3LIGX,GB
6989a4e910805f5685d70381,User_10842,DE
6989a4e910805f5685d70382,User_A2IFS4QIE35XAY,GB
6989a4e910805f5685d70383,User_A2H3VU097IR8UQ,DE
6989a4e910805f5685d70384,User_18698,CA
6989a4e910805f5685d70385,User_A17D5ZEF0VG3YC,DE
6989a4e910805f5685d70386,User_15184,IT
6989a4e910805f5685d70387,User_15767,ES
6989a4e910805f5685d70388,User_2406,DE
6989a4e910805f5685d70389,User_AL8YJEYBPSU6C,CA
6989a4e910805f5685d7038a,User_A2MEJO5WJ868RB,DE
6989a4e910805f5685d7038b,User_A34B2NIIHI71JD,CA
6989a4e910805f5685d7038c,User_A2U74YS3VX51CH,US
6989a4e910805f5685d7038d,User_AW7S7146X442C,US
6989a4e910805f5685d7038e,User_16899,FR
6989a4e910805f5685d7038f,User_7294,CA
6989a4e910805f5685d70390,User_A1VM00YK4GV0VS,DE
6989a4e910805f5685d70391,User_A1I3I07JSHHX0H,GB
6989a4e910805f5685d70392,User_3467,ES
6989a4e910805f5685d70393,User_A817GS5Y8Q6SK,FR
6989a4e910805f5685d70394,User_A1YL6E8QFIEC7N,GB
6989a4e910805f5685d70395,User_AQSRAY3OBB0RH,FR
6989a4e910805f5685d70396,User_A1XDGGE0DQGYWW,ES
6989a4e910805f5685d70397,User_A345WWR485V27D,GB
6989a4e910805f5685d70398,User_A2G4MGVWR20OOI,ES
6989a4e910805f5685d70399,User_A2N1BPW3IT39QR,GB
6989a4e910805f5685d7039a,User_A11VMJHI6RQOLJ,ES
6989a4e910805f5685d7039b,User_A1CHPTJILEAL74,DE
6989a4e910805f5685d7039c,User_A2QCVKGJ36A0QI,GB
6989a4e910805f5685d7039d,User_4438,ES
6989a4e910805f5685d7039e,User_A14QMTAIJ8LO9Q,CA
6989a4e910805f5685d7039f,User_AFZQQH4OUI52Y,FR
6989a4e910805f5685d703a0,User_276800,FR
6989a4e910805f5685d703a1,User_A2AJRMOLPNDEM4,IT
6989a4e910805f5685d703a2,User_A21HEYV2FXKWMR,US
6989a4e910805f5685d703a3,User_AZ890RXMLIO5M,ES
6989a4e910805f5685d703a4,User_A3BR0E8BRH82TK,DE
6989a4e910805f5685d703a5,User_A37KGLBQHMV35X,US
6989a4e910805f5685d703a6,User_A2B24Y5E1R2KBX,DE
6989a4e910805f5685d703a7,User_A2DHKPFJ2QY3FV,ES
6989a4e910805f5685d703a8,User_12415,US
6989a4e910805f5685d703a9,User_AKI17M38FBHO3,US
6989a4e910805f5685d703aa,User_AFTHYNVRJKDC8,CA
6989a4e910805f5685d703ab,User_A29LKLT2IO05CG,CA
6989a4e910805f5685d703ac,User_A3FHA4UU0TSF23,CA
6989a4e910805f5685d703ad,User_A1OCNCN9YQH53K,DE
6989a4e910805f5685d703ae,User_A19CRTTWLB855S,ES
6989a4e910805f5685d703af,User_A1XJ8IP4VH4Z2,ES
6989a4e910805f5685d703b0,User_A2Y5PFTEWSKVD0,ES
6989a4e910805f5685d703b1,User_A1N5YEQ29VU3C2,FR
6989a4e910805f5685d703b2,User_A3PKYCD2WJL94H,CA
6989a4e910805f5685d703b3,User_AJG9HPMHVWRF,DE
6989a4e910805f5685d703b4,User_A27ENWI1USX5RV,ES
6989a4e910805f5685d703b5,User_A3UFYWFFVN2XDO,CA
6989a4e910805f5685d703b6,User_A1P0VI3VJELUUL,GB
6989a4e910805f5685d703b7,User_A3VW79X9Z87R2D,US
6989a4e910805f5685d703b8,User_AT7JPKGVN6AO9,US
6989a4e910805f5685d703b9,User_A1O760KBPU9N1S,DE
6989a4e910805f5685d703ba,User_A3R9484UBJSE0U,DE
6989a4e910805f5685d703bb,User_A37MAGRPRO6GSW,GB
6989a4e910805f5685d703bc,User_558,IT
6989a4e910805f5685d703bd,User_20477,ES
6989a4e910805f5685d703be,User_A28NKHXEDZKWT8,IT
6989a4e910805f5685d703bf,User_A7A7G73R4O0CK,FR
6989a4e910805f5685d703c0,User_A2JXRQRXYSJOH7,US
6989a4e910805f5685d703c1,User_A23M2Z4CVZ1ZET,GB
6989a4e910805f5685d703c2,User_AODNTUYXZGE5P,DE
6989a4e910805f5685d703c3,User_A1O95LDR72C1G3,ES
6989a4e910805f5685d703c4,User_16161,FR
6989a4e910805f5685d703c5,User_A10G9MA7ZNZKRU,US
6989a4e910805f5685d703c6,User_A12Q8STYMEGPIH,ES
6989a4e910805f5685d703c7,User_277353,DE
6989a4e910805f5685d703c8,User_A5TWTUNP05CPJ,CA
6989a4e910805f5685d703c9,User_A2XC2BJ06XABAD,ES
6989a4e910805f5685d703ca,User_A10YHHACSZD75H,DE
6989a4e910805f5685d703cb,User_A1GDCU4ROIFJGP,US
6989a4e910805f5685d703cc,User_A24DYWNHTYSGXC,ES
6989a4e910805f5685d703cd,User_A1GOI8745FGIDN,DE
6989a4e910805f5685d703ce,User_A3OU6TI83OIYKY,CA
6989a4e910805f5685d703cf,User_ANIW0WNNURE64,ES
6989a4e910805f5685d703d0,User_A3RMS65F4GT4ML,DE
6989a4e910805f5685d703d1,User_A1KJ3J38R0NI8B,CA
6989a4e910805f5685d703d2,User_A2EXPG49SGNA0Z,ES
6989a4e910805f5685d703d3,User_20450,DE
6989a4e910805f5685d703d4,User_A1CVM7Q8KS7OTV,GB
6989a4e910805f5685d703d5,User_A1C4OLII8IILA2,FR
6989a4e910805f5685d703d6,User_A11R16CRX99KGJ,ES
6989a4e910805f5685d703d7,User_A2R8TQ9OYNAQTO,DE
6989a4e910805f5685d703d8,User_A1SK9R3DSJTU2S,DE
6989a4e910805f5685d703d9,User_A26RBRRSB2TQLC,US
6989a4e910805f5685d703da,User_AO8OWTUTC0OPK,CA
6989a4e910805f5685d703db,User_A11O2IDTIB6MUI,GB
6989a4e910805f5685d703dc,User_A1O4TZ5WXJZUW5,DE
6989a4e910805f5685d703dd,User_A3JO0R7OVVWKWC,IT
6989a4e910805f5685d703de,User_AQCGV1Q7JLQ4Z,IT
6989a4e910805f5685d703df,User_A1Z814JWC8KOA9,FR
6989a4e910805f5685d703e0,User_A2U7NZRAAPWYV5,IT
6989a4e910805f5685d703e1,User_A3G9W210H8VW4G,IT
6989a4e910805f5685d703e2,User_10847,GB
6989a4e910805f5685d703e3,User_A3AYP3026XZP41,IT
6989a4e910805f5685d703e4,User_A2WW4GI6RWRCT8,CA
6989a4e910805f5685d703e5,User_AMHEMBDUAFFQR,US
6989a4e910805f5685d703e6,User_A2SRSFRFDPZLK1,IT
6989a4e910805f5685d703e7,User_A2ZY5IX8MDRJY7,GB
6989a4e910805f5685d703e8,User_A1RB85X5LYBPY0,IT
6989a4e910805f5685d703e9,User_A1AIG6SUU716AE,GB
6989a4e910805f5685d703ea,User_A2THKO96O52JTR,FR
6989a4e910805f5685d703eb,User_APWXPHC706EVG,US
6989a4e910805f5685d703ec,User_A6IY233CW4L13,DE
6989a4e910805f5685d703ed,User_A2EF8AYSGJLTX5,US
6989a4e910805f5685d703ee,User_A3JAPMZJ8GYRB8,CA
6989a4e910805f5685d703ef,User_A20MXB65JKHMNC,FR
6989a4e910805f5685d703f0,User_A18CTPK7MXBHFR,DE
6989a4e910805f5685d703f1,User_A1D5II5U3Z1N1L,GB
6989a4e910805f5685d703f2,User_A3M6RLJDSUZDC5,FR
6989a4e910805f5685d703f3,User_A22T0EMQ7CT596,DE
6989a4e910805f5685d703f4,User_A1RQ2UAOLQ0SXG,GB
6989a4e910805f5685d703f5,User_ANMBE07X92QG1,DE
6989a4e910805f5685d703f6,User_AWIZE99KEJ3LV,CA
6989a4e910805f5685d703f7,User_APO4H70R0SL24,CA
6989a4e910805f5685d703f8,User_A1K5S2R8M3S5Z5,ES
6989a4e910805f5685d703f9,User_A1BXIWALDFSFNZ,ES
6989a4e910805f5685d703fa,User_A2IGR7ULTK8KMD,CA
6989a4e910805f5685d703fb,User_A21KH420DK0ICA,DE
6989a4e910805f5685d703fc,User_3960,FR
6989a4e910805f5685d703fd,User_AT7SWU1FEDQWM,GB
6989a4e910805f5685d703fe,User_A1WTE03E64LWE,CA
6989a4e910805f5685d703ff,User_AJIH1NJ9N28D9,GB
6989a4e910805f5685d70400,User_A3CT59RB2DQW2D,DE
6989a4e910805f5685d70401,User_A38QR2FTP1KXR6,ES
6989a4e910805f5685d70402,User_4118,CA
6989a4e910805f5685d70403,User_A2RLZ2VD2AT8DL,IT
6989a4e910805f5685d70404,User_AFWN6KTI22U0P,GB
6989a4e910805f5685d70405,User_A2NFVNB8WSUSS5,US
6989a4e910805f5685d70406,User_A32XXP2V8TIJVT,CA
6989a4e910805f5685d70407,User_A38P5OJIC050GW,ES
6989a4e910805f5685d70408,User_A3RHQFNYZ1N86G,DE
6989a4e910805f5685d70409,User_17667,CA
6989a4e910805f5685d7040a,User_A21OUL1JZLI449,CA
6989a4e910805f5685d7040b,User_A2RNP552WTM1E3,IT
6989a4e910805f5685d7040c,User_A27D06EA2CS7Z5,ES
6989a4e910805f5685d7040d,User_12334,US
6989a4e910805f5685d7040e,User_A33352GGJ0UVRF,GB
6989a4e910805f5685d7040f,User_A1R0LQUD5D6JQM,DE
6989a4e910805f5685d70410,User_A3DLGI9IE8RNAM,US
6989a4e910805f5685d70411,User_277262,CA
6989a4e910805f5685d70412,User_A12NTW3QOAV5S0,CA
6989a4e910805f5685d70413,User_A3CPK0ULBTJU0P,US
6989a4e910805f5685d70414,User_A23VP90B9MRXY7,ES
6989a4e910805f5685d70415,User_6261,GB
6989a4e910805f5685d70416,User_A3B95MNFCZ4IYJ,GB
6989a4e910805f5685d70417,User_A1RDFW3HFRF98Z,ES
6989a4e910805f5685d70418,User_A37TEG7NDNCQ42,FR
6989a4e910805f5685d70419,User_15789,CA
6989a4e910805f5685d7041a,User_A22UA9F4X7WP6H,GB
6989a4e910805f5685d7041b,User_A1Z74SBY90BQWZ,ES
6989a4e910805f5685d7041c,User_A2VQL40NLJKNZ1,CA
6989a4e910805f5685d7041d,User_A545ICQK78PRS,DE
6989a4e910805f5685d7041e,User_AX7QI1LX5SDNL,DE
6989a4e910805f5685d7041f,User_A1LQLQUJJZUBTC,GB
6989a4e910805f5685d70420,User_A3M5JRRZBF3037,CA
6989a4e910805f5685d70421,User_A370AX11332P7K,ES
6989a4e910805f5685d70422,User_A2OOLI2WFY4L2,DE
6989a4e910805f5685d70423,User_A3F2BEI333FPAM,IT
6989a4e910805f5685d70424,User_A3RIVSEX9MRZHS,FR
6989a4e910805f5685d70425,User_A2PQL5EXNITCU6,DE
6989a4e910805f5685d70426,User_A16O63P4FJU1NX,IT
6989a4e910805f5685d70427,User_A2Q3LYFTG132XQ,US
6989a4e910805f5685d70428,User_A55CHTKKLTZP4,CA
6989a4e910805f5685d70429,User_AG3ZCB8LMQPE9,DE
6989a4e910805f5685d7042a,User_A3QKX3ND2A0LV5,ES
6989a4e910805f5685d7042b,User_A281G6FHIBTTAY,US
6989a4e910805f5685d7042c,User_A1AJ6Y2SLU52FD,US
6989a4e910805f5685d7042d,User_895,IT
6989a4e910805f5685d7042e,User_A1HMEM1231XA2V,ES
6989a4e910805f5685d7042f,User_13710,US
6989a4e910805f5685d70430,User_2578,FR
6989a4e910805f5685d70431,User_A2HHQEIIMC2FJ6,DE
6989a4e910805f5685d70432,User_A2NIXE7G2J7KV6,IT
6989a4e910805f5685d70433,User_16488,DE
6989a4e910805f5685d70434,User_A15DJ3IO25I5GH,IT
6989a4e910805f5685d70435,User_ASK0PBJNTJGZE,IT
6989a4e910805f5685d70436,User_A1TV17HQ0YDISJ,GB
6989a4e910805f5685d70437,User_APEN07DZQ3YTR,ES
6989a4e910805f5685d70438,User_A370W01TLJIKR9,GB
6989a4e910805f5685d70439,User_A1H715YA4VDAYP,ES
6989a4e910805f5685d7043a,User_A3O0QYJ0PHK71B,DE
6989a4e910805f5685d7043b,User_ACW2MH1Z0FBNV,DE
6989a4e910805f5685d7043c,User_A1GO2J2LJUBJAE,CA
6989a4e910805f5685d7043d,User_A1JJGOFWU48R5U,ES
6989a4e910805f5685d7043e,User_A3NTCX8540N00B,US
6989a4e910805f5685d7043f,User_AZ216MK9KO1S0,GB
6989a4e910805f5685d70440,User_AECLI61MCK85J,IT
6989a4e910805f5685d70441,User_A1Y4DUYV6SYST4,FR
6989a4e910805f5685d70442,User_A2BR8YQUCWL2H,US
6989a4e910805f5685d70443,User_A37V5P70JP4SY7,DE
6989a4e910805f5685d70444,User_AFY24PNQY8KEG,FR
6989a4e910805f5685d70445,User_AIQ5BLVRYG3MQ,GB
6989a4e910805f5685d70446,User_A2G3M9RW1OOOZB,DE
6989a4e910805f5685d70447,User_A17G6DZSWWYG2C,IT
6989a4e910805f5685d70448,User_A2IJA57OI2ASS9,IT
6989a4e910805f5685d70449,User_A3CUEIWCLLQWAN,DE
6989a4e910805f5685d7044a,User_A1KNBCBWBQ953X,US
6989a4e910805f5685d7044b,User_ARVSR92PW6ISB,FR
6989a4e910805f5685d7044c,User_A26RXJL2KYEH1P,GB
6989a4e910805f5685d7044d,User_AN0QAJUFQN1GQ,DE
6989a4e910805f5685d7044e,User_A7XQF383ZAOGA,CA
6989a4e910805f5685d7044f,User_A27PHF1KGG21CY,US
6989a4e910805f5685d70450,User_18287,GB
6989a4e910805f5685d70451,User_A21BL6X4HTKQCG,ES
6989a4e910805f5685d70452,User_A3VKTAJ0YKR6F0,IT
6989a4e910805f5685d70453,User_A3KYVLCWHI4CX9,CA
6989a4e910805f5685d70454,User_A3N0AB3HB29F9G,IT
6989a4e910805f5685d70455,User_567,DE
6989a4e910805f5685d70456,User_A3EWZG1FJHBTMO,CA
6989a4e910805f5685d70457,User_A2OABLR6P59PAI,CA
6989a4e910805f5685d70458,User_A3N12GEPDLDLM7,FR
6989a4e910805f5685d70459,User_AG0V1D2BYRSVV,DE
6989a4e910805f5685d7045a,User_A2ZGIACG7DYM1V,ES
6989a4e910805f5685d7045b,User_17183,GB
6989a4e910805f5685d7045c,User_A3GVZWKQJULXDP,CA
6989a4e910805f5685d7045d,User_A3QC4NZEZGC1UO,FR
6989a4e910805f5685d7045e,User_AA5EZUIQ127JH,GB
6989a4e910805f5685d7045f,User_A25FHWV4ZGR2CP,US
6989a4e910805f5685d70460,User_A1GBD4G8KPS908,FR
6989a4e910805f5685d70461,User_A2GF8RI3P0QEME,IT
6989a4e910805f5685d70462,User_276950,ES
6989a4e910805f5685d70463,User_277359,ES
6989a4e910805f5685d70464,User_A3IHSUIBRSVFGW,CA
6989a4e910805f5685d70465,User_A187JAE3VNXZJE,IT
6989a4e910805f5685d70466,User_AEDCPRMGOKPPX,IT
6989a4e910805f5685d70467,User_A5FJ7IGPB0UG7,ES
6989a4e910805f5685d70468,User_A3Q0Q9NJALDW82,IT
6989a4e910805f5685d70469,User_AYB4ELCS5AM8P,ES
6989a4e910805f5685d7046a,User_A1T9QS3488OKMY,DE
6989a4e910805f5685d7046b,User_A17FG5C6SEFACX,ES
6989a4e910805f5685d7046c,User_277508,GB
6989a4e910805f5685d7046d,User_A1F823BJ23PLZM,DE
6989a4e910805f5685d7046e,User_A1Y9553RCV6HJE,US
6989a4e910805f5685d7046f,User_A352FXXTT2PH2U,FR
6989a4e910805f5685d70470,User_A3E51MFA8IG143,IT
6989a4e910805f5685d70471,User_A1XHTFWCN8H26N,IT
6989a4e910805f5685d70472,User_A2UNDXAL1IJCVP,IT
6989a4e910805f5685d70473,User_AHTRI8RK2BJMT,US
6989a4e910805f5685d70474,User_A254OKFZOU0JR5,GB
6989a4e910805f5685d70475,User_A3LLNQJF3SOVOQ,IT
6989a4e910805f5685d70476,User_A561V47Y26KZ2,ES
6989a4e910805f5685d70477,User_AAW2RTX90Y123,US
6989a4e910805f5685d70478,User_A1YA2LR3X48WIQ,US
6989a4e910805f5685d70479,User_A3L53U4PJB0ICY,GB
6989a4e910805f5685d7047a,User_A3KP651A2RM9EG,US
6989a4e910805f5685d7047b,User_A2Y7XPEOAERIL0,FR
6989a4e910805f5685d7047c,User_A36TDSHP6TVUN,IT
6989a4e910805f5685d7047d,User_A1W8LUETOH9DM1,US
6989a4e910805f5685d7047e,User_A2ZMN7B0B8S920,FR
6989a4e910805f5685d7047f,User_19058,ES
6989a4e910805f5685d70480,User_A4VP6Z3NJCETC,US
6989a4e910805f5685d70481,User_2066,GB
6989a4e910805f5685d70482,User_A3KFJYSZA2HH2X,US
6989a4e910805f5685d70483,User_5186,US
6989a4e910805f5685d70484,User_A3PMMQ3VWHX5X7,IT
6989a4e910805f5685d70485,User_ARB8N0ZVGS7WW,DE
6989a4e910805f5685d70486,User_A1D04YIAY843QX,IT
6989a4e910805f5685d70487,User_A6NLOGW2UFF45,IT
6989a4e910805f5685d70488,User_A1PP5IINXE1OS7,ES
6989a4e910805f5685d70489,User_A1WGYDGCJK201D,FR
6989a4e910805f5685d7048a,User_A107F528SN3XJU,GB
6989a4e910805f5685d7048b,User_1098,GB
6989a4e910805f5685d7048c,User_AH1UOF41H53BW,GB
6989a4e910805f5685d7048d,User_A22KHQ0R8EHJXT,FR
6989a4e910805f5685d7048e,User_A34LKXH0B09QRO,US
6989a4e910805f5685d7048f,User_11737,CA
6989a4e910805f5685d70490,User_A10TYGME2FQHO7,GB
6989a4e910805f5685d70491,User_A3MDY6YTECYN2H,ES
6989a4e910805f5685d70492,User_16233,IT
6989a4e910805f5685d70493,User_A3LSU7ZDPUE2GM,DE
6989a4e910805f5685d70494,User_AQOOO88PCVRPW,FR
6989a4e910805f5685d70495,User_AUG0DNOJ0X0LQ,CA
6989a4e910805f5685d70496,User_A3AG5QAT8L0I3R,GB
6989a4e910805f5685d70497,User_A17APE13VVQV8D,US
6989a4e910805f5685d70498,User_12200,CA
6989a4e910805f5685d70499,User_22379,DE
6989a4e910805f5685d7049a,User_A223GIA429N1Q0,GB
6989a4e910805f5685d7049b,User_A30E0XO46KV4WA,US
6989a4e910805f5685d7049c,User_A34BVQPIY1ZQR9,FR
6989a4e910805f5685d7049d,User_A1WORARFAXZ65Z,IT
6989a4e910805f5685d7049e,User_A1K2E9HNLGW1PT,ES
6989a4e910805f5685d7049f,User_A3B3CSHFCPT0I5,DE
6989a4e910805f5685d704a0,User_A2KBP7066ECW4M,DE
6989a4e910805f5685d704a1,User_8036,GB
6989a4e910805f5685d704a2,User_A3JDYEDLINF7HC,FR
6989a4e910805f5685d704a3,User_ATCAPBDPFPVNT,US
6989a4e910805f5685d704a4,User_ATSO9YEGI8WC1,GB
6989a4e910805f5685d704a5,User_A12PAMLZ1QJ1UA,IT
6989a4e910805f5685d704a6,User_12703,DE
6989a4e910805f5685d704a7,User_A1POJBC0L210UT,FR
6989a4e910805f5685d704a8,User_A3S0CY4GT8WZYA,ES
6989a4e910805f5685d704a9,User_A5ZUZ49YRDPCV,IT
6989a4e910805f5685d704aa,User_A1RBYZ7AV8VNQ1,GB
6989a4e910805f5685d704ab,User_A35NM9GB96VF79,IT
6989a4e910805f5685d704ac,User_APXS9IJ4UO7XL,FR
6989a4e910805f5685d704ad,User_A2259M05F281C3,US
6989a4e910805f5685d704ae,User_A1KL8IW0D02ED8,FR
6989a4e910805f5685d704af,User_1547,GB
6989a4e910805f5685d704b0,User_A1KX43ED71RKMQ,IT
6989a4e910805f5685d704b1,User_A1M42RZYKG1X06,CA
6989a4e910805f5685d704b2,User_A1IW9QZNRJS6RT,US
6989a4e910805f5685d704b3,User_6060,GB
6989a4e910805f5685d704b4,User_8362,GB
6989a4e910805f5685d704b5,User_A2A14DKJWINE4H,US
6989a4e910805f5685d704b6,User_A30CNC7G21P49D,ES
6989a4e910805f5685d704b7,User_A3Q1OY77MG6SPZ,FR
6989a4e910805f5685d704b8,User_A2HN4VH815PE4G,ES
6989a4e910805f5685d704b9,User_A31D0BP0L3Y7LW,ES
6989a4e910805f5685d704ba,User_8440,GB
6989a4e910805f5685d704bb,User_A312620LLECN83,IT
6989a4e910805f5685d704bc,User_A13Y2U7LKNKI5F,CA
6989a4e910805f5685d704bd,User_A15MX4TGHVF58K,IT
6989a4e910805f5685d704be,User_A441N6KE4CO0A,ES
6989a4e910805f5685d704bf,User_A3N319E83NXKJE,ES
6989a4e910805f5685d704c0,User_A2SIIP369Z06WR,US
6989a4e910805f5685d704c1,User_AFKQQTK46OEOR,IT
6989a4e910805f5685d704c2,User_A1J9WK45E6033S,CA
6989a4e910805f5685d704c3,User_A15SXK9MUHMBK3,CA
6989a4e910805f5685d704c4,User_A1G06C6MSSEI8C,ES
6989a4e910805f5685d704c5,User_A2KOVNQYJOJTWR,IT
6989a4e910805f5685d704c6,User_AL2F5SD1B0P8K,FR
6989a4e910805f5685d704c7,User_A21Y2WJOIGBWDP,CA
6989a4e910805f5685d704c8,User_A2Y70B20SAXZT4,DE
6989a4e910805f5685d704c9,User_A1ZASHWOFP7NMY,IT
6989a4e910805f5685d704ca,User_A3O2RCKAMSE9X7,DE
6989a4e910805f5685d704cb,User_7509,DE
6989a4e910805f5685d704cc,User_A2WZYBKHUWOCDV,DE
6989a4e910805f5685d704cd,User_A3G3RPBNZNKZKJ,GB
6989a4e910805f5685d704ce,User_A3KC3TWH1DPBGK,CA
6989a4e910805f5685d704cf,User_A2LPXIW6OQFO01,CA
6989a4e910805f5685d704d0,User_AOJQYJETBU5FI,CA
6989a4e910805f5685d704d1,User_A223YEGYYOIHQZ,US
6989a4e910805f5685d704d2,User_A296OKNF454KVZ,IT
6989a4e910805f5685d704d3,User_A2M9O0ZCERBDBS,GB
6989a4e910805f5685d704d4,User_A1G73SMV2R6WUL,US
6989a4e910805f5685d704d5,User_A27WV4V47468DU,DE
6989a4e910805f5685d704d6,User_A3HQY6XQDXQI9X,DE
6989a4e910805f5685d704d7,User_A3VCHO8N5J0W15,CA
6989a4e910805f5685d704d8,User_A3OIQXLWW5889V,DE
6989a4e910805f5685d704d9,User_AGYR962DSFJZU,ES
6989a4e910805f5685d704da,User_APXC2336VKA2U,GB
6989a4e910805f5685d704db,User_A2551D36F2ZYJJ,US
6989a4e910805f5685d704dc,User_A2NP5FP0IORLN6,ES
6989a4e910805f5685d704dd,User_AHHO8R9EVOU3U,ES
6989a4e910805f5685d704de,User_A34Q161I425I91,IT
6989a4e910805f5685d704df,User_A2K4RNOAD5J3WB,IT
6989a4e910805f5685d704e0,User_AHAETY96T5CX3,DE
6989a4e910805f5685d704e1,User_A2OT4LCVQN18ZU,FR
6989a4e910805f5685d704e2,User_A2S2713QYE3HMW,FR
6989a4e910805f5685d704e3,User_A2AZ8TBIO9Z9RI,DE
6989a4e910805f5685d704e4,User_AITM5E6W6KHD3,DE
6989a4e910805f5685d704e5,User_A1OL958UM2YZFW,CA
6989a4e910805f5685d704e6,User_A1X4GN08A5K444,CA
6989a4e910805f5685d704e7,User_A33U6LSY6FKAKG,US
6989a4e910805f5685d704e8,User_A2ZATPER188K3J,DE
6989a4e910805f5685d704e9,User_A107H3XGCV6Y4Q,CA
6989a4e910805f5685d704ea,User_A2JP5O7ILASXAC,ES
6989a4e910805f5685d704eb,User_A32BBM5U0407A4,CA
6989a4e910805f5685d704ec,User_AHQMZS0LQPEV5,GB
6989a4e910805f5685d704ed,User_A2UMP9TJTJ6A6B,ES
6989a4e910805f5685d704ee,User_A31C4P50CH9ET4,CA
6989a4e910805f5685d704ef,User_A1BLM2ZQ7M54DM,IT
6989a4e910805f5685d704f0,User_A3N1U5ZSVV8QF,ES
6989a4e910805f5685d704f1,User_A1V4YEPYLV5LLV,ES
6989a4e910805f5685d704f2,User_A3JN62NBUSZX9T,FR
6989a4e910805f5685d704f3,User_A1H5ERNSTERKA,US
6989a4e910805f5685d704f4,User_22722,CA
6989a4e910805f5685d704f5,User_A38NFYZLBYZ8HO,FR
6989a4e910805f5685d704f6,User_ARVLM8440KQ1S,IT
6989a4e910805f5685d704f7,User_A2WMM3NQNRT1A8,CA
6989a4e910805f5685d704f8,User_A1ISJYPFD1TUBH,ES
6989a4e910805f5685d704f9,User_A1TPL66BW2C55J,CA
6989a4e910805f5685d704fa,User_A3H108B39CUBQ3,FR
6989a4e910805f5685d704fb,User_A3NWZSNB1E67OA,IT
6989a4e910805f5685d704fc,User_A15JZZEM0PSWXY,GB
6989a4e910805f5685d704fd,User_A2NHDYVPWKRFTS,FR
6989a4e910805f5685d704fe,User_6192,DE
6989a4e910805f5685d704ff,User_16737,US
6989a4e910805f5685d70500,User_4328,IT
6989a4e910805f5685d70501,User_A2M5MWB1G2ZWNN,FR
6989a4e910805f5685d70502,User_AJWWCO1X4A9XW,ES
6989a4e910805f5685d70503,User_A366KKESY4RO73,GB
6989a4e910805f5685d70504,User_10348,FR
6989a4e910805f5685d70505,User_A14QGGOXY5CNBF,FR
6989a4e910805f5685d70506,User_AVOCOXA4F8ZC8,DE
6989a4e910805f5685d70507,User_A1ZOF747O5EB6R,FR
6989a4e910805f5685d70508,User_A7VHN73Y5O6EO,CA
6989a4e910805f5685d70509,User_A38NGQZJDIVALS,FR
6989a4e910805f5685d7050a,User_AMGSVRQ257SNV,IT
6989a4e910805f5685d7050b,User_AMBPSUD5EPPXX,ES
6989a4e910805f5685d7050c,User_A19OQ6PYJV7LN6,US
6989a4e910805f5685d7050d,User_A1ZJYZ8ZZF1T6T,GB
6989a4e910805f5685d7050e,User_A6HYFZS9MYW6X,FR
6989a4e910805f5685d7050f,User_A7FJE09ZF08D3,FR
6989a4e910805f5685d70510,User_A1ZYS64Y29EK72,ES
6989a4e910805f5685d70511,User_11757,IT
6989a4e910805f5685d70512,User_A1K3FDLBLWPH2U,US
6989a4e910805f5685d70513,User_A1SRUVUX5ZN4SY,US
6989a4e910805f5685d70514,User_A11NOS8HX1OBFT,ES
6989a4e910805f5685d70515,User_A1HNDCQ539AKZC,US
6989a4e910805f5685d70516,User_A2AHUQ7K9IDEAJ,FR
6989a4e910805f5685d70517,User_A1E2BFZOEAOHL6,DE
6989a4e910805f5685d70518,User_A2142Y5U3SBDL9,DE
6989a4e910805f5685d70519,User_A3IQXYW3R78AHC,GB
6989a4e910805f5685d7051a,User_A1WKH7H8XCSQXO,ES
6989a4e910805f5685d7051b,User_A4QBJJ9YC59WE,ES
6989a4e910805f5685d7051c,User_8667,GB
6989a4e910805f5685d7051d,User_A1HE4QF8914W9H,ES
6989a4e910805f5685d7051e,User_A4V2D7JROJKDM,IT
6989a4e910805f5685d7051f,User_A2DE6ZJL80MXZH,FR
6989a4e910805f5685d70520,User_A1K5WCOP4H105Z,IT
6989a4e910805f5685d70521,User_A1FAM2HG1Q97JH,ES
6989a4e910805f5685d70522,User_ANXYD5XVFVDCW,GB
6989a4e910805f5685d70523,User_A1DCK7SCX8UIJU,DE
6989a4e910805f5685d70524,User_A8OE27AN2Q7S3,IT
6989a4e910805f5685d70525,User_A32J3WID2Y1HBJ,FR
6989a4e910805f5685d70526,User_A3IY316DRNF5F2,US
6989a4e910805f5685d70527,User_A33Q9N8WZFUNX8,GB
6989a4e910805f5685d70528,User_A2LBCVQY0Z44LA,US
6989a4e910805f5685d70529,User_A3S41NQOV2BDX6,FR
6989a4e910805f5685d7052a,User_A30YJBHO6IGMW7,CA
6989a4e910805f5685d7052b,User_A8PZK5YQ7U9ZX,CA
6989a4e910805f5685d7052c,User_A3RELN2PUEH3M2,DE
6989a4e910805f5685d7052d,User_A31JKB1FZFY4IE,US
6989a4e910805f5685d7052e,User_AAIPOCVTDIXFS,CA
6989a4e910805f5685d7052f,User_A1QE7P66RD96NB,CA
6989a4e910805f5685d70530,User_AVRWBKUMOCEAA,FR
6989a4e910805f5685d70531,User_A19MUV3UBK3REI,US
6989a4e910805f5685d70532,User_A1WZHX6QMGM6ZG,GB
6989a4e910805f5685d70533,User_A1C0APSYM9H709,DE
6989a4e910805f5685d70534,User_A1TN5S2J2OQXUW,ES
6989a4e910805f5685d70535,User_12190,DE
6989a4e910805f5685d70536,User_A1YOYPLCSWRLIG,CA
6989a4e910805f5685d70537,User_A1876FVWLDJSZY,ES
6989a4e910805f5685d70538,User_A24IEUCR0KVP7J,ES
6989a4e910805f5685d70539,User_A2WVR09LBLGUJ5,US
6989a4e910805f5685d7053a,User_ADBE735U6ULXF,CA
6989a4e910805f5685d7053b,User_A1A2DJ44Z93L7A,IT
6989a4e910805f5685d7053c,User_AQQ08I7GS43K1,IT
6989a4e910805f5685d7053d,User_A14X9R4QBQZFIE,ES
6989a4e910805f5685d7053e,User_A25VCFF2N8G7GT,FR
6989a4e910805f5685d7053f,User_A192SMJPU9XJKN,FR
6989a4e910805f5685d70540,User_ANOC1M002MFUR,US
6989a4e910805f5685d70541,User_A1TWP2FN8A4YYF,US
6989a4e910805f5685d70542,User_A195BABF070JGU,DE
6989a4e910805f5685d70543,User_A28610MDHHZVEX,DE
6989a4e910805f5685d70544,User_AU5CO2011MSUW,ES
6989a4e910805f5685d70545,User_A1ZEKD55A1DV82,CA
6989a4e910805f5685d70546,User_A1KN640FSM78HT,FR
6989a4e910805f5685d70547,User_A3RG4U49OP64TP,US
6989a4e910805f5685d70548,User_21435,US
6989a4e910805f5685d70549,User_A3H88XHDH3OTL7,GB
6989a4e910805f5685d7054a,User_ACG9W9397KVPB,CA
6989a4e910805f5685d7054b,User_A81JU68AYEN6V,IT
6989a4e910805f5685d7054c,User_A2WMV32ZPH4Q1J,CA
6989a4e910805f5685d7054d,User_A2ONJC1A8H9BLN,FR
6989a4e910805f5685d7054e,User_A3VU8S4ME3ORGL,ES
6989a4e910805f5685d7054f,User_AE7677NWQUEN6,GB
6989a4e910805f5685d70550,User_A1NCIGD49WFFTL,FR
6989a4e910805f5685d70551,User_AW8HRCXVVWDN,US
6989a4e910805f5685d70552,User_A28YKFPXT1VN6Z,DE
6989a4e910805f5685d70553,User_A72IAY0AL4ZGU,GB
6989a4e910805f5685d70554,User_362,CA
6989a4e910805f5685d70555,User_A2X9CHGR2C2MWR,CA
6989a4e910805f5685d70556,User_A31R2GPG3O54P5,DE
6989a4e910805f5685d70557,User_AY27LKTV9AMQS,GB
6989a4e910805f5685d70558,User_A3CW54F4VAEFQ7,DE
6989a4e910805f5685d70559,User_A6O89ETV0YITJ,US
6989a4e910805f5685d7055a,User_A1TONI9A0YFOD6,IT
6989a4e910805f5685d7055b,User_22723,CA
6989a4e910805f5685d7055c,User_A3MOHAYDKS7SG2,CA
6989a4e910805f5685d7055d,User_A1B3XQWH8QF51F,US
6989a4e910805f5685d7055e,User_A285S5W4IMI48Q,ES
6989a4e910805f5685d7055f,User_A15F4HYXYNDEEW,DE
6989a4e910805f5685d70560,User_AZ5JNX80V53KT,US
6989a4e910805f5685d70561,User_19897,DE
6989a4e910805f5685d70562,User_17337,GB
6989a4e910805f5685d70563,User_A211ZVBTJQWTUD,ES
6989a4e910805f5685d70564,User_A2TFTRWIRZAEZ6,US
6989a4e910805f5685d70565,User_A18J7A4I02DSYJ,DE
6989a4e910805f5685d70566,User_A3V40AGEC699IB,FR
6989a4e910805f5685d70567,User_ASNOSYWGBW452,FR
6989a4e910805f5685d70568,User_10003,GB
6989a4e910805f5685d70569,User_A3B5FFAY3GPQ9G,FR
6989a4e910805f5685d7056a,User_A9PEF4OW95LQS,IT
6989a4e910805f5685d7056b,User_A2NS8978WE27DA,US
6989a4e910805f5685d7056c,User_3713,DE
6989a4e910805f5685d7056d,User_A2I47OTWG6DDDG,IT
6989a4e910805f5685d7056e,User_A365ZIBYBS8QVL,IT
6989a4e910805f5685d7056f,User_A1BEU65LLZ83OO,US
6989a4e910805f5685d70570,User_A38EH8VYQFRKY0,DE
6989a4e910805f5685d70571,User_A3NOYB2S6CCFY,ES
6989a4e910805f5685d70572,User_A179FX09EG0RHJ,IT
6989a4e910805f5685d70573,User_A3K2PCJC8NR2XB,DE
6989a4e910805f5685d70574,User_A1A3U8CVGJB9ST,DE
6989a4e910805f5685d70575,User_A3AK7C2763I4LZ,FR
6989a4e910805f5685d70576,User_A2RV44U2E8J348,GB
6989a4e910805f5685d70577,User_A1WN7152KRKC7,US
6989a4e910805f5685d70578,User_A31C1WQIHNSFQ5,ES
6989a4e910805f5685d70579,User_ATSDRHTV4VC4V,FR
6989a4e910805f5685d7057a,User_A2FISZLR6HUMC,ES
6989a4e910805f5685d7057b,User_A1R4UBHFVB37A5,CA
6989a4e910805f5685d7057c,User_A3HTZEC8EH3QFS,GB
6989a4e910805f5685d7057d,User_A3QR0ELV1AZIQG,GB
6989a4e910805f5685d7057e,User_ANC2BJKV6XRTW,CA
6989a4e910805f5685d7057f,User_A25E7ITJIDR7PR,DE
6989a4e910805f5685d70580,User_4070,DE
6989a4e910805f5685d70581,User_A1PRYEYET17MPW,IT
6989a4e910805f5685d70582,User_A1I49NILWLE6G,IT
6989a4e910805f5685d70583,User_19688,GB
6989a4e910805f5685d70584,User_A2B8ED6J2BV81S,CA
6989a4e910805f5685d70585,User_A1BMFLWNSHM3VU,CA
6989a4e910805f5685d70586,User_A1RXSUBCIQGQJF,GB
6989a4e910805f5685d70587,User_A3QICMVAB9REOR,FR
6989a4e910805f5685d70588,User_A1G0F8U9VL5NM8,ES
6989a4e910805f5685d70589,User_A3EUA083N1BDV9,GB
6989a4e910805f5685d7058a,User_A2PDRWMQD48HEM,GB
6989a4e910805f5685d7058b,User_A1PS4JWU88CTJY,IT
6989a4e910805f5685d7058c,User_A30DYJA10X9K7F,GB
6989a4e910805f5685d7058d,User_A21JAEITO83TCI,IT
6989a4e910805f5685d7058e,User_A3J3A2WTRW6NOR,IT
6989a4e910805f5685d7058f,User_ANYKKMEHB0ABA,DE
6989a4e910805f5685d70590,User_A18EPIC4ZF1NCQ,US
6989a4e910805f5685d70591,User_A4HC7SZCPNOVT,CA
6989a4e910805f5685d70592,User_A1AQKVKYUF80YD,ES
6989a4e910805f5685d70593,User_A1SXLMHWOELU06,IT
6989a4e910805f5685d70594,User_A9BL3UF94NXKZ,DE
6989a4e910805f5685d70595,User_A3GSQ4P3CF5E68,DE
6989a4e910805f5685d70596,User_A1HHTF6E8OFL67,US
6989a4e910805f5685d70597,User_A3OOXBVBYMREBR,US
6989a4e910805f5685d70598,User_A1GVGT52FP2Q5R,ES
6989a4e910805f5685d70599,User_A2HSXV5Y6AGN9T,CA
6989a4e910805f5685d7059a,User_ADJAVYZNB75I1,GB
6989a4e910805f5685d7059b,User_16859,GB
6989a4e910805f5685d7059c,User_5194,ES
6989a4e910805f5685d7059d,User_A1FYWFNJAUPK8X,IT
6989a4e910805f5685d7059e,User_A538X183606A9,DE
6989a4e910805f5685d7059f,User_A1CEBI5OHKP1Y8,GB
6989a4e910805f5685d705a0,User_21996,CA
6989a4e910805f5685d705a1,User_A1YC111DGV6PAI,FR
6989a4e910805f5685d705a2,User_A2I2XPCBKU05QF,ES
6989a4e910805f5685d705a3,User_A1QILL9V3JKGUN,US
6989a4e910805f5685d705a4,User_AYAKL3IQ2S3KQ,CA
6989a4e910805f5685d705a5,User_AEH77L6ODKE7M,ES
6989a4e910805f5685d705a6,User_ASQFSSTTUC1ZO,CA
6989a4e910805f5685d705a7,User_A1DSL15SAMW9WK,IT
6989a4e910805f5685d705a8,User_AU4K149OK0K78,GB
6989a4e910805f5685d705a9,User_AQBAVP6BUA9TZ,ES
6989a4e910805f5685d705aa,User_A14NIB484K2FGY,IT
6989a4e910805f5685d705ab,User_AFTXZOOMPV1CT,US
6989a4e910805f5685d705ac,User_A1VZEVB8NFN28Q,DE
6989a4e910805f5685d705ad,User_A2VXSH7M7IPGE2,GB
6989a4e910805f5685d705ae,User_AUAWXTNJWNWMY,FR
6989a4e910805f5685d705af,User_A2OZK8U5K7M0CF,ES
6989a4e910805f5685d705b0,User_AIAHQNMPP1TBL,DE
6989a4e910805f5685d705b1,User_A2975XH051Z60A,IT
6989a4e910805f5685d705b2,User_AS5XU0W0HRZWL,IT
6989a4e910805f5685d705b3,User_A2DSXA1E02C86D,FR
6989a4e910805f5685d705b4,User_A1HWBC8KRI2NH7,US
6989a4e910805f5685d705b5,User_A1BS8P5ETYPVXE,CA
6989a4e910805f5685d705b6,User_A3QPHMVQUA3EHJ,CA
6989a4e910805f5685d705b7,User_A13X550HSK7Q1O,FR
6989a4e910805f5685d705b8,User_A28L2XMMOC50AV,FR
6989a4e910805f5685d705b9,User_A10M6MLGPHT35B,IT
6989a4e910805f5685d705ba,User_2448,US
6989a4e910805f5685d705bb,User_A3JYF7PNHL03QK,US
6989a4e910805f5685d705bc,User_AJN4M5J2TIMUP,IT
6989a4e910805f5685d705bd,User_APJR9066VZWQ7,GB
6989a4e910805f5685d705be,User_AYUXHL12K466M,US
6989a4e910805f5685d705bf,User_A3GSYTUG9QC7GM,FR
6989a4e910805f5685d705c0,User_A2ZYY59MKB9XMD,GB
6989a4e910805f5685d705c1,User_AKRKPL4I1MUUG,CA
6989a4e910805f5685d705c2,User_A13X5GRWGZVDFM,CA
6989a4e910805f5685d705c3,User_A30RSAK4B1UBHP,GB
6989a4e910805f5685d705c4,User_AS6DAKFBL309N,US
6989a4e910805f5685d705c5,User_A2IL6ALI29H8S2,FR
6989a4e910805f5685d705c6,User_AN8HBQVP8LE9T,IT
6989a4e910805f5685d705c7,User_A2Z135CPVWU9DU,FR
6989a4e910805f5685d705c8,User_A3APPBT9CZQPFA,IT
6989a4e910805f5685d705c9,User_A2KYYKWCQKWGUZ,ES
6989a4e910805f5685d705ca,User_A15IRM5PNJUKP7,ES
6989a4e910805f5685d705cb,User_A2BZWUB7P7TV4R,IT
6989a4e910805f5685d705cc,User_AGBBWFFYK287J,FR
6989a4e910805f5685d705cd,User_A187Z559JJ1TME,DE
6989a4e910805f5685d705ce,User_AUEU4TQ2NX7LV,IT
6989a4e910805f5685d705cf,User_A39KRAYPUY1JO5,IT
6989a4e910805f5685d705d0,User_APW2V41O5AVHH,FR
6989a4e910805f5685d705d1,User_A2HGG3B8OTT2SN,IT
6989a4e910805f5685d705d2,User_11039,ES
6989a4e910805f5685d705d3,User_A1MWCZDF8H11RT,IT
6989a4e910805f5685d705d4,User_A9UF6K7KHNS6S,IT
6989a4e910805f5685d705d5,User_A31VORH969BC6N,US
6989a4e910805f5685d705d6,User_A28J3R6R8FUNKJ,DE
6989a4e910805f5685d705d7,User_AU5BSXGGGLEJV,IT
6989a4e910805f5685d705d8,User_A3KDGJX43RU5MK,ES
6989a4e910805f5685d705d9,User_A1C1MJLZATIX33,GB
6989a4e910805f5685d705da,User_ALSX4EI1NI4GS,ES
6989a4e910805f5685d705db,User_AG0KQVAGMTND0,US
6989a4e910805f5685d705dc,User_A2BZCHIDR5FTYA,DE
6989a4e910805f5685d705dd,User_A39JUSZRL131FF,CA
6989a4e910805f5685d705de,User_A3H5L9WTH52S21,GB
6989a4e910805f5685d705df,User_5975,GB
6989a4e910805f5685d705e0,User_A1OPI2TZRZELCM,IT
6989a4e910805f5685d705e1,User_A2MSWQW6L9X18O,FR
6989a4e910805f5685d705e2,User_A1I2LKFH2NNV9L,GB
6989a4e910805f5685d705e3,User_A1P79562SJL1YB,DE
6989a4e910805f5685d705e4,User_A196S5UA082L9X,FR
6989a4e910805f5685d705e5,User_A1F4JSD7YZ15GV,GB
6989a4e910805f5685d705e6,User_A3KEWO4DQVQX9,DE
6989a4e910805f5685d705e7,User_A4LLXH0IZ3LMQ,ES
6989a4e910805f5685d705e8,User_A2G9DGP3L4JGV1,GB
6989a4e910805f5685d705e9,User_A3PR3E99W9MSN7,FR
6989a4e910805f5685d705ea,User_A20DE9V4R3PFM6,IT
6989a4e910805f5685d705eb,User_A1Z2CNM0SDD2K4,CA
6989a4e910805f5685d705ec,User_278253,CA
6989a4e910805f5685d705ed,User_A17T1S5BL2X0JS,FR
6989a4e910805f5685d705ee,User_AV3LWH2EB0378,IT
6989a4e910805f5685d705ef,User_A1AR76R71RGKHU,ES
6989a4e910805f5685d705f0,User_A2PHUC638OLI63,CA
6989a4e910805f5685d705f1,User_A1EL1J7S2NC752,ES
6989a4e910805f5685d705f2,User_A14JOP17BP0W62,DE
6989a4e910805f5685d705f3,User_16190,US
6989a4e910805f5685d705f4,User_AMFFT6V9GQW,US
6989a4e910805f5685d705f5,User_A161DPOYTSTPAY,US
6989a4e910805f5685d705f6,User_ASS9CGWCC0CSK,US
6989a4e910805f5685d705f7,User_A230GBJ8P5GT12,FR
6989a4e910805f5685d705f8,User_A2ZILNRU582ZIQ,IT
6989a4e910805f5685d705f9,User_A4C0HXOYVY4WB,US
6989a4e910805f5685d705fa,User_A3T9ZX94BK9XTV,US
6989a4e910805f5685d705fb,User_A2R1I9O2X39KGU,IT
6989a4e910805f5685d705fc,User_A1S2NBTYHMTEY5,DE
6989a4e910805f5685d705fd,User_A3OZXBQQ84NTIQ,FR
6989a4e910805f5685d705fe,User_ALICP56XRA7IJ,FR
6989a4e910805f5685d705ff,User_A19J745OVAZRG,ES
6989a4e910805f5685d70600,User_A2OM03J7OU5U30,CA
6989a4e910805f5685d70601,User_A3SOKM6EGYT6FH,IT
6989a4e910805f5685d70602,User_11193,ES
6989a4e910805f5685d70603,User_A1OTGBG66P6K5Y,GB
6989a4e910805f5685d70604,User_AF11JBU8LUHAG,CA
6989a4e910805f5685d70605,User_A14J9K2N1JR9YB,DE
6989a4e910805f5685d70606,User_A2SZD7SU6LJJ4H,GB
6989a4e910805f5685d70607,User_A271P3SKP1ISGZ,IT
6989a4e910805f5685d70608,User_A2A0U27BHHWOES,DE
6989a4e910805f5685d70609,User_A1IACRUW2CJ5U6,US
6989a4e910805f5685d7060a,User_A3HADQP9CDVJGQ,DE
6989a4e910805f5685d7060b,User_A903KHQRBYPIV,IT
6989a4e910805f5685d7060c,User_A2GZGBIUY5IAKU,US
6989a4e910805f5685d7060d,User_19089,IT
6989a4e910805f5685d7060e,User_7000,FR
6989a4e910805f5685d7060f,User_ARV8K6SFDIXKT,IT
6989a4e910805f5685d70610,User_22717,IT
6989a4e910805f5685d70611,User_A10KZY39SVHUXD,FR
6989a4e910805f5685d70612,User_A2EV866C1L0QTO,ES
6989a4e910805f5685d70613,User_19433,US
6989a4e910805f5685d70614,User_A1ANQ3UYMS82CU,US
6989a4e910805f5685d70615,User_A2MXVQCFRP9MTV,FR
6989a4e910805f5685d70616,User_A6PW70R238BJJ,ES
6989a4e910805f5685d70617,User_A1O7P7TVIZ17I7,IT
6989a4e910805f5685d70618,User_AI2SAC0G98HMM,CA
6989a4e910805f5685d70619,User_A39LYAFR5ODVKO,ES
6989a4e910805f5685d7061a,User_A3L7RIQ9TLRVMQ,GB
6989a4e910805f5685d7061b,User_A2SR47DVQ3QVWE,IT
6989a4e910805f5685d7061c,User_A2JMH4Q72DD3DO,CA
6989a4e910805f5685d7061d,User_A3NJTBQBJI1J6G,ES
6989a4e910805f5685d7061e,User_A2V7GVP351MTBR,GB
6989a4e910805f5685d7061f,User_AYY4MPUEEKEG3,FR
6989a4e910805f5685d70620,User_A1LS0O1182NKQF,CA
6989a4e910805f5685d70621,User_A2OEFAA9DC1H7D,US
6989a4e910805f5685d70622,User_A3W1NMTFV6G0DR,FR
6989a4e910805f5685d70623,User_5211,FR
6989a4e910805f5685d70624,User_A1SLBA3D5MZEGO,US
6989a4e910805f5685d70625,User_22727,IT
6989a4e910805f5685d70626,User_A3CWR2XUP8C9X1,US
6989a4e910805f5685d70627,User_A1Z6PVNJP51CO0,CA
6989a4e910805f5685d70628,User_A1DSQ0BE6VESDU,FR
6989a4e910805f5685d70629,User_A2LBWDNHEDMTJA,ES
6989a4e910805f5685d7062a,User_A2PCT57MWSAGX2,CA
6989a4e910805f5685d7062b,User_A8CCR2AKC78TA,DE
6989a4e910805f5685d7062c,User_15087,DE
6989a4e910805f5685d7062d,User_AGNTD27GAM12O,CA
6989a4e910805f5685d7062e,User_AG83DB21I38FJ,ES
6989a4e910805f5685d7062f,User_ABGVYACES9DLD,IT
6989a4e910805f5685d70630,User_ASBQEBY6JYI8W,IT
6989a4e910805f5685d70631,User_A192ISH8JILIMZ,GB
6989a4e910805f5685d70632,User_21077,FR
6989a4e910805f5685d70633,User_A2XDG1SQUFYFN6,FR
6989a4e910805f5685d70634,User_A39QL8RQCENWQF,GB
6989a4e910805f5685d70635,User_A2ETB4Z8R26USE,IT
6989a4e910805f5685d70636,User_110,GB
6989a4e910805f5685d70637,User_A2I26UH34FNK02,DE
6989a4e910805f5685d70638,User_9834,ES
6989a4e910805f5685d70639,User_A2B6K6822HNCF,ES
6989a4e910805f5685d7063a,User_A20LQ04NWGOYO,US
6989a4e910805f5685d7063b,User_A1HQV4N6V7OWFN,US
6989a4e910805f5685d7063c,User_A4X7FBQ5SKPI6,DE
6989a4e910805f5685d7063d,User_A2RICV4TABS504,DE
6989a4e910805f5685d7063e,User_A344MMAKRLMFYF,DE
6989a4e910805f5685d7063f,User_17892,US
6989a4e910805f5685d70640,User_A2PG03K70ZVMCV,IT
6989a4e910805f5685d70641,User_A3SKGQSU29ZV80,US
6989a4e910805f5685d70642,User_ADHEOOSV20TI0,ES
6989a4e910805f5685d70643,User_AFZ3KVOA6CM8G,ES
6989a4e910805f5685d70644,User_A2NGG6UDJ9D2WS,US
6989a4e910805f5685d70645,User_A2UM6KCEZHLAOJ,DE
6989a4e910805f5685d70646,User_A33HPEDQGA8G0Q,GB
6989a4e910805f5685d70647,User_A100GDAMMDR48O,FR
6989a4e910805f5685d70648,User_A16ZV6OS4DA3XY,US
6989a4e910805f5685d70649,User_A2BVSSQ5J4K4W8,DE
6989a4e910805f5685d7064a,User_A1Y32W5R4UCCZZ,ES
6989a4e910805f5685d7064b,User_A2VZP50FSYD6CO,DE
6989a4e910805f5685d7064c,User_A25C2LHD1T140N,US
6989a4e910805f5685d7064d,User_A2CEU1TUVPU7GY,FR
6989a4e910805f5685d7064e,User_A1WU2THS2MTSAK,US
6989a4e910805f5685d7064f,User_4123,FR
6989a4e910805f5685d70650,User_A2V2UGELOJD0S7,FR
6989a4e910805f5685d70651,User_13039,IT
6989a4e910805f5685d70652,User_2503,US
6989a4e910805f5685d70653,User_21090,ES
6989a4e910805f5685d70654,User_A2L5YHCPCB9LES,IT
6989a4e910805f5685d70655,User_A702SS7D7811D,DE
6989a4e910805f5685d70656,User_A32ZQDBXM2VX9K,US
6989a4e910805f5685d70657,User_20775,ES
6989a4e910805f5685d70658,User_A3DYNO9KP4HFUO,GB
6989a4e910805f5685d70659,User_A324FCY0DDQMH5,FR
6989a4e910805f5685d7065a,User_A3R7ROEEIQO311,IT
6989a4e910805f5685d7065b,User_AV0N06SYLE3N0,US
6989a4e910805f5685d7065c,User_ABRIJNN6AY05G,ES
6989a4e910805f5685d7065d,User_AONQAAU9P40BS,CA
6989a4e910805f5685d7065e,User_A21D66KXOYXHDI,FR
6989a4e910805f5685d7065f,User_A3RDZPP3MJTS,ES
6989a4e910805f5685d70660,User_A2Y9A4XOB2UGLN,ES
6989a4e910805f5685d70661,User_A2GCKC9OMJ628F,ES
6989a4e910805f5685d70662,User_A1FY7VYAHAAAE0,FR
6989a4e910805f5685d70663,User_A3C4JWF7ZJCUTB,US
6989a4e910805f5685d70664,User_A2ZUI8RM6XWP64,US
6989a4e910805f5685d70665,User_AP2C1WK1ZUQRQ,FR
6989a4e910805f5685d70666,User_A2UAJB5CPGU13N,GB
6989a4e910805f5685d70667,User_A2FLIN5FUHHSVT,ES
6989a4e910805f5685d70668,User_A13IRKEEPFTWFM,US
6989a4e910805f5685d70669,User_A249RB6594AAPP,IT
6989a4e910805f5685d7066a,User_A11GD857JBB1QW,GB
6989a4e910805f5685d7066b,User_A26HTU8E5SH5ES,IT
6989a4e910805f5685d7066c,User_A15P6YW0LNA8S7,DE
6989a4e910805f5685d7066d,User_A2PHYKRMU7JLJD,GB
6989a4e910805f5685d7066e,User_A1MNTDK3QVG6AL,DE
6989a4e910805f5685d7066f,User_A26ZDJ5TS9TUR9,US
6989a4e910805f5685d70670,User_A1EDWTUUH3FW7O,GB
6989a4e910805f5685d70671,User_A1MG6ZQ5IDB14T,IT
6989a4e910805f5685d70672,User_A2HH2HNFVNPP9C,GB
6989a4e910805f5685d70673,User_AS56N6FYEQ12U,IT
6989a4e910805f5685d70674,User_19130,FR
6989a4e910805f5685d70675,User_A3J4GBAN27WS3V,ES
6989a4e910805f5685d70676,User_ABS1N1O8BLWR0,IT
6989a4e910805f5685d70677,User_A1V9LVMY4VR6XF,IT
6989a4e910805f5685d70678,User_15144,FR
6989a4e910805f5685d70679,User_A19ITDKB9WBZ0H,DE
6989a4e910805f5685d7067a,User_A1418L80CDOZRJ,IT
6989a4e910805f5685d7067b,User_A25DA2MY42IEKI,ES
6989a4e910805f5685d7067c,User_A1C2Y3MLJ45EZ8,FR
6989a4e910805f5685d7067d,User_18385,DE
6989a4e910805f5685d7067e,User_A2AZQZ0LUP7AWL,IT
6989a4e910805f5685d7067f,User_A2VO7DZJJK4TOR,IT
6989a4e910805f5685d70680,User_2549,DE
6989a4e910805f5685d70681,User_A3NZDEADVZL60T,FR
6989a4e910805f5685d70682,User_19664,US
6989a4e910805f5685d70683,User_A8LNGY5B0WRIW,FR
6989a4e910805f5685d70684,User_A2SJU2HHGIFTYS,IT
6989a4e910805f5685d70685,User_A2241JD6A61N2I,GB
6989a4e910805f5685d70686,User_8633,IT
6989a4e910805f5685d70687,User_278531,DE
6989a4e910805f5685d70688,User_A2RBTJ0APFS89E,GB
6989a4e910805f5685d70689,User_AXMAICGN4DF2R,IT
6989a4e910805f5685d7068a,User_AWFMGDUUGNGYW,IT
6989a4e910805f5685d7068b,User_A3US4JVYGALYQI,ES
6989a4e910805f5685d7068c,User_AY12I54FMZ51B,DE
6989a4e910805f5685d7068d,User_A1UQ0G6KNMBPFA,DE
6989a4e910805f5685d7068e,User_ABBVRGGQNVFBQ,FR
6989a4e910805f5685d7068f,User_A30VZVVN8J1U8F,IT
6989a4e910805f5685d70690,User_17022,IT
6989a4e910805f5685d70691,User_A2GA412HQHN8WV,IT
6989a4e910805f5685d70692,User_A3E9TU1AU6GGIH,GB
6989a4e910805f5685d70693,User_A2SBXYM63DQGPP,DE
6989a4e910805f5685d70694,User_AR62T8UDOVKGA,DE
6989a4e910805f5685d70695,User_A16P4Y3ZF5FD7N,FR
6989a4e910805f5685d70696,User_A3706LN3J12URD,DE
6989a4e910805f5685d70697,User_A2V9GUDTV74IBR,IT
6989a4e910805f5685d70698,User_AZ9ELCUSJ1OYM,DE
6989a4e910805f5685d70699,User_A3TPYPLIYBMY9J,GB
6989a4e910805f5685d7069a,User_A1IUBYFZHQZZXU,DE
6989a4e910805f5685d7069b,User_A3FMLSFX35NZXR,US
6989a4e910805f5685d7069c,User_A11CGZFTAIINVE,CA
6989a4e910805f5685d7069d,User_7984,DE
6989a4e910805f5685d7069e,User_A10VQUCFXVTXHG,IT
6989a4e910805f5685d7069f,User_AKFWL2CP80LRK,GB
6989a4e910805f5685d706a0,User_16095,CA
6989a4e910805f5685d706a1,User_A3UXJA6XHTW8XC,ES
6989a4e910805f5685d706a2,User_A2PSATBEVJVCWB,IT
6989a4e910805f5685d706a3,User_A1TUN2D67COPOP,US
6989a4e910805f5685d706a4,User_AOSL6FL0W7AJ8,ES
6989a4e910805f5685d706a5,User_A1HIOUOII0WO6C,DE
6989a4e910805f5685d706a6,User_AO65GJGF9U5ZX,FR
6989a4e910805f5685d706a7,User_21368,US
6989a4e910805f5685d706a8,User_A28C7MAZ01DXBU,US
6989a4e910805f5685d706a9,User_A3LXJVL5SPAL44,FR
6989a4e910805f5685d706aa,User_AYC9LBJTTNTMB,US
6989a4e910805f5685d706ab,User_A17M0AT2J1X1VU,US
6989a4e910805f5685d706ac,User_A1I9D1BRAEUXPA,CA
6989a4e910805f5685d706ad,User_A1DUBYBMXLN12P,DE
6989a4e910805f5685d706ae,User_19892,GB
6989a4e910805f5685d706af,User_A2EUH8MH6K47B8,US
6989a4e910805f5685d706b0,User_A1AOBEU2PK85IW,DE
6989a4e910805f5685d706b1,User_6367,ES
6989a4e910805f5685d706b2,User_A26AGFVWTXKZIC,CA
6989a4e910805f5685d706b3,User_A3O2EXP00I7WZF,DE
6989a4e910805f5685d706b4,User_17226,IT
6989a4e910805f5685d706b5,User_A3AZUOJ1NA9424,FR
6989a4e910805f5685d706b6,User_AFADZY04CTJ66,ES
6989a4e910805f5685d706b7,User_A30J3MMN4IAXPI,DE
6989a4e910805f5685d706b8,User_AZ0I04M6XMU1W,US
6989a4e910805f5685d706b9,User_3202,ES
6989a4e910805f5685d706ba,User_A6UKCI9UWIOPX,CA
6989a4e910805f5685d706bb,User_A2YUPA56DIORO6,US
6989a4e910805f5685d706bc,User_A32RX109J2TRYG,GB
6989a4e910805f5685d706bd,User_A1WO206HZ3HCU6,CA
6989a4e910805f5685d706be,User_A1JRTA9WMUBOGS,FR
6989a4e910805f5685d706bf,User_14570,GB
6989a4e910805f5685d706c0,User_A35HF5L98DT7QZ,IT
6989a4e910805f5685d706c1,User_AJI76D4U5WGBZ,ES
6989a4e910805f5685d706c2,User_A3J748WG3HWIAT,CA
6989a4e910805f5685d706c3,User_10921,IT
6989a4e910805f5685d706c4,User_A34WPGC3QIBYT2,FR
6989a4e910805f5685d706c5,User_A3PW8QRMZGF545,FR
6989a4e910805f5685d706c6,User_A290905TMYJM1B,ES
6989a4e910805f5685d706c7,User_ARGHJA5AIISG9,DE
6989a4e910805f5685d706c8,User_A3R8PHCTDMLFHL,US
6989a4e910805f5685d706c9,User_A142O6S3ZBVKRN,US
6989a4e910805f5685d706ca,User_A2VHCPSKY6DM4H,CA
6989a4e910805f5685d706cb,User_4369,US
6989a4e910805f5685d706cc,User_A3SDH3CPHKVGTQ,FR
6989a4e910805f5685d706cd,User_A23M3ZA1JTQ4K2,IT
6989a4e910805f5685d706ce,User_AVKGETPLY4R09,US
6989a4e910805f5685d706cf,User_AA2P3C97N2SQ9,CA
6989a4e910805f5685d706d0,User_A1H4K5YVQ76MVW,DE
6989a4e910805f5685d706d1,User_A17GH0BETYPTW7,IT
6989a4e910805f5685d706d2,User_A19WAC272UX8VD,FR
6989a4e910805f5685d706d3,User_AE8R954AIKGBX,CA
6989a4e910805f5685d706d4,User_A2J84GUACD3ETJ,GB
6989a4e910805f5685d706d5,User_A2NX4O5QQN7YSX,GB
6989a4e910805f5685d706d6,User_A3NGHBNM57H41K,IT
6989a4e910805f5685d706d7,User_A161XMV1Q5VEAN,GB
6989a4e910805f5685d706d8,User_A34O3RT30Q2RST,FR
6989a4e910805f5685d706d9,User_AG68BGOJWWBOD,US
6989a4e910805f5685d706da,User_277832,GB
6989a4e910805f5685d706db,User_A14DKZ3260HJ8Z,US
6989a4e910805f5685d706dc,User_19050,FR
6989a4e910805f5685d706dd,User_A2PFBCDBD2UNDI,US
6989a4e910805f5685d706de,User_4187,ES
6989a4e910805f5685d706df,User_AERRA1Q5OV6F6,ES
6989a4e910805f5685d706e0,User_3048,IT
6989a4e910805f5685d706e1,User_A31718O009PZ1F,FR
6989a4e910805f5685d706e2,User_AKT17DF3HDQSY,GB
6989a4e910805f5685d706e3,User_A26POLADUXMCQO,FR
6989a4e910805f5685d706e4,User_A1PP4USKRXLAYL,IT
6989a4e910805f5685d706e5,User_AUAPFATPN88DW,GB
6989a4e910805f5685d706e6,User_A23LPJNAF8QB6P,ES
6989a4e910805f5685d706e7,User_A2T7THSB4SAUZ0,CA
6989a4e910805f5685d706e8,User_AYPDP3NDFKUB3,FR
6989a4e910805f5685d706e9,User_AT9TVX8G579LZ,IT
6989a4e910805f5685d706ea,User_A6OGG0BQT0PJQ,US
6989a4e910805f5685d706eb,User_22365,ES
6989a4e910805f5685d706ec,User_A2H97PBWSTH1ZF,CA
6989a4e910805f5685d706ed,User_A1I5XBT7N2FEZV,FR
6989a4e910805f5685d706ee,User_A1BNW2ZDUCEZQC,CA
6989a4e910805f5685d706ef,User_A2BLO26HL4EV3J,FR
6989a4e910805f5685d706f0,User_AXSRHPGB1GDA8,CA
6989a4e910805f5685d706f1,User_A2WCA2GRF78DWN,FR
6989a4e910805f5685d706f2,User_A32ZJIAK15EJBS,DE
6989a4e910805f5685d706f3,User_A3BM2X953EO3TW,ES
6989a4e910805f5685d706f4,User_A1EGY18MKQD4SM,CA
6989a4e910805f5685d706f5,User_1475,CA
6989a4e910805f5685d706f6,User_22463,CA
6989a4e910805f5685d706f7,User_AACG27MN1IPQQ,CA
6989a4e910805f5685d706f8,User_A27MK5CMRJEZ0B,FR
6989a4e910805f5685d706f9,User_A2J8YKAQ0PXOB9,CA
6989a4e910805f5685d706fa,User_A2W0HKW9DANDRG,FR
6989a4e910805f5685d706fb,User_A2EQUXI0QJ8LUS,DE
6989a4e910805f5685d706fc,User_A17IWTJP3ZCD8W,FR
6989a4e910805f5685d706fd,User_A1QWCWM82LQD5E,CA
6989a4e910805f5685d706fe,User_AHNNSD2R9AL3P,GB
6989a4e910805f5685d706ff,User_AX7JRIZRR0R93,FR
6989a4e910805f5685d70700,User_A3RDYKC8PX5VZU,DE
6989a4e910805f5685d70701,User_14079,ES
6989a4e910805f5685d70702,User_A28PROPF6M8YKW,DE
6989a4e910805f5685d70703,User_A1UOJ7PGKU5KAM,FR
6989a4e910805f5685d70704,User_A2UYNIHUUS43DC,FR
6989a4e910805f5685d70705,User_A1MIPVPYZ5ZD9I,IT
6989a4e910805f5685d70706,User_A33ZNG0UQV05I,GB
6989a4e910805f5685d70707,User_AR3NRCEI8J5ZA,ES
6989a4e910805f5685d70708,User_A55WDFE0Q3BLH,GB
6989a4e910805f5685d70709,User_A39VCMXI2GKP98,IT
6989a4e910805f5685d7070a,User_A8C1XE4UWPSE1,DE
6989a4e910805f5685d7070b,User_A1WKHT3C5JKASV,GB
6989a4e910805f5685d7070c,User_A177JCNYSP7530,US
6989a4e910805f5685d7070d,User_AYDM2ONXQJJQ9,ES
6989a4e910805f5685d7070e,User_A46DXOQTGFYNB,IT
6989a4e910805f5685d7070f,User_A2X2DPZ7EIBQF4,DE
6989a4e910805f5685d70710,User_A2GEZJHBV92EVR,US
6989a4e910805f5685d70711,User_A33GAW4OW0B0D,DE
6989a4e910805f5685d70712,User_AYVN0PLH89WSO,GB
6989a4e910805f5685d70713,User_A2GC8WAX204NTG,ES
6989a4e910805f5685d70714,User_A2U83160TXQV4J,IT
6989a4e910805f5685d70715,User_A1LIXDTXRPHRZ5,DE
6989a4e910805f5685d70716,User_A1GXSGL5G5VR8Y,FR
6989a4e910805f5685d70717,User_A1ENCT7DMRQK07,CA
6989a4e910805f5685d70718,User_A2HSKC3KOPUYK3,GB
6989a4e910805f5685d70719,User_A1UZCJ7T2OC56T,DE
6989a4e910805f5685d7071a,User_AZ9CWCH5DVC94,CA
6989a4e910805f5685d7071b,User_A1L3LZ5PKNY2RR,US
6989a4e910805f5685d7071c,User_APB3DWQQ7JFQ,US
6989a4e910805f5685d7071d,User_A166TE86R6HTR0,CA
6989a4e910805f5685d7071e,User_A3RWFZX6FX05GE,CA
6989a4e910805f5685d7071f,User_AO7J5RLV9TG43,DE
6989a4e910805f5685d70720,User_A6UDPH3QWTYO0,DE
6989a4e910805f5685d70721,User_AY66I6J4W8FH2,IT
6989a4e910805f5685d70722,User_2718,GB
6989a4e910805f5685d70723,User_A1UHBO94ZUPILQ,US
6989a4e910805f5685d70724,User_A1Y84PRFJ72ES1,GB
6989a4e910805f5685d70725,User_10180,GB
6989a4e910805f5685d70726,User_A19R7K3Q9M67N9,ES
6989a4e910805f5685d70727,User_A151GTDC18KCXM,DE
6989a4e910805f5685d70728,User_A37OOKUNN25CUZ,FR
6989a4e910805f5685d70729,User_A1RGIJ4GTWQT2M,IT
6989a4e910805f5685d7072a,User_23225,FR
6989a4e910805f5685d7072b,User_A3H6P6JIOKELT6,GB
6989a4e910805f5685d7072c,User_A37VIH6PIP9EQ4,CA
6989a4e910805f5685d7072d,User_A3NL83J9TWP6OM,FR
6989a4e910805f5685d7072e,User_A23PD6E2WPIO6A,FR
6989a4e910805f5685d7072f,User_A2HTIFMJTWWCHI,FR
6989a4e910805f5685d70730,User_11382,GB
6989a4e910805f5685d70731,User_A3GWF66J5GD5SE,US
6989a4e910805f5685d70732,User_A2EQDRMF4FLFDI,IT
6989a4e910805f5685d70733,User_A17T44ITH7Q4B8,CA
6989a4e910805f5685d70734,User_2723,CA
6989a4e910805f5685d70735,User_A15KSLJGRG03ME,CA
6989a4e910805f5685d70736,User_ACL75ITJODBTP,FR
6989a4e910805f5685d70737,User_A3K0IC2P2A5838,FR
6989a4e910805f5685d70738,User_ABM0DJK5BL79M,FR
6989a4e910805f5685d70739,User_A36ILDIVSCL8HM,CA
6989a4e910805f5685d7073a,User_A1U6GK5GFUIFBD,US
6989a4e910805f5685d7073b,User_A1U9F8Y7KLHKY5,GB
6989a4e910805f5685d7073c,User_5173,US
6989a4e910805f5685d7073d,User_17547,GB
6989a4e910805f5685d7073e,User_A1YMWTCW5OPLWJ,GB
6989a4e910805f5685d7073f,User_A11B61QBGHLQDN,GB
6989a4e910805f5685d70740,User_A30IZGYZ6OVN0E,DE
6989a4e910805f5685d70741,User_A4E9ZYOYQ6WUT,ES
6989a4e910805f5685d70742,User_AUNTVEMJT6HMA,FR
6989a4e910805f5685d70743,User_A2Y3OQNVBVYC71,FR
6989a4e910805f5685d70744,User_22864,ES
6989a4e910805f5685d70745,User_AGYBBD0FUOQR6,ES
6989a4e910805f5685d70746,User_A1NY38X1986R0G,DE
6989a4e910805f5685d70747,User_ANFC2650XKRDF,GB
6989a4e910805f5685d70748,User_A3U85M3JCZ5GJ8,ES
6989a4e910805f5685d70749,User_AV413DTI0Z9Q8,US
6989a4e910805f5685d7074a,User_1439,GB
6989a4e910805f5685d7074b,User_A2AYDMYFRVNX7K,CA
6989a4e910805f5685d7074c,User_A23CJTWIUMCH8J,US
6989a4e910805f5685d7074d,User_A3FFA8TOFMH0R9,ES
6989a4e910805f5685d7074e,User_A21R5JME1PNTHU,IT
6989a4e910805f5685d7074f,User_A2PNJTZC1DVLLB,GB
6989a4e910805f5685d70750,User_A2FDCFJGETBYN5,ES
6989a4e910805f5685d70751,User_A10BY4SN1IMJQU,GB
6989a4e910805f5685d70752,User_AQ3Q63PWQJZTQ,IT
6989a4e910805f5685d70753,User_A1DWWHHB2CNZ1J,IT
6989a4e910805f5685d70754,User_AFBWKY9UMWH9R,ES
6989a4e910805f5685d70755,User_3605,CA
6989a4e910805f5685d70756,User_AJ8KZKQE9RTAD,FR
6989a4e910805f5685d70757,User_A2JGH4EG6A8Q9O,DE
6989a4e910805f5685d70758,User_A2PN7Z2VTHICL8,IT
6989a4e910805f5685d70759,User_A2WBBXQ96RM8TU,DE
6989a4e910805f5685d7075a,User_278459,DE
6989a4e910805f5685d7075b,User_A26NB9HCTAXN7G,CA
6989a4e910805f5685d7075c,User_21852,CA
6989a4e910805f5685d7075d,User_A3UKSF9I5876IA,US
6989a4e910805f5685d7075e,User_A3JV6ZG37K189P,FR
6989a4e910805f5685d7075f,User_A3NLDRTT82W2LC,US
6989a4e910805f5685d70760,User_AMP1NGCBJIDKC,ES
6989a4e910805f5685d70761,User_A2IBLY7Y6OZC21,US
6989a4e910805f5685d70762,User_A1MH5XJZQVDH85,GB
6989a4e910805f5685d70763,User_A1W05NSMY0JFUO,US
6989a4e910805f5685d70764,User_A2WPYVIZW7AKO0,IT
6989a4e910805f5685d70765,User_ASCUKWG90FSH,CA
6989a4e910805f5685d70766,User_A34Q0S8PKOJEKP,ES
6989a4e910805f5685d70767,User_A3GZF30ABLM2M9,CA
6989a4e910805f5685d70768,User_A2SBES4549DYPZ,GB
6989a4e910805f5685d70769,User_A7OTVCP2NT0S6,IT
6989a4e910805f5685d7076a,User_AIXELDV9R4VXV,US
6989a4e910805f5685d7076b,User_A237848T8WSVL1,GB
6989a4e910805f5685d7076c,User_11012,GB
6989a4e910805f5685d7076d,User_4165,ES
6989a4e910805f5685d7076e,User_A1DXFVU45U4I8C,IT
6989a4e910805f5685d7076f,User_A365C22XIL5EFH,GB
6989a4e910805f5685d70770,User_AXF83DB3A3IA9,IT
6989a4e910805f5685d70771,User_AMJEKLP3183ST,IT
6989a4e910805f5685d70772,User_7493,ES
6989a4e910805f5685d70773,User_A1DJZ6QHW2RZ94,ES
6989a4e910805f5685d70774,User_11415,FR
6989a4e910805f5685d70775,User_A11H0PUDAC6Z6D,ES
6989a4e910805f5685d70776,User_A2MLP1DN9YNHJR,CA
6989a4e910805f5685d70777,User_A1IF0O4V15HGU5,FR
6989a4e910805f5685d70778,User_A1TA2D1KMSRAX3,ES
6989a4e910805f5685d70779,User_A1CAJGY9LV81UQ,CA
6989a4e910805f5685d7077a,User_8203,GB
6989a4e910805f5685d7077b,User_A3OTI9M5KRH31E,US
6989a4e910805f5685d7077c,User_22021,CA
6989a4e910805f5685d7077d,User_15385,US
6989a4e910805f5685d7077e,User_A2V13U2D8ZY1US,ES
6989a4e910805f5685d7077f,User_A1N2EF57MA5RJ4,IT
6989a4e910805f5685d70780,User_A2KUWTM320SLNM,GB
6989a4e910805f5685d70781,User_A4BDJKDQGCGUP,DE
6989a4e910805f5685d70782,User_A3939ZKIFZD1HE,US
6989a4e910805f5685d70783,User_A1649D4NYD8RZN,DE
6989a4e910805f5685d70784,User_A5B0ILL9V8Y1,US
6989a4e910805f5685d70785,User_A3TYYQJJ94WW75,ES
6989a4e910805f5685d70786,User_A3MNIVLWVC4NH6,GB
6989a4e910805f5685d70787,User_3154,ES
6989a4e910805f5685d70788,User_AB3TJAZLAA7HS,DE
6989a4e910805f5685d70789,User_A2OX6QG9I8K5RC,CA
6989a4e910805f5685d7078a,User_17128,IT
6989a4e910805f5685d7078b,User_A17EY32ZQJUAF9,US
6989a4e910805f5685d7078c,User_APNHHRVBG46MW,CA
6989a4e910805f5685d7078d,User_A15NTLQ9KLECEM,FR
6989a4e910805f5685d7078e,User_A2825HR3XCJYF8,FR
6989a4e910805f5685d7078f,User_AMCBC6C60ATZQ,ES
6989a4e910805f5685d70790,User_A1EKZ9R2C3AO2D,DE
6989a4e910805f5685d70791,User_9174,ES
6989a4e910805f5685d70792,User_A2LQXA7CFRS0GE,FR
6989a4e910805f5685d70793,User_A3KL24DPI247IP,FR
6989a4e910805f5685d70794,User_A4M84MISQQD4C,IT
6989a4e910805f5685d70795,User_AOPK0SCOOUCA5,FR
6989a4e910805f5685d70796,User_4096,GB
6989a4e910805f5685d70797,User_945,CA
6989a4e910805f5685d70798,User_A7B7KQT4337GM,ES
6989a4e910805f5685d70799,User_A2NM4KSVIZT0QQ,DE
6989a4e910805f5685d7079a,User_A2BXEICOAU1WAP,US
6989a4e910805f5685d7079b,User_AF3A85YRERFCP,DE
6989a4e910805f5685d7079c,User_A1H92TXBMFWYYB,ES
6989a4e910805f5685d7079d,User_APR9RF32Z5O8T,FR
6989a4e910805f5685d7079e,User_A33Z7JTV7SSW9Y,FR
6989a4e910805f5685d7079f,User_5295,US
6989a4e910805f5685d707a0,User_277812,CA
6989a4e910805f5685d707a1,User_A1T8KJ2UTSCDZY,ES
6989a4e910805f5685d707a2,User_A3NQL7R6IK986X,IT
6989a4e910805f5685d707a3,User_A2BQCYNITH2MTA,CA
6989a4e910805f5685d707a4,User_A1QF0S9U7SO13C,ES
6989a4e910805f5685d707a5,User_A1VLVD0ZYZL4DF,GB
6989a4e910805f5685d707a6,User_A1KZ5C93TX1IZ2,GB
6989a4e910805f5685d707a7,User_277036,US
6989a4e910805f5685d707a8,User_A1ZX4EFQOPTM5W,CA
6989a4e910805f5685d707a9,User_1770,IT
6989a4e910805f5685d707aa,User_ABABCND8BHUXC,ES
6989a4e910805f5685d707ab,User_21971,IT
6989a4e910805f5685d707ac,User_A1I20OS9U4FOYR,IT
6989a4e910805f5685d707ad,User_A2PM5J6KAXZMW5,DE
6989a4e910805f5685d707ae,User_AYWBB2U2A7WJB,US
6989a4e910805f5685d707af,User_A2UQI133Z9SAOF,FR
6989a4e910805f5685d707b0,User_A3T71GT31XCS88,CA
6989a4e910805f5685d707b1,User_A3TYC7Q4A21VB6,US
6989a4e910805f5685d707b2,User_11078,FR
6989a4e910805f5685d707b3,User_6871,GB
6989a4e910805f5685d707b4,User_A1XLUY3PTN50UQ,DE
6989a4e910805f5685d707b5,User_A30FJMUY14NESC,GB
6989a4e910805f5685d707b6,User_A1Z3IOL95CHW9W,CA
6989a4e910805f5685d707b7,User_A2Q4RQ8T324NJA,IT
6989a4e910805f5685d707b8,User_AB1KTWDH0PONO,CA
6989a4e910805f5685d707b9,User_A1TNY6OVJ07JI9,ES
6989a4e910805f5685d707ba,User_A2V3KKLHONDS5T,US
6989a4e910805f5685d707bb,User_16380,FR
6989a4e910805f5685d707bc,User_A1AYB99YMIMQGH,FR
6989a4e910805f5685d707bd,User_20936,IT
6989a4e910805f5685d707be,User_A3VZDYCGPJ6LV,US
6989a4e910805f5685d707bf,User_A3EURGOIEBJWKD,FR
6989a4e910805f5685d707c0,User_A9PZL2F423OV5,CA
6989a4e910805f5685d707c1,User_11550,IT
6989a4e910805f5685d707c2,User_20633,FR
6989a4e910805f5685d707c3,User_A328YAHGN8YDKN,US
6989a4e910805f5685d707c4,User_APFGNOEDPRLTC,IT
6989a4e910805f5685d707c5,User_A3IJN05LZ4MD4A,GB
6989a4e910805f5685d707c6,User_AFU3ZZB2DSIZT,ES
6989a4e910805f5685d707c7,User_A3AJKFQUN2Y186,ES
6989a4e910805f5685d707c8,User_A1NWF5CT0IYIPM,IT
6989a4e910805f5685d707c9,User_4808,ES
6989a4e910805f5685d707ca,User_A65NE1YL1I315,DE
6989a4e910805f5685d707cb,User_A3AF0XM7ZTSFNU,ES
6989a4e910805f5685d707cc,User_AD7408N5HFC8Q,GB
6989a4e910805f5685d707cd,User_AIVPD067EAYZ1,DE
6989a4e910805f5685d707ce,User_20844,FR
6989a4e910805f5685d707cf,User_701,FR
6989a4e910805f5685d707d0,User_AZW2DYDB9328L,IT
6989a4e910805f5685d707d1,User_A24PIJ1PLTDU36,ES
6989a4e910805f5685d707d2,User_A1FPQ54AIB26L0,GB
6989a4e910805f5685d707d3,User_A1XIA7P3TTAHUG,US
6989a4e910805f5685d707d4,User_A1OGBF5M8RLGMN,DE
6989a4e910805f5685d707d5,User_A3NB4MC7N8LSY6,IT
6989a4e910805f5685d707d6,User_A3Q2KRK56WRXJI,US
6989a4e910805f5685d707d7,User_A1HA4CTVTTHTB9,IT
6989a4e910805f5685d707d8,User_A2EHKLHX88MHWM,FR
6989a4e910805f5685d707d9,User_6216,IT
6989a4e910805f5685d707da,User_A3LL4FGR6ZG71P,US
6989a4e910805f5685d707db,User_A1TDWOXZM8IW6J,CA
6989a4e910805f5685d707dc,User_A3LZMSQ4IU3N4R,DE
6989a4e910805f5685d707dd,User_AXDW2SMM4A11M,FR
6989a4e910805f5685d707de,User_5615,IT
6989a4e910805f5685d707df,User_AG04A4U3KDWVW,IT
6989a4e910805f5685d707e0,User_A3EK4RKYB8F51P,CA
6989a4e910805f5685d707e1,User_13393,ES
6989a4e910805f5685d707e2,User_A3M13ZFA6UM5AN,FR
6989a4e910805f5685d707e3,User_AWJ0U3HIOGF3M,ES
6989a4e910805f5685d707e4,User_A3HATDPJB680VF,CA
6989a4e910805f5685d707e5,User_ARRIVTEWFKKYM,US
6989a4e910805f5685d707e6,User_A3GT819FIA2P69,CA
6989a4e910805f5685d707e7,User_A14NS7GXHIZSV2,US
6989a4e910805f5685d707e8,User_A9KAY47NCPQS,ES
6989a4e910805f5685d707e9,User_A2WSF578NN6BM6,US
6989a4e910805f5685d707ea,User_A2DVOT2JWRSEX1,ES
6989a4e910805f5685d707eb,User_A1DKQS7WBL28IA,IT
6989a4e910805f5685d707ec,User_A1IH7O6EL7SNBD,GB
6989a4e910805f5685d707ed,User_A30ANWQEK6J9K4,IT
6989a4e910805f5685d707ee,User_A3AQ9CCVJ2XMTW,DE
6989a4e910805f5685d707ef,User_A2HHIRUFDJR0H2,GB
6989a4e910805f5685d707f0,User_A3D0O915PZ83PD,FR
6989a4e910805f5685d707f1,User_AOYPMTVJAGWSL,US
6989a4e910805f5685d707f2,User_A33ZNV7VQ925SB,DE
6989a4e910805f5685d707f3,User_AQ9UJTHI13JC5,DE
6989a4e910805f5685d707f4,User_A2BM5NTLX7CES1,IT
6989a4e910805f5685d707f5,User_A3M5O2VXSQTFT5,US
6989a4e910805f5685d707f6,User_A1AMJ9VB84G062,FR
6989a4e910805f5685d707f7,User_A2CXAHYRYYA4KS,CA
6989a4e910805f5685d707f8,User_A1CS2D0FKM22XV,DE
6989a4e910805f5685d707f9,User_A2Q0BB57BFKID9,CA
6989a4e910805f5685d707fa,User_269,FR
6989a4e910805f5685d707fb,User_ADD2E9118UXOZ,IT
6989a4e910805f5685d707fc,User_A3K4M12BTREN5N,CA
6989a4e910805f5685d707fd,User_A36ERI6UR3S3OH,FR
6989a4e910805f5685d707fe,User_A2Z4S86I9VTUBD,DE
6989a4e910805f5685d707ff,User_A6YQ6FW9R97WJ,FR
6989a4e910805f5685d70800,User_A18OBE2VA4M5X7,GB
6989a4e910805f5685d70801,User_A2BFD2MM8TTGC5,DE
6989a4e910805f5685d70802,User_A324NNSMM9EFML,US
6989a4e910805f5685d70803,User_AAWC2PVTBWV44,US
6989a4e910805f5685d70804,User_AFW3ZFPFOPZNQ,ES
6989a4e910805f5685d70805,User_A2BG6BD0FQAEX5,FR
6989a4e910805f5685d70806,User_A373R1CJT7JEKT,IT
6989a4e910805f5685d70807,User_A1DUPDIZ9T6O8L,US
6989a4e910805f5685d70808,User_23013,ES
6989a4e910805f5685d70809,User_A3TL63P1NIH21G,US
6989a4e910805f5685d7080a,User_A6WSP078PF6T7,GB
6989a4e910805f5685d7080b,User_A2DPW6USTWBLFJ,IT
6989a4e910805f5685d7080c,User_A2B7H7PTEUCW66,US
6989a4e910805f5685d7080d,User_A2PYQ58MSQQPNG,CA
6989a4e910805f5685d7080e,User_AJ7WAIKS9LTCA,GB
6989a4e910805f5685d7080f,User_A352H8UIAYHU08,US
6989a4e910805f5685d70810,User_A2LLR28AUQC9ZD,DE
6989a4e910805f5685d70811,User_AH5AT6GYK23H,DE
6989a4e910805f5685d70812,User_278514,CA
6989a4e910805f5685d70813,User_A8R30W4WRH9US,GB
6989a4e910805f5685d70814,User_AG212WE6M4O5D,ES
6989a4e910805f5685d70815,User_A3GWJBX1SHJN9Z,FR
6989a4e910805f5685d70816,User_A1FQJU1WVCUJEZ,FR
6989a4e910805f5685d70817,User_A2475Y3RW8CZ6A,ES
6989a4e910805f5685d70818,User_A3IRO4NRRT1QS4,IT
6989a4e910805f5685d70819,User_A223IW59Q8HCAZ,US
6989a4e910805f5685d7081a,User_A1Q6270HCDB40F,IT
6989a4e910805f5685d7081b,User_5982,IT
6989a4e910805f5685d7081c,User_APFTWDEZMK59L,GB
6989a4e910805f5685d7081d,User_A1OMDVE40DKV1I,DE
6989a4e910805f5685d7081e,User_A30TH0U0YU3BJ2,FR
6989a4e910805f5685d7081f,User_A3NYIRXIXDRIC3,US
6989a4e910805f5685d70820,User_A1IPKTI1H6STMU,FR
6989a4e910805f5685d70821,User_A2IY1OBQZH17IN,GB
6989a4e910805f5685d70822,User_A1CFOU44LALRMT,DE
6989a4e910805f5685d70823,User_AI37DUHY0GEBS,IT
6989a4e910805f5685d70824,User_A12LJEBU6A2Z8S,DE
6989a4e910805f5685d70825,User_A81OYUAVHCJAD,CA
6989a4e910805f5685d70826,User_A37G3V3ZS30QDH,IT
6989a4e910805f5685d70827,User_ABXYWERZ1061D,IT
6989a4e910805f5685d70828,User_277527,US
6989a4e910805f5685d70829,User_ASCEJ0X3LWQ5K,US
6989a4e910805f5685d7082a,User_AB6W23RHHCH21,GB
6989a4e910805f5685d7082b,User_A1VXN0LM7NUQ3L,CA
6989a4e910805f5685d7082c,User_A1RLPMVVTVX5E9,FR
6989a4e910805f5685d7082d,User_A25MSC2W32K5EA,ES
6989a4e910805f5685d7082e,User_AFNON4N29B3EP,IT
6989a4e910805f5685d7082f,User_3740,IT
6989a4e910805f5685d70830,User_A1S96MO1W9YCLL,IT
6989a4e910805f5685d70831,User_A2W1AW7HJ9875U,CA
6989a4e910805f5685d70832,User_AJ7FJUTDWAD0T,CA
6989a4e910805f5685d70833,User_A2YY450OFK0WCZ,ES
6989a4e910805f5685d70834,User_A2QA6136D0U73C,FR
6989a4e910805f5685d70835,User_A4EN1CCXC7JG3,ES
6989a4e910805f5685d70836,User_AJO4KDMWPFVNY,CA
6989a4e910805f5685d70837,User_ACJAX03FS8DLS,GB
6989a4e910805f5685d70838,User_19367,IT
6989a4e910805f5685d70839,User_A3K7CQ1SA7HJDF,DE
6989a4e910805f5685d7083a,User_A3L653U4XEU44M,US
6989a4e910805f5685d7083b,User_AYQJXILCYEKJX,ES
6989a4e910805f5685d7083c,User_277317,ES
6989a4e910805f5685d7083d,User_A2DTSO5BS2SAVZ,DE
6989a4e910805f5685d7083e,User_A23XMXKN7LZJ1C,ES
6989a4e910805f5685d7083f,User_AAJ7VGCXHNLUL,CA
6989a4e910805f5685d70840,User_AWDUY961MHAQY,CA
6989a4e910805f5685d70841,User_A3AW451L1K5QGV,IT
6989a4e910805f5685d70842,User_A3S2NO04KNRV7Z,IT
6989a4e910805f5685d70843,User_A2EOK48EYBQFZK,DE
6989a4e910805f5685d70844,User_A3MEGFF8SFSZ2K,CA
6989a4e910805f5685d70845,User_A35I0CU41GR84I,IT
6989a4e910805f5685d70846,User_A2CJPVOYQHKHO3,DE
6989a4e910805f5685d70847,User_A3LKRB1CEJ2HGE,IT
6989a4e910805f5685d70848,User_11860,IT
6989a4e910805f5685d70849,User_A229CHM10I9VI5,GB
6989a4e910805f5685d7084a,User_A26XGM4GBYYBYQ,IT
6989a4e910805f5685d7084b,User_A1ZPLLYI4SHRT2,ES
6989a4e910805f5685d7084c,User_AQDIW580QRZ1U,FR
6989a4e910805f5685d7084d,User_A28V25W20BIKRH,DE
6989a4e910805f5685d7084e,User_A1NHKLMRFIATYU,IT
6989a4e910805f5685d7084f,User_A3BE777IJAOH06,ES
6989a4e910805f5685d70850,User_A24LXUGZ6OTCDT,GB
6989a4e910805f5685d70851,User_A3RFE49YX83CW2,CA
6989a4e910805f5685d70852,User_A7SV8VSVSW4X6,US
6989a4e910805f5685d70853,User_A38YTCO1NPC1JY,FR
6989a4e910805f5685d70854,User_A2FZ46813P8MXQ,ES
6989a4e910805f5685d70855,User_A203C7GITC683B,ES
6989a4e910805f5685d70856,User_97,DE
6989a4e910805f5685d70857,User_A35BL83DDI31TR,US
6989a4e910805f5685d70858,User_A2Y5N5HKK7PHIX,CA
6989a4e910805f5685d70859,User_A2AKWFX0JZF8FC,GB
6989a4e910805f5685d7085a,User_A3MMOGLIJN7Y61,US
6989a4e910805f5685d7085b,User_AIMGHPI1AGVRF,DE
6989a4e910805f5685d7085c,User_A1GZN4LSKEDYPC,IT
6989a4e910805f5685d7085d,User_A1RGTZTG4ZPLET,ES
6989a4e910805f5685d7085e,User_A2YCBB6FG3RVJ8,GB
6989a4e910805f5685d7085f,User_16755,GB
6989a4e910805f5685d70860,User_A1UZEZVFGJOLKB,FR
6989a4e910805f5685d70861,User_A163GLBY3PEWXU,FR
6989a4e910805f5685d70862,User_A2DSHBV05RYW2K,US
6989a4e910805f5685d70863,User_AT6LI0D5AMH0,CA
6989a4e910805f5685d70864,User_10939,IT
6989a4e910805f5685d70865,User_AMQG2SPR9K8MJ,IT
6989a4e910805f5685d70866,User_A1NO5LSJ4FTF0M,GB
6989a4e910805f5685d70867,User_A1A3485UTN4SS,US
6989a4e910805f5685d70868,User_AO3CHDMEXOJK3,FR
6989a4e910805f5685d70869,User_A2T001AOIJ02W0,US
6989a4e910805f5685d7086a,User_AEBOD21JROJ4G,IT
6989a4e910805f5685d7086b,User_A1BAHT46HPEVH1,FR
6989a4e910805f5685d7086c,User_A2SCJZ5HXSRNGX,GB
6989a4e910805f5685d7086d,User_A3MLJSNEKALWU1,FR
6989a4e910805f5685d7086e,User_A1010HN4991OF2,CA
6989a4e910805f5685d7086f,User_A3Q2O5HHXOX09Z,CA
6989a4e910805f5685d70870,User_A3CI0CM6QS20L,GB
6989a4e910805f5685d70871,User_A288JAPFV4R646,DE
6989a4e910805f5685d70872,User_A1U38WF7BBVWG5,DE
6989a4e910805f5685d70873,User_AFUZ6NZRMJDJ7,GB
6989a4e910805f5685d70874,User_AVBTF2ENJVVIK,CA
6989a4e910805f5685d70875,User_A3EECJDG0MQT4K,US
6989a4e910805f5685d70876,User_A2ZI2AX3STOXZH,IT
6989a4e910805f5685d70877,User_A2X5FJ5TEB7ESA,IT
6989a4e910805f5685d70878,User_A173685ZTJUHBN,DE
6989a4e910805f5685d70879,User_A3EPQGRKYH7LZM,DE
6989a4e910805f5685d7087a,User_A109TM75UJYV2,IT
6989a4e910805f5685d7087b,User_A322ZNHWL52R1P,GB
6989a4e910805f5685d7087c,User_AXGF6MFIX5E11,DE
6989a4e910805f5685d7087d,User_278545,ES
6989a4e910805f5685d7087e,User_A10T2H6N4BDQ7I,US
6989a4e910805f5685d7087f,User_A2CMQAY6J0LWNY,CA
6989a4e910805f5685d70880,User_AUT5ESMCYGBCE,GB
6989a4e910805f5685d70881,User_A2JGDG6ADXSHT3,FR
6989a4e910805f5685d70882,User_A6XOJP7L8OB7M,FR
6989a4e910805f5685d70883,User_A29WTY2Q2Z6R2E,IT
6989a4e910805f5685d70884,User_A36VLXUFEKZ7NA,FR
6989a4e910805f5685d70885,User_A3KIQZNNTJ4UAM,ES
6989a4e910805f5685d70886,User_7261,DE
6989a4e910805f5685d70887,User_7614,FR
6989a4e910805f5685d70888,User_ACW9YZOGA5SIH,ES
6989a4e910805f5685d70889,User_A3BL1TBS2AG8CS,DE
6989a4e910805f5685d7088a,User_A27ULVPIA9TVQV,FR
6989a4e910805f5685d7088b,User_A26E3D9ZD1BH9M,GB
6989a4e910805f5685d7088c,User_A3OJ3H59DPQ9DJ,US
6989a4e910805f5685d7088d,User_A2ENNQVRJQFYNY,CA
6989a4e910805f5685d7088e,User_A2SW61WDEIVF0L,GB
6989a4e910805f5685d7088f,User_A1YHN3S91DBOIH,US
6989a4e910805f5685d70890,User_A23LTAA3IP2YWH,CA
6989a4e910805f5685d70891,User_A1WQCFRDY5QD4D,IT
6989a4e910805f5685d70892,User_A1SY8TC75UY52G,GB
6989a4e910805f5685d70893,User_AJZSMP8WJBPKX,US
6989a4e910805f5685d70894,User_A3ODJFS6QUII71,DE
6989a4e910805f5685d70895,User_A14FC8WTAG2NSO,GB
6989a4e910805f5685d70896,User_A17AV028S6R0PW,DE
6989a4e910805f5685d70897,User_AZYGGJ3O2LBVD,CA
6989a4e910805f5685d70898,User_AN318BD3CD6GW,US
6989a4e910805f5685d70899,User_A2VKCT6LDMGGDJ,GB
6989a4e910805f5685d7089a,User_AHDY6P1JEKJZB,US
6989a4e910805f5685d7089b,User_7344,US
6989a4e910805f5685d7089c,User_A1ZRCAAEQLV0RA,FR
6989a4e910805f5685d7089d,User_AZG632O142JO4,ES
6989a4e910805f5685d7089e,User_A2KT688BZFQL3G,FR
6989a4e910805f5685d7089f,User_A10KYAZ7TVNP28,ES
6989a4e910805f5685d708a0,User_A1U7ZT4TT61JQN,CA
6989a4e910805f5685d708a1,User_A34EIRS5EHLME4,IT
6989a4e910805f5685d708a2,User_AOYBCESQP2FYS,DE
6989a4e910805f5685d708a3,User_A3FDF44ESPF7H4,FR
6989a4e910805f5685d708a4,User_A20K8R1GIMN07D,ES
6989a4e910805f5685d708a5,User_A8A47U7IZJ8MM,IT
6989a4e910805f5685d708a6,User_A3AJLN2WFQGC97,DE
6989a4e910805f5685d708a7,User_2199,IT
6989a4e910805f5685d708a8,User_A1FQW717ULPYOT,DE
6989a4e910805f5685d708a9,User_A1XIDKCJ7SOVXP,CA
6989a4e910805f5685d708aa,User_13408,ES
6989a4e910805f5685d708ab,User_A3PX8G7WTH36WL,US
6989a4e910805f5685d708ac,User_A1OO7EJL0SHWDB,US
6989a4e910805f5685d708ad,User_A2JYUAIAUYXCQN,CA
6989a4e910805f5685d708ae,User_A3FI5RO7DI1XFL,ES
6989a4e910805f5685d708af,User_A20VG2R2GSKIXF,ES
6989a4e910805f5685d708b0,User_A2UT2VSN2EU646,IT
6989a4e910805f5685d708b1,User_A10JF6T7DY6Z8Z,DE
6989a4e910805f5685d708b2,User_AD16LUH1FYEYK,DE
6989a4e910805f5685d708b3,User_A2AW2V4GQ4PUQ0,DE
6989a4e910805f5685d708b4,User_A21YC8GNYJ8HLN,US
6989a4e910805f5685d708b5,User_A20X53SPD8IONA,IT
6989a4e910805f5685d708b6,User_5143,IT
6989a4e910805f5685d708b7,User_A3QRRV47823OEQ,FR
6989a4e910805f5685d708b8,User_AMQF2TFSVOZ2F,ES
6989a4e910805f5685d708b9,User_AJ8ULPOIT7MV6,CA
6989a4e910805f5685d708ba,User_A2WKCYO21O30KY,ES
6989a4e910805f5685d708bb,User_A2OUIH9XF7AHJZ,US
6989a4e910805f5685d708bc,User_AT0NVY0CG7YA4,GB
6989a4e910805f5685d708bd,User_A2P8JV1ASL3B3S,GB
6989a4e910805f5685d708be,User_A37XUN7TLKV8SH,IT
6989a4e910805f5685d708bf,User_A3FFMAUAJN6CS1,ES
6989a4e910805f5685d708c0,User_21794,IT
6989a4e910805f5685d708c1,User_A25U9M1Z6WDFXG,FR
6989a4e910805f5685d708c2,User_A25281B4TVKDR4,US
6989a4e910805f5685d708c3,User_A1O4YKWH8IUU9N,DE
6989a4e910805f5685d708c4,User_A2M9WS3Y8KKFI6,DE
6989a4e910805f5685d708c5,User_AXHZ2XTBCT1LQ,GB
6989a4e910805f5685d708c6,User_A32JA9FA6O0XST,DE
6989a4e910805f5685d708c7,User_ABYILB4G25DOF,US
6989a4e910805f5685d708c8,User_A9QA5RNHZOZCV,DE
6989a4e910805f5685d708c9,User_A1T35CE46LQMDW,DE
6989a4e910805f5685d708ca,User_A24GQLMMW09C9J,FR
6989a4e910805f5685d708cb,User_A373VVEU6Z9M0N,FR
6989a4e910805f5685d708cc,User_A310NXC0KH9N3T,DE
6989a4e910805f5685d708cd,User_AEG2CTK22INW1,IT
6989a4e910805f5685d708ce,User_A2BA6T2NHK4100,GB
6989a4e910805f5685d708cf,User_AQIEQZCES5YE9,US
6989a4e910805f5685d708d0,User_ALOD3XMXDYK0D,ES
6989a4e910805f5685d708d1,User_A1G8ZDS3MQS2JD,FR
6989a4e910805f5685d708d2,User_A32V0W06W7PFNQ,IT
6989a4e910805f5685d708d3,User_A1F6QSX5JQ60Q8,IT
6989a4e910805f5685d708d4,User_13491,CA
6989a4e910805f5685d708d5,User_A2B1TF50BWH0V9,ES
6989a4e910805f5685d708d6,User_A1H1YZ7IF1VRAK,FR
6989a4e910805f5685d708d7,User_A2RXMQS90F27LJ,US
6989a4e910805f5685d708d8,User_A3VN1WK0ULZ8H7,GB
6989a4e910805f5685d708d9,User_A1DGG9MXTU6EZP,GB
6989a4e910805f5685d708da,User_AWBXJLG3N2P37,US
6989a4e910805f5685d708db,User_A270D0VWN45K31,US
6989a4e910805f5685d708dc,User_A1P2KGE2Z8RTA,DE
6989a4e910805f5685d708dd,User_A2VJAEI791SRB9,CA
6989a4e910805f5685d708de,User_AMQHZL4G88QP0,DE
6989a4e910805f5685d708df,User_A2BIFI66TTI3MG,ES
6989a4e910805f5685d708e0,User_A3H0E8O3NN549Q,CA
6989a4e910805f5685d708e1,User_A24EF6Z2ZJM9BL,DE
6989a4e910805f5685d708e2,User_AGKYAQDUQEEX3,GB
6989a4e910805f5685d708e3,User_A3KPR36IFBPAPE,FR
6989a4e910805f5685d708e4,User_AXQ2URJK8GQ0,DE
6989a4e910805f5685d708e5,User_A1T7MN2NFIR2FA,FR
6989a4e910805f5685d708e6,User_A30GEP1I3ZJABG,CA
6989a4e910805f5685d708e7,User_A2PYOYM3BWQ9SH,ES
6989a4e910805f5685d708e8,User_A1UU0SV1YCGNIA,DE
6989a4e910805f5685d708e9,User_A19XBGYJSHJ6HA,CA
6989a4e910805f5685d708ea,User_5464,IT
6989a4e910805f5685d708eb,User_A1GNWJP9VCVWA5,FR
6989a4e910805f5685d708ec,User_A15Z1UQ8UEOD1N,DE
6989a4e910805f5685d708ed,User_A2HJXS6T4M6KZX,ES
6989a4e910805f5685d708ee,User_278188,GB
6989a4e910805f5685d708ef,User_AS5ERWDSXRDNX,ES
6989a4e910805f5685d708f0,User_A39LT6FGFR38Z7,FR
6989a4e910805f5685d708f1,User_AX5GNV2HKU566,DE
6989a4e910805f5685d708f2,User_A31FOB3ZLLTW8L,GB
6989a4e910805f5685d708f3,User_A1U0PRDNN3UA05,CA
6989a4e910805f5685d708f4,User_2076,US
6989a4e910805f5685d708f5,User_A2L7212DCF0CHO,ES
6989a4e910805f5685d708f6,User_AZDO4VP5GXJ8N,US
6989a4e910805f5685d708f7,User_AKCPQKNSEGA4Q,FR
6989a4e910805f5685d708f8,User_A16UFLLCXG30JU,CA
6989a4e910805f5685d708f9,User_18174,US
6989a4e910805f5685d708fa,User_A3GR39EKJ0UTJL,FR
6989a4e910805f5685d708fb,User_A1EQTENQZ0TFK9,ES
6989a4e910805f5685d708fc,User_A3LV919YHEER49,ES
6989a4e910805f5685d708fd,User_AM0WIQGYCUEII,GB
6989a4e910805f5685d708fe,User_A2S88VY8TFF2R4,ES
6989a4e910805f5685d708ff,User_A14JY46U739EJU,GB
6989a4e910805f5685d70900,User_9440,GB
6989a4e910805f5685d70901,User_A3I5PK2BK18I2G,ES
6989a4e910805f5685d70902,User_A3DKM6E4Q3WI68,US
6989a4e910805f5685d70903,User_AKHKAAHM2Y49Q,DE
6989a4e910805f5685d70904,User_A3UTPOE8HGE0RY,GB
6989a4e910805f5685d70905,User_A1B6Z5IYMFJL78,DE
6989a4e910805f5685d70906,User_A326CX1FW6RGJF,CA
6989a4e910805f5685d70907,User_A3IDXZ07WUBMC7,US
6989a4e910805f5685d70908,User_AAWUXA65NDMYM,FR
6989a4e910805f5685d70909,User_AFYMCOXBWHPWW,CA
6989a4e910805f5685d7090a,User_277840,GB
6989a4e910805f5685d7090b,User_A2GMG7HQZ4VBJK,CA
6989a4e910805f5685d7090c,User_A2K7JJRDB7RHKY,GB
6989a4e910805f5685d7090d,User_A2I1GCA0F0VCMR,DE
6989a4e910805f5685d7090e,User_A4WSF3T8Q964V,US
6989a4e910805f5685d7090f,User_A155WBJJWZ2KKG,DE
6989a4e910805f5685d70910,User_A2B4BJUL43VJYI,DE
6989a4e910805f5685d70911,User_A2KBV0G9ULFG7V,FR
6989a4e910805f5685d70912,User_15365,ES
6989a4e910805f5685d70913,User_AYNQGSNLU2GVR,US
6989a4e910805f5685d70914,User_A1179RZON69VSO,DE
6989a4e910805f5685d70915,User_A27ZX8I3C917TD,FR
6989a4e910805f5685d70916,User_A2IF24M79E2YTS,CA
6989a4e910805f5685d70917,User_A1QJAA1DYA9Z14,ES
6989a4e910805f5685d70918,User_6415,DE
6989a4e910805f5685d70919,User_ALHSQZ84YLRR3,GB
6989a4e910805f5685d7091a,User_A3JH18T58CY65P,CA
6989a4e910805f5685d7091b,User_A1YD1DM2KU9P9D,DE
6989a4e910805f5685d7091c,User_A2SV833FKWH97M,DE
6989a4e910805f5685d7091d,User_A39F5T5FVH9OP,FR
6989a4e910805f5685d7091e,User_A3MBSXWJB8VIFY,IT
6989a4e910805f5685d7091f,User_A3INLQFPD6D429,FR
6989a4e910805f5685d70920,User_AFEJKH6ILTWRE,CA
6989a4e910805f5685d70921,User_A1TER19DQDOUDT,ES
6989a4e910805f5685d70922,User_5757,IT
6989a4e910805f5685d70923,User_ANE5DVTX4XDVC,DE
6989a4e910805f5685d70924,User_A39VZ1APFOQI25,US
6989a4e910805f5685d70925,User_18843,GB
6989a4e910805f5685d70926,User_A1VPYQLUYP6HCP,IT
6989a4e910805f5685d70927,User_16728,IT
6989a4e910805f5685d70928,User_AK5VCN8ODCHZW,US
6989a4e910805f5685d70929,User_A1YK2V7T92XLAI,FR
6989a4e910805f5685d7092a,User_A39FRZQTOWLW1C,US
6989a4e910805f5685d7092b,User_AL5NXND21JBAT,FR
6989a4e910805f5685d7092c,User_AJ2KIV3UATGJ3,FR
6989a4e910805f5685d7092d,User_A8CQ2Y86FKXX7,US
6989a4e910805f5685d7092e,User_A2FUXDUZVW04ND,GB
6989a4e910805f5685d7092f,User_A213OZ9B08GLEF,GB
6989a4e910805f5685d70930,User_A1KKIA6JUFGUNZ,GB
6989a4e910805f5685d70931,User_A34CS54QG4B2ZD,GB
6989a4e910805f5685d70932,User_A52T4MSIA0EIU,US
6989a4e910805f5685d70933,User_A3KL8E1ZXNKHQC,DE
6989a4e910805f5685d70934,User_A21L4NLFHGQ0Q4,ES
6989a4e910805f5685d70935,User_A1R7C88Z93EXOB,ES
6989a4e910805f5685d70936,User_A2438WQTNMHT1Y,IT
6989a4e910805f5685d70937,User_A32WFE5SQYUKG,GB
6989a4e910805f5685d70938,User_A2X396SN5F0H0S,FR
6989a4e910805f5685d70939,User_AXTMGWKZCJQJQ,IT
6989a4e910805f5685d7093a,User_A3MZD0WG4N9D8Z,CA
6989a4e910805f5685d7093b,User_A2B9ZVMW8X51LX,US
6989a4e910805f5685d7093c,User_A2OXLIVFYHTLFJ,US
6989a4e910805f5685d7093d,User_A1VGC8GCN8PI1,ES
6989a4e910805f5685d7093e,User_AFRS1VTZ9RMMH,CA
6989a4e910805f5685d7093f,User_A3EVBMBA6QGPV9,GB
6989a4e910805f5685d70940,User_6489,ES
6989a4e910805f5685d70941,User_A1QLUFINPF2BG9,ES
6989a4e910805f5685d70942,User_A9WSWFIIDJ230,GB
6989a4e910805f5685d70943,User_A1QYERRKB4E653,FR
6989a4e910805f5685d70944,User_A1S0M3Z2X5BC7,GB
6989a4e910805f5685d70945,User_ANUXTT22H45VH,CA
6989a4e910805f5685d70946,User_A1GM5XUQQUNMII,ES
6989a4e910805f5685d70947,User_A1S1HGFF5O0603,US
6989a4e910805f5685d70948,User_A1157CR0T5UM9D,DE
6989a4e910805f5685d70949,User_A30LZAG6TEAWO9,IT
6989a4e910805f5685d7094a,User_A1D2UBVB3V4DSV,CA
6989a4e910805f5685d7094b,User_A3NRH7OA5ZWJ4Z,US
6989a4e910805f5685d7094c,User_A1G39ATWOFSQO0,FR
6989a4e910805f5685d7094d,User_AY4RHYHRIW4UO,IT
6989a4e910805f5685d7094e,User_ANBDACETB144Y,US
6989a4e910805f5685d7094f,User_AXSY3SP0RP9AH,IT
6989a4e910805f5685d70950,User_A26NCBN6GDQ5J2,US
6989a4e910805f5685d70951,User_15583,ES
6989a4e910805f5685d70952,User_AY2K0BJ71TPMB,CA
6989a4e910805f5685d70953,User_A3QNNQEVUY4J8K,CA
6989a4e910805f5685d70954,User_A2CGCG29138USE,CA
6989a4e910805f5685d70955,User_A3CNG89XKK87Y5,DE
6989a4e910805f5685d70956,User_A3MPWB2ELRXYWX,DE
6989a4e910805f5685d70957,User_17229,US
6989a4e910805f5685d70958,User_A3VTGL09RAT23H,IT
6989a4e910805f5685d70959,User_5146,CA
6989a4e910805f5685d7095a,User_A1Q9BE64XABMXH,ES
6989a4e910805f5685d7095b,User_AO9PNT9VHJVP1,GB
6989a4e910805f5685d7095c,User_5040,ES
6989a4e910805f5685d7095d,User_A12BGSKPKEV334,US
6989a4e910805f5685d7095e,User_A20AOY7UXJA710,FR
6989a4e910805f5685d7095f,User_A30M9GK5R5LA5H,US
6989a4e910805f5685d70960,User_A2VVMKO0KQ8E5E,ES
6989a4e910805f5685d70961,User_A3G5LHRV19JHRZ,IT
6989a4e910805f5685d70962,User_A28KMMQJ8JGYS,FR
6989a4e910805f5685d70963,User_AVFWQ3A6UIJ2W,US
6989a4e910805f5685d70964,User_AVXDS9OZTKDYN,GB
6989a4e910805f5685d70965,User_A2PXUZC5ORTYM9,IT
6989a4e910805f5685d70966,User_A3EOQBUYZG4IN2,DE
6989a4e910805f5685d70967,User_4525,GB
6989a4e910805f5685d70968,User_1965,DE
6989a4e910805f5685d70969,User_A3CS741N2BFYCR,US
6989a4e910805f5685d7096a,User_A1UH8RMD57P34Y,GB
6989a4e910805f5685d7096b,User_A1ZE9PYUFHCMMI,IT
6989a4e910805f5685d7096c,User_A1JJMBF5P9JPKM,FR
6989a4e910805f5685d7096d,User_A1AQUAI2SM2DLM,IT
6989a4e910805f5685d7096e,User_6497,FR
6989a4e910805f5685d7096f,User_A7W6TIU5LJGDT,DE
6989a4e910805f5685d70970,User_11317,ES
6989a4e910805f5685d70971,User_A1UBEUPHNBHLNV,DE
6989a4e910805f5685d70972,User_A3MX9VFO0758GQ,GB
6989a4e910805f5685d70973,User_A1860A39VU7J7X,DE
6989a4e910805f5685d70974,User_A2DXG82RPPXO9,US
6989a4e910805f5685d70975,User_A2OFIL3H1POAES,CA
6989a4e910805f5685d70976,User_AZZMLMIWDT2H0,ES
6989a4e910805f5685d70977,User_A2KW78ZV82RVFM,FR
6989a4e910805f5685d70978,User_A2IYLLCJXMA0JL,ES
6989a4e910805f5685d70979,User_A28QTGELC118NM,DE
6989a4e910805f5685d7097a,User_3656,US
6989a4e910805f5685d7097b,User_A2HD4AMZ51UYUM,ES
6989a4e910805f5685d7097c,User_7325,ES
6989a4e910805f5685d7097d,User_A1YC6AHVLLD7UK,GB
6989a4e910805f5685d7097e,User_A2NIAQ3XH65M67,FR
6989a4e910805f5685d7097f,User_AQW8CBS4VAPSB,ES
6989a4e910805f5685d70980,User_A2K25XCXCC9LEO,CA
6989a4e910805f5685d70981,User_A2PAESEFN008MR,IT
6989a4e910805f5685d70982,User_AOY4IEAG9L35D,FR
6989a4e910805f5685d70983,User_AFOUGNHIA54Z,DE
6989a4e910805f5685d70984,User_A2E10TN68XPNO2,CA
6989a4e910805f5685d70985,User_277595,GB
6989a4e910805f5685d70986,User_APTR1THOFORW5,ES
6989a4e910805f5685d70987,User_A2IFKEN7JZFAY8,FR
6989a4e910805f5685d70988,User_A9Z94SVPIFAQH,DE
6989a4e910805f5685d70989,User_9968,GB
6989a4e910805f5685d7098a,User_A2VQ8LE2FVDNCI,CA
6989a4e910805f5685d7098b,User_A16GN9XIFZPPH,IT
6989a4e910805f5685d7098c,User_A1DFKKXLBPN3F8,US
6989a4e910805f5685d7098d,User_4894,IT
6989a4e910805f5685d7098e,User_AN6XKMY3UL5C7,DE
6989a4e910805f5685d7098f,User_A3SGRNX3N5MVNL,FR
6989a4e910805f5685d70990,User_A26VGIYR3MBPBX,DE
6989a4e910805f5685d70991,User_A2FFBMY49M90WB,ES
6989a4e910805f5685d70992,User_AY1IH64NL0ZMU,ES
6989a4e910805f5685d70993,User_A23UXP303YHG6R,GB
6989a4e910805f5685d70994,User_AZEOKSF3YP2DU,GB
6989a4e910805f5685d70995,User_A19G0JUSMBS1GS,GB
6989a4e910805f5685d70996,User_A3UZ17HANZ9F1E,DE
6989a4e910805f5685d70997,User_A173M6JEB9N2T9,DE
6989a4e910805f5685d70998,User_A2UMFLCSH0GOL6,CA
6989a4e910805f5685d70999,User_A1DTBFQV0WRZ1F,IT
6989a4e910805f5685d7099a,User_A3VJJU512Y3PTN,GB
6989a4e910805f5685d7099b,User_AN1ZHCWFG1HZF,ES
6989a4e910805f5685d7099c,User_A2DMWENGAPAVCR,DE
6989a4e910805f5685d7099d,User_A3ESKBUSG08B1S,GB
6989a4e910805f5685d7099e,User_A146UWF70MZC4E,FR
6989a4e910805f5685d7099f,User_9850,ES
6989a4e910805f5685d709a0,User_A1S7W29BEE9YYF,CA
6989a4e910805f5685d709a1,User_A1UQQ4JA9VANSM,CA
6989a4e910805f5685d709a2,User_ACHYEL3T3C32I,ES
6989a4e910805f5685d709a3,User_A2ML7CYU5GH19,ES
6989a4e910805f5685d709a4,User_A2D2WQYN2OVN6J,GB
6989a4e910805f5685d709a5,User_A2KGCK3Q4VARC8,IT
6989a4e910805f5685d709a6,User_A2JSNRJV7DL5JZ,ES
6989a4e910805f5685d709a7,User_19983,CA
6989a4e910805f5685d709a8,User_AA0KKYLYUJYV5,GB
6989a4e910805f5685d709a9,User_9454,DE
6989a4e910805f5685d709aa,User_A1YED25RGHYAGN,ES
6989a4e910805f5685d709ab,User_A3W0ZBZDBE2RWF,IT
6989a4e910805f5685d709ac,User_AG04ITU9SPLRE,US
6989a4e910805f5685d709ad,User_A8JSVDMH6E2O6,IT
6989a4e910805f5685d709ae,User_A3MWKLZYOVTDI7,ES
6989a4e910805f5685d709af,User_A1G61QZBP668RR,DE
6989a4e910805f5685d709b0,User_A16JEBIWQE2CJE,US
6989a4e910805f5685d709b1,User_A1HY90KB6SISLW,ES
6989a4e910805f5685d709b2,User_AV5QWTM9CU473,ES
6989a4e910805f5685d709b3,User_A47H2HVPSAJYY,CA
6989a4e910805f5685d709b4,User_A1AR3N35VRG2TA,GB
6989a4e910805f5685d709b5,User_ABVB4Z3SZC0X7,DE
6989a4e910805f5685d709b6,User_A3K231Q1FD12H3,GB
6989a4e910805f5685d709b7,User_A3MX96YM4NT6HT,CA
6989a4e910805f5685d709b8,User_A2RDY9Z10UHSZ,FR
6989a4e910805f5685d709b9,User_A32PC5F6QT0SC9,FR
6989a4e910805f5685d709ba,User_A2DLCGOC0IMNB7,DE
6989a4e910805f5685d709bb,User_A1CXDPY0SLYP5P,IT
6989a4e910805f5685d709bc,User_A3KN3I269VBFDZ,DE
6989a4e910805f5685d709bd,User_A27JNFLXSY6SBG,DE
6989a4e910805f5685d709be,User_15314,CA
6989a4e910805f5685d709bf,User_A1CME5MPBWDHBT,US
6989a4e910805f5685d709c0,User_AII93Z33XFIIO,FR
6989a4e910805f5685d709c1,User_A2U4T3Q17GJOIB,IT
6989a4e910805f5685d709c2,User_2770,ES
6989a4e910805f5685d709c3,User_A14RYRR7ETV3UY,US
6989a4e910805f5685d709c4,User_A2KUPHNY30CRYG,DE
6989a4e910805f5685d709c5,User_AG2UE0B8GM80N,US
6989a4e910805f5685d709c6,User_A1PHISURDRA692,DE
6989a4e910805f5685d709c7,User_A1GY6MPLATW7SI,US
6989a4e910805f5685d709c8,User_AINA3IRNI8K6I,US
6989a4e910805f5685d709c9,User_AP3SD9K0Q3QAC,ES
6989a4e910805f5685d709ca,User_A17TQIVO4NAEKY,CA
6989a4e910805f5685d709cb,User_A238J66J416QCO,US
6989a4e910805f5685d709cc,User_A1A8V9AL80KKX8,IT
6989a4e910805f5685d709cd,User_A170IBIG8ONZNL,ES
6989a4e910805f5685d709ce,User_AS1F8YMRBEXBP,IT
6989a4e910805f5685d709cf,User_A230WMJBLU4JEN,FR
6989a4e910805f5685d709d0,User_A3IDBCC5WMT3YG,US
6989a4e910805f5685d709d1,User_AKMMCNA8BDB5C,CA
6989a4e910805f5685d709d2,User_A3T8QJ4BG62G3W,DE
6989a4e910805f5685d709d3,User_A2C8G2XY7YGKCS,IT
6989a4e910805f5685d709d4,User_A2608HWSHEHTJP,FR
6989a4e910805f5685d709d5,User_A1W9KQRCZ9ORHB,IT
6989a4e910805f5685d709d6,User_AJHKV113J7FL1,FR
6989a4e910805f5685d709d7,User_A26ONTHNH68RFO,CA
6989a4e910805f5685d709d8,User_A2M521PN0DPCO7,FR
6989a4e910805f5685d709d9,User_AFJXR8WK7QZG7,GB
6989a4e910805f5685d709da,User_A11M1GITJYPUEG,CA
6989a4e910805f5685d709db,User_A3J7MJQL8SXK6F,GB
6989a4e910805f5685d709dc,User_A3V4NY81KXZAUL,DE
6989a4e910805f5685d709dd,User_AOKIJQEO2DDNM,IT
6989a4e910805f5685d709de,User_AV59ZSOH78WIX,DE
6989a4e910805f5685d709df,User_A2KC1IQI8TM0VT,US
6989a4e910805f5685d709e0,User_A89ZZKNDFQH23,CA
6989a4e910805f5685d709e1,User_A2E25XBL46185L,FR
6989a4e910805f5685d709e2,User_1238,ES
6989a4e910805f5685d709e3,User_A178L8CRHGHXTU,IT
6989a4e910805f5685d709e4,User_A32ZQ5DEXBL60Z,DE
6989a4e910805f5685d709e5,User_AAYXZHHTR40TI,IT
6989a4e910805f5685d709e6,User_A3T5M135WS7MCZ,CA
6989a4e910805f5685d709e7,User_A2W79UKFRVEIYC,GB
6989a4e910805f5685d709e8,User_A1T4WNJJIZJLUD,FR
6989a4e910805f5685d709e9,User_AVRRMH4OIEVK,GB
6989a4e910805f5685d709ea,User_A1VCG7N8BV7XWC,IT
6989a4e910805f5685d709eb,User_A3EKQ2EM7D60MT,IT
6989a4e910805f5685d709ec,User_A5ZC5YT1M0FW4,DE
6989a4e910805f5685d709ed,User_A3HOF1OBYCV0I5,GB
6989a4e910805f5685d709ee,User_A2POYXTGSPSW7O,ES
6989a4e910805f5685d709ef,User_A3RR2IUT1RRGQH,US
6989a4e910805f5685d709f0,User_A14E9I0FO6EVBT,US
6989a4e910805f5685d709f1,User_A2NZWRPFDR7X1Y,CA
6989a4e910805f5685d709f2,User_A13OR06ZGFWYES,ES
6989a4e910805f5685d709f3,User_A2V4TQL3ZPNEI2,ES
6989a4e910805f5685d709f4,User_11453,DE
6989a4e910805f5685d709f5,User_A3JGA4FWH8X7LZ,ES
6989a4e910805f5685d709f6,User_7478,IT
6989a4e910805f5685d709f7,User_A3IS9FVR9WG5TY,FR
6989a4e910805f5685d709f8,User_19961,ES
6989a4e910805f5685d709f9,User_A1PIFW2CVPK65J,ES
6989a4e910805f5685d709fa,User_A24YIRDW6VP7UE,DE
6989a4e910805f5685d709fb,User_A13OWJOBS7Z90I,FR
6989a4e910805f5685d709fc,User_A1PHNYD7P8SHEY,ES
6989a4e910805f5685d709fd,User_A1MG1KGGZGCAG4,DE
6989a4e910805f5685d709fe,User_AKT474TT9CQC5,CA
6989a4e910805f5685d709ff,User_AKKJUENO4LUAM,GB
6989a4e910805f5685d70a00,User_AF6Q5HP9NS998,ES
6989a4e910805f5685d70a01,User_AJHJILAKK1N4D,ES
6989a4e910805f5685d70a02,User_AASII1I6YOMAO,FR
6989a4e910805f5685d70a03,User_AXWKQQ3AEOZ19,GB
6989a4e910805f5685d70a04,User_A3F9HKX0IUXXJJ,DE
6989a4e910805f5685d70a05,User_A3M6J4CTJ13QBX,GB
6989a4e910805f5685d70a06,User_A2VV3W7ZVE12LL,FR
6989a4e910805f5685d70a07,User_10162,US
6989a4e910805f5685d70a08,User_A3W58NRD21U69H,ES
6989a4e910805f5685d70a09,User_A35PAXP9UCYW8P,IT
6989a4e910805f5685d70a0a,User_AP9NJJX2CDGOF,DE
6989a4e910805f5685d70a0b,User_A2B42LQ870DL1I,DE
6989a4e910805f5685d70a0c,User_A29D43E3R6JGEJ,US
6989a4e910805f5685d70a0d,User_A2J5JRQXJIIA49,FR
6989a4e910805f5685d70a0e,User_A1UYN0MW5IZ8J5,US
6989a4e910805f5685d70a0f,User_A5MOG05D4CTSH,FR
6989a4e910805f5685d70a10,User_A1QWP2CSWFSSK8,ES
6989a4e910805f5685d70a11,User_A37DYWUNQVX4ZH,GB
6989a4e910805f5685d70a12,User_A2TGMPYX2U4WVS,IT
6989a4e910805f5685d70a13,User_A2483JHIV2U26T,CA
6989a4e910805f5685d70a14,User_A3SUQW3XF34KS5,IT
6989a4e910805f5685d70a15,User_AXLEZROKSR2M2,US
6989a4e910805f5685d70a16,User_AY47ZHXRYRLLF,IT
6989a4e910805f5685d70a17,User_A3C7HRL0JRT0G9,IT
6989a4e910805f5685d70a18,User_14917,US
6989a4e910805f5685d70a19,User_5073,FR
6989a4e910805f5685d70a1a,User_ARM582BP60HE1,GB
6989a4e910805f5685d70a1b,User_APC9YYFHI9Y5,CA
6989a4e910805f5685d70a1c,User_ALNQWUM05Y2YJ,CA
6989a4e910805f5685d70a1d,User_A9VHLAH51Q3XN,FR
6989a4e910805f5685d70a1e,User_A1N9UN8C0Q5IIC,CA
6989a4e910805f5685d70a1f,User_A19JPROF2J4PA4,DE
6989a4e910805f5685d70a20,User_A2MPUM132I4CYQ,IT
6989a4e910805f5685d70a21,User_A2DLPRW957CSZ2,GB
6989a4e910805f5685d70a22,User_A9A3LVQRH41IY,DE
6989a4e910805f5685d70a23,User_A1F1NJZT98XGQU,FR
6989a4e910805f5685d70a24,User_A1C9Q8OSAY3FGQ,GB
6989a4e910805f5685d70a25,User_3172,CA
6989a4e910805f5685d70a26,User_A3RCUB9ASI0UAY,FR
6989a4e910805f5685d70a27,User_A1EGLXOFWT4JKQ,US
6989a4e910805f5685d70a28,User_A1P52529M3J4H8,FR
6989a4e910805f5685d70a29,User_14938,IT
6989a4e910805f5685d70a2a,User_A3SY85E4IFR2AF,ES
6989a4e910805f5685d70a2b,User_A3MUO47CT6EQF8,IT
6989a4e910805f5685d70a2c,User_A1ZOKEBIKSPODY,CA
6989a4e910805f5685d70a2d,User_A4K8J54P0HD1J,IT
6989a4e910805f5685d70a2e,User_A2NWPEGG8JFKHL,IT
6989a4e910805f5685d70a2f,User_A3JJYBALA9G5YP,FR
6989a4e910805f5685d70a30,User_A3VHENWK5MI0PD,GB
6989a4e910805f5685d70a31,User_278556,GB
6989a4e910805f5685d70a32,User_A1PUGDLUEP0F2P,IT
6989a4e910805f5685d70a33,User_A4PMK0JY7PHP0,CA
6989a4e910805f5685d70a34,User_AZSS5XRTAPSU1,US
6989a4e910805f5685d70a35,User_ABRT9XRKG93W4,DE
6989a4e910805f5685d70a36,User_A3THZ6WXO4PU9Q,DE
6989a4e910805f5685d70a37,User_A1W2O0ZP79Z0DY,ES
6989a4e910805f5685d70a38,User_278270,CA
6989a4e910805f5685d70a39,User_AI22VCY6TR3YW,ES
6989a4e910805f5685d70a3a,User_A1YHAJ1SYS13H2,DE
6989a4e910805f5685d70a3b,User_A2X8VIDOJP7NGV,FR
6989a4e910805f5685d70a3c,User_AJDEKKTHBVB5Q,FR
6989a4e910805f5685d70a3d,User_ARIXPZHAOTXVU,CA
6989a4e910805f5685d70a3e,User_A3GQB0MVXBVNJM,FR
6989a4e910805f5685d70a3f,User_A2SK7X9R3IVT5N,GB
6989a4e910805f5685d70a40,User_17335,CA
6989a4e910805f5685d70a41,User_A1745D8HJ3A1DI,IT
6989a4e910805f5685d70a42,User_19347,ES
6989a4e910805f5685d70a43,User_A38708F9XKPE0A,ES
6989a4e910805f5685d70a44,User_A3RM98C7ZIZWMM,ES
6989a4e910805f5685d70a45,User_A1IT14Z4MPGT6W,IT
6989a4e910805f5685d70a46,User_A2QWGFLATY6RPD,IT
6989a4e910805f5685d70a47,User_AWWFEQ21PXBPA,DE
6989a4e910805f5685d70a48,User_A13TQ9RG6AP289,CA
6989a4e910805f5685d70a49,User_AFK9D6U1HKQER,CA
6989a4e910805f5685d70a4a,User_A1LWK02P62P1C6,US
6989a4e910805f5685d70a4b,User_786,IT
6989a4e910805f5685d70a4c,User_A3AOQU55O5J97J,CA
6989a4e910805f5685d70a4d,User_A1GMMT3DN7Y1AA,CA
6989a4e910805f5685d70a4e,User_A2WXFSE5PJ70NV,IT
6989a4e910805f5685d70a4f,User_A3VDVN3IQ6QGX5,GB
6989a4e910805f5685d70a50,User_A1NBB48X77J3ZE,US
6989a4e910805f5685d70a51,User_A37JKM7EFD0DIQ,CA
6989a4e910805f5685d70a52,User_ALJGB7XHPFCR,ES
6989a4e910805f5685d70a53,User_3554,FR
6989a4e910805f5685d70a54,User_413,US
6989a4e910805f5685d70a55,User_15015,DE
6989a4e910805f5685d70a56,User_AYLAB9R73T8TH,ES
6989a4e910805f5685d70a57,User_AMIUE4S55725I,FR
6989a4e910805f5685d70a58,User_AGKPTMTR3UX1R,DE
6989a4e910805f5685d70a59,User_A3A05H9BQDAQGM,FR
6989a4e910805f5685d70a5a,User_A2FJRQ1MDWCSJ8,ES
6989a4e910805f5685d70a5b,User_A212FU811J79FF,CA
6989a4e910805f5685d70a5c,User_A2YWDG4T3QNN7P,CA
6989a4e910805f5685d70a5d,User_A2APZUY5HK7CDT,GB
6989a4e910805f5685d70a5e,User_AGIPFX5GGDDBP,FR
6989a4e910805f5685d70a5f,User_AYMVJAV7HYMZ5,FR
6989a4e910805f5685d70a60,User_A1LEOY1ABDJ259,CA
6989a4e910805f5685d70a61,User_A6RM4S8PX4VYL,DE
6989a4e910805f5685d70a62,User_A18T2BRUG3II38,FR
6989a4e910805f5685d70a63,User_A1783KVSUUDTTJ,IT
6989a4e910805f5685d70a64,User_A2HGUP013ZE29J,GB
6989a4e910805f5685d70a65,User_A3HEUL08C7SQ30,GB
6989a4e910805f5685d70a66,User_A1YHXDJYA7LTBS,ES
6989a4e910805f5685d70a67,User_ABMNX856X89CS,GB
6989a4e910805f5685d70a68,User_AYJTUI6JKDSXY,IT
6989a4e910805f5685d70a69,User_A11IR3FG31IPY7,FR
6989a4e910805f5685d70a6a,User_A3EEQ8816QT5R3,FR
6989a4e910805f5685d70a6b,User_A112SWDC8O6A5E,ES
6989a4e910805f5685d70a6c,User_A1FSF6D8RV4W2H,CA
6989a4e910805f5685d70a6d,User_AJSTQK8733DFM,US
6989a4e910805f5685d70a6e,User_AKX2CMVIGNY2I,FR
6989a4e910805f5685d70a6f,User_A1N7T3TGQT3CS3,US
6989a4e910805f5685d70a70,User_A1EQN6L1Q27P24,FR
6989a4e910805f5685d70a71,User_A2DJ58QPNA7XLG,ES
6989a4e910805f5685d70a72,User_A8BGNRC35WK0K,DE
6989a4e910805f5685d70a73,User_A1NJGYYC7LQGDS,CA
6989a4e910805f5685d70a74,User_A2DGTIR5W37QM,US
6989a4e910805f5685d70a75,User_11176,DE
6989a4e910805f5685d70a76,User_A263X7UB9SGRON,ES
6989a4e910805f5685d70a77,User_A17ZM5P4YY07I6,DE
6989a4e910805f5685d70a78,User_4199,DE
6989a4e910805f5685d70a79,User_A37W2BIIVMIHDQ,ES
6989a4e910805f5685d70a7a,User_A2KFRNKAMS41IA,US
6989a4e910805f5685d70a7b,User_A2E8MHDWCTLHT,DE
6989a4e910805f5685d70a7c,User_A32T0PBR13P2NQ,FR
6989a4e910805f5685d70a7d,User_A18TOBW8SIMVIQ,DE
6989a4e910805f5685d70a7e,User_19512,FR
6989a4e910805f5685d70a7f,User_2693,ES
6989a4e910805f5685d70a80,User_13894,IT
6989a4e910805f5685d70a81,User_17785,US
6989a4e910805f5685d70a82,User_A3ARCYUVBK11Y9,FR
6989a4e910805f5685d70a83,User_A9E7K4YLD9749,IT
6989a4e910805f5685d70a84,User_AM0A6XIG7R2JX,IT
6989a4e910805f5685d70a85,User_A3QYCV8KZGSIIE,DE
6989a4e910805f5685d70a86,User_A1YQYFEIVGQ38F,ES
6989a4e910805f5685d70a87,User_A31604NOCD0I2A,IT
6989a4e910805f5685d70a88,User_A2XAWBF5J47ECS,IT
6989a4e910805f5685d70a89,User_A37KQQCS0CT6G1,US
6989a4e910805f5685d70a8a,User_A1KGWUYXUBEMB2,FR
6989a4e910805f5685d70a8b,User_A33R4E8T9KVLOM,FR
6989a4e910805f5685d70a8c,User_A3G6KLJYOTP09V,IT
6989a4e910805f5685d70a8d,User_A2R1FU6NDAVQA8,FR
6989a4e910805f5685d70a8e,User_A3GC6BJSKDYGU6,ES
6989a4e910805f5685d70a8f,User_A3E2H8D482XFIU,DE
6989a4e910805f5685d70a90,User_A20AEK3ORW84IP,FR
6989a4e910805f5685d70a91,User_A1SSZIGM27Y6AI,US
6989a4e910805f5685d70a92,User_A3GKPMHV4U64IY,FR
6989a4e910805f5685d70a93,User_A2V0RWOVPFPCCW,CA
6989a4e910805f5685d70a94,User_A23FYOB5KKQRJR,CA
6989a4e910805f5685d70a95,User_A1G6563GKNEXPA,DE
6989a4e910805f5685d70a96,User_ALU1E1KV9JG17,US
6989a4e910805f5685d70a97,User_AQK2GY4JJJM60,FR
6989a4e910805f5685d70a98,User_A1EI302TRY0XUH,US
6989a4e910805f5685d70a99,User_A1G6SKFL7I1WJL,FR
6989a4e910805f5685d70a9a,User_A2UXS5AEDWJEMB,FR
6989a4e910805f5685d70a9b,User_A1I5CCJCU2AFU7,FR
6989a4e910805f5685d70a9c,User_A3UGH2GQHWS0LN,US
6989a4e910805f5685d70a9d,User_A141IUB4JJPDB1,DE
6989a4e910805f5685d70a9e,User_A2LD4RSAG7CZ6T,GB
6989a4e910805f5685d70a9f,User_AHTE58WZCTSDR,IT
6989a4e910805f5685d70aa0,User_AJF1X7RTIDD8Y,ES
6989a4e910805f5685d70aa1,User_A269RD8LAIM4ZW,CA
6989a4e910805f5685d70aa2,User_A2704YHE7JJCOK,ES
6989a4e910805f5685d70aa3,User_A2WEK6XXUCVTXL,FR
6989a4e910805f5685d70aa4,User_A1PZCAXYM1613C,DE
6989a4e910805f5685d70aa5,User_A3LW120MGD36SV,IT
6989a4e910805f5685d70aa6,User_AXHHWFLE5LCNK,GB
6989a4e910805f5685d70aa7,User_A2ETOF9ODESJVP,CA
6989a4e910805f5685d70aa8,User_A16O1S5IC0U05C,CA
6989a4e910805f5685d70aa9,User_10103,GB
6989a4e910805f5685d70aaa,User_A1AGZ9F4M4KY71,DE
6989a4e910805f5685d70aab,User_A2NC8BR9WHZE7Z,IT
6989a4e910805f5685d70aac,User_A3UMT250CMV4WE,CA
6989a4e910805f5685d70aad,User_A3O0BH1WTVA6DF,CA
6989a4e910805f5685d70aae,User_A2EWLE619WRT1Y,ES
6989a4e910805f5685d70aaf,User_A3F2L2WOXRW9P9,GB
6989a4e910805f5685d70ab0,User_AXXDYUK7V161U,DE
6989a4e910805f5685d70ab1,User_A1MYUO5OIDMNMM,CA
6989a4e910805f5685d70ab2,User_A3KIC2LTLG7VXJ,FR
6989a4e910805f5685d70ab3,User_AOMJY3UJHDDJ0,CA
6989a4e910805f5685d70ab4,User_278194,CA
6989a4e910805f5685d70ab5,User_A268QM4AOCO9NI,CA
6989a4e910805f5685d70ab6,User_A1E371HE68KMWB,ES
6989a4e910805f5685d70ab7,User_A306UFMRUW6OTV,US
6989a4e910805f5685d70ab8,User_A3SKJVKEGP31L2,CA
6989a4e910805f5685d70ab9,User_AO2E04VE89IWX,CA
6989a4e910805f5685d70aba,User_22688,US
6989a4e910805f5685d70abb,User_16379,FR
6989a4e910805f5685d70abc,User_ALRGUYJ4YWQQS,GB
6989a4e910805f5685d70abd,User_A3MENWS2A1VKCQ,ES
6989a4e910805f5685d70abe,User_A1435ZLMHVBKLY,IT
6989a4e910805f5685d70abf,User_A132P61GF70JS9,GB
6989a4e910805f5685d70ac0,User_A2CRJYA34CDGGN,US
6989a4e910805f5685d70ac1,User_AVPGBWMPNFE8Q,FR
6989a4e910805f5685d70ac2,User_AHIXNG4EIK5QV,FR
6989a4e910805f5685d70ac3,User_6170,IT
6989a4e910805f5685d70ac4,User_AI27I6CUQPIQ5,ES
6989a4e910805f5685d70ac5,User_A3233EQME0IAA0,IT
6989a4e910805f5685d70ac6,User_A113HLL8ZKVWZZ,US
6989a4e910805f5685d70ac7,User_A38OSWHSF1UHRZ,US
6989a4e910805f5685d70ac8,User_A13HUHXEQPX3YI,CA
6989a4e910805f5685d70ac9,User_A3KX1NISWZTLE,DE
6989a4e910805f5685d70aca,User_A28IO79TI2F83D,GB
6989a4e910805f5685d70acb,User_A2FVFGMPS67J6O,GB
6989a4e910805f5685d70acc,User_A1JQPNGAIKELFB,DE
6989a4e910805f5685d70acd,User_A2Q3PCAY9FSMSU,GB
6989a4e910805f5685d70ace,User_A9HNBKAD1RXSC,IT
6989a4e910805f5685d70acf,User_A3SHA4CL8PKIYS,DE
6989a4e910805f5685d70ad0,User_A1XX3RDTQKODEZ,CA
6989a4e910805f5685d70ad1,User_A361JN6ZF4H3D3,DE
6989a4e910805f5685d70ad2,User_AKT6PFSCYXVBJ,ES
6989a4e910805f5685d70ad3,User_1258,CA
6989a4e910805f5685d70ad4,User_A2KPW9XYW8M908,GB
6989a4e910805f5685d70ad5,User_A3DANMMF4C8WKY,US
6989a4e910805f5685d70ad6,User_A7US8IFNZBG9T,DE
6989a4e910805f5685d70ad7,User_A1DIAZ4XAFQD26,CA
6989a4e910805f5685d70ad8,User_AWGT6PC45AIKV,DE
6989a4e910805f5685d70ad9,User_A1JD7802SN0MNZ,US
6989a4e910805f5685d70ada,User_A807I33XNXXC9,DE
6989a4e910805f5685d70adb,User_A1IU9VPCBKZPE8,FR
6989a4e910805f5685d70adc,User_A14541VKPFMS37,ES
6989a4e910805f5685d70add,User_A15R8D3D85J7YC,GB
6989a4e910805f5685d70ade,User_2633,IT
6989a4e910805f5685d70adf,User_A13CDZ3MDNUTN8,CA
6989a4e910805f5685d70ae0,User_A30H2335OM7RD6,ES
6989a4e910805f5685d70ae1,User_AYT35EU5J6T6I,IT
6989a4e910805f5685d70ae2,User_A21J92CRR7TLLY,CA
6989a4e910805f5685d70ae3,User_AVMF2RRYMWCJK,GB
6989a4e910805f5685d70ae4,User_A33W8YDZ92VFSA,DE
6989a4e910805f5685d70ae5,User_AVFV1U1QJ4SNW,ES
6989a4e910805f5685d70ae6,User_A3MVQG8FPXQKM0,DE
6989a4e910805f5685d70ae7,User_A3R8Z8CAIXA2SS,CA
6989a4e910805f5685d70ae8,User_A3UPCZTJ5DBSKO,ES
6989a4e910805f5685d70ae9,User_A1Q5QMSJT5EQJB,US
6989a4e910805f5685d70aea,User_A2KUCXVLEIDTPA,FR
6989a4e910805f5685d70aeb,User_ALC1BIFQK2W9S,FR
6989a4e910805f5685d70aec,User_AWE8J5W9POSGF,GB
6989a4e910805f5685d70aed,User_A2UU29M3BVQ7CM,US
6989a4e910805f5685d70aee,User_7267,ES
6989a4e910805f5685d70aef,User_A2JOWX2G9QBLEG,GB
6989a4e910805f5685d70af0,User_ABTJJK5QLC7K0,GB
6989a4e910805f5685d70af1,User_AVRRXJUCTVUK7,DE
6989a4e910805f5685d70af2,User_A3VPIAGLBEPQ1H,CA
6989a4e910805f5685d70af3,User_22107,US
6989a4e910805f5685d70af4,User_6452,DE
6989a4e910805f5685d70af5,User_AQZA41OLCZ27A,DE
6989a4e910805f5685d70af6,User_A1PBFJBKDVN44A,FR
6989a4e910805f5685d70af7,User_A7QHU3IRLF1DH,ES
6989a4e910805f5685d70af8,User_A3QAZAWSD2A34U,ES
6989a4e910805f5685d70af9,User_A3805E3O3SOZ8R,FR
6989a4e910805f5685d70afa,User_A1RTVGIJI69GYH,GB
6989a4e910805f5685d70afb,User_8395,DE
6989a4e910805f5685d70afc,User_A3BAJV22OCNDTF,GB
6989a4e910805f5685d70afd,User_A30RE462SCLKSH,GB
6989a4e910805f5685d70afe,User_A1RGD6H1ODE297,US
6989a4e910805f5685d70aff,User_A30ELDPP5TCQ8J,CA
6989a4e910805f5685d70b00,User_A1KP1UPX7UQ8UT,US
6989a4e910805f5685d70b01,User_A261S8IXRE5GKS,GB
6989a4e910805f5685d70b02,User_16814,CA
6989a4e910805f5685d70b03,User_AG357UD1KU3ZK,CA
6989a4e910805f5685d70b04,User_A3J0JTAMLWEWCS,GB
6989a4e910805f5685d70b05,User_A3GGYW27D3YLDZ,US
6989a4e910805f5685d70b06,User_AKGSNGCZX08GV,GB
6989a4e910805f5685d70b07,User_A2AMAAE9MK8EXY,GB
6989a4e910805f5685d70b08,User_A3JGE9Y3E7TEVA,ES
6989a4e910805f5685d70b09,User_A1VWFXHLDAW16T,CA
6989a4e910805f5685d70b0a,User_A3CP9DMWZOBJSC,IT
6989a4e910805f5685d70b0b,User_A6ZMYERB0ZJWN,DE
6989a4e910805f5685d70b0c,User_A1AX8W7Q3SL64E,FR
6989a4e910805f5685d70b0d,User_A1JCD9Y2VPG52C,US
6989a4e910805f5685d70b0e,User_A3MIRPG9CJXLFT,DE
6989a4e910805f5685d70b0f,User_ASH3Y085WVPSN,CA
6989a4e910805f5685d70b10,User_ASCM3206SVTO0,DE
6989a4e910805f5685d70b11,User_A2R1E5VAQ95081,FR
6989a4e910805f5685d70b12,User_7142,CA
6989a4e910805f5685d70b13,User_AUY8NZU4ZWNN6,IT
6989a4e910805f5685d70b14,User_A3OXDY7HPKX097,IT
6989a4e910805f5685d70b15,User_A1HX8XOQCWR43Y,FR
6989a4e910805f5685d70b16,User_A3OTANUYIXI9F1,CA
6989a4e910805f5685d70b17,User_6726,US
6989a4e910805f5685d70b18,User_AQO5RUY8Q65GX,FR
6989a4e910805f5685d70b19,User_A2OZMKLDS1AP41,DE
6989a4e910805f5685d70b1a,User_A10OYG0R7EK5O7,US
6989a4e910805f5685d70b1b,User_18227,IT
6989a4e910805f5685d70b1c,User_8016,ES
6989a4e910805f5685d70b1d,User_A3S6TH7OGNG7PJ,CA
6989a4e910805f5685d70b1e,User_11441,GB
6989a4e910805f5685d70b1f,User_A2NT9ZZLF705XU,IT
6989a4e910805f5685d70b20,User_APUJ0T36IJK8E,FR
6989a4e910805f5685d70b21,User_A2C71SK6MRGZ0W,DE
6989a4e910805f5685d70b22,User_A1R47QZ9UH3CAW,US
6989a4e910805f5685d70b23,User_A3D1L6R1HR4RS8,US
6989a4e910805f5685d70b24,User_A3HLVU2H11X6E4,FR
6989a4e910805f5685d70b25,User_AWA8EKW8TETPQ,FR
6989a4e910805f5685d70b26,User_19368,FR
6989a4e910805f5685d70b27,User_A2S32Q1IMW8XND,US
6989a4e910805f5685d70b28,User_ALZ2YM9JJHCAC,US
6989a4e910805f5685d70b29,User_A2HNE9EKGRMZGE,FR
6989a4e910805f5685d70b2a,User_A34FKDOQ6AJNPH,FR
6989a4e910805f5685d70b2b,User_A3TJGR0YF3L5X0,GB
6989a4e910805f5685d70b2c,User_11079,CA
6989a4e910805f5685d70b2d,User_A21B4QLJ9JFQSQ,ES
6989a4e910805f5685d70b2e,User_AYIPN4GBFGU0M,IT
6989a4e910805f5685d70b2f,User_A33UM5TD8CPA4E,GB
6989a4e910805f5685d70b30,User_A2N3R81A7UG0AR,ES
6989a4e910805f5685d70b31,User_A27VAPW9LSI9RS,GB
6989a4e910805f5685d70b32,User_A1AF8MEF76ATO8,FR
6989a4e910805f5685d70b33,User_A2S6QCNNN8AK91,FR
6989a4e910805f5685d70b34,User_9703,CA
6989a4e910805f5685d70b35,User_A10EBAP0TYPDTD,IT
6989a4e910805f5685d70b36,User_A3E8OGJVCONUA2,FR
6989a4e910805f5685d70b37,User_A209SHOF8Q626S,ES
6989a4e910805f5685d70b38,User_A1XCUWQCS7XBQU,DE
6989a4e910805f5685d70b39,User_A3F1S6LA9XTDJS,GB
6989a4e910805f5685d70b3a,User_A1SRTR74Q5ALNM,DE
6989a4e910805f5685d70b3b,User_17752,FR
6989a4e910805f5685d70b3c,User_A3MYDHU9BA0117,IT
6989a4e910805f5685d70b3d,User_4821,ES
6989a4e910805f5685d70b3e,User_A2RGDX21N4J4RH,US
6989a4e910805f5685d70b3f,User_A16OX48BFX9O1U,US
6989a4e910805f5685d70b40,User_A3JF35CBUAVPQU,DE
6989a4e910805f5685d70b41,User_A3OXHLG6DIBRW8,GB
6989a4e910805f5685d70b42,User_A3BFR4ZSF3H0CR,ES
6989a4e910805f5685d70b43,User_A3EZ782V0TUYTD,FR
6989a4e910805f5685d70b44,User_A2YNPRSCHJXSRR,CA
6989a4e910805f5685d70b45,User_AGGB2KVOP5NRL,GB
6989a4e910805f5685d70b46,User_AUENY3KZHWS7J,DE
6989a4e910805f5685d70b47,User_AR0HCYZ8MAP96,IT
6989a4e910805f5685d70b48,User_A691PMVEKE5E5,FR
6989a4e910805f5685d70b49,User_4103,GB
6989a4e910805f5685d70b4a,User_A23LC2N7G6Y62Z,US
6989a4e910805f5685d70b4b,User_A22881MRUIUZSH,FR
6989a4e910805f5685d70b4c,User_A213X5B1K0IBL8,IT
6989a4e910805f5685d70b4d,User_APNF8LL48VSXH,DE
6989a4e910805f5685d70b4e,User_ATVD3UHXVNLFH,DE
6989a4e910805f5685d70b4f,User_A2TC962FRIIII7,FR
6989a4e910805f5685d70b50,User_A1E0MPUA6KZLZX,CA
6989a4e910805f5685d70b51,User_A3DIECBGF8973W,DE
6989a4e910805f5685d70b52,User_A22U5WVXSF5QD2,US
6989a4e910805f5685d70b53,User_A25AYYN3WVSNJY,DE
6989a4e910805f5685d70b54,User_A38E6Q449JE9Y5,US
6989a4e910805f5685d70b55,User_22563,CA
6989a4e910805f5685d70b56,User_A2H144RT7IBO4N,FR
6989a4e910805f5685d70b57,User_A2DVPGMT4IU827,CA
6989a4e910805f5685d70b58,User_A3G08Q69ZD77EA,DE
6989a4e910805f5685d70b59,User_A1OAB1FRBOZVWR,US
6989a4e910805f5685d70b5a,User_ABP0RCZCVMRRG,GB
6989a4e910805f5685d70b5b,User_A3OK8PA8NA6JWY,DE
6989a4e910805f5685d70b5c,User_A232LSA69H7H3B,US
6989a4e910805f5685d70b5d,User_A1QM3QMRVPALJN,US
6989a4e910805f5685d70b5e,User_A1UZDX97DRW3JD,DE
6989a4e910805f5685d70b5f,User_AXRR8USBW06WF,GB
6989a4e910805f5685d70b60,User_AVQVQKO2PAQVF,CA
6989a4e910805f5685d70b61,User_AU7N76T4ZJB51,IT
6989a4e910805f5685d70b62,User_6786,ES
6989a4e910805f5685d70b63,User_A3CO73NPV5AGA8,IT
6989a4e910805f5685d70b64,User_A2622XHRY2E7AY,IT
6989a4e910805f5685d70b65,User_277249,FR
6989a4e910805f5685d70b66,User_A2TFFYDD2DQH1W,CA
6989a4e910805f5685d70b67,User_19423,FR
6989a4e910805f5685d70b68,User_A8BCRTXQGY4N6,US
6989a4e910805f5685d70b69,User_A35TUG3Y6SI7VZ,ES
6989a4e910805f5685d70b6a,User_AIO6R9C80YGGW,FR
6989a4e910805f5685d70b6b,User_A15RIV2Z2WJPQX,FR
6989a4e910805f5685d70b6c,User_A15E13EU8EB9NU,DE
6989a4e910805f5685d70b6d,User_A3QAZVNK7290VN,IT
6989a4e910805f5685d70b6e,User_A10KGMUH8EYBSJ,FR
6989a4e910805f5685d70b6f,User_A1UY5G2Z3V6BZZ,GB
6989a4e910805f5685d70b70,User_A3MV6C8LAPZKT1,US
6989a4e910805f5685d70b71,User_A3ANEC7Y6DIXOH,CA
6989a4e910805f5685d70b72,User_ASF7P26HO49UD,ES
6989a4e910805f5685d70b73,User_AG0PMDFJHZYB6,IT
6989a4e910805f5685d70b74,User_A2XB25XUPZ3WIJ,GB
6989a4e910805f5685d70b75,User_13671,DE
6989a4e910805f5685d70b76,User_A2CPUQ32H2OWBI,DE
6989a4e910805f5685d70b77,User_AP66BKZNZHKCU,DE
6989a4e910805f5685d70b78,User_A3SOWFC84YXCE4,FR
6989a4e910805f5685d70b79,User_A1DHTLV1ZTDTP2,CA
6989a4e910805f5685d70b7a,User_AD63XZ9IPONP1,FR
6989a4e910805f5685d70b7b,User_A2T7Q9SZ4ZSU8X,DE
6989a4e910805f5685d70b7c,User_10374,US
6989a4e910805f5685d70b7d,User_A1HYHMD6CZIWPP,IT
6989a4e910805f5685d70b7e,User_A1N44HQU08CCE3,US
6989a4e910805f5685d70b7f,User_ADG94LLE4VBDI,FR
6989a4e910805f5685d70b80,User_ATIG0KAKJD18T,GB
6989a4e910805f5685d70b81,User_18996,US
6989a4e910805f5685d70b82,User_AS3VIADKXIK0B,US
6989a4e910805f5685d70b83,User_A2ZGEDRZB179DF,DE
6989a4e910805f5685d70b84,User_A2EIRVLRKGN2UA,US
6989a4e910805f5685d70b85,User_A1K3JB4ZLFF0ZF,IT
6989a4e910805f5685d70b86,User_A3G1HNY0I526C9,CA
6989a4e910805f5685d70b87,User_8095,ES
6989a4e910805f5685d70b88,User_AP6Q8IDFN972A,US
6989a4e910805f5685d70b89,User_A3CW4AN9J47FWE,DE
6989a4e910805f5685d70b8a,User_ACFD835MECTRC,GB
6989a4e910805f5685d70b8b,User_5446,US
6989a4e910805f5685d70b8c,User_A21KEURPY5BMTW,CA
6989a4e910805f5685d70b8d,User_ABNWVY24NMDE7,ES
6989a4e910805f5685d70b8e,User_A2Q6LE3J7YTNH5,ES
6989a4e910805f5685d70b8f,User_A17SXDYBCXTLY6,DE
6989a4e910805f5685d70b90,User_A2A69K4VED60Z5,FR
6989a4e910805f5685d70b91,User_A3V50W5FIX3GQG,DE
6989a4e910805f5685d70b92,User_AH5ZICV6D7KYF,FR
6989a4e910805f5685d70b93,User_A1DDQSJJ1ZN81I,CA
6989a4e910805f5685d70b94,User_A3PM6M7X1GH200,US
6989a4e910805f5685d70b95,User_15425,FR
6989a4e910805f5685d70b96,User_A2FGQY1720AB1W,CA
6989a4e910805f5685d70b97,User_A16E38FUTQOWRY,ES
6989a4e910805f5685d70b98,User_A2HC6CIRSGU1VG,FR
6989a4e910805f5685d70b99,User_A1QUC2PK1TTNAL,CA
6989a4e910805f5685d70b9a,User_A39OUMX1UKN11M,CA
6989a4e910805f5685d70b9b,User_A1AIJUCU29SMXE,GB
6989a4e910805f5685d70b9c,User_ATFMW4PHXOQYG,GB
6989a4e910805f5685d70b9d,User_277838,CA
6989a4e910805f5685d70b9e,User_A2BHMJK7VXPLFP,FR
6989a4e910805f5685d70b9f,User_A2RIGBC4E450NN,IT
6989a4e910805f5685d70ba0,User_A2WUZLTE24ASEQ,FR
6989a4e910805f5685d70ba1,User_A15V4YOECE8RV2,ES
6989a4e910805f5685d70ba2,User_7236,CA
6989a4e910805f5685d70ba3,User_A4X0IJXFZSYW6,GB
6989a4e910805f5685d70ba4,User_A1Y7FBMUHACQVV,FR
6989a4e910805f5685d70ba5,User_A3QMZFDE852JF6,IT
6989a4e910805f5685d70ba6,User_A22Y508U2QOLZ9,ES
6989a4e910805f5685d70ba7,User_AV2KKR5XM0JTT,CA
6989a4e910805f5685d70ba8,User_A3L64DZQ34TKOE,ES
6989a4e910805f5685d70ba9,User_A2NXNEEFTWUYP,IT
6989a4e910805f5685d70baa,User_AM4DMU7FY3XLK,DE
6989a4e910805f5685d70bab,User_A334LX1K3H30CI,ES
6989a4e910805f5685d70bac,User_A22CN6T98WY8ZZ,IT
6989a4e910805f5685d70bad,User_A271SSECTHP9VK,FR
6989a4e910805f5685d70bae,User_A2KKSCJJ0XW97E,DE
6989a4e910805f5685d70baf,User_A8EEUNKF7CAX7,CA
6989a4e910805f5685d70bb0,User_A2S0YG1Q1U7IOK,FR
6989a4e910805f5685d70bb1,User_A35MS0L0SMJI4,FR
6989a4e910805f5685d70bb2,User_A12NB3IRF4M53J,ES
6989a4e910805f5685d70bb3,User_A2RJ0G4ZV1JFHF,DE
6989a4e910805f5685d70bb4,User_A3NTPT7AB2GRJJ,FR
6989a4e910805f5685d70bb5,User_A1L353E2BIQP4V,US
6989a4e910805f5685d70bb6,User_A2ZT44OC4PE716,DE
6989a4e910805f5685d70bb7,User_9289,GB
6989a4e910805f5685d70bb8,User_A4DCULXHEKLH9,CA
6989a4e910805f5685d70bb9,User_A1LR6767DXVB6E,US
6989a4e910805f5685d70bba,User_AEVPEMJM15AK0,DE
6989a4e910805f5685d70bbb,User_A2S472284DOKRC,CA
6989a4e910805f5685d70bbc,User_A1W2I5Z0MXNI2,DE
6989a4e910805f5685d70bbd,User_6103,FR
6989a4e910805f5685d70bbe,User_A12466P9HZ9JJ5,IT
6989a4e910805f5685d70bbf,User_A2V84H9DFR1PP8,FR
6989a4e910805f5685d70bc0,User_A19N92TQS8YDT4,DE
6989a4e910805f5685d70bc1,User_A3VL5VNNBKDE53,DE
6989a4e910805f5685d70bc2,User_A3KVA1IU07RVU6,CA
6989a4e910805f5685d70bc3,User_A1VHGPLLYUF30E,ES
6989a4e910805f5685d70bc4,User_A1WZP5X35LFNH,GB
6989a4e910805f5685d70bc5,User_AEXKQUZK2J6C,CA
6989a4e910805f5685d70bc6,User_10685,DE
6989a4e910805f5685d70bc7,User_A16JTNAEKD139I,ES
6989a4e910805f5685d70bc8,User_A3O452Z9IV3GAW,IT
6989a4e910805f5685d70bc9,User_A232XEMVE3KJAO,GB
6989a4e910805f5685d70bca,User_A1VV7CYDH0UWYB,GB
6989a4e910805f5685d70bcb,User_AQBU2TKOLGP25,FR
6989a4e910805f5685d70bcc,User_A1YW8B6I3LBM2V,US
6989a4e910805f5685d70bcd,User_A7T00D83Q1K0,CA
6989a4e910805f5685d70bce,User_AXLAYEWZ5WMHM,FR
6989a4e910805f5685d70bcf,User_18604,CA
6989a4e910805f5685d70bd0,User_A3IXZYQLARBFRB,FR
6989a4e910805f5685d70bd1,User_A67XTK4CVOK2C,DE
6989a4e910805f5685d70bd2,User_A23K8XTQWF2Q0V,DE
6989a4e910805f5685d70bd3,User_A33NFDBM3NTOKP,CA
6989a4e910805f5685d70bd4,User_A3C5DQD08PREP2,FR
6989a4e910805f5685d70bd5,User_A3EJX7CPR4DMK7,CA
6989a4e910805f5685d70bd6,User_A3B4G8FF8VC1V3,FR
6989a4e910805f5685d70bd7,User_A3ON979F98G0NE,FR
6989a4e910805f5685d70bd8,User_16451,CA
6989a4e910805f5685d70bd9,User_A15OG4OVFZ3IEN,IT
6989a4e910805f5685d70bda,User_A2SDPWVWMAGUYV,GB
6989a4e910805f5685d70bdb,User_A1DL9I5ZJ0AAJW,IT
6989a4e910805f5685d70bdc,User_A19EMH48K859AB,ES
6989a4e910805f5685d70bdd,User_A3DII698XLNK94,ES
6989a4e910805f5685d70bde,User_A3ILCIQ6YPHSXQ,US
6989a4e910805f5685d70bdf,User_A2LQFX5LSQ8EH5,DE
6989a4e910805f5685d70be0,User_APBA7Y4SINS0H,IT
6989a4e910805f5685d70be1,User_A30KRHN1XB68QL,CA
6989a4e910805f5685d70be2,User_A33RB6KVTXXBZ7,CA
6989a4e910805f5685d70be3,User_A3HHA5I291DHRM,IT
6989a4e910805f5685d70be4,User_18173,ES
6989a4e910805f5685d70be5,User_A1A2KB2CZOBQCE,US
6989a4e910805f5685d70be6,User_A1TLINDT05BSFX,ES
6989a4e910805f5685d70be7,User_ASZ8QN5QDH8YC,IT
6989a4e910805f5685d70be8,User_A2MMHXKIF9LGVO,US
6989a4e910805f5685d70be9,User_A3OKA8LNJH657J,IT
6989a4e910805f5685d70bea,User_A1LYJR8RGQENPN,DE
6989a4e910805f5685d70beb,User_A3BKJBLJIK0VKQ,IT
6989a4e910805f5685d70bec,User_A3J352PEWWV5X5,FR
6989a4e910805f5685d70bed,User_A2HSAPZ7TVXFID,ES
6989a4e910805f5685d70bee,User_A2RQMI8AGCBMFR,DE
6989a4e910805f5685d70bef,User_A243RJRMVZR00S,CA
6989a4e910805f5685d70bf0,User_A25TQ2SHKOFCSP,ES
6989a4e910805f5685d70bf1,User_16144,US
6989a4e910805f5685d70bf2,User_19635,IT
6989a4e910805f5685d70bf3,User_A1HG68Z49XWZS4,ES
6989a4e910805f5685d70bf4,User_ADO0HECDX03F,US
6989a4e910805f5685d70bf5,User_A37G3T02MEGP1O,DE
6989a4e910805f5685d70bf6,User_A2ZO3FYP7QNJ7,FR
6989a4e910805f5685d70bf7,User_A1XABUCB2WTVYD,GB
6989a4e910805f5685d70bf8,User_A17O25M2WBLXXP,CA
6989a4e910805f5685d70bf9,User_A2GGFPJ92QNSHK,GB
6989a4e910805f5685d70bfa,User_A3CJ2VH56T4TCW,CA
6989a4e910805f5685d70bfb,User_A3MHF3I0J5GRTU,ES
6989a4e910805f5685d70bfc,User_A3EK0J9TF1FMO1,CA
6989a4e910805f5685d70bfd,User_A3V65D93RE3GY3,DE
6989a4e910805f5685d70bfe,User_A37OW83JBUFD37,IT
6989a4e910805f5685d70bff,User_A2JAZ9MEEE9UCN,IT
6989a4e910805f5685d70c00,User_13380,US
6989a4e910805f5685d70c01,User_A9W0PGWEXO7WD,FR
6989a4e910805f5685d70c02,User_A118SQSJ4RK48I,ES
6989a4e910805f5685d70c03,User_A3DB49YRJJ2B4M,IT
6989a4e910805f5685d70c04,User_A7OM80F804A1U,FR
6989a4e910805f5685d70c05,User_A371Q2EW68AEYG,US
6989a4e910805f5685d70c06,User_A299L0SI95W35D,ES
6989a4e910805f5685d70c07,User_ABUT0XRIVPGHG,US
6989a4e910805f5685d70c08,User_A3N5T9885KKRMA,US
6989a4e910805f5685d70c09,User_A3N10W4T5GBPR2,GB
6989a4e910805f5685d70c0a,User_A3ALGTMKWC15MY,DE
6989a4e910805f5685d70c0b,User_A3401TVR2FERBL,US
6989a4e910805f5685d70c0c,User_A2FY0VCZUIR3J,ES
6989a4e910805f5685d70c0d,User_AS8O4UQ26KV85,IT
6989a4e910805f5685d70c0e,User_A27GRAGDTE4M2,CA
6989a4e910805f5685d70c0f,User_A1BSQRAF4WMMTO,IT
6989a4e910805f5685d70c10,User_A1VIK19S9OJRAL,FR
6989a4e910805f5685d70c11,User_A2P6DAEUTTWF5I,US
6989a4e910805f5685d70c12,User_A39IQYNQK91G2Z,CA
6989a4e910805f5685d70c13,User_AY3LDU1671ZST,CA
6989a4e910805f5685d70c14,User_A1X7OD9IK37CDP,US
6989a4e910805f5685d70c15,User_A2Y47HN5IP85J,GB
6989a4e910805f5685d70c16,User_A18JYAV3ZWUVNZ,GB
6989a4e910805f5685d70c17,User_A2TFXCNNZLQWKD,US
6989a4e910805f5685d70c18,User_AT9LOUA93LHJ3,IT
6989a4e910805f5685d70c19,User_A3TYJ3DDFWY6W9,ES
6989a4e910805f5685d70c1a,User_A1MS1X9ELZBV4J,FR
6989a4e910805f5685d70c1b,User_A1MTFE2NUIHXGS,FR
6989a4e910805f5685d70c1c,User_A10K7QBLLN6VLE,GB
6989a4e910805f5685d70c1d,User_ALB9086PLUOEP,GB
6989a4e910805f5685d70c1e,User_A1GEKERT89NB4D,FR
6989a4e910805f5685d70c1f,User_A1VOC4ZDUO194X,FR
6989a4e910805f5685d70c20,User_A36EJ1L5WG7JGP,IT
6989a4e910805f5685d70c21,User_A38H79QYV8JYEJ,ES
6989a4e910805f5685d70c22,User_A22BY7QD5OMJET,DE
6989a4e910805f5685d70c23,User_AUEABY7LP441F,US
6989a4e910805f5685d70c24,User_A3DJAIZWYVQ49E,DE
6989a4e910805f5685d70c25,User_A2RBZTLZN9WOLF,GB
6989a4e910805f5685d70c26,User_A1C7IHXOG9CHCZ,DE
6989a4e910805f5685d70c27,User_A30L3P0LRDLZ4O,IT
6989a4e910805f5685d70c28,User_A2W1QO5N87F0GZ,FR
6989a4e910805f5685d70c29,User_A29PL6NS1EQLWZ,FR
6989a4e910805f5685d70c2a,User_A31748SXZ7N2UN,ES
6989a4e910805f5685d70c2b,User_A2ZO722N70UH8,CA
6989a4e910805f5685d70c2c,User_A2YHPQVWBSS2D7,GB
6989a4e910805f5685d70c2d,User_A239TZ75JXAPRV,CA
6989a4e910805f5685d70c2e,User_3569,FR
6989a4e910805f5685d70c2f,User_A1FX7FA7TAA57G,ES
6989a4e910805f5685d70c30,User_7125,GB
6989a4e910805f5685d70c31,User_A1SH775PEUTKZ7,GB
6989a4e910805f5685d70c32,User_A2XQWOO66LRK3Y,FR
6989a4e910805f5685d70c33,User_A1WDKCCIAEUJ9K,IT
6989a4e910805f5685d70c34,User_22811,ES
6989a4e910805f5685d70c35,User_A3F0HD4WV97Z75,DE
6989a4e910805f5685d70c36,User_A3CUY2IL4LPUZ9,US
6989a4e910805f5685d70c37,User_AMB6YJZ3EJ6NQ,IT
6989a4e910805f5685d70c38,User_14500,IT
6989a4e910805f5685d70c39,User_6712,GB
6989a4e910805f5685d70c3a,User_A75W9DPRQ4F08,CA
6989a4e910805f5685d70c3b,User_A27XFISF3HNKT2,IT
6989a4e910805f5685d70c3c,User_AVWWFK3FZDEL2,DE
6989a4e910805f5685d70c3d,User_A10JJ5Y0WFGSDJ,CA
6989a4e910805f5685d70c3e,User_A18Q1I4W1HVSTW,US
6989a4e910805f5685d70c3f,User_AGAB7S2W7MNZU,DE
6989a4e910805f5685d70c40,User_ALSCPMYL89QHO,ES
6989a4e910805f5685d70c41,User_A98QIKETCIJFV,ES
6989a4e910805f5685d70c42,User_A3UDLGGN1728LI,ES
6989a4e910805f5685d70c43,User_A2EIGPDBWMSFEH,US
6989a4e910805f5685d70c44,User_A141FYGKEQTATY,ES
6989a4e910805f5685d70c45,User_AE2CK80H5KLIW,FR
6989a4e910805f5685d70c46,User_A3ODVVP9XO42L,US
6989a4e910805f5685d70c47,User_21396,DE
6989a4e910805f5685d70c48,User_A347VN4BXQ05RC,IT
6989a4e910805f5685d70c49,User_A1TX01W2D2KTAX,CA
6989a4e910805f5685d70c4a,User_A2MCE1UOZBECKM,US
6989a4e910805f5685d70c4b,User_ANBHV6XTRS177,DE
6989a4e910805f5685d70c4c,User_A1YTPLC7173H5T,FR
6989a4e910805f5685d70c4d,User_A1QILMVU64EDGA,CA
6989a4e910805f5685d70c4e,User_A1PA3K17G4MEL2,ES
6989a4e910805f5685d70c4f,User_A3JDPKCZ4UUAGX,DE
6989a4e910805f5685d70c50,User_A2P082XGYISEOX,CA
6989a4e910805f5685d70c51,User_A2OUEHVJXR4OQJ,FR
6989a4e910805f5685d70c52,User_A2IIKGRMWNBWW0,IT
6989a4e910805f5685d70c53,User_AVGX7M9IFFLDV,DE
6989a4e910805f5685d70c54,User_A132OG4NF0YHDC,GB
6989a4e910805f5685d70c55,User_ABNI9YD07CRUV,ES
6989a4e910805f5685d70c56,User_A1LB3QFH4O7693,ES
6989a4e910805f5685d70c57,User_A2DSSXQ7VSBT05,DE
6989a4e910805f5685d70c58,User_A2HGR1TVQE2L9R,CA
6989a4e910805f5685d70c59,User_A2B1KICX3RPRX3,DE
6989a4e910805f5685d70c5a,User_A1R9BCV1SCGJNA,CA
6989a4e910805f5685d70c5b,User_A325DCODG9ZRWC,IT
6989a4e910805f5685d70c5c,User_A2LT8F8UDP1LA1,CA
6989a4e910805f5685d70c5d,User_10696,ES
6989a4e910805f5685d70c5e,User_A20UHWR387EFAG,DE
6989a4e910805f5685d70c5f,User_AZZ62P5IEIKLC,IT
6989a4e910805f5685d70c60,User_A2YM3IOWFUL276,CA
6989a4e910805f5685d70c61,User_A17G6NAWE2F72F,CA
6989a4e910805f5685d70c62,User_A3484BF2JB236Z,CA
6989a4e910805f5685d70c63,User_A12RI2CLUGCZ26,ES
6989a4e910805f5685d70c64,User_A32N7ZMLWDYU3J,GB
6989a4e910805f5685d70c65,User_A10O9OCP1IH953,ES
6989a4e910805f5685d70c66,User_AQC3T4NFVZB0S,GB
6989a4e910805f5685d70c67,User_A2NXFXXV1132E3,DE
6989a4e910805f5685d70c68,User_A2X2ZYF88JILU8,FR
6989a4e910805f5685d70c69,User_A285O66LTOL1P8,US
6989a4e910805f5685d70c6a,User_A20Z1W87Q8B1O7,ES
6989a4e910805f5685d70c6b,User_APP0P958SKV1U,ES
6989a4e910805f5685d70c6c,User_A2ZH1IW7MGB1VZ,GB
6989a4e910805f5685d70c6d,User_A3684EUAEHIV67,FR
6989a4e910805f5685d70c6e,User_ABHE227Z81QD6,ES
6989a4e910805f5685d70c6f,User_A39JBIRWJU1KDD,CA
6989a4e910805f5685d70c70,User_A19XE6G6NDZFPS,ES
6989a4e910805f5685d70c71,User_A1IS84NOGH1DV6,IT
6989a4e910805f5685d70c72,User_16562,FR
6989a4e910805f5685d70c73,User_A2VGGVZTNLY0BM,CA
6989a4e910805f5685d70c74,User_A3HTKV1AW14EDB,CA
6989a4e910805f5685d70c75,User_A2M4YJ7ANBGYKD,CA
6989a4e910805f5685d70c76,User_A3TZ69DCSP0D9J,IT
6989a4e910805f5685d70c77,User_ATH6652Y71A39,US
6989a4e910805f5685d70c78,User_A2CGUPEMW148KQ,FR
6989a4e910805f5685d70c79,User_A2QHPRU1NIOV00,US
6989a4e910805f5685d70c7a,User_A1LBCQ3GDS24EZ,CA
6989a4e910805f5685d70c7b,User_A1NTT2YHD0NO90,CA
6989a4e910805f5685d70c7c,User_9580,IT
6989a4e910805f5685d70c7d,User_AEUBLQRWL9CEJ,ES
6989a4e910805f5685d70c7e,User_A3EM98NS8IQHG5,DE
6989a4e910805f5685d70c7f,User_ABNY30EPWW5FL,GB
6989a4e910805f5685d70c80,User_A48C8M5OM9ETJ,US
6989a4e910805f5685d70c81,User_19858,CA
6989a4e910805f5685d70c82,User_A3RSTRLBBP5QYB,DE
6989a4e910805f5685d70c83,User_A1MG4D0ZVDHP1E,GB
6989a4e910805f5685d70c84,User_A2CDWCWJF201R7,CA
6989a4e910805f5685d70c85,User_A2TA59QW25CGXO,IT
6989a4e910805f5685d70c86,User_A3GP5YP52BD4EX,CA
6989a4e910805f5685d70c87,User_A35V6ZTTJKVEG4,CA
6989a4e910805f5685d70c88,User_A3O4D0GF3FISU6,GB
6989a4e910805f5685d70c89,User_A3QYE304L26JWM,CA
6989a4e910805f5685d70c8a,User_9735,FR
6989a4e910805f5685d70c8b,User_A3FQUEWFY01C6C,IT
6989a4e910805f5685d70c8c,User_A3DA8LQIR8Z3GS,US
6989a4e910805f5685d70c8d,User_A3NIFV8E08DA11,DE
6989a4e910805f5685d70c8e,User_A2ZWTG3YPCH1XF,FR
6989a4e910805f5685d70c8f,User_A3HBPW7L598WUC,IT
6989a4e910805f5685d70c90,User_2163,DE
6989a4e910805f5685d70c91,User_A94A102KR799J,CA
6989a4e910805f5685d70c92,User_A3I9UWZGWW8PCQ,GB
6989a4e910805f5685d70c93,User_A16DN0N6U2K1WU,DE
6989a4e910805f5685d70c94,User_A1TMYDSDTFY7SQ,CA
6989a4e910805f5685d70c95,User_A25UWYG38UIHF6,DE
6989a4e910805f5685d70c96,User_A1GLXH08287W8F,ES
6989a4e910805f5685d70c97,User_A375I4FJ4BSF9N,FR
6989a4e910805f5685d70c98,User_11551,ES
6989a4e910805f5685d70c99,User_8963,IT
6989a4e910805f5685d70c9a,User_A34B51EQ1P42B7,CA
6989a4e910805f5685d70c9b,User_A3MA5L7HGC6Y0V,CA
6989a4e910805f5685d70c9c,User_A2FZ5IA3JXC8TG,US
6989a4e910805f5685d70c9d,User_A3J5D4G6GYMTGW,IT
6989a4e910805f5685d70c9e,User_A8OL6QVBBSS5,US
6989a4e910805f5685d70c9f,User_A89F2S9YAC1K2,ES
6989a4e910805f5685d70ca0,User_A12J4XJVRT8756,ES
6989a4e910805f5685d70ca1,User_A17UCHSMWI8USS,FR
6989a4e910805f5685d70ca2,User_A2BM531UWB2P31,US
6989a4e910805f5685d70ca3,User_22922,IT
6989a4e910805f5685d70ca4,User_A6CWGCL569PTF,GB
6989a4e910805f5685d70ca5,User_A3SYIMHQ28H3M5,FR
6989a4e910805f5685d70ca6,User_A1RJFU2LTMWZ20,ES
6989a4e910805f5685d70ca7,User_A7DYRRZP803XX,CA
6989a4e910805f5685d70ca8,User_ACWMA13EPVVZC,US
6989a4e910805f5685d70ca9,User_A68JOU4GHD820,US
6989a4e910805f5685d70caa,User_A29QDLEFXI4FI4,US
6989a4e910805f5685d70cab,User_AN2WCDXNBRQC8,IT
6989a4e910805f5685d70cac,User_A27IHH37PC8QRX,IT
6989a4e910805f5685d70cad,User_A2MTY9DD0EWROV,FR
6989a4e910805f5685d70cae,User_A22HXJG2RTW2QO,CA
6989a4e910805f5685d70caf,User_A6TEKUOUPMC4F,FR
6989a4e910805f5685d70cb0,User_ATWKLIZ59VVU2,IT
6989a4e910805f5685d70cb1,User_A2PQPXQQPVEV7L,GB
6989a4e910805f5685d70cb2,User_A27ZPLZ9BQGJKJ,US
6989a4e910805f5685d70cb3,User_A7IAUA7JQ1OHD,CA
6989a4e910805f5685d70cb4,User_A1MPGTZWMI7EII,CA
6989a4e910805f5685d70cb5,User_A3BCD9MSTZZNKN,CA
6989a4e910805f5685d70cb6,User_12036,DE
6989a4e910805f5685d70cb7,User_A2L80SJ97JHSHW,GB
6989a4e910805f5685d70cb8,User_A1NR0N37B7LKIF,CA
6989a4e910805f5685d70cb9,User_A1DY1IV7Q1XJPU,FR
6989a4e910805f5685d70cba,User_AK7GJEM6QPBBC,US
6989a4e910805f5685d70cbb,User_A8YXWVFW27UGC,IT
6989a4e910805f5685d70cbc,User_A1V6ZWXG8CCYIE,GB
6989a4e910805f5685d70cbd,User_A2J56QVPUL9A8U,ES
6989a4e910805f5685d70cbe,User_13838,US
6989a4e910805f5685d70cbf,User_A2XK9SYEZ39NIF,US
6989a4e910805f5685d70cc0,User_A3F7RHVPZ3I75,CA
6989a4e910805f5685d70cc1,User_A394PYJPNJFNB8,FR
6989a4e910805f5685d70cc2,User_A1I5011IVCX4DA,FR
6989a4e910805f5685d70cc3,User_20860,ES
6989a4e910805f5685d70cc4,User_A3QHOXH2SDBAOC,IT
6989a4e910805f5685d70cc5,User_A1LWOPP1TRHPH5,IT
6989a4e910805f5685d70cc6,User_6568,DE
6989a4e910805f5685d70cc7,User_A18CHRMKWARM4M,CA
6989a4e910805f5685d70cc8,User_AH43FM2W2H09D,US
6989a4e910805f5685d70cc9,User_A10694BB51RX8R,DE
6989a4e910805f5685d70cca,User_A1ITD2MLP39DLS,FR
6989a4e910805f5685d70ccb,User_10686,GB
6989a4e910805f5685d70ccc,User_A154AOSS5N8V4A,CA
6989a4e910805f5685d70ccd,User_A3PDEOTSZYTUJL,FR
6989a4e910805f5685d70cce,User_A3GEXQTSWGZLU3,IT
6989a4e910805f5685d70ccf,User_A2I1R0YMJJ8WB1,GB
6989a4e910805f5685d70cd0,User_A3JLP7AJI3SVQD,FR
6989a4e910805f5685d70cd1,User_A39IJR6M9U7C5N,DE
6989a4e910805f5685d70cd2,User_A26MVLLMLG3Q8B,FR
6989a4e910805f5685d70cd3,User_22718,ES
6989a4e910805f5685d70cd4,User_A3ISFNQ9FJSPFP,IT
6989a4e910805f5685d70cd5,User_A3GEWOMLKGPO7U,IT
6989a4e910805f5685d70cd6,User_A2SU8NNA5SSUSY,GB
6989a4e910805f5685d70cd7,User_A1AB8T2NSB5179,GB
6989a4e910805f5685d70cd8,User_AUA3LWQQNL2Q8,IT
6989a4e910805f5685d70cd9,User_A3P16GIKW1NQD2,CA
6989a4e910805f5685d70cda,User_A1VLBL851BX43L,ES
6989a4e910805f5685d70cdb,User_A2S8XWKAQOEY7T,FR
6989a4e910805f5685d70cdc,User_A155X6KYOPQEZ5,DE
6989a4e910805f5685d70cdd,User_A2YP97AHCTTA8S,US
6989a4e910805f5685d70cde,User_A233TLWYXFKAAQ,US
6989a4e910805f5685d70cdf,User_A2756JOQFCU7X8,GB
6989a4e910805f5685d70ce0,User_A1OGVA0G22REQC,DE
6989a4e910805f5685d70ce1,User_A1GVUU3SDMAHS7,GB
6989a4e910805f5685d70ce2,User_A3FMTRBCG5554L,ES
6989a4e910805f5685d70ce3,User_A3LLEFT9X3EVFS,GB
6989a4e910805f5685d70ce4,User_ARB6UBBJ1BDE5,ES
6989a4e910805f5685d70ce5,User_ANFF96DQBYF7V,ES
6989a4e910805f5685d70ce6,User_1355,ES
6989a4e910805f5685d70ce7,User_15591,DE
6989a4e910805f5685d70ce8,User_ANE99IRZUBB6X,US
6989a4e910805f5685d70ce9,User_A2UUWXO7QKOHMU,GB
6989a4e910805f5685d70cea,User_A3S401I3Q1L71D,DE
6989a4e910805f5685d70ceb,User_AB6QU8DLMPCSB,ES
6989a4e910805f5685d70cec,User_12702,GB
6989a4e910805f5685d70ced,User_APM2K67D7CCN5,FR
6989a4e910805f5685d70cee,User_849,DE
6989a4e910805f5685d70cef,User_A10OMQK3ZT67YC,IT
6989a4e910805f5685d70cf0,User_A1AEUDETRROW5X,ES
6989a4e910805f5685d70cf1,User_A3PHJJRDXFMVSR,GB
6989a4e910805f5685d70cf2,User_A2VZKVFIEOU1R8,IT
6989a4e910805f5685d70cf3,User_AT6YSILGKDU15,ES
6989a4e910805f5685d70cf4,User_A3M3QPDGOZ8BV7,IT
6989a4e910805f5685d70cf5,User_19217,ES
6989a4e910805f5685d70cf6,User_A13YFQN1OMS0O2,FR
6989a4e910805f5685d70cf7,User_A1A372YTVE12F4,DE
6989a4e910805f5685d70cf8,User_16425,GB
6989a4e910805f5685d70cf9,User_5956,ES
6989a4e910805f5685d70cfa,User_14374,US
6989a4e910805f5685d70cfb,User_AZ9XBM9EBAMYP,US
6989a4e910805f5685d70cfc,User_A1MRPX3RM48T2I,FR
6989a4e910805f5685d70cfd,User_A2WR7YNOD9HYP6,ES
6989a4e910805f5685d70cfe,User_A2FKFIKJFM8WQ,ES
6989a4e910805f5685d70cff,User_AUUUMK9XBDFS3,IT
6989a4e910805f5685d70d00,User_A11PF37WPF5RZU,DE
6989a4e910805f5685d70d01,User_A3RUH2QVT6Y4N,IT
6989a4e910805f5685d70d02,User_12112,DE
6989a4e910805f5685d70d03,User_3005,ES
6989a4e910805f5685d70d04,User_AR3HMLMATE0G6,GB
6989a4e910805f5685d70d05,User_A22GM88D9DLDK7,IT
6989a4e910805f5685d70d06,User_A37GKUXVB5C9RO,FR
6989a4e910805f5685d70d07,User_A28C7ZZLDBIX27,ES
6989a4e910805f5685d70d08,User_A28FE7IVK8OIWX,CA
6989a4e910805f5685d70d09,User_A1T65NC1RMLWZM,ES
6989a4e910805f5685d70d0a,User_A14WNNL05MQUQD,GB
6989a4e910805f5685d70d0b,User_A366K6G0ISLX7Q,ES
6989a4e910805f5685d70d0c,User_A20O60T561ZU1C,IT
6989a4e910805f5685d70d0d,User_18789,DE
6989a4e910805f5685d70d0e,User_ALA6Y9HIZ8XZU,US
6989a4e910805f5685d70d0f,User_A3CM2S1VTP4DYY,FR
6989a4e910805f5685d70d10,User_10924,GB
6989a4e910805f5685d70d11,User_A1ZZW9RNNWKZGK,US
6989a4e910805f5685d70d12,User_A12V2X9B5ID08Q,FR
6989a4e910805f5685d70d13,User_AISKMS9X8HG5F,GB
6989a4e910805f5685d70d14,User_20306,ES
6989a4e910805f5685d70d15,User_A5A7UPN1B94AO,ES
6989a4e910805f5685d70d16,User_A1MFT4046N8Q6T,US
6989a4e910805f5685d70d17,User_A28R7KZTV1FJ6Z,DE
6989a4e910805f5685d70d18,User_A39BUO22NDTAAP,ES
6989a4e910805f5685d70d19,User_A1KIN4BQIG70NA,DE
6989a4e910805f5685d70d1a,User_A2DV7S5BASNWGT,ES
6989a4e910805f5685d70d1b,User_A3M4JQAYBN38KJ,ES
6989a4e910805f5685d70d1c,User_AXOD2GUUUXDJ5,ES
6989a4e910805f5685d70d1d,User_AQ9KLFFTXDOM4,ES
6989a4e910805f5685d70d1e,User_A2A0LQLF65XT5Q,IT
6989a4e910805f5685d70d1f,User_AG74IEOK19VZX,IT
6989a4e910805f5685d70d20,User_A12APJ5I2MO3V,FR
6989a4e910805f5685d70d21,User_A32B6XWNR55SRL,CA
6989a4e910805f5685d70d22,User_A256ZNBFST5TOW,CA
6989a4e910805f5685d70d23,User_A22S6W6BXWCYS1,GB
6989a4e910805f5685d70d24,User_A2ZXCQO9FVUX0I,CA
6989a4e910805f5685d70d25,User_A1TUT1PGWOTJOV,ES
6989a4e910805f5685d70d26,User_ASPS4QFMRE9D8,CA
6989a4e910805f5685d70d27,User_A2MUL038JPMOIZ,US
6989a4e910805f5685d70d28,User_6801,DE
6989a4e910805f5685d70d29,User_A1JULUVB0YLZI2,ES
6989a4e910805f5685d70d2a,User_A6SIE8EMNCFJ5,DE
6989a4e910805f5685d70d2b,User_A1I5VMLGVZQXJF,ES
6989a4e910805f5685d70d2c,User_A21TLF5B488LU3,CA
6989a4e910805f5685d70d2d,User_A2KZA053K4PZV7,GB
6989a4e910805f5685d70d2e,User_A2YD6ZPUDWW1I5,IT
6989a4e910805f5685d70d2f,User_A2SMCF1KNYVPOX,DE
6989a4e910805f5685d70d30,User_A1S9XK4ABJ4786,FR
6989a4e910805f5685d70d31,User_A1XE2JOZZKMEG6,GB
6989a4e910805f5685d70d32,User_A153E7MDH1V2RG,GB
6989a4e910805f5685d70d33,User_A2WKPLEN6TK00H,ES
6989a4e910805f5685d70d34,User_A2Y2JLDJV8PPWG,FR
6989a4e910805f5685d70d35,User_A265N7FTYSNKFB,US
6989a4e910805f5685d70d36,User_AEU5ALFBN9WFM,DE
6989a4e910805f5685d70d37,User_ASO82SSUBBOH3,IT
6989a4e910805f5685d70d38,User_AY2KH2PY1JD3V,DE
6989a4e910805f5685d70d39,User_8078,ES
6989a4e910805f5685d70d3a,User_A15U64VGUV6RBF,DE
6989a4e910805f5685d70d3b,User_A1OLP1BUQNICA9,ES
6989a4e910805f5685d70d3c,User_277928,US
6989a4e910805f5685d70d3d,User_APUVG6XZW5EZT,IT
6989a4e910805f5685d70d3e,User_A26H4O8ZJH6V6N,GB
6989a4e910805f5685d70d3f,User_A1ZMXRS5770YKG,US
6989a4e910805f5685d70d40,User_A2D0RXY3YCD9Y,CA
6989a4e910805f5685d70d41,User_ABQP0CNFRCNXI,DE
6989a4e910805f5685d70d42,User_A3QDAUA050WCZ4,GB
6989a4e910805f5685d70d43,User_A1RXRMCJ968ZS7,CA
6989a4e910805f5685d70d44,User_A3R5AFKW4FP0U5,US
6989a4e910805f5685d70d45,User_A6R1QVCQUG20F,US
6989a4e910805f5685d70d46,User_A13BYMICE5WIPN,IT
6989a4e910805f5685d70d47,User_AIJ8RF1MSMFYU,DE
6989a4e910805f5685d70d48,User_A1F5DQJS9B4TDA,IT
6989a4e910805f5685d70d49,User_A1BHMR3GPOODJR,GB
6989a4e910805f5685d70d4a,User_A23FWC3ZF662OU,DE
6989a4e910805f5685d70d4b,User_A3G2XNJBBVNBHP,ES
6989a4e910805f5685d70d4c,User_A24LW6K7WK71I2,CA
6989a4e910805f5685d70d4d,User_AZ9T01HS56LOV,IT
6989a4e910805f5685d70d4e,User_17969,FR
6989a4e910805f5685d70d4f,User_AQN7V85NN9T1L,US
6989a4e910805f5685d70d50,User_AY3TRME1ETLSB,FR
6989a4e910805f5685d70d51,User_AFRQK2ZVW7OLZ,IT
6989a4e910805f5685d70d52,User_7128,US
6989a4e910805f5685d70d53,User_6967,GB
6989a4e910805f5685d70d54,User_AYCM7K5FXSF2W,IT
6989a4e910805f5685d70d55,User_A3EZ1ET1WNSY2K,FR
6989a4e910805f5685d70d56,User_AVBX2XCQHSGDP,CA
6989a4e910805f5685d70d57,User_APQHTMD1BGN7R,IT
6989a4e910805f5685d70d58,User_A8KM4YOB8FGGH,FR
6989a4e910805f5685d70d59,User_A1Q6G6HKSM9KP9,FR
6989a4e910805f5685d70d5a,User_A3W2XBTRLW7ZMY,FR
6989a4e910805f5685d70d5b,User_18961,GB
6989a4e910805f5685d70d5c,User_A2OMLZK6BZRFG8,IT
6989a4e910805f5685d70d5d,User_A3KCMEJTRQHNAP,US
6989a4e910805f5685d70d5e,User_23135,DE
6989a4e910805f5685d70d5f,User_A2Z2JFJJZP3D7M,ES
6989a4e910805f5685d70d60,User_A1ENX9Z6Q3VA7P,IT
6989a4e910805f5685d70d61,User_AM9WTNRBKBOQH,US
6989a4e910805f5685d70d62,User_A2FAW0N1WHC42C,CA
6989a4e910805f5685d70d63,User_13475,DE
6989a4e910805f5685d70d64,User_A12MKZ0T3TICF3,ES
6989a4e910805f5685d70d65,User_A26H19NRS8KD6O,GB
6989a4e910805f5685d70d66,User_A1ZGM9XTGD3XGW,GB
6989a4e910805f5685d70d67,User_AFOV2K4F0MDTZ,GB
6989a4e910805f5685d70d68,User_A1AI3PPL6FH3GD,ES
6989a4e910805f5685d70d69,User_A3UBCBATB4P2Y1,FR
6989a4e910805f5685d70d6a,User_A25W3BTFUTQYE0,ES
6989a4e910805f5685d70d6b,User_6541,CA
6989a4e910805f5685d70d6c,User_AS436K9WIJGZ3,IT
6989a4e910805f5685d70d6d,User_A1A5AC7IGJF7QW,CA
6989a4e910805f5685d70d6e,User_A35KQ4M525CA29,DE
6989a4e910805f5685d70d6f,User_A2G3Q6JXE969XW,US
6989a4e910805f5685d70d70,User_A2XQG8KISMUX1G,US
6989a4e910805f5685d70d71,User_15588,FR
6989a4e910805f5685d70d72,User_A2H4JEQFP8GSBK,ES
6989a4e910805f5685d70d73,User_A15ELHTAARHWGQ,DE
6989a4e910805f5685d70d74,User_20627,US
6989a4e910805f5685d70d75,User_A2EKYPG6OVK5E9,ES
6989a4e910805f5685d70d76,User_A3S6C68LLJBT01,ES
6989a4e910805f5685d70d77,User_A2BW1NS8PZPIAZ,US
6989a4e910805f5685d70d78,User_A3ABQGSTID43AK,FR
6989a4e910805f5685d70d79,User_A1UF7LO7RDMU77,ES
6989a4e910805f5685d70d7a,User_A1SJ8H0TMM9NTY,FR
6989a4e910805f5685d70d7b,User_A2EZ03EYRDSWTH,GB
6989a4e910805f5685d70d7c,User_A1HWV27B1TMTLC,GB
6989a4e910805f5685d70d7d,User_A1PQRSBOZPYPQR,ES
6989a4e910805f5685d70d7e,User_AAJ0GVQCM7Q1X,US
6989a4e910805f5685d70d7f,User_A16C3MFXYDLKC5,DE
6989a4e910805f5685d70d80,User_A2UKL74SNQC45W,FR
6989a4e910805f5685d70d81,User_AXGLO1YFBELKG,US
6989a4e910805f5685d70d82,User_A1Z65Y634L7V7W,US
6989a4e910805f5685d70d83,User_A2R30MMKZS8WMF,DE
6989a4e910805f5685d70d84,User_ALJGR3GX64LJM,US
6989a4e910805f5685d70d85,User_A2O71OLQIVGNQE,IT
6989a4e910805f5685d70d86,User_A2O7FFTDI99MVZ,GB
6989a4e910805f5685d70d87,User_A3A0ALK4NZSEH1,IT
6989a4e910805f5685d70d88,User_7708,US
6989a4e910805f5685d70d89,User_19025,CA
6989a4e910805f5685d70d8a,User_A2FGS142RT79CJ,US
6989a4e910805f5685d70d8b,User_AENCELJ9GOFWG,GB
6989a4e910805f5685d70d8c,User_A1H35GRD4J1YY1,DE
6989a4e910805f5685d70d8d,User_A35GHITTG3WX7E,FR
6989a4e910805f5685d70d8e,User_A3JN7VHZ0HQ013,FR
6989a4e910805f5685d70d8f,User_17305,ES
6989a4e910805f5685d70d90,User_A15HXRL3BNYIDU,GB
6989a4e910805f5685d70d91,User_A1AV32Q6I8M1LX,ES
6989a4e910805f5685d70d92,User_A1B4K8HNXEOU8A,GB
6989a4e910805f5685d70d93,User_A1X38086553UW5,US
6989a4e910805f5685d70d94,User_A105E427BB6J65,DE
6989a4e910805f5685d70d95,User_A2F02DV66444PD,DE
6989a4e910805f5685d70d96,User_AV60JW3JJX4N7,DE
6989a4e910805f5685d70d97,User_A20M864JV0PO61,CA
6989a4e910805f5685d70d98,User_ADZRR1LGXI0B,DE
6989a4e910805f5685d70d99,User_A12YMHP9Q26DXB,GB
6989a4e910805f5685d70d9a,User_AKGWDQME9XPP,GB
6989a4e910805f5685d70d9b,User_AS94MKUPE9Q8Q,ES
6989a4e910805f5685d70d9c,User_AN5NGHQ6W4VAW,DE
6989a4e910805f5685d70d9d,User_A2H2MZV7SBVLT1,ES
6989a4e910805f5685d70d9e,User_AFIN7JB27YWXT,ES
6989a4e910805f5685d70d9f,User_A6XPG6BM6CZIS,GB
6989a4e910805f5685d70da0,User_A10STJR7P3AHPP,ES
6989a4e910805f5685d70da1,User_AZBT084ZOBCV8,FR
6989a4e910805f5685d70da2,User_22633,US
6989a4e910805f5685d70da3,User_277124,CA
6989a4e910805f5685d70da4,User_A2P82VXUWA6TJD,GB
6989a4e910805f5685d70da5,User_A1BK2N1EN39989,ES
6989a4e910805f5685d70da6,User_A1R602SXNGOMJ4,IT
6989a4e910805f5685d70da7,User_A2TJ7UQA1VS3DY,CA
6989a4e910805f5685d70da8,User_A3H3NRG2RHXU4B,IT
6989a4e910805f5685d70da9,User_A4DN3F628SEGR,GB
6989a4e910805f5685d70daa,User_18565,FR
6989a4e910805f5685d70dab,User_A2VCFAXA4CR5KL,US
6989a4e910805f5685d70dac,User_AS1AJOCM0GSNH,GB
6989a4e910805f5685d70dad,User_A3F6MUPG0HJDNO,CA
6989a4e910805f5685d70dae,User_AWWFRGF9QPIDO,ES
6989a4e910805f5685d70daf,User_A1O6VKE6G0SZNU,GB
6989a4e910805f5685d70db0,User_A2OJG3G6INH68U,GB
6989a4e910805f5685d70db1,User_A3F1RVG75JH4A9,US
6989a4e910805f5685d70db2,User_AHE015C34AYG3,CA
6989a4e910805f5685d70db3,User_A2OEEU5U63QG59,DE
6989a4e910805f5685d70db4,User_A2XVW3276IJHAC,DE
6989a4e910805f5685d70db5,User_A7E6Y15AB0WTX,IT
6989a4e910805f5685d70db6,User_ATO90Y3HUF134,DE
6989a4e910805f5685d70db7,User_ATR2QERONRBX1,GB
6989a4e910805f5685d70db8,User_ALXREL39OCKO5,ES
6989a4e910805f5685d70db9,User_AGQFB60B5A1E8,IT
6989a4e910805f5685d70dba,User_A1PUUNCNG9X8WY,IT
6989a4e910805f5685d70dbb,User_AN9KPO8J7PKPG,US
6989a4e910805f5685d70dbc,User_A14WHLMH5B11MA,FR
6989a4e910805f5685d70dbd,User_A1AF267BF89PPF,GB
6989a4e910805f5685d70dbe,User_A3NBBPY9DZU63N,CA
6989a4e910805f5685d70dbf,User_A3L76JC63BX47X,DE
6989a4e910805f5685d70dc0,User_A25TUYHLFGWLWG,US
6989a4e910805f5685d70dc1,User_A1K9PNM9MX101W,CA
6989a4e910805f5685d70dc2,User_A1J3IBG9NR290U,GB
6989a4e910805f5685d70dc3,User_8285,FR
6989a4e910805f5685d70dc4,User_A2K5DSZAI1NUB,US
6989a4e910805f5685d70dc5,User_11648,US
6989a4e910805f5685d70dc6,User_A3OKREPIIPDEL2,CA
6989a4e910805f5685d70dc7,User_A6MWPDM9K26Y,ES
6989a4e910805f5685d70dc8,User_AFMYEKB0PIJE5,ES
6989a4e910805f5685d70dc9,User_A10K12YMO1UYXS,FR
6989a4e910805f5685d70dca,User_A7957T6GY5QXN,DE
6989a4e910805f5685d70dcb,User_A1IE19XQXG87J6,GB
6989a4e910805f5685d70dcc,User_AR0R2TEVIXCP8,IT
6989a4e910805f5685d70dcd,User_A2MHDZXWWF0VIN,DE
6989a4e910805f5685d70dce,User_A34CN2MB3T8W87,US
6989a4e910805f5685d70dcf,User_A1JKCAYWHMYIYD,IT
6989a4e910805f5685d70dd0,User_A39WX864TLLVXE,IT
6989a4e910805f5685d70dd1,User_A1GO38KQ7IIYW6,ES
6989a4e910805f5685d70dd2,User_A33IUAS168R6T0,IT
6989a4e910805f5685d70dd3,User_A3T2PPXB8NLACX,US
6989a4e910805f5685d70dd4,User_AN7TAIGU79MT3,CA
6989a4e910805f5685d70dd5,User_A1Q2GOJ8ESF0Y9,CA
6989a4e910805f5685d70dd6,User_18282,FR
6989a4e910805f5685d70dd7,User_A11Y2Y7P6LLQ1,ES
6989a4e910805f5685d70dd8,User_A34UM4KPRZ9J7R,FR
6989a4e910805f5685d70dd9,User_A1TVX36L7WFHU0,FR
6989a4e910805f5685d70dda,User_A1O2VOIIVPT4ZQ,ES
6989a4e910805f5685d70ddb,User_4811,FR
6989a4e910805f5685d70ddc,User_AR1F0OG62VOST,ES
6989a4e910805f5685d70ddd,User_A31SB40U11A3HZ,US
6989a4e910805f5685d70dde,User_A2L584C3EC6XYJ,GB
6989a4e910805f5685d70ddf,User_A13AV0EJI0PI6C,CA
6989a4e910805f5685d70de0,User_ADWM8I2KMJQJX,ES
6989a4e910805f5685d70de1,User_A34GAJBZQW6IT7,FR
6989a4e910805f5685d70de2,User_A2DQN99S51ND8D,CA
6989a4e910805f5685d70de3,User_A1HEHAXP1KRO8J,CA
6989a4e910805f5685d70de4,User_A35FRLS8UIDLMT,US
6989a4e910805f5685d70de5,User_20474,CA
6989a4e910805f5685d70de6,User_ATZD689Y9FN19,CA
6989a4e910805f5685d70de7,User_A24RBTGYT70HHL,ES
6989a4e910805f5685d70de8,User_7886,DE
6989a4e910805f5685d70de9,User_A3HDN6A2XHOIXO,FR
6989a4e910805f5685d70dea,User_A1F40XM021GS9M,FR
6989a4e910805f5685d70deb,User_A2ECZA5ON4OSR5,ES
6989a4e910805f5685d70dec,User_15648,DE
6989a4e910805f5685d70ded,User_A2MBZQ47B5NW61,CA
6989a4e910805f5685d70dee,User_19176,US
6989a4e910805f5685d70def,User_AY8YVQBZ074SB,ES
6989a4e910805f5685d70df0,User_AALVNI5ZNHZ4B,GB
6989a4e910805f5685d70df1,User_AODRMVKN685UB,US
6989a4e910805f5685d70df2,User_A313913V8X7PMS,DE
6989a4e910805f5685d70df3,User_A1TI6NZVVSL2YR,CA
6989a4e910805f5685d70df4,User_ADCIPF0KYGAEB,FR
6989a4e910805f5685d70df5,User_A15HRYFRIP37EZ,ES
6989a4e910805f5685d70df6,User_13961,IT
6989a4e910805f5685d70df7,User_AZ2AD7TNQ7D1P,US
6989a4e910805f5685d70df8,User_A7M4OIC17YX5K,US
6989a4e910805f5685d70df9,User_A35M170AHULXN6,DE
6989a4e910805f5685d70dfa,User_129,IT
6989a4e910805f5685d70dfb,User_ABFHED17C5PTC,IT
6989a4e910805f5685d70dfc,User_AOWTOS3OBTPJP,CA
6989a4e910805f5685d70dfd,User_A99ZOZCY7IUOC,FR
6989a4e910805f5685d70dfe,User_A2O5KL0XIX753W,IT
6989a4e910805f5685d70dff,User_A27126XKCLTLS2,IT
6989a4e910805f5685d70e00,User_A16H6R58P7WWL5,DE
6989a4e910805f5685d70e01,User_AJ2PDX0B0NRWT,ES
6989a4e910805f5685d70e02,User_AAAQKSC1UH414,GB
6989a4e910805f5685d70e03,User_A2PEANXY228WHO,IT
6989a4e910805f5685d70e04,User_A1OCS23VAQ1LXS,DE
6989a4e910805f5685d70e05,User_A1HN4HO8MNSZNM,CA
6989a4e910805f5685d70e06,User_A12U0AMU6IMHY0,CA
6989a4e910805f5685d70e07,User_A2T1ZCR6M5V0ZX,FR
6989a4e910805f5685d70e08,User_A1KSQQDFPEDNTQ,ES
6989a4e910805f5685d70e09,User_51,DE
6989a4e910805f5685d70e0a,User_AXCJUI0693UQM,DE
6989a4e910805f5685d70e0b,User_14358,CA
6989a4e910805f5685d70e0c,User_A30G8BXIOJSQZ0,IT
6989a4e910805f5685d70e0d,User_A1Y3RKM0F8JECQ,ES
6989a4e910805f5685d70e0e,User_A12H2KQOMIBO0N,FR
6989a4e910805f5685d70e0f,User_A1WXTH7CZRWVQG,US
6989a4e910805f5685d70e10,User_A3FM60XJPT0O2I,IT
6989a4e910805f5685d70e11,User_A1EUCCBE04PQPC,FR
6989a4e910805f5685d70e12,User_A2N614YE31E4J8,GB
6989a4e910805f5685d70e13,User_AAME7CRJ4BOW4,FR
6989a4e910805f5685d70e14,User_A2Q2AB38VOA5KJ,US
6989a4e910805f5685d70e15,User_A1A1KJBQIOZ8LJ,DE
6989a4e910805f5685d70e16,User_A2DRR5HFSFGH5M,IT
6989a4e910805f5685d70e17,User_A3R8QNXWH8N5XG,IT
6989a4e910805f5685d70e18,User_A3I3BNRLM2E9CT,DE
6989a4e910805f5685d70e19,User_A3NXE78IQH4DU6,IT
6989a4e910805f5685d70e1a,User_8310,IT
6989a4e910805f5685d70e1b,User_18503,CA
6989a4e910805f5685d70e1c,User_A1M2CSSPI5LQY4,US
6989a4e910805f5685d70e1d,User_A1J5G5SBKKV84F,GB
6989a4e910805f5685d70e1e,User_AK97M7B3CGMES,DE
6989a4e910805f5685d70e1f,User_A2J7SR78NARE6F,GB
6989a4e910805f5685d70e20,User_AUI8I8SL48777,GB
6989a4e910805f5685d70e21,User_A15P4L264ECEY8,IT
6989a4e910805f5685d70e22,User_1898,GB
6989a4e910805f5685d70e23,User_A3D1Z23M7SXMEC,US
6989a4e910805f5685d70e24,User_AK43FSDQNEQNH,ES
6989a4e910805f5685d70e25,User_A15RHLFJXRAW27,US
6989a4e910805f5685d70e26,User_A2YF4ZMECJVLK9,ES
6989a4e910805f5685d70e27,User_A158L76696PGFL,CA
6989a4e910805f5685d70e28,User_A21GEJ5M1S4RKJ,GB
6989a4e910805f5685d70e29,User_A2J82JEU3ZP701,DE
6989a4e910805f5685d70e2a,User_AFXXHT08AC2WM,GB
6989a4e910805f5685d70e2b,User_3247,FR
6989a4e910805f5685d70e2c,User_AWKB9ZRBE8W5K,IT
6989a4e910805f5685d70e2d,User_4896,FR
6989a4e910805f5685d70e2e,User_AUAZJPQLY0DNT,CA
6989a4e910805f5685d70e2f,User_20373,GB
6989a4e910805f5685d70e30,User_22898,GB
6989a4e910805f5685d70e31,User_AZY8LGHVF8GMZ,ES
6989a4e910805f5685d70e32,User_A3JVLIAUCYXUIO,US
6989a4e910805f5685d70e33,User_A1WHLF9UVQUYWM,GB
6989a4e910805f5685d70e34,User_A2F181N60BJ9M5,DE
6989a4e910805f5685d70e35,User_18410,CA
6989a4e910805f5685d70e36,User_A3VI0CES3CWVNE,IT
6989a4e910805f5685d70e37,User_A16XK7PCBNKLQ4,ES
6989a4e910805f5685d70e38,User_AQWVJJLP53X0F,ES
6989a4e910805f5685d70e39,User_A2K88R0A8KTJ2J,US
6989a4e910805f5685d70e3a,User_A3TU0Z1U7GX08C,DE
6989a4e910805f5685d70e3b,User_A22MXUYGY3YDVY,FR
6989a4e910805f5685d70e3c,User_A39CDGZY9ZCXPH,FR
6989a4e910805f5685d70e3d,User_278159,IT
6989a4e910805f5685d70e3e,User_A2F6NONFUDB6UK,CA
6989a4e910805f5685d70e3f,User_A3LCSQ4G4Y54C8,GB
6989a4e910805f5685d70e40,User_A1R7TLDX0VL5MX,CA
6989a4e910805f5685d70e41,User_ADJXL0W0RJ7VV,DE
6989a4e910805f5685d70e42,User_ARWYKDC6L21T4,CA
6989a4e910805f5685d70e43,User_AC567LXSKDNC1,DE
6989a4e910805f5685d70e44,User_A12BM1OQ0WFUHG,US
6989a4e910805f5685d70e45,User_6601,DE
6989a4e910805f5685d70e46,User_A3UYBMK1TVPWQ8,GB
6989a4e910805f5685d70e47,User_A2HR2VD61M3NMZ,FR
6989a4e910805f5685d70e48,User_A1EL3YYOPJ7UA7,US
6989a4e910805f5685d70e49,User_AAUICTIUBVU7R,ES
6989a4e910805f5685d70e4a,User_AI914IKS7IBP8,CA
6989a4e910805f5685d70e4b,User_A13UDAIB4TYB0C,ES
6989a4e910805f5685d70e4c,User_A25E84IBB6JALA,CA
6989a4e910805f5685d70e4d,User_A20SU7XSP95260,DE
6989a4e910805f5685d70e4e,User_A2H0CHXL3A843N,ES
6989a4e910805f5685d70e4f,User_A15OHF77T8RC2Q,GB
6989a4e910805f5685d70e50,User_A39CK3JK632670,US
6989a4e910805f5685d70e51,User_A31QC9SKDIGWZT,FR
6989a4e910805f5685d70e52,User_A1QFQ2WM6ZEKVF,ES
6989a4e910805f5685d70e53,User_A1ZM2MZ0RD6QDL,CA
6989a4e910805f5685d70e54,User_A2NMXYVQYTWMLD,CA
6989a4e910805f5685d70e55,User_ACI37HDXZJB5P,CA
6989a4e910805f5685d70e56,User_A45JBHEFSSWRJ,DE
6989a4e910805f5685d70e57,User_A21I4QJQQVRSFM,CA
6989a4e910805f5685d70e58,User_A2BSOBYKLGRPJK,IT
6989a4e910805f5685d70e59,User_A2HPPH8OGG1DYB,ES
6989a4e910805f5685d70e5a,User_A1FKT15P3OESB1,GB
6989a4e910805f5685d70e5b,User_A1OLOZ8ADS1YED,CA
6989a4e910805f5685d70e5c,User_A3UHYE40SHHT4Q,IT
6989a4e910805f5685d70e5d,User_AMKZHBOK7VMQR,ES
6989a4e910805f5685d70e5e,User_A3EJWHGO91FA0N,DE
6989a4e910805f5685d70e5f,User_AAKV8N5IUXT2P,FR
6989a4e910805f5685d70e60,User_133,DE
6989a4e910805f5685d70e61,User_619,US
6989a4e910805f5685d70e62,User_ANDS4U07AO5AS,GB
6989a4e910805f5685d70e63,User_A1HIDUX2QJD5LC,GB
6989a4e910805f5685d70e64,User_A2T7S1OKDTYWP8,GB
6989a4e910805f5685d70e65,User_6680,US
6989a4e910805f5685d70e66,User_278110,US
6989a4e910805f5685d70e67,User_A1HXWMPEKH3V7X,US
6989a4e910805f5685d70e68,User_A3KUIPOET15VGG,DE
6989a4e910805f5685d70e69,User_A3KOI6R2O2N3P,DE
6989a4e910805f5685d70e6a,User_AT34MHVNF69YN,IT
6989a4e910805f5685d70e6b,User_14417,DE
6989a4e910805f5685d70e6c,User_A3II4O0OH795YZ,FR
6989a4e910805f5685d70e6d,User_APPEXA5QMERPD,DE
6989a4e910805f5685d70e6e,User_A24KV68BLFRMH1,DE
6989a4e910805f5685d70e6f,User_AZ83FJ731XG6E,ES
6989a4e910805f5685d70e70,User_A1AIBLZAL6WXTJ,GB
6989a4e910805f5685d70e71,User_A3E7NBN3RHBUBP,IT
6989a4e910805f5685d70e72,User_A27MWX5OHCQ8VD,ES
6989a4e910805f5685d70e73,User_A77DS5KIS9C2V,US
6989a4e910805f5685d70e74,User_1813,ES
6989a4e910805f5685d70e75,User_A26KYXLD41MEBG,ES
6989a4e910805f5685d70e76,User_AJR76HU94FFEL,DE
6989a4e910805f5685d70e77,User_A3KT20B0J6E63E,ES
6989a4e910805f5685d70e78,User_AV6DUVGPGII7K,GB
6989a4e910805f5685d70e79,User_14208,ES
6989a4e910805f5685d70e7a,User_AVWFHFRDVOC6Q,IT
6989a4e910805f5685d70e7b,User_A3782VDJQFNQW8,DE
6989a4e910805f5685d70e7c,User_A3AW92O87V6QEN,CA
6989a4e910805f5685d70e7d,User_A3VQE7ADIC7XU5,US
6989a4e910805f5685d70e7e,User_6347,US
6989a4e910805f5685d70e7f,User_A3VZKFRFLJB36B,GB
6989a4e910805f5685d70e80,User_13537,DE
6989a4e910805f5685d70e81,User_A3KGU3SDC782YK,DE
6989a4e910805f5685d70e82,User_21071,IT
6989a4e910805f5685d70e83,User_ADKF484EB48Y6,US
6989a4e910805f5685d70e84,User_A1QTQAMFIYKSL5,US
6989a4e910805f5685d70e85,User_A3SOV9HFM5H9T1,US
6989a4e910805f5685d70e86,User_AOB2GL2U8POQG,DE
6989a4e910805f5685d70e87,User_A2VL70K1WHRPG6,CA
6989a4e910805f5685d70e88,User_21316,FR
6989a4e910805f5685d70e89,User_AUGU1JROLPLRX,GB
6989a4e910805f5685d70e8a,User_A3EX17ZFX4V5XG,GB
6989a4e910805f5685d70e8b,User_A1KYB1SIGL1K7C,GB
6989a4e910805f5685d70e8c,User_278672,FR
6989a4e910805f5685d70e8d,User_A2ZDUS9Q4HXKBY,US
6989a4e910805f5685d70e8e,User_2529,CA
6989a4e910805f5685d70e8f,User_A2Q3D90HDNBDOA,CA
6989a4e910805f5685d70e90,User_A364GD2GJ21SA5,US
6989a4e910805f5685d70e91,User_A3GWGYDFNUKNC3,CA
6989a4e910805f5685d70e92,User_A2INGDD72QC8DE,IT
6989a4e910805f5685d70e93,User_A24A4RLANU25HR,GB
6989a4e910805f5685d70e94,User_A3EWEB879D0EHM,ES
6989a4e910805f5685d70e95,User_AIP0UYUPK5MU6,US
6989a4e910805f5685d70e96,User_A1G1U0IWIENA1Z,ES
6989a4e910805f5685d70e97,User_AOQNGMP8KJCGG,IT
6989a4e910805f5685d70e98,User_A17NOFOHZSWG9M,GB
6989a4e910805f5685d70e99,User_A1S6FTP5WPMPIV,CA
6989a4e910805f5685d70e9a,User_A1383ZBAYXVTID,FR
6989a4e910805f5685d70e9b,User_A1Q1Q9HVCBIO52,ES
6989a4e910805f5685d70e9c,User_A174876TSJ34FQ,CA
6989a4e910805f5685d70e9d,User_A3A1MXZAP0AVYM,IT
6989a4e910805f5685d70e9e,User_A3Q5DJ9PR3UY17,FR
6989a4e910805f5685d70e9f,User_A3QFZQX51Y33L6,IT
6989a4e910805f5685d70ea0,User_A225627W7G5EGM,CA
6989a4e910805f5685d70ea1,User_A35T9R3WXLXKKI,ES
6989a4e910805f5685d70ea2,User_A14AEKZ97IBY44,GB
6989a4e910805f5685d70ea3,User_A1RIWPSKU5MUH3,US
6989a4e910805f5685d70ea4,User_A1ZS74XQP72OKR,DE
6989a4e910805f5685d70ea5,User_16701,CA
6989a4e910805f5685d70ea6,User_A2L7JEPVTYG14L,ES
6989a4e910805f5685d70ea7,User_A3GC9176OO02Q4,GB
6989a4e910805f5685d70ea8,User_A16I6YTHEF1E5V,DE
6989a4e910805f5685d70ea9,User_A2I2281Y45C82Y,DE
6989a4e910805f5685d70eaa,User_APGBUFRK8IXIS,GB
6989a4e910805f5685d70eab,User_AVC0D2RA10XWE,FR
6989a4e910805f5685d70eac,User_A11O6TNM9U67BG,GB
6989a4e910805f5685d70ead,User_A9ML7L4DDUEKI,DE
6989a4e910805f5685d70eae,User_A3VCRPRIT3HQLN,FR
6989a4e910805f5685d70eaf,User_A2CGKI70PUBDKM,IT
6989a4e910805f5685d70eb0,User_19698,ES
6989a4e910805f5685d70eb1,User_A313785DM9MNJN,ES
6989a4e910805f5685d70eb2,User_A2TZ94ORIN6KPT,CA
6989a4e910805f5685d70eb3,User_A2EU5HXQR1VTGV,DE
6989a4e910805f5685d70eb4,User_A18XC2KT7TOHU9,GB
6989a4e910805f5685d70eb5,User_AKQNGLCDE7FLU,IT
6989a4e910805f5685d70eb6,User_A2UARV4A48EZ8N,US
6989a4e910805f5685d70eb7,User_A1KEJ2B4VIQC9U,FR
6989a4e910805f5685d70eb8,User_A5K32C2QZN3WL,DE
6989a4e910805f5685d70eb9,User_A2LF593N29FTIC,DE
6989a4e910805f5685d70eba,User_AA3X67I602EAE,US
6989a4e910805f5685d70ebb,User_AKT19YGSXYFS6,FR
6989a4e910805f5685d70ebc,User_9286,US
6989a4e910805f5685d70ebd,User_A15ME9EN37HGU4,CA
6989a4e910805f5685d70ebe,User_A3P1HC3ZW69JNQ,FR
6989a4e910805f5685d70ebf,User_A1HFYZ7QRU12R3,DE
6989a4e910805f5685d70ec0,User_A3NFV25JS9ZL9P,IT
6989a4e910805f5685d70ec1,User_6142,ES
6989a4e910805f5685d70ec2,User_A1DUCCQXHZ8YZW,FR
6989a4e910805f5685d70ec3,User_A2NMXWSHIA8NSX,US
6989a4e910805f5685d70ec4,User_AVTCCT91Q6O5N,GB
6989a4e910805f5685d70ec5,User_A1HBN6B1IKHHNG,US
6989a4e910805f5685d70ec6,User_ARSXD6M353PIC,GB
6989a4e910805f5685d70ec7,User_A3PE04XO67MY4B,US
6989a4e910805f5685d70ec8,User_A2EBZ2F9T2IITS,GB
6989a4e910805f5685d70ec9,User_A13MTM5EH6TOAD,FR
6989a4e910805f5685d70eca,User_16273,GB
6989a4e910805f5685d70ecb,User_ANFBXO3WQUFBG,GB
6989a4e910805f5685d70ecc,User_A3LGKS645ND609,GB
6989a4e910805f5685d70ecd,User_A2FT6DU06M314F,IT
6989a4e910805f5685d70ece,User_A2H4C3G4I6V8ZU,ES
6989a4e910805f5685d70ecf,User_A3L7OVH082NJH4,DE
6989a4e910805f5685d70ed0,User_A35820ETLMB68,ES
6989a4e910805f5685d70ed1,User_A3JYSB625WD962,ES
6989a4e910805f5685d70ed2,User_A2K8VKHUAUXILL,DE
6989a4e910805f5685d70ed3,User_A2H5TE9GOUO1M,DE
6989a4e910805f5685d70ed4,User_A2UROV2FQ9ADKC,DE
6989a4e910805f5685d70ed5,User_A3SA4XL1XMAMCA,CA
6989a4e910805f5685d70ed6,User_19163,FR
6989a4e910805f5685d70ed7,User_AC5UF5QBB4FLH,CA
6989a4e910805f5685d70ed8,User_A3K8YRUI9ECW8G,US
6989a4e910805f5685d70ed9,User_17890,ES
6989a4e910805f5685d70eda,User_A381RRNWPY2F9F,ES
6989a4e910805f5685d70edb,User_A3LKCZ79NHWW2Z,FR
6989a4e910805f5685d70edc,User_A3N8SGFTIU4GNQ,US
6989a4e910805f5685d70edd,User_A38XHYIL5UPXS4,DE
6989a4e910805f5685d70ede,User_A3OOKXWB73E720,US
6989a4e910805f5685d70edf,User_AG4WI3CNLNFDX,CA
6989a4e910805f5685d70ee0,User_A2YO2ED0UWZXI3,CA
6989a4e910805f5685d70ee1,User_19779,ES
6989a4e910805f5685d70ee2,User_A32SO6BH80OVV8,ES
6989a4e910805f5685d70ee3,User_A254GNM79OFURM,GB
6989a4e910805f5685d70ee4,User_A1O761I9JDI0N2,DE
6989a4e910805f5685d70ee5,User_A317AKI9IJMP9M,ES
6989a4e910805f5685d70ee6,User_A3GVRHKYWH1WQB,DE
6989a4e910805f5685d70ee7,User_5204,GB
6989a4e910805f5685d70ee8,User_A3N0E03AQD128O,GB
6989a4e910805f5685d70ee9,User_A17DI4TMEY5ACE,DE
6989a4e910805f5685d70eea,User_A1OABD6XVNCYIJ,DE
6989a4e910805f5685d70eeb,User_A1HPQO911M19U5,GB
6989a4e910805f5685d70eec,User_A229G1MPDFKLGG,US
6989a4e910805f5685d70eed,User_9487,CA
6989a4e910805f5685d70eee,User_A1OU84P0R9I6NU,DE
6989a4e910805f5685d70eef,User_A7U2HI7T2Y8WP,FR
6989a4e910805f5685d70ef0,User_A2F7YJYZIG8YQ7,GB
6989a4e910805f5685d70ef1,User_AWBFRGM84B20W,IT
6989a4e910805f5685d70ef2,User_A5HEEKM6S4FBS,ES
6989a4e910805f5685d70ef3,User_9825,IT
6989a4e910805f5685d70ef4,User_A290AQ4X6IQDQW,ES
6989a4e910805f5685d70ef5,User_A7H62VXQS8TOC,CA
6989a4e910805f5685d70ef6,User_A9C8X1H1I5JMR,FR
6989a4e910805f5685d70ef7,User_A1XESMS3LTSOL8,GB
6989a4e910805f5685d70ef8,User_A12DZNX8QKMPMC,CA
6989a4e910805f5685d70ef9,User_A1PCQHQ6NPGL9F,DE
6989a4e910805f5685d70efa,User_A2LS56DI86I626,DE
6989a4e910805f5685d70efb,User_A15N5D547HXVXL,GB
6989a4e910805f5685d70efc,User_6566,ES
6989a4e910805f5685d70efd,User_A2QQW2X08CV6RO,CA
6989a4e910805f5685d70efe,User_6715,US
6989a4e910805f5685d70eff,User_A1PQ1EVNH56Q29,IT
6989a4e910805f5685d70f00,User_A29WJE2V6RMXEH,ES
6989a4e910805f5685d70f01,User_A2TGNNG0IOSTQA,GB
6989a4e910805f5685d70f02,User_A1TDZLN56TXWVQ,ES
6989a4e910805f5685d70f03,User_A4W3CJR6S20R2,FR
6989a4e910805f5685d70f04,User_A11R1MHQM1CLP5,ES
6989a4e910805f5685d70f05,User_9582,DE
6989a4e910805f5685d70f06,User_2935,US
6989a4e910805f5685d70f07,User_A1MRVBNC45BB22,CA
6989a4e910805f5685d70f08,User_AP4167JEAUHIX,FR
6989a4e910805f5685d70f09,User_A1NO8O8LCD6KR5,FR
6989a4e910805f5685d70f0a,User_A2GHGJGMKA9AWL,GB
6989a4e910805f5685d70f0b,User_A1YDWS1V01SJH,IT
6989a4e910805f5685d70f0c,User_A28SJGSL882ZB2,ES
6989a4e910805f5685d70f0d,User_A1M57ZSG2M81YL,US
6989a4e910805f5685d70f0e,User_A27S19Z7H89KRO,US
6989a4e910805f5685d70f0f,User_ANH7M5I015N96,DE
6989a4e910805f5685d70f10,User_A1KEK09ZA6J9P8,US
6989a4e910805f5685d70f11,User_A1SEQBYZ0I7UQA,US
6989a4e910805f5685d70f12,User_A25DG6NU90XODG,FR
6989a4e910805f5685d70f13,User_A16F3Z9HT7UDH5,IT
6989a4e910805f5685d70f14,User_20385,IT
6989a4e910805f5685d70f15,User_A3OCBH2WG85P4Z,GB
6989a4e910805f5685d70f16,User_AVZJCL0J6I34T,GB
6989a4e910805f5685d70f17,User_AE781LUIGEGM,IT
6989a4e910805f5685d70f18,User_AYJLKMLPVQOV8,ES
6989a4e910805f5685d70f19,User_AQD6JG0QZ723,ES
6989a4e910805f5685d70f1a,User_4435,GB
6989a4e910805f5685d70f1b,User_A2S7DYMAYHWVPB,CA
6989a4e910805f5685d70f1c,User_A2G7102FC0Z1TD,GB
6989a4e910805f5685d70f1d,User_A2OMSHS90ARGX3,GB
6989a4e910805f5685d70f1e,User_A1IXCFVTVLH1P0,ES
6989a4e910805f5685d70f1f,User_A374QXSCNOGKEH,GB
6989a4e910805f5685d70f20,User_A33YVNYZ8XKS1T,DE
6989a4e910805f5685d70f21,User_ABIRF818ECZKR,FR
6989a4e910805f5685d70f22,User_1223,ES
6989a4e910805f5685d70f23,User_A3QC939F1VEMBW,US
6989a4e910805f5685d70f24,User_A1437GXXJ4L21C,FR
6989a4e910805f5685d70f25,User_A38107WPOVJNS5,GB
6989a4e910805f5685d70f26,User_AN7ELL5ES2087,GB
6989a4e910805f5685d70f27,User_277532,FR
6989a4e910805f5685d70f28,User_23052,ES
6989a4e910805f5685d70f29,User_APLFMJHX63H0N,GB
6989a4e910805f5685d70f2a,User_13799,IT
6989a4e910805f5685d70f2b,User_A1JMNBGPIUU6FI,US
6989a4e910805f5685d70f2c,User_A2P9IB2IFBJXKD,IT
6989a4e910805f5685d70f2d,User_A1IH8S2QWTELGX,IT
6989a4e910805f5685d70f2e,User_13363,ES
6989a4e910805f5685d70f2f,User_A3F790UYCFNTN7,US
6989a4e910805f5685d70f30,User_16411,US
6989a4e910805f5685d70f31,User_A3Q7EWPN8MK8MS,CA
6989a4e910805f5685d70f32,User_A35AO9X88PERW3,DE
6989a4e910805f5685d70f33,User_A2CG5E91W4OH4W,GB
6989a4e910805f5685d70f34,User_A1FVGK46PK7HPM,DE
6989a4e910805f5685d70f35,User_A14EXWG27AVV,FR
6989a4e910805f5685d70f36,User_A3RBGEV4IHL1XM,IT
6989a4e910805f5685d70f37,User_A15GDW5N2EZ0HT,GB
6989a4e910805f5685d70f38,User_ACJQ3B9F9MOB1,DE
6989a4e910805f5685d70f39,User_AX56SKP3I583Y,FR
6989a4e910805f5685d70f3a,User_AAZPFYQ4LM17L,ES
6989a4e910805f5685d70f3b,User_A1WCW7WDUPP5YI,ES
6989a4e910805f5685d70f3c,User_A4QL5ZSRB23CR,DE
6989a4e910805f5685d70f3d,User_AM889FHNGLP62,FR
6989a4e910805f5685d70f3e,User_A3TKFC8Y0SJQEC,FR
6989a4e910805f5685d70f3f,User_2416,ES
6989a4e910805f5685d70f40,User_A11N877G5FJJ9A,ES
6989a4e910805f5685d70f41,User_16673,CA
6989a4e910805f5685d70f42,User_A2ISRVPRI2MVPC,ES
6989a4e910805f5685d70f43,User_A1VBZO2EJQVT1C,US
6989a4e910805f5685d70f44,User_A18IK6YI6T3RK2,GB
6989a4e910805f5685d70f45,User_7853,ES
6989a4e910805f5685d70f46,User_5709,FR
6989a4e910805f5685d70f47,User_A10OEGLXIJD1P6,IT
6989a4e910805f5685d70f48,User_A2WER8GWNQWGIK,IT
6989a4e910805f5685d70f49,User_A30NHSEKRLT0CT,US
6989a4e910805f5685d70f4a,User_A3OJ4575V36O58,FR
6989a4e910805f5685d70f4b,User_AX91WWXRNZ93R,GB
6989a4e910805f5685d70f4c,User_AUKA7SOSPCWKP,DE
6989a4e910805f5685d70f4d,User_AA0BB36HOBYLC,DE
6989a4e910805f5685d70f4e,User_A2PMB6JQYU75FG,FR
6989a4e910805f5685d70f4f,User_A21ESPAF4RUNEC,US
6989a4e910805f5685d70f50,User_AEQCDETTGU9FV,CA
6989a4e910805f5685d70f51,User_A1EBJ93E1T50RT,IT
6989a4e910805f5685d70f52,User_A3FYV1I0IKR9R5,ES
6989a4e910805f5685d70f53,User_A2USLDODMO9F9V,CA
6989a4e910805f5685d70f54,User_A3OP8HCQ4CELV0,GB
6989a4e910805f5685d70f55,User_A3H5HOERUN593Q,DE
6989a4e910805f5685d70f56,User_A2HUNSWVIMWHCM,GB
6989a4e910805f5685d70f57,User_AZAC8O310IK4E,CA
6989a4e910805f5685d70f58,User_A15JW7G77TAFZQ,CA
6989a4e910805f5685d70f59,User_AT4XTSPEVH0FR,US
6989a4e910805f5685d70f5a,User_ARU680N7VI6FD,GB
6989a4e910805f5685d70f5b,User_14312,GB
6989a4e910805f5685d70f5c,User_ARZQPQQU8TBXO,IT
6989a4e910805f5685d70f5d,User_A369AT9WTLCZHU,IT
6989a4e910805f5685d70f5e,User_A266T5PMIQLFT1,GB
6989a4e910805f5685d70f5f,User_A23BX82MCKEVEM,FR
6989a4e910805f5685d70f60,User_A3OA5QYME3BADS,FR
6989a4e910805f5685d70f61,User_15504,IT
6989a4e910805f5685d70f62,User_A21VKQNCQ6CYHU,ES
6989a4e910805f5685d70f63,User_A38P1LVVPBEEB4,DE
6989a4e910805f5685d70f64,User_AE9FJKQVCDFW,DE
6989a4e910805f5685d70f65,User_A3TPAQNY3HR53D,CA
6989a4e910805f5685d70f66,User_A1Y1NCNMIUZBAG,FR
6989a4e910805f5685d70f67,User_A14D4PSPIVVWUV,IT
6989a4e910805f5685d70f68,User_AR1O02KX1PIQN,US
6989a4e910805f5685d70f69,User_A6M0811ZCQMSC,CA
6989a4e910805f5685d70f6a,User_A3BBT5IFYWEK6W,FR
6989a4e910805f5685d70f6b,User_A34CVGYUNAUJF,DE
6989a4e910805f5685d70f6c,User_A1PYVW73AYYPVM,ES
6989a4e910805f5685d70f6d,User_AUGEQ89XA5H5S,CA
6989a4e910805f5685d70f6e,User_12343,DE
6989a4e910805f5685d70f6f,User_A3FQ9LPRBQRPJN,DE
6989a4e910805f5685d70f70,User_A2WRNBVMDXOUER,GB
6989a4e910805f5685d70f71,User_A2SRY8HVAU8G5,IT
6989a4e910805f5685d70f72,User_A3HETHW2XD3DWH,GB
6989a4e910805f5685d70f73,User_21135,US
6989a4e910805f5685d70f74,User_15964,GB
6989a4e910805f5685d70f75,User_20686,IT
6989a4e910805f5685d70f76,User_A252ZUTJPHI2UZ,CA
6989a4e910805f5685d70f77,User_A1USLTE785QB73,GB
6989a4e910805f5685d70f78,User_A1OV5S2N1L2Z07,ES
6989a4e910805f5685d70f79,User_A1200KY1P1CPMD,GB
6989a4e910805f5685d70f7a,User_A2W3KA0N9YECFU,GB
6989a4e910805f5685d70f7b,User_A51IK68MWKV5R,IT
6989a4e910805f5685d70f7c,User_A2V0BLTEPQFR8G,US
6989a4e910805f5685d70f7d,User_AFVKIA6ZRDTV0,GB
6989a4e910805f5685d70f7e,User_1859,ES
6989a4e910805f5685d70f7f,User_AVA23KMRR1X3S,CA
6989a4e910805f5685d70f80,User_A1Y474KM208F1I,FR
6989a4e910805f5685d70f81,User_A1YHCEYI179SH0,DE
6989a4e910805f5685d70f82,User_A2LIF6K7OAAL7R,GB
6989a4e910805f5685d70f83,User_A1WO1DKG9EDYU5,GB
6989a4e910805f5685d70f84,User_A6ZFJ8498XEV1,GB
6989a4e910805f5685d70f85,User_AXPATWM9YL2PL,CA
6989a4e910805f5685d70f86,User_A1XW6KTATEEUTS,CA
6989a4e910805f5685d70f87,User_AEHE557V0375V,IT
6989a4e910805f5685d70f88,User_17167,GB
6989a4e910805f5685d70f89,User_A4KHOG9FR9BD3,ES
6989a4e910805f5685d70f8a,User_12461,CA
6989a4e910805f5685d70f8b,User_A24S1R5UH156ET,ES
6989a4e910805f5685d70f8c,User_AKY3AKOXN4IPT,IT
6989a4e910805f5685d70f8d,User_A2PRQERJVOXGAP,US
6989a4e910805f5685d70f8e,User_A25TXRGM6GCHQ5,CA
6989a4e910805f5685d70f8f,User_A16CYYT3J0LF44,DE
6989a4e910805f5685d70f90,User_A11SRQM4EDSCAT,US
6989a4e910805f5685d70f91,User_A2OO1FNGDYJ4UT,CA
6989a4e910805f5685d70f92,User_ATDM0G10D8OIX,FR
6989a4e910805f5685d70f93,User_A27N163TA2SAQS,CA
6989a4e910805f5685d70f94,User_A1J8DQPBVEOAL1,GB
6989a4e910805f5685d70f95,User_A3UG8LZ858R4QD,ES
6989a4e910805f5685d70f96,User_APTDOKDDZQXKT,FR
6989a4e910805f5685d70f97,User_A175Q29ZHF0JRK,CA
6989a4e910805f5685d70f98,User_A15YQTOLP15Y1U,CA
6989a4e910805f5685d70f99,User_A107BOOU9O23BM,US
6989a4e910805f5685d70f9a,User_A33MX0S7OPSRFC,DE
6989a4e910805f5685d70f9b,User_A20ZWWKB99R2CQ,CA
6989a4e910805f5685d70f9c,User_A3LD55MHTGKXFB,ES
6989a4e910805f5685d70f9d,User_A2VD8QEUUXTL1U,GB
6989a4e910805f5685d70f9e,User_A1N0EAEEXWWDN6,GB
6989a4e910805f5685d70f9f,User_A1D653MKCC0QWL,ES
6989a4e910805f5685d70fa0,User_A34JPGDMBCR4KJ,IT
6989a4e910805f5685d70fa1,User_A1DA7JEC7G390J,US
6989a4e910805f5685d70fa2,User_AT6883TJYNPKT,US
6989a4e910805f5685d70fa3,User_13479,ES
6989a4e910805f5685d70fa4,User_A13Y4LR5G3B21T,US
6989a4e910805f5685d70fa5,User_A105MPYIG2WENU,FR
6989a4e910805f5685d70fa6,User_AD491ILWROYI1,FR
6989a4e910805f5685d70fa7,User_A2VKJ2EJXJI3TC,CA
6989a4e910805f5685d70fa8,User_11179,CA
6989a4e910805f5685d70fa9,User_A3O0M3HCTJGPHN,DE
6989a4e910805f5685d70faa,User_15447,ES
6989a4e910805f5685d70fab,User_22483,US
6989a4e910805f5685d70fac,User_A2ERCS8XT68N2P,FR
6989a4e910805f5685d70fad,User_AY2EQEIUK28R3,ES
6989a4e910805f5685d70fae,User_19866,CA
6989a4e910805f5685d70faf,User_AWKB0HEUMSM2P,US
6989a4e910805f5685d70fb0,User_A5THDNHSTCR7O,IT
6989a4e910805f5685d70fb1,User_A1995LC19L5BE2,GB
6989a4e910805f5685d70fb2,User_4183,FR
6989a4e910805f5685d70fb3,User_A3P9O9WCDGJPYN,GB
6989a4e910805f5685d70fb4,User_A3IAGC60T0C17I,IT
6989a4e910805f5685d70fb5,User_A1MS8DXHX1YYQ6,US
6989a4e910805f5685d70fb6,User_A3N3QCLCY9AUSS,US
6989a4e910805f5685d70fb7,User_ARH117HR31OVA,GB
6989a4e910805f5685d70fb8,User_A3HFQ09AOOWNVU,FR
6989a4e910805f5685d70fb9,User_15310,ES
6989a4e910805f5685d70fba,User_A20HAAYSD1ZA5G,FR
6989a4e910805f5685d70fbb,User_A2CRDK3YWOXURG,FR
6989a4e910805f5685d70fbc,User_A2MQ5S8EFI0Y28,GB
6989a4e910805f5685d70fbd,User_A18JANPL6S1JDQ,GB
6989a4e910805f5685d70fbe,User_A1L510XVZJ03UE,ES
6989a4e910805f5685d70fbf,User_AQKKZIAZ3NW82,IT
6989a4e910805f5685d70fc0,User_A3U5XPZO6NJ9NN,US
6989a4e910805f5685d70fc1,User_AJX0Q5B0QEP57,US
6989a4e910805f5685d70fc2,User_A2CQMK91D6N5I8,GB
6989a4e910805f5685d70fc3,User_A26JGYVMSIQ0LK,CA
6989a4e910805f5685d70fc4,User_AXNXOQ2HBQ73C,DE
6989a4e910805f5685d70fc5,User_A1Y6U9CPJP6OAA,IT
6989a4e910805f5685d70fc6,User_A3J7QTHYIZ3XQT,ES
6989a4e910805f5685d70fc7,User_6599,FR
6989a4e910805f5685d70fc8,User_A1LHOKYENR7HP2,IT
6989a4e910805f5685d70fc9,User_A1KK1UO8BWEU4N,IT
6989a4e910805f5685d70fca,User_A2I3AIDU5SSWCG,US
6989a4e910805f5685d70fcb,User_A3CB9E76Z69509,GB
6989a4e910805f5685d70fcc,User_A1FNH15XG90R5E,GB
6989a4e910805f5685d70fcd,User_A1J24D5KLSQXAR,IT
6989a4e910805f5685d70fce,User_A1W2GF4IMDZ2NB,DE
6989a4e910805f5685d70fcf,User_13715,FR
6989a4e910805f5685d70fd0,User_A2A84AL8IYSRNS,US
6989a4e910805f5685d70fd1,User_A33YRPE9HNKWZ,US
6989a4e910805f5685d70fd2,User_A2J42RZI8VHOKX,CA
6989a4e910805f5685d70fd3,User_18714,FR
6989a4e910805f5685d70fd4,User_AFWJPAMRMEGZK,ES
6989a4e910805f5685d70fd5,User_A1TI281V20MUF4,FR
6989a4e910805f5685d70fd6,User_A25SU23LUVEKNI,DE
6989a4e910805f5685d70fd7,User_AVRN9E6X9I6KF,IT
6989a4e910805f5685d70fd8,User_A1KQMSBAPTT9U0,DE
6989a4e910805f5685d70fd9,User_AKV66BM5EUO09,DE
6989a4e910805f5685d70fda,User_A14TN3TI41RGKO,DE
6989a4e910805f5685d70fdb,User_AOL7V6D4AL3KO,GB
6989a4e910805f5685d70fdc,User_A3B1G8I36ILJD7,CA
6989a4e910805f5685d70fdd,User_A2EZCP8PDJLD3Q,FR
6989a4e910805f5685d70fde,User_13622,IT
6989a4e910805f5685d70fdf,User_AAGXEK8SQP7FB,DE
6989a4e910805f5685d70fe0,User_A33CQMTPWRVB0,US
6989a4e910805f5685d70fe1,User_A1OR14QIEWUDRC,DE
6989a4e910805f5685d70fe2,User_A3FL2VE5F1XYZZ,FR
6989a4e910805f5685d70fe3,User_A1U6C8DYY20URY,FR
6989a4e910805f5685d70fe4,User_ASULSLSC7YTRX,US
6989a4e910805f5685d70fe5,User_A188LX67L7M2DO,ES
6989a4e910805f5685d70fe6,User_A1HKJDQE8586Z1,CA
6989a4e910805f5685d70fe7,User_A1TOQBBFXMKL9Z,DE
6989a4e910805f5685d70fe8,User_A3SEPCT1X3HA0R,CA
6989a4e910805f5685d70fe9,User_A2OZXL86ZERD8K,US
6989a4e910805f5685d70fea,User_A5RVET4Q4959T,DE
6989a4e910805f5685d70feb,User_A20HBO6U7X6HFZ,CA
6989a4e910805f5685d70fec,User_A2MANOOXF3Q8MN,ES
6989a4e910805f5685d70fed,User_A1PVCYK6N9JSAB,DE
6989a4e910805f5685d70fee,User_A1D7B6GHUR1VSK,IT
6989a4e910805f5685d70fef,User_ABH9YXA443PUF,GB
6989a4e910805f5685d70ff0,User_APYRBWONOKOQ4,US
6989a4e910805f5685d70ff1,User_A1Y6XN8FJW3P1H,IT
6989a4e910805f5685d70ff2,User_A3GW50IEEL1O3R,FR
6989a4e910805f5685d70ff3,User_A3OBIP93LSX7ZX,GB
6989a4e910805f5685d70ff4,User_A1VH7ICPZ2IUO5,FR
6989a4e910805f5685d70ff5,User_20096,DE
6989a4e910805f5685d70ff6,User_A8FJ1TWZJE4BT,FR
6989a4e910805f5685d70ff7,User_A1JSI9QHVIVQRK,ES
6989a4e910805f5685d70ff8,User_A3PFJW0TI4Z8PG,IT
6989a4e910805f5685d70ff9,User_A2S3XRBD4F0MSS,FR
6989a4e910805f5685d70ffa,User_A22R1GMI6UO4H0,IT
6989a4e910805f5685d70ffb,User_AVO4H6G94RPUT,CA
6989a4e910805f5685d70ffc,User_A35PQTODBYCILS,CA
6989a4e910805f5685d70ffd,User_A1B9ADRUSJUFNN,IT
6989a4e910805f5685d70ffe,User_A4YDY206O5P1A,GB
6989a4e910805f5685d70fff,User_A2EM3CGHNHUJ9R,ES
6989a4e910805f5685d71000,User_AMNNPDX9MFEUD,DE
6989a4e910805f5685d71001,User_12305,US
6989a4e910805f5685d71002,User_A3BQE8729JIXTD,DE
6989a4e910805f5685d71003,User_A2013NGZN2L7RG,DE
6989a4e910805f5685d71004,User_A1IO99HKGUYE7W,DE
6989a4e910805f5685d71005,User_AVC1A6MG70QV,DE
6989a4e910805f5685d71006,User_A33WG0T7CFJJUL,US
6989a4e910805f5685d71007,User_AJ2M89KMB1FCT,CA
6989a4e910805f5685d71008,User_11617,CA
6989a4e910805f5685d71009,User_A3PMC4BQYM52JG,DE
6989a4e910805f5685d7100a,User_A1OS023T56IZ3M,IT
6989a4e910805f5685d7100b,User_A36AMJHL1CULS1,US
6989a4e910805f5685d7100c,User_6577,IT
6989a4e910805f5685d7100d,User_A1H86IOSWXGV6T,CA
6989a4e910805f5685d7100e,User_AWEKTWNEN0QUR,US
6989a4e910805f5685d7100f,User_A251RTCP33T89X,IT
6989a4e910805f5685d71010,User_1022,DE
6989a4e910805f5685d71011,User_278620,IT
6989a4e910805f5685d71012,User_277712,US
6989a4e910805f5685d71013,User_15520,CA
6989a4e910805f5685d71014,User_A1OMZNQ70WLD1J,US
6989a4e910805f5685d71015,User_276754,IT
6989a4e910805f5685d71016,User_A1OWR8KAT3MFI5,CA
6989a4e910805f5685d71017,User_A2NFBYB54BWX14,US
6989a4e910805f5685d71018,User_A3F9YEHDJ798NX,FR
6989a4e910805f5685d71019,User_A2H5PWKGS0EKY,ES
6989a4e910805f5685d7101a,User_A25H7KKV8726DW,ES
6989a4e910805f5685d7101b,User_A2UIH7H2653DFS,GB
6989a4e910805f5685d7101c,User_A23MNIVGH2FLJQ,GB
6989a4e910805f5685d7101d,User_A15A8UPLLKIXIP,DE
6989a4e910805f5685d7101e,User_A33ARZNBR3LH4S,FR
6989a4e910805f5685d7101f,User_A1WQUC4VDPLMS1,IT
