start_id,end_id
6989a4e910805f5685d6e140,Beef
6989a4e910805f5685d6e140,Corporate Image
6989a4e910805f5685d6e141,Fiction
6989a4e910805f5685d6e142,Trixie (fictitious Character)
6989a4e910805f5685d6e142,Surrealism
6989a4e910805f5685d6e143,Fiction
6989a4e910805f5685d6e144,Fiction
6989a4e910805f5685d6e145,Authors
6989a4e910805f5685d6e145,Computers
6989a4e910805f5685d6e145,Fiction
6989a4e910805f5685d6e146,Fiction
6989a4e910805f5685d6e147,History
6989a4e910805f5685d6e147,Religion
6989a4e910805f5685d6e148,Jewish Fiction
6989a4e910805f5685d6e148,Personal
6989a4e910805f5685d6e149,Fiction
6989a4e910805f5685d6e149,Drama
6989a4e910805f5685d6e14a,Renaissance
6989a4e910805f5685d6e14a,Courage
6989a4e910805f5685d6e14b,Heavy Metal (music)
6989a4e910805f5685d6e14b,Popular Literature
6989a4e910805f5685d6e14c,Dramatists
6989a4e910805f5685d6e14c,Animal Heroes
6989a4e910805f5685d6e14d,Fiction
6989a4e910805f5685d6e14d,General
6989a4e910805f5685d6e14d,Rama (imaginary Space Vehicle)
6989a4e910805f5685d6e14e,History
6989a4e910805f5685d6e14f,Basketball For Women
6989a4e910805f5685d6e14f,Rome
6989a4e910805f5685d6e150,Crimes Without Victims
6989a4e910805f5685d6e150,Abandoned Children
6989a4e910805f5685d6e151,Abolitionists
6989a4e910805f5685d6e151,Detectives
6989a4e910805f5685d6e152,Female Orgasm
6989a4e910805f5685d6e152,Copenhagen (denmark)
6989a4e910805f5685d6e153,Idaho
6989a4e910805f5685d6e153,Belgians
6989a4e910805f5685d6e154,Sexual Fantasies
6989a4e910805f5685d6e154,Baby Roo (fictitious Character)
6989a4e910805f5685d6e155,American Wit And Humor
6989a4e910805f5685d6e155,Generative Organs
6989a4e910805f5685d6e156,Fiction
6989a4e910805f5685d6e156,General
6989a4e910805f5685d6e157,Fiction
6989a4e910805f5685d6e158,Illegitimate Children
6989a4e910805f5685d6e158,Bands (music)
6989a4e910805f5685d6e159,Fiction
6989a4e910805f5685d6e159,Architecture
6989a4e910805f5685d6e159,Bibles
6989a4e910805f5685d6e15a,Astronomy
6989a4e910805f5685d6e15b,Fiction
6989a4e910805f5685d6e15b,Philosophy
6989a4e910805f5685d6e15c,General
6989a4e910805f5685d6e15d,American Fiction
6989a4e910805f5685d6e15d,Fiction
6989a4e910805f5685d6e15e,Fiction
6989a4e910805f5685d6e15f,Juvenile Fiction
6989a4e910805f5685d6e160,Fiction
6989a4e910805f5685d6e160,General
6989a4e910805f5685d6e160,Reference
6989a4e910805f5685d6e161,Juvenile Fiction
6989a4e910805f5685d6e162,Book Of The Dead
6989a4e910805f5685d6e162,Crimes Without Victims
6989a4e910805f5685d6e163,Guinea Pigs
6989a4e910805f5685d6e163,Baking
6989a4e910805f5685d6e164,Fiction
6989a4e910805f5685d6e165,Catalogs
6989a4e910805f5685d6e165,Roderick (fictitious Character)
6989a4e910805f5685d6e166,Juvenile Nonfiction
6989a4e910805f5685d6e166,General
6989a4e910805f5685d6e167,General
6989a4e910805f5685d6e168,General
6989a4e910805f5685d6e169,Deverry (imaginary Place)
6989a4e910805f5685d6e169,Questions And Answers
6989a4e910805f5685d6e16a,Horror Stories.
6989a4e910805f5685d6e16a,German Americans
6989a4e910805f5685d6e16b,Agnes (fictitious Character)
6989a4e910805f5685d6e16b,Extortion
6989a4e910805f5685d6e16c,General
6989a4e910805f5685d6e16c,Fiction
6989a4e910805f5685d6e16c,Biography
6989a4e910805f5685d6e16d,Kate (fictitious Character)
6989a4e910805f5685d6e16d,Engineers
6989a4e910805f5685d6e16e,Navajo Indians
6989a4e910805f5685d6e16e,Educartion-parents-participation--united States
6989a4e910805f5685d6e16f,Biography
6989a4e910805f5685d6e16f,Body
6989a4e910805f5685d6e16f,Mind
6989a4e910805f5685d6e170,Fiction
6989a4e910805f5685d6e170,General
6989a4e910805f5685d6e170,Juvenile Nonfiction
6989a4e910805f5685d6e171,Juvenile Fiction
6989a4e910805f5685d6e172,Fiction
6989a4e910805f5685d6e172,Juvenile Fiction
6989a4e910805f5685d6e173,Health
6989a4e910805f5685d6e174,Fiction
6989a4e910805f5685d6e175,Academic Achievement
6989a4e910805f5685d6e175,Jeunesse - Usage Des Drogues - Californie
6989a4e910805f5685d6e176,Beauty
6989a4e910805f5685d6e176,Christian Biography
6989a4e910805f5685d6e177,Alhambra (granada
6989a4e910805f5685d6e177,Transportation
6989a4e910805f5685d6e178,Romances
6989a4e910805f5685d6e178,Upper Class
6989a4e910805f5685d6e179,Breast
6989a4e910805f5685d6e179,Railroad Stories
6989a4e910805f5685d6e17a,Church And State
6989a4e910805f5685d6e17a,Political Science
6989a4e910805f5685d6e17a,History
6989a4e910805f5685d6e17b,Fiction
6989a4e910805f5685d6e17b,General
6989a4e910805f5685d6e17b,American Literature
6989a4e910805f5685d6e17c,Body
6989a4e910805f5685d6e17c,Mind
6989a4e910805f5685d6e17d,General
6989a4e910805f5685d6e17e,Fantastic Literature
6989a4e910805f5685d6e17e,Memory
6989a4e910805f5685d6e17f,Upper Class
6989a4e910805f5685d6e17f,Calculus
6989a4e910805f5685d6e180,Christianity
6989a4e910805f5685d6e180,Aids (disease)
6989a4e910805f5685d6e181,2001
6989a4e910805f5685d6e181,Criminal Defense Lawyers
6989a4e910805f5685d6e182,Biography
6989a4e910805f5685d6e182,Sports
6989a4e910805f5685d6e182,Fiction
6989a4e910805f5685d6e183,Adult Children
6989a4e910805f5685d6e183,Antinuclear Movement
6989a4e910805f5685d6e184,Juvenile Fiction
6989a4e910805f5685d6e185,Self-help
6989a4e910805f5685d6e186,Bawdy Poetry
6989a4e910805f5685d6e186,Falstaff
6989a4e910805f5685d6e187,Cerebral Palsy
6989a4e910805f5685d6e187,Adult Children Of Alcoholics
6989a4e910805f5685d6e188,Cerebral Palsied Children
6989a4e910805f5685d6e188,African American Baseball Players
6989a4e910805f5685d6e189,Fiction
6989a4e910805f5685d6e18a,Fiction
6989a4e910805f5685d6e18a,Ghosts
6989a4e910805f5685d6e18b,Future Life
6989a4e910805f5685d6e18b,English Language
6989a4e910805f5685d6e18c,Customer Services
6989a4e910805f5685d6e18c,Negotiation
6989a4e910805f5685d6e18d,Recycling
6989a4e910805f5685d6e18d,Children Of Migrant Laborers
6989a4e910805f5685d6e18e,Businessmen
6989a4e910805f5685d6e18e,Extrasensory Perception
6989a4e910805f5685d6e18f,Fiction
6989a4e910805f5685d6e190,Fiction
6989a4e910805f5685d6e190,General
6989a4e910805f5685d6e190,Biography
6989a4e910805f5685d6e191,True Crime
6989a4e910805f5685d6e192,Ghost Stories
6989a4e910805f5685d6e192,American
6989a4e910805f5685d6e192,American Literature
6989a4e910805f5685d6e193,Copyright
6989a4e910805f5685d6e193,Cadfael
6989a4e910805f5685d6e194,Study Aids
6989a4e910805f5685d6e194,Meditations
6989a4e910805f5685d6e195,Business
6989a4e910805f5685d6e195,General
6989a4e910805f5685d6e195,Self-help
6989a4e910805f5685d6e196,Juvenile Fiction
6989a4e910805f5685d6e196,General
6989a4e910805f5685d6e196,Social Science
6989a4e910805f5685d6e197,General
6989a4e910805f5685d6e197,Fiction
6989a4e910805f5685d6e197,Juvenile Fiction
6989a4e910805f5685d6e198,Religion
6989a4e910805f5685d6e199,Fiction
6989a4e910805f5685d6e199,General
6989a4e910805f5685d6e199,Language Arts
6989a4e910805f5685d6e19a,History
6989a4e910805f5685d6e19b,Fiction
6989a4e910805f5685d6e19b,Germany
6989a4e910805f5685d6e19c,General
6989a4e910805f5685d6e19c,Dragons
6989a4e910805f5685d6e19c,Brothers And Sisters
6989a4e910805f5685d6e19d,Birthmothers
6989a4e910805f5685d6e19d,City And Town Life
6989a4e910805f5685d6e19e,Fiction
6989a4e910805f5685d6e19e,General
6989a4e910805f5685d6e19f,Fiction
6989a4e910805f5685d6e1a0,Fiction
6989a4e910805f5685d6e1a0,General
6989a4e910805f5685d6e1a1,Courts And Courtiers
6989a4e910805f5685d6e1a1,Hopalong (fictitious Character)
6989a4e910805f5685d6e1a2,Religion
6989a4e910805f5685d6e1a2,School Districts
6989a4e910805f5685d6e1a3,Fiction
6989a4e910805f5685d6e1a3,General
6989a4e910805f5685d6e1a3,Juvenile Fiction
6989a4e910805f5685d6e1a4,Fiction
6989a4e910805f5685d6e1a4,Young Adult Fiction
6989a4e910805f5685d6e1a4,General
6989a4e910805f5685d6e1a5,Fiction
6989a4e910805f5685d6e1a6,Fiction
6989a4e910805f5685d6e1a7,Spain)
6989a4e910805f5685d6e1a7,John
6989a4e910805f5685d6e1a8,Business
6989a4e910805f5685d6e1a8,Education
6989a4e910805f5685d6e1a8,Children
6989a4e910805f5685d6e1a9,General
6989a4e910805f5685d6e1aa,Highway Planning
6989a4e910805f5685d6e1aa,Fantastic Fiction.
6989a4e910805f5685d6e1ab,General
6989a4e910805f5685d6e1ac,Bomber Pilots
6989a4e910805f5685d6e1ac,Executive Departments
6989a4e910805f5685d6e1ad,Chemistry
6989a4e910805f5685d6e1ad,Felse
6989a4e910805f5685d6e1ae,Eye
6989a4e910805f5685d6e1ae,Manners And Customs
6989a4e910805f5685d6e1af,Church And Social Problems
6989a4e910805f5685d6e1af,English Poetry
6989a4e910805f5685d6e1b0,Bible And Evolution
6989a4e910805f5685d6e1b1,Russia
6989a4e910805f5685d6e1b1,Philosophy
6989a4e910805f5685d6e1b2,Amnesiacs
6989a4e910805f5685d6e1b2,Iguana (genus)
6989a4e910805f5685d6e1b3,General
6989a4e910805f5685d6e1b3,Fiction
6989a4e910805f5685d6e1b3,Rodents
6989a4e910805f5685d6e1b4,Performing Arts
6989a4e910805f5685d6e1b5,Tugboats
6989a4e910805f5685d6e1b5,Body Marking
6989a4e910805f5685d6e1b6,History
6989a4e910805f5685d6e1b6,Juvenile Fiction
6989a4e910805f5685d6e1b7,Adultery
6989a4e910805f5685d6e1b7,Marine Biology
6989a4e910805f5685d6e1b8,Authors
6989a4e910805f5685d6e1b8,American Wit And Humor.
6989a4e910805f5685d6e1b9,Fiction
6989a4e910805f5685d6e1b9,Back Bay (boston
6989a4e910805f5685d6e1b9,Mass.)
6989a4e910805f5685d6e1ba,Canadian Periodicals
6989a4e910805f5685d6e1ba,Animal Rights Activists
6989a4e910805f5685d6e1bb,Erotic
6989a4e910805f5685d6e1bb,American Literature
6989a4e910805f5685d6e1bc,Espionage
6989a4e910805f5685d6e1bc,Appomattox Campaign
6989a4e910805f5685d6e1bd,Juvenile Fiction
6989a4e910805f5685d6e1be,General
6989a4e910805f5685d6e1be,Fiction
6989a4e910805f5685d6e1bf,Body
6989a4e910805f5685d6e1bf,Mind
6989a4e910805f5685d6e1c0,Fiction
6989a4e910805f5685d6e1c1,Statistics.
6989a4e910805f5685d6e1c1,Creative Ability
6989a4e910805f5685d6e1c2,Oregon
6989a4e910805f5685d6e1c2,Art Thefts
6989a4e910805f5685d6e1c3,Fiction
6989a4e910805f5685d6e1c4,Carbohydrates
6989a4e910805f5685d6e1c4,Depression
6989a4e910805f5685d6e1c5,Juvenile Fiction
6989a4e910805f5685d6e1c6,Genius
6989a4e910805f5685d6e1c6,Horsemanship
6989a4e910805f5685d6e1c7,Canada Imprints
6989a4e910805f5685d6e1c7,Fell
6989a4e910805f5685d6e1c8,True Crime
6989a4e910805f5685d6e1c9,Marple
6989a4e910805f5685d6e1c9,Tristan (legend)
6989a4e910805f5685d6e1ca,Language Experience Approach In Education
6989a4e910805f5685d6e1ca,Diners (restaurants)
6989a4e910805f5685d6e1cb,General
6989a4e910805f5685d6e1cc,Antique Dealers
6989a4e910805f5685d6e1cc,2003-
6989a4e910805f5685d6e1cd,Fiction
6989a4e910805f5685d6e1cd,American Literature
6989a4e910805f5685d6e1ce,Fiction
6989a4e910805f5685d6e1ce,Adultery
6989a4e910805f5685d6e1cf,African Americans
6989a4e910805f5685d6e1cf,Barges
6989a4e910805f5685d6e1d0,Fiction
6989a4e910805f5685d6e1d0,Business
6989a4e910805f5685d6e1d0,Biography
6989a4e910805f5685d6e1d1,Richard (fictitious Character)
6989a4e910805f5685d6e1d1,Conduct Of Life
6989a4e910805f5685d6e1d2,Fiction
6989a4e910805f5685d6e1d3,General
6989a4e910805f5685d6e1d4,Belgrade (serbia)
6989a4e910805f5685d6e1d4,Arab Americans
6989a4e910805f5685d6e1d5,Fiction
6989a4e910805f5685d6e1d5,Health
6989a4e910805f5685d6e1d6,Fiction
6989a4e910805f5685d6e1d7,Cooking
6989a4e910805f5685d6e1d7,New Zealand
6989a4e910805f5685d6e1d8,Juvenile Fiction
6989a4e910805f5685d6e1d9,Entomologists
6989a4e910805f5685d6e1d9,Cultivated
6989a4e910805f5685d6e1da,Landscape
6989a4e910805f5685d6e1da,Documentary Photography
6989a4e910805f5685d6e1db,Literary Criticism
6989a4e910805f5685d6e1dc,History
6989a4e910805f5685d6e1dd,Self-help
6989a4e910805f5685d6e1de,African-american Soldiers
6989a4e910805f5685d6e1de,Rodents
6989a4e910805f5685d6e1df,France
6989a4e910805f5685d6e1df,Modern
6989a4e910805f5685d6e1e0,Drama
6989a4e910805f5685d6e1e1,Cerebral Palsy
6989a4e910805f5685d6e1e1,Human-alien Encounters
6989a4e910805f5685d6e1e2,English Language
6989a4e910805f5685d6e1e2,Act Assessment
6989a4e910805f5685d6e1e3,Union Catalogs
6989a4e910805f5685d6e1e4,Fiction
6989a4e910805f5685d6e1e4,Juvenile Fiction
6989a4e910805f5685d6e1e4,General
6989a4e910805f5685d6e1e5,Fiction
6989a4e910805f5685d6e1e5,General
6989a4e910805f5685d6e1e5,Biography
6989a4e910805f5685d6e1e6,Actors
6989a4e910805f5685d6e1e6,Christian Women
6989a4e910805f5685d6e1e7,Homosexuality
6989a4e910805f5685d6e1e7,Erotic
6989a4e910805f5685d6e1e8,General
6989a4e910805f5685d6e1e8,Detective And Mystery Stories
6989a4e910805f5685d6e1e8,Fiction
6989a4e910805f5685d6e1e9,Madeline (fictitious Character)
6989a4e910805f5685d6e1e9,Eskimos
6989a4e910805f5685d6e1ea,Bolan
6989a4e910805f5685d6e1ea,Hunting Stories
6989a4e910805f5685d6e1eb,Masturbation
6989a4e910805f5685d6e1eb,Strips
6989a4e910805f5685d6e1ec,Country Life
6989a4e910805f5685d6e1ec,Dogs
6989a4e910805f5685d6e1ed,Hellenism
6989a4e910805f5685d6e1ed,Military Art And Science
6989a4e910805f5685d6e1ee,Fiction
6989a4e910805f5685d6e1ee,Social Science
6989a4e910805f5685d6e1ee,General
6989a4e910805f5685d6e1ef,Juvenile Fiction
6989a4e910805f5685d6e1ef,Comics
6989a4e910805f5685d6e1f0,Humor
6989a4e910805f5685d6e1f1,Biography
6989a4e910805f5685d6e1f1,American Fiction
6989a4e910805f5685d6e1f1,Fiction
6989a4e910805f5685d6e1f2,Group Reading
6989a4e910805f5685d6e1f2,Bullies
6989a4e910805f5685d6e1f3,Fiction
6989a4e910805f5685d6e1f3,General
6989a4e910805f5685d6e1f3,Juvenile Fiction
6989a4e910805f5685d6e1f4,Children
6989a4e910805f5685d6e1f4,Forensic Scientists
6989a4e910805f5685d6e1f5,Nuclear Warfare
6989a4e910805f5685d6e1f5,Pets
6989a4e910805f5685d6e1f6,Philosophy
6989a4e910805f5685d6e1f6,Animals In Art
6989a4e910805f5685d6e1f7,Science
6989a4e910805f5685d6e1f8,Southern
6989a4e910805f5685d6e1f8,Names
6989a4e910805f5685d6e1f9,Dreams
6989a4e910805f5685d6e1f9,Hudson River Valley (n.y. And N.j.)
6989a4e910805f5685d6e1fa,Fiction
6989a4e910805f5685d6e1fa,Jewish Fiction
6989a4e910805f5685d6e1fa,General
6989a4e910805f5685d6e1fb,Alcoholism
6989a4e910805f5685d6e1fb,Bildungsromans
6989a4e910805f5685d6e1fc,Chicago (ill.)
6989a4e910805f5685d6e1fc,Religion
6989a4e910805f5685d6e1fd,Fiction
6989a4e910805f5685d6e1fe,Islam
6989a4e910805f5685d6e1fe,Dog Breeders
6989a4e910805f5685d6e1ff,Art Thefts
6989a4e910805f5685d6e1ff,Hunting Stories
6989a4e910805f5685d6e200,Canadian Literature
6989a4e910805f5685d6e200,Historians
6989a4e910805f5685d6e201,Fiction
6989a4e910805f5685d6e202,Juvenile Fiction
6989a4e910805f5685d6e203,Camping
6989a4e910805f5685d6e203,Continental Drift
6989a4e910805f5685d6e204,Adultery
6989a4e910805f5685d6e205,English Fiction
6989a4e910805f5685d6e205,General
6989a4e910805f5685d6e205,Young Adult Fiction
6989a4e910805f5685d6e206,General
6989a4e910805f5685d6e207,Fiction
6989a4e910805f5685d6e207,General
6989a4e910805f5685d6e207,Science
6989a4e910805f5685d6e208,Travel
6989a4e910805f5685d6e209,English Language - Words
6989a4e910805f5685d6e209,Cerebral Dominance
6989a4e910805f5685d6e20a,Anarchists
6989a4e910805f5685d6e20a,Commercial Art
6989a4e910805f5685d6e20b,Commercial Statistics
6989a4e910805f5685d6e20b,Adoptees
6989a4e910805f5685d6e20c,New Market
6989a4e910805f5685d6e20c,Labor Leaders
6989a4e910805f5685d6e20d,Foreign Language Study
6989a4e910805f5685d6e20e,Fiction
6989a4e910805f5685d6e20e,Adultery
6989a4e910805f5685d6e20f,Drama
6989a4e910805f5685d6e210,Fiction
6989a4e910805f5685d6e210,General
6989a4e910805f5685d6e210,English Fiction
6989a4e910805f5685d6e211,Fiction
6989a4e910805f5685d6e211,General
6989a4e910805f5685d6e211,Religion
6989a4e910805f5685d6e212,Browne
6989a4e910805f5685d6e212,Folklore
6989a4e910805f5685d6e213,Comic Books
6989a4e910805f5685d6e213,Guinea Pigs
6989a4e910805f5685d6e214,General
6989a4e910805f5685d6e214,Education
6989a4e910805f5685d6e214,Biography
6989a4e910805f5685d6e215,Magic
6989a4e910805f5685d6e215,Arkansas
6989a4e910805f5685d6e216,Business
6989a4e910805f5685d6e217,Dragons
6989a4e910805f5685d6e217,Juvenile Fiction
6989a4e910805f5685d6e218,Juvenile Fiction
6989a4e910805f5685d6e218,Body
6989a4e910805f5685d6e218,Mind
6989a4e910805f5685d6e219,Juvenile Nonfiction
6989a4e910805f5685d6e21a,Body
6989a4e910805f5685d6e21a,Communism
6989a4e910805f5685d6e21b,Adjustment Disorders
6989a4e910805f5685d6e21b,Horror Stories.
6989a4e910805f5685d6e21c,Religion
6989a4e910805f5685d6e21d,Antiquities.
6989a4e910805f5685d6e21d,Agricultural Credit
6989a4e910805f5685d6e21e,Grammar
6989a4e910805f5685d6e21e,Superintendent (fictitious Character)
6989a4e910805f5685d6e21f,Blizzards
6989a4e910805f5685d6e21f,Hopalong (fictitious Character)
6989a4e910805f5685d6e220,Communication In Marriage
6989a4e910805f5685d6e220,Children's Poetry
6989a4e910805f5685d6e221,Religion
6989a4e910805f5685d6e222,Family
6989a4e910805f5685d6e223,Union Catalogs
6989a4e910805f5685d6e223,Bartholomew
6989a4e910805f5685d6e224,Personal
6989a4e910805f5685d6e224,Fourth Dimension
6989a4e910805f5685d6e225,Nature
6989a4e910805f5685d6e226,Brooklyn (new York
6989a4e910805f5685d6e226,Drummers (musicians)
6989a4e910805f5685d6e227,General
6989a4e910805f5685d6e228,Poetry
6989a4e910805f5685d6e228,General
6989a4e910805f5685d6e228,History
6989a4e910805f5685d6e229,Fiction
6989a4e910805f5685d6e229,General
6989a4e910805f5685d6e22a,Humor
6989a4e910805f5685d6e22a,Business
6989a4e910805f5685d6e22b,General
6989a4e910805f5685d6e22b,Fiction
6989a4e910805f5685d6e22b,Audiobooks
6989a4e910805f5685d6e22c,Fiction
6989a4e910805f5685d6e22c,General
6989a4e910805f5685d6e22c,Games
6989a4e910805f5685d6e22d,Fiction
6989a4e910805f5685d6e22d,Health
6989a4e910805f5685d6e22d,Language Arts
6989a4e910805f5685d6e22e,Fiction
6989a4e910805f5685d6e22e,General
6989a4e910805f5685d6e22e,Reference
6989a4e910805f5685d6e22f,General
6989a4e910805f5685d6e230,Arctic Regions
6989a4e910805f5685d6e230,Numerology
6989a4e910805f5685d6e231,Courage
6989a4e910805f5685d6e231,Jammu And Kashmir (india)
6989a4e910805f5685d6e232,Alternative Histories (fiction)
6989a4e910805f5685d6e232,Los Angeles (calif.)
6989a4e910805f5685d6e233,Adobe Photoshop
6989a4e910805f5685d6e233,Extrasensory Perception
6989a4e910805f5685d6e234,Fiction
6989a4e910805f5685d6e235,Counting
6989a4e910805f5685d6e235,Free Enterprise
6989a4e910805f5685d6e236,Adolescence
6989a4e910805f5685d6e236,Condensed Books
6989a4e910805f5685d6e237,Religion
6989a4e910805f5685d6e238,Communication In Humanities
6989a4e910805f5685d6e238,Battle
6989a4e910805f5685d6e239,Fiction
6989a4e910805f5685d6e239,General
6989a4e910805f5685d6e239,Family
6989a4e910805f5685d6e23a,Technical Assistance
6989a4e910805f5685d6e23a,Finance
6989a4e910805f5685d6e23b,Humor
6989a4e910805f5685d6e23b,Biography
6989a4e910805f5685d6e23b,Fiction
6989a4e910805f5685d6e23c,Fiction
6989a4e910805f5685d6e23c,General
6989a4e910805f5685d6e23c,Juvenile Fiction
6989a4e910805f5685d6e23d,Comic Books
6989a4e910805f5685d6e23d,Agricultural Price Supports
6989a4e910805f5685d6e23e,Fiction
6989a4e910805f5685d6e23e,General
6989a4e910805f5685d6e23e,Biography
6989a4e910805f5685d6e23f,Juvenile Fiction
6989a4e910805f5685d6e240,Americans
6989a4e910805f5685d6e241,Fiction
6989a4e910805f5685d6e242,Emblems
6989a4e910805f5685d6e242,Frankenstein Films
6989a4e910805f5685d6e243,Fiction
6989a4e910805f5685d6e244,English Literature
6989a4e910805f5685d6e244,Characters And Characteristics In Literature
6989a4e910805f5685d6e244,General
6989a4e910805f5685d6e245,Self-help
6989a4e910805f5685d6e246,Fiction
6989a4e910805f5685d6e246,Religion
6989a4e910805f5685d6e247,Science
6989a4e910805f5685d6e248,Escort Services
6989a4e910805f5685d6e248,Numerology
6989a4e910805f5685d6e249,Juvenile Fiction
6989a4e910805f5685d6e249,Earp
6989a4e910805f5685d6e24a,African American Baseball Players
6989a4e910805f5685d6e24a,Baseball Stories
6989a4e910805f5685d6e24b,Performing Arts
6989a4e910805f5685d6e24c,Colorado
6989a4e910805f5685d6e24c,Securities Industry
6989a4e910805f5685d6e24d,Excavations (archaeology)
6989a4e910805f5685d6e24d,Bambi (fictitious Character)
6989a4e910805f5685d6e24e,Hollywood (los Angeles
6989a4e910805f5685d6e24e,Multiple Personality
6989a4e910805f5685d6e24f,Fiction
6989a4e910805f5685d6e250,Edinburgh (scotland)
6989a4e910805f5685d6e250,Private Investigators
6989a4e910805f5685d6e251,General
6989a4e910805f5685d6e252,Manuscripts
6989a4e910805f5685d6e252,Physical Sciences
6989a4e910805f5685d6e253,Ancient
6989a4e910805f5685d6e253,Alaska
6989a4e910805f5685d6e254,Academic Writing
6989a4e910805f5685d6e254,Ranches
6989a4e910805f5685d6e255,Blair Witch Project (motion Picture)
6989a4e910805f5685d6e255,Back Bay (boston
6989a4e910805f5685d6e256,Napoleonic Wars
6989a4e910805f5685d6e256,Current Events
6989a4e910805f5685d6e257,Fiction
6989a4e910805f5685d6e258,Science
6989a4e910805f5685d6e258,Fiction
6989a4e910805f5685d6e259,Guinea Pigs
6989a4e910805f5685d6e259,Discernment Of Spirits
6989a4e910805f5685d6e25a,African American Women
6989a4e910805f5685d6e25a,California
6989a4e910805f5685d6e25b,Fiction
6989a4e910805f5685d6e25b,High Interest-low Vocabulary Books
6989a4e910805f5685d6e25b,Juvenile Fiction
6989a4e910805f5685d6e25c,General
6989a4e910805f5685d6e25d,Young Adult Fiction
6989a4e910805f5685d6e25e,Fiction
6989a4e910805f5685d6e25e,General
6989a4e910805f5685d6e25f,New Thought
6989a4e910805f5685d6e25f,Conversation Analysis
6989a4e910805f5685d6e260,Humorous Stories
6989a4e910805f5685d6e260,Country Musicians
6989a4e910805f5685d6e261,John
6989a4e910805f5685d6e261,Animal Rights Activists
6989a4e910805f5685d6e262,Ambassadors
6989a4e910805f5685d6e262,Feminism And Music
6989a4e910805f5685d6e263,Forest Ecology
6989a4e910805f5685d6e264,Fiction
6989a4e910805f5685d6e265,General
6989a4e910805f5685d6e266,Colors
6989a4e910805f5685d6e266,Irish
6989a4e910805f5685d6e267,1961-1975
6989a4e910805f5685d6e267,Frogs
6989a4e910805f5685d6e268,Fiction
6989a4e910805f5685d6e269,Aran Islands (ireland)
6989a4e910805f5685d6e269,Dutch
6989a4e910805f5685d6e26a,Success
6989a4e910805f5685d6e26a,Cataloging
6989a4e910805f5685d6e26b,Fiction
6989a4e910805f5685d6e26c,Cosmetics Industry
6989a4e910805f5685d6e26c,Brain
6989a4e910805f5685d6e26d,Pictorial
6989a4e910805f5685d6e26d,Divorced People
6989a4e910805f5685d6e26e,General
6989a4e910805f5685d6e26f,Italian
6989a4e910805f5685d6e26f,Lizards
6989a4e910805f5685d6e270,Fiction
6989a4e910805f5685d6e270,Biography
6989a4e910805f5685d6e270,General
6989a4e910805f5685d6e271,English Language - Words
6989a4e910805f5685d6e271,Frontier And Pioneer Life
6989a4e910805f5685d6e272,Self-help
6989a4e910805f5685d6e272,Nova Scotia
6989a4e910805f5685d6e273,General
6989a4e910805f5685d6e273,Fiction
6989a4e910805f5685d6e273,Travel
6989a4e910805f5685d6e274,Biography
6989a4e910805f5685d6e274,Baseball Players
6989a4e910805f5685d6e274,Pets
6989a4e910805f5685d6e275,History
6989a4e910805f5685d6e275,Biography
6989a4e910805f5685d6e275,General
6989a4e910805f5685d6e276,Biography
6989a4e910805f5685d6e276,General
6989a4e910805f5685d6e277,College Sports
6989a4e910805f5685d6e277,Landlord And Tenant
6989a4e910805f5685d6e278,Motion Picture Industry
6989a4e910805f5685d6e278,Tennis
6989a4e910805f5685d6e279,History
6989a4e910805f5685d6e27a,Diary Fiction
6989a4e910805f5685d6e27a,Biographical Fiction
6989a4e910805f5685d6e27b,General
6989a4e910805f5685d6e27c,Religion
6989a4e910805f5685d6e27d,General
6989a4e910805f5685d6e27e,Artists
6989a4e910805f5685d6e27e,Children Of Migrant Laborers
6989a4e910805f5685d6e27f,Humor
6989a4e910805f5685d6e27f,Fiction
6989a4e910805f5685d6e27f,Sports
6989a4e910805f5685d6e280,Literary Criticism
6989a4e910805f5685d6e281,Communication In Humanities
6989a4e910805f5685d6e281,Leisure Class
6989a4e910805f5685d6e282,Body
6989a4e910805f5685d6e282,Mind
6989a4e910805f5685d6e283,Marquesas Islands (french Polynesia)
6989a4e910805f5685d6e283,Christianity
6989a4e910805f5685d6e284,American Literature
6989a4e910805f5685d6e284,Self-help
6989a4e910805f5685d6e285,Business
6989a4e910805f5685d6e286,Fiction
6989a4e910805f5685d6e286,Juvenile Fiction
6989a4e910805f5685d6e286,General
6989a4e910805f5685d6e287,Crimes Without Victims
6989a4e910805f5685d6e287,Wales
6989a4e910805f5685d6e288,Aquarium Fishes
6989a4e910805f5685d6e288,Mice
6989a4e910805f5685d6e289,Business
6989a4e910805f5685d6e28a,Cooking
6989a4e910805f5685d6e28b,Fiction
6989a4e910805f5685d6e28b,General
6989a4e910805f5685d6e28b,Political Science
6989a4e910805f5685d6e28c,Drama
6989a4e910805f5685d6e28d,Great Britain
6989a4e910805f5685d6e28e,History
6989a4e910805f5685d6e28e,Biography
6989a4e910805f5685d6e28f,Architecture
6989a4e910805f5685d6e28f,Sexual Fantasies
6989a4e910805f5685d6e290,Graphic Novels
6989a4e910805f5685d6e290,Book Of The Dead
6989a4e910805f5685d6e291,Rock Musicians
6989a4e910805f5685d6e291,Christian Women
6989a4e910805f5685d6e292,Biography
6989a4e910805f5685d6e293,Fiction
6989a4e910805f5685d6e294,History
6989a4e910805f5685d6e295,Audio-visual Education
6989a4e910805f5685d6e295,African Wild Dog
6989a4e910805f5685d6e296,Birthmothers
6989a4e910805f5685d6e296,Bookbinding
6989a4e910805f5685d6e297,Juvenile Fiction
6989a4e910805f5685d6e298,First Loves
6989a4e910805f5685d6e298,Books And Reading
6989a4e910805f5685d6e299,Sign Language
6989a4e910805f5685d6e299,Aeronautics
6989a4e910805f5685d6e29a,Strips
6989a4e910805f5685d6e29a,Beagle Expedition
6989a4e910805f5685d6e29b,Va.)
6989a4e910805f5685d6e29b,Freemasonry
6989a4e910805f5685d6e29c,Highway Planning
6989a4e910805f5685d6e29c,Chivalry
6989a4e910805f5685d6e29d,Motion Picture Plays
6989a4e910805f5685d6e29d,Escort Services
6989a4e910805f5685d6e29e,Juvenile Fiction
6989a4e910805f5685d6e29e,Fiction
6989a4e910805f5685d6e29f,General
6989a4e910805f5685d6e29f,Literary Criticism
6989a4e910805f5685d6e2a0,Trials (murder)
6989a4e910805f5685d6e2a1,Fiction
6989a4e910805f5685d6e2a1,General
6989a4e910805f5685d6e2a1,Body
6989a4e910805f5685d6e2a2,General
6989a4e910805f5685d6e2a2,High Interest-low Vocabulary Books
6989a4e910805f5685d6e2a3,Bones (musical Instrument)
6989a4e910805f5685d6e2a3,Celtic
6989a4e910805f5685d6e2a4,Rock Musicians
6989a4e910805f5685d6e2a4,Crime
6989a4e910805f5685d6e2a5,Debates And Debating
6989a4e910805f5685d6e2a5,Home-based Businesses
6989a4e910805f5685d6e2a6,Business
6989a4e910805f5685d6e2a7,Cape Cod (mass.)
6989a4e910805f5685d6e2a7,Northern Exposure (television Program)
6989a4e910805f5685d6e2a8,Indonesia
6989a4e910805f5685d6e2a8,Atonement
6989a4e910805f5685d6e2a9,General
6989a4e910805f5685d6e2aa,Bedtime
6989a4e910805f5685d6e2aa,Fansler
6989a4e910805f5685d6e2ab,General
6989a4e910805f5685d6e2ab,Fiction
6989a4e910805f5685d6e2ac,Fiction
6989a4e910805f5685d6e2ad,Juvenile Fiction
6989a4e910805f5685d6e2ae,Murder
6989a4e910805f5685d6e2af,Anglais (langue) - Histoire
6989a4e910805f5685d6e2af,Augustine
6989a4e910805f5685d6e2b0,Fiction
6989a4e910805f5685d6e2b1,Fiction
6989a4e910805f5685d6e2b1,General
6989a4e910805f5685d6e2b2,Fiction
6989a4e910805f5685d6e2b2,Art
6989a4e910805f5685d6e2b2,Travel
6989a4e910805f5685d6e2b3,Cuban
6989a4e910805f5685d6e2b3,Heavy Metal (music)
6989a4e910805f5685d6e2b4,Juvenile Fiction
6989a4e910805f5685d6e2b5,Fiction
6989a4e910805f5685d6e2b5,Law
6989a4e910805f5685d6e2b5,Juvenile Fiction
6989a4e910805f5685d6e2b6,General
6989a4e910805f5685d6e2b7,Fathers And Daughters
6989a4e910805f5685d6e2b7,Greek
6989a4e910805f5685d6e2b8,General
6989a4e910805f5685d6e2b9,General
6989a4e910805f5685d6e2ba,Fiction
6989a4e910805f5685d6e2ba,Juvenile Fiction
6989a4e910805f5685d6e2ba,General
6989a4e910805f5685d6e2bb,American Wit And Humor.
6989a4e910805f5685d6e2bb,Children's Literature
6989a4e910805f5685d6e2bc,Appomattox Campaign
6989a4e910805f5685d6e2bc,Bible And Evolution
6989a4e910805f5685d6e2bd,Video Games
6989a4e910805f5685d6e2bd,Gardening
6989a4e910805f5685d6e2be,Juvenile Fiction
6989a4e910805f5685d6e2bf,Fiction
6989a4e910805f5685d6e2c0,Historical Fiction
6989a4e910805f5685d6e2c0,Comic Books
6989a4e910805f5685d6e2c1,Guvernören (tanker)
6989a4e910805f5685d6e2c1,Murder
6989a4e910805f5685d6e2c2,Education
6989a4e910805f5685d6e2c2,History
6989a4e910805f5685d6e2c3,American Literature
6989a4e910805f5685d6e2c4,Public Health
6989a4e910805f5685d6e2c4,Dogs
6989a4e910805f5685d6e2c5,Discoveries In Geography
6989a4e910805f5685d6e2c5,Government Publications
6989a4e910805f5685d6e2c6,Body
6989a4e910805f5685d6e2c6,Mind
6989a4e910805f5685d6e2c7,Design
6989a4e910805f5685d6e2c7,Negotiation
6989a4e910805f5685d6e2c8,Conjoined Twins
6989a4e910805f5685d6e2c8,Bambi (fictitious Character)
6989a4e910805f5685d6e2c9,Russia
6989a4e910805f5685d6e2c9,Ghosts
6989a4e910805f5685d6e2ca,Cookies
6989a4e910805f5685d6e2ca,Architects
6989a4e910805f5685d6e2cb,Weight Lifting
6989a4e910805f5685d6e2cb,Necklaces
6989a4e910805f5685d6e2cc,Landscapes
6989a4e910805f5685d6e2cc,Communication In Marriage
6989a4e910805f5685d6e2cd,Fiction
6989a4e910805f5685d6e2cd,General
6989a4e910805f5685d6e2ce,Statistics.
6989a4e910805f5685d6e2ce,New Zealand
6989a4e910805f5685d6e2cf,Legends
6989a4e910805f5685d6e2cf,Asia
6989a4e910805f5685d6e2d0,Fiction
6989a4e910805f5685d6e2d0,Biography
6989a4e910805f5685d6e2d0,Literary Criticism
6989a4e910805f5685d6e2d1,Coal Miners
6989a4e910805f5685d6e2d1,Architecture
6989a4e910805f5685d6e2d2,Ghost Stories
6989a4e910805f5685d6e2d2,American
6989a4e910805f5685d6e2d3,General
6989a4e910805f5685d6e2d4,Channeling (spiritualism)
6989a4e910805f5685d6e2d4,Highlands (scotland)
6989a4e910805f5685d6e2d5,American Poetry
6989a4e910805f5685d6e2d5,Low-carbohydrate Diet
6989a4e910805f5685d6e2d6,Juvenile Fiction
6989a4e910805f5685d6e2d7,Fiction
6989a4e910805f5685d6e2d8,Men
6989a4e910805f5685d6e2d8,Fantasy In Art
6989a4e910805f5685d6e2d9,Missing Persons
6989a4e910805f5685d6e2d9,Bonsai
6989a4e910805f5685d6e2da,Espaliers
6989a4e910805f5685d6e2da,Agricultural Price Supports
6989a4e910805f5685d6e2db,Body
6989a4e910805f5685d6e2db,Mind
6989a4e910805f5685d6e2dc,Women Astronauts
6989a4e910805f5685d6e2dc,Gift Books
6989a4e910805f5685d6e2dd,Fiction
6989a4e910805f5685d6e2dd,Indic Poetry (english)
6989a4e910805f5685d6e2de,Reference
6989a4e910805f5685d6e2de,Travel
6989a4e910805f5685d6e2de,Juvenile Fiction
6989a4e910805f5685d6e2df,Dragons
6989a4e910805f5685d6e2df,Drug Abuse And Crime
6989a4e910805f5685d6e2e0,Fiction
6989a4e910805f5685d6e2e1,Motion Picture Actors And Actresses
6989a4e910805f5685d6e2e1,Architects
6989a4e910805f5685d6e2e2,Body
6989a4e910805f5685d6e2e2,Mind
6989a4e910805f5685d6e2e2,General
6989a4e910805f5685d6e2e3,Talking Books
6989a4e910805f5685d6e2e3,Crossword Puzzles
6989a4e910805f5685d6e2e4,Fiction
6989a4e910805f5685d6e2e4,Study Aids
6989a4e910805f5685d6e2e5,Humor
6989a4e910805f5685d6e2e5,Fiction
6989a4e910805f5685d6e2e5,Biography
6989a4e910805f5685d6e2e6,Christmas Decorations
6989a4e910805f5685d6e2e6,Juvenile Romance
6989a4e910805f5685d6e2e7,Fiction
6989a4e910805f5685d6e2e8,Church And State
6989a4e910805f5685d6e2e8,Bicycles
6989a4e910805f5685d6e2e9,Promptbooks
6989a4e910805f5685d6e2e9,Medieval
6989a4e910805f5685d6e2ea,Church And Social Problems
6989a4e910805f5685d6e2ea,Baseball Players
6989a4e910805f5685d6e2eb,Agricultural Credit
6989a4e910805f5685d6e2eb,Buddhism
6989a4e910805f5685d6e2ec,Sign Language
6989a4e910805f5685d6e2ec,Juvenile Fiction
6989a4e910805f5685d6e2ed,Discipline Of Children
6989a4e910805f5685d6e2ed,Areproductive Health
6989a4e910805f5685d6e2ee,Women Painters
6989a4e910805f5685d6e2ee,Child Rearing
6989a4e910805f5685d6e2ef,Cataloging
6989a4e910805f5685d6e2ef,Animal Behavior
6989a4e910805f5685d6e2f0,True Crime
6989a4e910805f5685d6e2f1,Fiction
6989a4e910805f5685d6e2f1,General
6989a4e910805f5685d6e2f1,Political Science
6989a4e910805f5685d6e2f2,Fiction
6989a4e910805f5685d6e2f2,General
6989a4e910805f5685d6e2f2,Biography
6989a4e910805f5685d6e2f3,Travelers
6989a4e910805f5685d6e2f3,Interpersonal Relations
6989a4e910805f5685d6e2f4,Soldiers
6989a4e910805f5685d6e2f4,Mexican War
6989a4e910805f5685d6e2f5,Forest Ecology
6989a4e910805f5685d6e2f5,Life On Other Planets
6989a4e910805f5685d6e2f6,Fiction
6989a4e910805f5685d6e2f7,Fishes
6989a4e910805f5685d6e2f7,Aberystwyth (wales)
6989a4e910805f5685d6e2f8,Fiction
6989a4e910805f5685d6e2f9,Self-realization In Women
6989a4e910805f5685d6e2f9,Christian Fiction
6989a4e910805f5685d6e2fa,Christmas
6989a4e910805f5685d6e2fa,North Carolina
6989a4e910805f5685d6e2fb,General
6989a4e910805f5685d6e2fb,Fiction
6989a4e910805f5685d6e2fb,Juvenile Fiction
6989a4e910805f5685d6e2fc,Fiction
6989a4e910805f5685d6e2fd,Religion
6989a4e910805f5685d6e2fe,African Americans
6989a4e910805f5685d6e2fe,General
6989a4e910805f5685d6e2fe,Religion
6989a4e910805f5685d6e2ff,Defense Information
6989a4e910805f5685d6e2ff,Homosexuality
6989a4e910805f5685d6e300,Colombian
6989a4e910805f5685d6e300,Modern
6989a4e910805f5685d6e301,Fiction
6989a4e910805f5685d6e301,General
6989a4e910805f5685d6e301,Colombia
6989a4e910805f5685d6e302,Fiction
6989a4e910805f5685d6e303,Juvenile Fiction
6989a4e910805f5685d6e303,General
6989a4e910805f5685d6e304,Famines
6989a4e910805f5685d6e304,Czech Americans
6989a4e910805f5685d6e305,Gardening
6989a4e910805f5685d6e305,Cookery
6989a4e910805f5685d6e306,Fiction
6989a4e910805f5685d6e307,Fiction
6989a4e910805f5685d6e308,General
6989a4e910805f5685d6e308,Fiction
6989a4e910805f5685d6e308,Business
6989a4e910805f5685d6e309,Fiction
6989a4e910805f5685d6e30a,Fiction
6989a4e910805f5685d6e30b,Union
6989a4e910805f5685d6e30b,Hatha Yoga
6989a4e910805f5685d6e30c,In The Bleak Midwinter (motion Picture)
6989a4e910805f5685d6e30c,Avarice
6989a4e910805f5685d6e30d,History
6989a4e910805f5685d6e30d,Fiction
6989a4e910805f5685d6e30e,Vietnam War
6989a4e910805f5685d6e30e,Love
6989a4e910805f5685d6e30f,Drowning
6989a4e910805f5685d6e30f,Menopause
6989a4e910805f5685d6e310,Chance
6989a4e910805f5685d6e310,Lizards
6989a4e910805f5685d6e311,Fiction
6989a4e910805f5685d6e311,General
6989a4e910805f5685d6e311,Family
6989a4e910805f5685d6e312,Fiction
6989a4e910805f5685d6e312,Cooking
6989a4e910805f5685d6e312,Young Adult Fiction
6989a4e910805f5685d6e313,Adultery
6989a4e910805f5685d6e314,Russian Poetry
6989a4e910805f5685d6e314,United States History Civil War
6989a4e910805f5685d6e315,Black Mountain (n.c.)
6989a4e910805f5685d6e315,Falstaff
6989a4e910805f5685d6e316,Amber (imaginary Place)
6989a4e910805f5685d6e316,Prayer
6989a4e910805f5685d6e317,Fiction
6989a4e910805f5685d6e318,Microeconomics
6989a4e910805f5685d6e318,Assassins
6989a4e910805f5685d6e319,Crime And Criminals
6989a4e910805f5685d6e319,Celebrities
6989a4e910805f5685d6e31a,Fiction
6989a4e910805f5685d6e31a,General
6989a4e910805f5685d6e31a,Reference
6989a4e910805f5685d6e31b,English Literature
6989a4e910805f5685d6e31b,Classified
6989a4e910805f5685d6e31c,Violin
6989a4e910805f5685d6e31c,Sex (psychology)
6989a4e910805f5685d6e31d,Fiction
6989a4e910805f5685d6e31e,Abused Children
6989a4e910805f5685d6e31e,Paperbacks
6989a4e910805f5685d6e31f,Fiction
6989a4e910805f5685d6e31f,Family
6989a4e910805f5685d6e31f,Health
6989a4e910805f5685d6e320,Business
6989a4e910805f5685d6e321,Dragons
6989a4e910805f5685d6e322,1991-
6989a4e910805f5685d6e322,Book Of The Dead
6989a4e910805f5685d6e323,Holocaust
6989a4e910805f5685d6e323,North Carolina
6989a4e910805f5685d6e324,Fiction
6989a4e910805f5685d6e325,Biography
6989a4e910805f5685d6e326,Factories
6989a4e910805f5685d6e326,People With Disabilities
6989a4e910805f5685d6e327,Fiction
6989a4e910805f5685d6e327,General
6989a4e910805f5685d6e327,Language Arts
6989a4e910805f5685d6e328,General
6989a4e910805f5685d6e328,Body
6989a4e910805f5685d6e328,Mind
6989a4e910805f5685d6e329,Austrian
6989a4e910805f5685d6e329,Automobile Travel
6989a4e910805f5685d6e32a,Colonial Williamsburg (williamsburg
6989a4e910805f5685d6e32a,Juvenile Romance
6989a4e910805f5685d6e32b,1865
6989a4e910805f5685d6e32b,Blizzards
6989a4e910805f5685d6e32c,General
6989a4e910805f5685d6e32d,Study Aids
6989a4e910805f5685d6e32d,Psychoanalysis
6989a4e910805f5685d6e32e,Jet Lag
6989a4e910805f5685d6e32e,Babies
6989a4e910805f5685d6e32f,Pets
6989a4e910805f5685d6e330,Fiction
6989a4e910805f5685d6e330,General
6989a4e910805f5685d6e330,Biography
6989a4e910805f5685d6e331,General
6989a4e910805f5685d6e331,Fiction
6989a4e910805f5685d6e332,General
6989a4e910805f5685d6e332,Literary Criticism
6989a4e910805f5685d6e332,Fiction
6989a4e910805f5685d6e333,Fiction
6989a4e910805f5685d6e334,True Crime
6989a4e910805f5685d6e335,General
6989a4e910805f5685d6e336,General
6989a4e910805f5685d6e337,Religion
6989a4e910805f5685d6e337,General
6989a4e910805f5685d6e337,Ethics
6989a4e910805f5685d6e338,Physical Sciences
6989a4e910805f5685d6e338,Acid Rain
6989a4e910805f5685d6e339,Raccoon
6989a4e910805f5685d6e339,Personal
6989a4e910805f5685d6e33a,Body
6989a4e910805f5685d6e33a,Mind
6989a4e910805f5685d6e33b,Life
6989a4e910805f5685d6e33b,Intimacy (psychology)
6989a4e910805f5685d6e33c,Multiple Personality
6989a4e910805f5685d6e33c,Low-carbohydrate Diet
6989a4e910805f5685d6e33d,Juvenile Nonfiction
6989a4e910805f5685d6e33e,Actors
6989a4e910805f5685d6e33e,English Fiction
6989a4e910805f5685d6e33f,Fiction
6989a4e910805f5685d6e340,General
6989a4e910805f5685d6e341,Customer Services
6989a4e910805f5685d6e341,Businesspeople
6989a4e910805f5685d6e342,Chicago (ill.)
6989a4e910805f5685d6e342,Fiction
6989a4e910805f5685d6e343,Interpersonal Conflict
6989a4e910805f5685d6e343,Captain Underpants (fictitious Character)
6989a4e910805f5685d6e344,General
6989a4e910805f5685d6e344,Body
6989a4e910805f5685d6e344,Mind
6989a4e910805f5685d6e345,Fiction
6989a4e910805f5685d6e346,General
6989a4e910805f5685d6e347,Wales
6989a4e910805f5685d6e347,Vendetta
6989a4e910805f5685d6e348,American Literature
6989a4e910805f5685d6e348,General
6989a4e910805f5685d6e349,Biography
6989a4e910805f5685d6e34a,Fiction
6989a4e910805f5685d6e34b,Fiction
6989a4e910805f5685d6e34b,General
6989a4e910805f5685d6e34b,Biography
6989a4e910805f5685d6e34c,Heavy Metal (music)
6989a4e910805f5685d6e34c,Appomattox Campaign
6989a4e910805f5685d6e34d,Fiction
6989a4e910805f5685d6e34e,Folklore
6989a4e910805f5685d6e34e,Revolutions
6989a4e910805f5685d6e34f,Animal Ark (imaginary Organization)
6989a4e910805f5685d6e34f,Star Trek Films
6989a4e910805f5685d6e350,General
6989a4e910805f5685d6e351,Caricatures And Cartoons
6989a4e910805f5685d6e351,City And Town Life
6989a4e910805f5685d6e352,Copyright
6989a4e910805f5685d6e352,England
6989a4e910805f5685d6e352,Fiction
6989a4e910805f5685d6e353,Board Books
6989a4e910805f5685d6e353,Bible
6989a4e910805f5685d6e354,American Dream
6989a4e910805f5685d6e354,Juvenile Nonfiction
6989a4e910805f5685d6e355,Southern States
6989a4e910805f5685d6e355,Celtic
6989a4e910805f5685d6e356,Biography
6989a4e910805f5685d6e356,General
6989a4e910805f5685d6e357,Counted Thread Embroidery
6989a4e910805f5685d6e357,Sinclair Symposium
6989a4e910805f5685d6e358,Child Prostitution
6989a4e910805f5685d6e358,Buffy The Vampire Slayer (fictitious Character)
6989a4e910805f5685d6e359,Fiction
6989a4e910805f5685d6e359,Comics
6989a4e910805f5685d6e359,General
6989a4e910805f5685d6e35a,Fiction
6989a4e910805f5685d6e35b,Fiction
6989a4e910805f5685d6e35b,Business
6989a4e910805f5685d6e35b,Biography
6989a4e910805f5685d6e35c,Fiction
6989a4e910805f5685d6e35c,Juvenile Fiction
6989a4e910805f5685d6e35c,Comics
6989a4e910805f5685d6e35d,Rama (imaginary Space Vehicle)
6989a4e910805f5685d6e35d,Colonial Williamsburg (williamsburg
6989a4e910805f5685d6e35e,Fiction
6989a4e910805f5685d6e35f,Household Ecology
6989a4e910805f5685d6e35f,Cosmetics Industry
6989a4e910805f5685d6e360,First Loves
6989a4e910805f5685d6e360,United States
6989a4e910805f5685d6e361,History
6989a4e910805f5685d6e362,Young Adult Fiction
6989a4e910805f5685d6e363,Dating (social Customs)
6989a4e910805f5685d6e363,God
6989a4e910805f5685d6e364,True Crime
6989a4e910805f5685d6e365,Drama
6989a4e910805f5685d6e366,Juvenile Fiction
6989a4e910805f5685d6e367,Social Science
6989a4e910805f5685d6e367,Devil
6989a4e910805f5685d6e368,General
6989a4e910805f5685d6e368,Fiction
6989a4e910805f5685d6e368,History
6989a4e910805f5685d6e369,Rock Musicians
6989a4e910805f5685d6e369,Comic Fantasy
6989a4e910805f5685d6e36a,Young Adult Fiction
6989a4e910805f5685d6e36a,Copenhagen (denmark)
6989a4e910805f5685d6e36b,Germany
6989a4e910805f5685d6e36b,Agricultural Credit
6989a4e910805f5685d6e36c,Poetry
6989a4e910805f5685d6e36c,Fiction
6989a4e910805f5685d6e36d,Religion
6989a4e910805f5685d6e36e,Biography
6989a4e910805f5685d6e36f,Aardvark
6989a4e910805f5685d6e36f,Talking Books
6989a4e910805f5685d6e370,History
6989a4e910805f5685d6e371,Religion
6989a4e910805f5685d6e371,General
6989a4e910805f5685d6e371,Cotswold Hills (england)
6989a4e910805f5685d6e372,Fantasy
6989a4e910805f5685d6e372,Kissing
6989a4e910805f5685d6e373,Bicycles
6989a4e910805f5685d6e373,1818-1848
6989a4e910805f5685d6e374,Bones (musical Instrument)
6989a4e910805f5685d6e374,Discipline Of Children
6989a4e910805f5685d6e375,Vade-mecums
6989a4e910805f5685d6e375,High Schools
6989a4e910805f5685d6e376,Fiction
6989a4e910805f5685d6e377,Black Humor
6989a4e910805f5685d6e377,Mythology
6989a4e910805f5685d6e378,General
6989a4e910805f5685d6e379,Body
6989a4e910805f5685d6e379,Mind
6989a4e910805f5685d6e37a,Antique Dealers
6989a4e910805f5685d6e37a,Country Musicians
6989a4e910805f5685d6e37b,Spirit Writings
6989a4e910805f5685d6e37b,Biographical Fiction
6989a4e910805f5685d6e37c,Fiction
6989a4e910805f5685d6e37c,General
6989a4e910805f5685d6e37c,Juvenile Fiction
6989a4e910805f5685d6e37d,Hannay
6989a4e910805f5685d6e37d,Christian Biography
6989a4e910805f5685d6e37e,History
6989a4e910805f5685d6e37f,Police
6989a4e910805f5685d6e37f,Hollywood (los Angeles
6989a4e910805f5685d6e380,Fiction
6989a4e910805f5685d6e381,Guvernören (tanker)
6989a4e910805f5685d6e381,Clouds
6989a4e910805f5685d6e382,General
6989a4e910805f5685d6e383,Adventure And Adventurers
6989a4e910805f5685d6e383,Reading Comprehension
6989a4e910805f5685d6e384,Fiction
6989a4e910805f5685d6e384,Drama
6989a4e910805f5685d6e384,General
6989a4e910805f5685d6e385,Literary Criticism
6989a4e910805f5685d6e385,Atlanta (ga.)
6989a4e910805f5685d6e386,Fiction
6989a4e910805f5685d6e387,Feminists
6989a4e910805f5685d6e387,Caterers And Catering
6989a4e910805f5685d6e388,Fiction
6989a4e910805f5685d6e388,Bibles
6989a4e910805f5685d6e389,Ambassadors
6989a4e910805f5685d6e389,Conduct Of Life
6989a4e910805f5685d6e38a,Fiction
6989a4e910805f5685d6e38a,General
6989a4e910805f5685d6e38a,Family
6989a4e910805f5685d6e38b,Vade-mecums
6989a4e910805f5685d6e38b,Conjoined Twins
6989a4e910805f5685d6e38c,Fiction
6989a4e910805f5685d6e38c,Social Science
6989a4e910805f5685d6e38c,Psychology
6989a4e910805f5685d6e38d,Poetry
6989a4e910805f5685d6e38d,Photography
6989a4e910805f5685d6e38d,Fiction
6989a4e910805f5685d6e38e,Man-woman Relationships
6989a4e910805f5685d6e38e,Soccer
6989a4e910805f5685d6e38f,Biography
6989a4e910805f5685d6e390,Excavations (archaeology)
6989a4e910805f5685d6e390,New Thought
6989a4e910805f5685d6e391,Group Reading
6989a4e910805f5685d6e391,Soccer
6989a4e910805f5685d6e392,Investments
6989a4e910805f5685d6e392,Animal Ark (imaginary Organization)
6989a4e910805f5685d6e393,Fiction
6989a4e910805f5685d6e393,Business
6989a4e910805f5685d6e394,Drugs
6989a4e910805f5685d6e394,English Language - Words
6989a4e910805f5685d6e395,Fiction
6989a4e910805f5685d6e395,In The Bleak Midwinter (motion Picture)
6989a4e910805f5685d6e395,Religion
6989a4e910805f5685d6e396,Fiction
6989a4e910805f5685d6e397,Depression
6989a4e910805f5685d6e397,Pattern Perception
6989a4e910805f5685d6e398,Hope
6989a4e910805f5685d6e398,Landscapes
6989a4e910805f5685d6e399,History
6989a4e910805f5685d6e399,Religion
6989a4e910805f5685d6e39a,Ghosts
6989a4e910805f5685d6e39a,Queens
6989a4e910805f5685d6e39b,Fiction
6989a4e910805f5685d6e39c,Science
6989a4e910805f5685d6e39c,Electronic Books
6989a4e910805f5685d6e39d,Fiction
6989a4e910805f5685d6e39d,Juvenile Fiction
6989a4e910805f5685d6e39d,Children's Stories
6989a4e910805f5685d6e39e,Fiction
6989a4e910805f5685d6e39e,Humor
6989a4e910805f5685d6e39f,Aran Islands (ireland)
6989a4e910805f5685d6e39f,Colorado
6989a4e910805f5685d6e3a0,Biography
6989a4e910805f5685d6e3a1,Poetry
6989a4e910805f5685d6e3a1,Reference
6989a4e910805f5685d6e3a2,Fiction
6989a4e910805f5685d6e3a3,Fiction
6989a4e910805f5685d6e3a3,General
6989a4e910805f5685d6e3a3,Philosophy
6989a4e910805f5685d6e3a4,Aging
6989a4e910805f5685d6e3a4,Glass Craft
6989a4e910805f5685d6e3a5,Cemeteries
6989a4e910805f5685d6e3a5,Attorneys General
6989a4e910805f5685d6e3a6,History
6989a4e910805f5685d6e3a7,Fiction
6989a4e910805f5685d6e3a7,Architects
6989a4e910805f5685d6e3a7,Juvenile Nonfiction
6989a4e910805f5685d6e3a8,General
6989a4e910805f5685d6e3a9,Bonsai
6989a4e910805f5685d6e3a9,Tiger
6989a4e910805f5685d6e3aa,Fiction
6989a4e910805f5685d6e3aa,Buddhism
6989a4e910805f5685d6e3ab,Fiction
6989a4e910805f5685d6e3ab,Audiobooks
6989a4e910805f5685d6e3ac,Discworld (imaginary Place)
6989a4e910805f5685d6e3ac,Gift Books
6989a4e910805f5685d6e3ad,Intimacy (psychology)
6989a4e910805f5685d6e3ad,History
6989a4e910805f5685d6e3ae,History
6989a4e910805f5685d6e3ae,Fiction
6989a4e910805f5685d6e3ae,General
6989a4e910805f5685d6e3af,Fiction
6989a4e910805f5685d6e3af,Social Science
6989a4e910805f5685d6e3af,Inheritance And Succession
6989a4e910805f5685d6e3b0,History
6989a4e910805f5685d6e3b1,Fiction
6989a4e910805f5685d6e3b1,Juvenile Fiction
6989a4e910805f5685d6e3b1,Religion
6989a4e910805f5685d6e3b2,Fiction
6989a4e910805f5685d6e3b3,Fiction
6989a4e910805f5685d6e3b3,General
6989a4e910805f5685d6e3b4,General
6989a4e910805f5685d6e3b4,Cooking
6989a4e910805f5685d6e3b5,Fiction
6989a4e910805f5685d6e3b5,Biography
6989a4e910805f5685d6e3b5,Characters And Characteristics In Literature
6989a4e910805f5685d6e3b6,Fiction
6989a4e910805f5685d6e3b7,American Literature
6989a4e910805f5685d6e3b8,Juvenile Fiction
6989a4e910805f5685d6e3b9,Colombo (sri Lanka)
6989a4e910805f5685d6e3b9,Body Language
6989a4e910805f5685d6e3ba,Fiction
6989a4e910805f5685d6e3ba,General
6989a4e910805f5685d6e3ba,England
6989a4e910805f5685d6e3bb,Generals
6989a4e910805f5685d6e3bb,Rome
6989a4e910805f5685d6e3bc,Decoration And Ornament
6989a4e910805f5685d6e3bc,Spanish Drama (comedy)
6989a4e910805f5685d6e3bd,Indic Poetry (english)
6989a4e910805f5685d6e3bd,Landscapes
6989a4e910805f5685d6e3be,Criminal Procedure
6989a4e910805f5685d6e3be,Eastern Question (far East)
6989a4e910805f5685d6e3bf,Books
6989a4e910805f5685d6e3bf,Bands (music)
6989a4e910805f5685d6e3c0,Basketball For Women
6989a4e910805f5685d6e3c0,Bildungsromans
6989a4e910805f5685d6e3c1,Religion
6989a4e910805f5685d6e3c1,Authors
6989a4e910805f5685d6e3c1,American
6989a4e910805f5685d6e3c2,Survival
6989a4e910805f5685d6e3c2,Clergy
6989a4e910805f5685d6e3c3,Microeconomics
6989a4e910805f5685d6e3c3,Bands (music)
6989a4e910805f5685d6e3c4,Antiques
6989a4e910805f5685d6e3c5,Poetry
6989a4e910805f5685d6e3c5,General
6989a4e910805f5685d6e3c5,Fiction
6989a4e910805f5685d6e3c6,Accident Victims
6989a4e910805f5685d6e3c6,Graphic Novels
6989a4e910805f5685d6e3c7,Fiction
6989a4e910805f5685d6e3c8,Trixie (fictitious Character)
6989a4e910805f5685d6e3c8,Gay Erotic Photography
6989a4e910805f5685d6e3c9,Entomologists
6989a4e910805f5685d6e3c9,Occultism
6989a4e910805f5685d6e3ca,General
6989a4e910805f5685d6e3cb,Fiction In English
6989a4e910805f5685d6e3cb,Arts
6989a4e910805f5685d6e3cc,Mormons
6989a4e910805f5685d6e3cc,Emblems
6989a4e910805f5685d6e3cd,Ghost Stories
6989a4e910805f5685d6e3cd,American
6989a4e910805f5685d6e3ce,Black Humor
6989a4e910805f5685d6e3ce,Cotswold Hills (england)
6989a4e910805f5685d6e3cf,General
6989a4e910805f5685d6e3cf,Fiction
6989a4e910805f5685d6e3d0,Dramatists
6989a4e910805f5685d6e3d0,Animal Welfare
6989a4e910805f5685d6e3d1,Taiwan
6989a4e910805f5685d6e3d1,Humanity
6989a4e910805f5685d6e3d2,Marquesas Islands (french Polynesia)
6989a4e910805f5685d6e3d2,Colombian
6989a4e910805f5685d6e3d3,Fiction
6989a4e910805f5685d6e3d3,American Fiction
6989a4e910805f5685d6e3d3,History
6989a4e910805f5685d6e3d4,General
6989a4e910805f5685d6e3d4,Scotland
6989a4e910805f5685d6e3d5,French Fiction
6989a4e910805f5685d6e3d5,African American Families
6989a4e910805f5685d6e3d6,Anglais (langue) - Histoire
6989a4e910805f5685d6e3d6,Black Humor
6989a4e910805f5685d6e3d7,Defense Information
6989a4e910805f5685d6e3d7,Cheyenne Indians
6989a4e910805f5685d6e3d8,Yoga
6989a4e910805f5685d6e3d8,Applications For Positions
6989a4e910805f5685d6e3d9,Cartooning
6989a4e910805f5685d6e3d9,Bibles
6989a4e910805f5685d6e3da,Weight Lifting
6989a4e910805f5685d6e3da,Trials (murder)
6989a4e910805f5685d6e3db,Tristan (legend)
6989a4e910805f5685d6e3db,Cuban
6989a4e910805f5685d6e3dc,Historic Buildings
6989a4e910805f5685d6e3dc,African Americans
6989a4e910805f5685d6e3dd,Cooking
6989a4e910805f5685d6e3dd,Travel
6989a4e910805f5685d6e3de,United States History Civil War
6989a4e910805f5685d6e3de,Second Advent
6989a4e910805f5685d6e3df,Crafts
6989a4e910805f5685d6e3df,Language Arts
6989a4e910805f5685d6e3df,Fiction
6989a4e910805f5685d6e3e0,Fiction
6989a4e910805f5685d6e3e0,Literary Criticism
6989a4e910805f5685d6e3e0,General
6989a4e910805f5685d6e3e1,Yugoslav War
6989a4e910805f5685d6e3e1,Country Life
6989a4e910805f5685d6e3e2,General
6989a4e910805f5685d6e3e2,Body
6989a4e910805f5685d6e3e2,Mind
6989a4e910805f5685d6e3e3,Electronic Books
6989a4e910805f5685d6e3e3,Dwellings
6989a4e910805f5685d6e3e4,Business Enterprises
6989a4e910805f5685d6e3e4,Folklore
6989a4e910805f5685d6e3e5,General
6989a4e910805f5685d6e3e6,Fiction
6989a4e910805f5685d6e3e7,National Characteristics
6989a4e910805f5685d6e3e7,Vampires
6989a4e910805f5685d6e3e8,Fiction
6989a4e910805f5685d6e3e9,Herb Gardening
6989a4e910805f5685d6e3e9,Juvenile Nonfiction
6989a4e910805f5685d6e3ea,Photography
6989a4e910805f5685d6e3ea,Carols
6989a4e910805f5685d6e3eb,Juvenile Fiction
6989a4e910805f5685d6e3ec,English Language
6989a4e910805f5685d6e3ec,Animal Heroes
6989a4e910805f5685d6e3ed,True Crime
6989a4e910805f5685d6e3ee,Fiction
6989a4e910805f5685d6e3ee,Women Astronauts
6989a4e910805f5685d6e3ee,General
6989a4e910805f5685d6e3ef,Owls
6989a4e910805f5685d6e3ef,Design
6989a4e910805f5685d6e3f0,Communication
6989a4e910805f5685d6e3f0,Religion
6989a4e910805f5685d6e3f1,Religion
6989a4e910805f5685d6e3f1,Fiction
6989a4e910805f5685d6e3f1,Business
6989a4e910805f5685d6e3f2,Amusements
6989a4e910805f5685d6e3f2,National Characteristics
6989a4e910805f5685d6e3f3,Sculptors
6989a4e910805f5685d6e3f3,Child Development
6989a4e910805f5685d6e3f4,Fiction
6989a4e910805f5685d6e3f4,American Fiction
6989a4e910805f5685d6e3f4,General
6989a4e910805f5685d6e3f5,Bullies
6989a4e910805f5685d6e3f5,Impressionism (art)
6989a4e910805f5685d6e3f6,Wales
6989a4e910805f5685d6e3f6,Horror Stories.
6989a4e910805f5685d6e3f7,Art
6989a4e910805f5685d6e3f7,Communities
6989a4e910805f5685d6e3f8,Fiction
6989a4e910805f5685d6e3f8,General
6989a4e910805f5685d6e3f8,Drama
6989a4e910805f5685d6e3f9,Personnel Management
6989a4e910805f5685d6e3f9,Adventure Stories
6989a4e910805f5685d6e3fa,History
6989a4e910805f5685d6e3fb,American Literature
6989a4e910805f5685d6e3fc,Fiction
6989a4e910805f5685d6e3fd,Self-acceptance
6989a4e910805f5685d6e3fd,Belden
6989a4e910805f5685d6e3fe,Czech Americans
6989a4e910805f5685d6e3fe,Fiction
6989a4e910805f5685d6e3ff,Deverry (imaginary Place)
6989a4e910805f5685d6e3ff,Chess
6989a4e910805f5685d6e400,English Wit And Humor
6989a4e910805f5685d6e400,Eskimos
6989a4e910805f5685d6e401,Acid Rain
6989a4e910805f5685d6e401,Confucianism
6989a4e910805f5685d6e402,Fiction
6989a4e910805f5685d6e403,2003-
6989a4e910805f5685d6e403,Competition (psychology)
6989a4e910805f5685d6e404,Businesspeople
6989a4e910805f5685d6e404,Autographs
6989a4e910805f5685d6e405,Anti-apartheid Movements
6989a4e910805f5685d6e405,Editions
6989a4e910805f5685d6e406,Fiction
6989a4e910805f5685d6e407,Comics
6989a4e910805f5685d6e408,Literary Criticism
6989a4e910805f5685d6e409,English Drama
6989a4e910805f5685d6e409,Rodents
6989a4e910805f5685d6e40a,Arapaho Indians
6989a4e910805f5685d6e40a,Christian Pilgrims And Pilgrimages
6989a4e910805f5685d6e40b,Humorous Stories
6989a4e910805f5685d6e40b,Capacity And Disability
6989a4e910805f5685d6e40c,Technology
6989a4e910805f5685d6e40c,Light
6989a4e910805f5685d6e40d,Competition (psychology)
6989a4e910805f5685d6e40d,Automobile Travel
6989a4e910805f5685d6e40e,Fiction
6989a4e910805f5685d6e40e,Juvenile Fiction
6989a4e910805f5685d6e40e,Biography
6989a4e910805f5685d6e40f,Fiction
6989a4e910805f5685d6e40f,Literary Criticism
6989a4e910805f5685d6e40f,General
6989a4e910805f5685d6e410,Fiction
6989a4e910805f5685d6e410,Crafts
6989a4e910805f5685d6e410,Comics
6989a4e910805f5685d6e411,Paperbacks
6989a4e910805f5685d6e411,Beagle Expedition
6989a4e910805f5685d6e412,Malone
6989a4e910805f5685d6e412,Love Spell Historical Romance
6989a4e910805f5685d6e413,Ghost Stories
6989a4e910805f5685d6e413,Dragons In Literature
6989a4e910805f5685d6e414,Fiction
6989a4e910805f5685d6e414,General
6989a4e910805f5685d6e414,Biography
6989a4e910805f5685d6e415,Rational Emotive Behavior Therapy
6989a4e910805f5685d6e415,Cemeteries
6989a4e910805f5685d6e416,Business Ethics
6989a4e910805f5685d6e416,Interpersonal Conflict
6989a4e910805f5685d6e417,Dakota Indians
6989a4e910805f5685d6e417,Film Novelizations
6989a4e910805f5685d6e418,General
6989a4e910805f5685d6e419,Political Science
6989a4e910805f5685d6e41a,Fiction
6989a4e910805f5685d6e41a,Foreign Language Study
6989a4e910805f5685d6e41a,Health
6989a4e910805f5685d6e41b,Political Science
6989a4e910805f5685d6e41b,Continental Drift
6989a4e910805f5685d6e41c,Fiction
6989a4e910805f5685d6e41c,General
6989a4e910805f5685d6e41c,Mutiney
6989a4e910805f5685d6e41d,History
6989a4e910805f5685d6e41e,General
6989a4e910805f5685d6e41f,Government Investigators
6989a4e910805f5685d6e41f,Epic Poetry
6989a4e910805f5685d6e420,General
6989a4e910805f5685d6e421,Fiction
6989a4e910805f5685d6e421,General
6989a4e910805f5685d6e422,Juvenile Fiction
6989a4e910805f5685d6e422,Romantic Suspense Fiction
6989a4e910805f5685d6e422,History
6989a4e910805f5685d6e423,Fiction
6989a4e910805f5685d6e423,General
6989a4e910805f5685d6e423,Sex (psychology)
6989a4e910805f5685d6e424,Country Life
6989a4e910805f5685d6e424,Clowns
6989a4e910805f5685d6e425,Courtship
6989a4e910805f5685d6e425,Consumer Education
6989a4e910805f5685d6e426,George (fictitious Character)
6989a4e910805f5685d6e426,Jewish (1939-1945)
6989a4e910805f5685d6e427,Justice In Art
6989a4e910805f5685d6e427,Brothers
6989a4e910805f5685d6e428,Album
6989a4e910805f5685d6e428,Fiction In English
6989a4e910805f5685d6e429,Eccentrics And Eccentricities
6989a4e910805f5685d6e429,Self-actualization (psychology)
6989a4e910805f5685d6e42a,Business
6989a4e910805f5685d6e42b,Astrology
6989a4e910805f5685d6e42b,Hypnotism
6989a4e910805f5685d6e42c,General
6989a4e910805f5685d6e42d,Rourke
6989a4e910805f5685d6e42d,Earp
6989a4e910805f5685d6e42e,Buffy The Vampire Slayer (fictitious Character)
6989a4e910805f5685d6e42e,Police Reports
6989a4e910805f5685d6e42f,1991-
6989a4e910805f5685d6e42f,Commercial Art
6989a4e910805f5685d6e430,Midway
6989a4e910805f5685d6e430,Akenfield (england)
6989a4e910805f5685d6e431,Carter
6989a4e910805f5685d6e431,Belgium
6989a4e910805f5685d6e432,Young Adult Fiction
6989a4e910805f5685d6e432,Fiction
6989a4e910805f5685d6e433,General
6989a4e910805f5685d6e433,Fiction
6989a4e910805f5685d6e434,Fiction
6989a4e910805f5685d6e434,Arctic Regions
6989a4e910805f5685d6e434,Biography
6989a4e910805f5685d6e435,Diazepam
6989a4e910805f5685d6e435,Marine Biology
6989a4e910805f5685d6e436,General
6989a4e910805f5685d6e436,Biography
6989a4e910805f5685d6e436,Juvenile Fiction
6989a4e910805f5685d6e437,Alternative Histories (fiction)
6989a4e910805f5685d6e437,Vade-mecums
6989a4e910805f5685d6e438,Cologne (germany)
6989a4e910805f5685d6e438,Amusements
6989a4e910805f5685d6e439,Nuns
6989a4e910805f5685d6e439,Sermons
6989a4e910805f5685d6e43a,Nigeria
6989a4e910805f5685d6e43a,Acculturation
6989a4e910805f5685d6e43b,Dramatists
6989a4e910805f5685d6e43b,Alzheimer's Disease
6989a4e910805f5685d6e43c,Group Reading
6989a4e910805f5685d6e43c,Arizona
6989a4e910805f5685d6e43d,Southern States
6989a4e910805f5685d6e43d,Promptbooks
6989a4e910805f5685d6e43e,Fiction
6989a4e910805f5685d6e43e,Travel
6989a4e910805f5685d6e43e,Chess
6989a4e910805f5685d6e43f,Fiction
6989a4e910805f5685d6e43f,General
6989a4e910805f5685d6e440,Forest Ecology
6989a4e910805f5685d6e440,Securities Industry
6989a4e910805f5685d6e441,Fiction
6989a4e910805f5685d6e442,Success
6989a4e910805f5685d6e442,American Wit And Humor.
6989a4e910805f5685d6e443,Logic
6989a4e910805f5685d6e443,Eye
6989a4e910805f5685d6e444,Entertainers
6989a4e910805f5685d6e444,Herb Gardening
6989a4e910805f5685d6e445,Fiction
6989a4e910805f5685d6e445,American Fiction
6989a4e910805f5685d6e446,Authors And Publishers
6989a4e910805f5685d6e446,Investments
6989a4e910805f5685d6e447,History
6989a4e910805f5685d6e448,Maternal.
6989a4e910805f5685d6e448,African American Women Artists
6989a4e910805f5685d6e449,Appleby
6989a4e910805f5685d6e449,Science Fiction
6989a4e910805f5685d6e44a,Juvenile Fiction
6989a4e910805f5685d6e44a,General
6989a4e910805f5685d6e44a,History
6989a4e910805f5685d6e44b,Fiction
6989a4e910805f5685d6e44c,Comics
6989a4e910805f5685d6e44d,Spain)
6989a4e910805f5685d6e44d,Income Distribution
6989a4e910805f5685d6e44e,Fiction
6989a4e910805f5685d6e44e,General
6989a4e910805f5685d6e44f,Fiction
6989a4e910805f5685d6e450,Biography
6989a4e910805f5685d6e450,Fiction
6989a4e910805f5685d6e450,Education
6989a4e910805f5685d6e451,General
6989a4e910805f5685d6e451,Young Adult Fiction
6989a4e910805f5685d6e452,Applications For Positions
6989a4e910805f5685d6e452,Alexandria (egypt)
6989a4e910805f5685d6e453,Agricultural Credit
6989a4e910805f5685d6e453,Hate Groups
6989a4e910805f5685d6e454,Body
6989a4e910805f5685d6e454,Mind
6989a4e910805f5685d6e455,Dungeons And Dragons (game)
6989a4e910805f5685d6e455,Female Friendship
6989a4e910805f5685d6e456,Body
6989a4e910805f5685d6e456,Mind
6989a4e910805f5685d6e457,Greek
6989a4e910805f5685d6e457,Fathers And Daughters
6989a4e910805f5685d6e458,Fiction
6989a4e910805f5685d6e459,Condensed Books
6989a4e910805f5685d6e459,Psychosomatic
6989a4e910805f5685d6e45a,Angkor (extinct City)
6989a4e910805f5685d6e45a,Counting
6989a4e910805f5685d6e45b,Motion Picture Plays
6989a4e910805f5685d6e45b,Italian
6989a4e910805f5685d6e45c,Fiction
6989a4e910805f5685d6e45c,Love Stories
6989a4e910805f5685d6e45c,American
6989a4e910805f5685d6e45d,General
6989a4e910805f5685d6e45d,Detective And Mystery Stories
6989a4e910805f5685d6e45d,English
6989a4e910805f5685d6e45e,Fell
6989a4e910805f5685d6e45e,Life
6989a4e910805f5685d6e45f,Seashore
6989a4e910805f5685d6e45f,Indians
6989a4e910805f5685d6e460,Fiction
6989a4e910805f5685d6e460,General
6989a4e910805f5685d6e460,Juvenile Fiction
6989a4e910805f5685d6e461,Comics
6989a4e910805f5685d6e462,Fiction
6989a4e910805f5685d6e462,General
6989a4e910805f5685d6e463,Chivalry
6989a4e910805f5685d6e463,Marine Pollution
6989a4e910805f5685d6e464,Fiction
6989a4e910805f5685d6e464,Literary Criticism
6989a4e910805f5685d6e465,Fiction
6989a4e910805f5685d6e465,Dragons In Literature
6989a4e910805f5685d6e466,Aran Islands (ireland)
6989a4e910805f5685d6e466,Criminal Procedure
6989a4e910805f5685d6e467,General
6989a4e910805f5685d6e468,Fiction
6989a4e910805f5685d6e469,Fiction
6989a4e910805f5685d6e46a,Juvenile Fiction
6989a4e910805f5685d6e46b,Capacity And Disability
6989a4e910805f5685d6e46b,Art
6989a4e910805f5685d6e46c,Photography
6989a4e910805f5685d6e46c,Pets
6989a4e910805f5685d6e46c,Religion
6989a4e910805f5685d6e46d,Fires
6989a4e910805f5685d6e46d,Badgers
6989a4e910805f5685d6e46e,Christian Life
6989a4e910805f5685d6e46f,Discipline Of Children
6989a4e910805f5685d6e46f,Microwave Cooking
6989a4e910805f5685d6e470,Biography
6989a4e910805f5685d6e470,Fiction
6989a4e910805f5685d6e471,Communication In Humanities
6989a4e910805f5685d6e471,Alcoholics
6989a4e910805f5685d6e472,Poetry
6989a4e910805f5685d6e472,General
6989a4e910805f5685d6e473,Jeunesse - Usage Des Drogues - Californie
6989a4e910805f5685d6e473,Government
6989a4e910805f5685d6e474,Fiction
6989a4e910805f5685d6e475,Administration Of Estates
6989a4e910805f5685d6e475,Sales Personnel
6989a4e910805f5685d6e476,Religion
6989a4e910805f5685d6e476,General
6989a4e910805f5685d6e477,Drug Abuse
6989a4e910805f5685d6e477,Cuban
6989a4e910805f5685d6e478,Fiction
6989a4e910805f5685d6e479,Alcoholics
6989a4e910805f5685d6e479,Occupations
6989a4e910805f5685d6e47a,Psychology
6989a4e910805f5685d6e47a,Self-help
6989a4e910805f5685d6e47a,General
6989a4e910805f5685d6e47b,Bondage (sexual Behavior)
6989a4e910805f5685d6e47b,Educartion-parents-participation--united States
6989a4e910805f5685d6e47c,History
6989a4e910805f5685d6e47d,Horsemanship
6989a4e910805f5685d6e47d,Artists
6989a4e910805f5685d6e47e,General
6989a4e910805f5685d6e47e,Juvenile Fiction
6989a4e910805f5685d6e47e,Fiction
6989a4e910805f5685d6e47f,Celebrities
6989a4e910805f5685d6e47f,Arabs
6989a4e910805f5685d6e480,Biography
6989a4e910805f5685d6e480,Juvenile Fiction
6989a4e910805f5685d6e480,True Crime
6989a4e910805f5685d6e481,Anglican Converts
6989a4e910805f5685d6e481,Bridegrooms
6989a4e910805f5685d6e482,Fiction
6989a4e910805f5685d6e483,African-american Soldiers
6989a4e910805f5685d6e483,African American Women
6989a4e910805f5685d6e484,Biography
6989a4e910805f5685d6e485,Government
6989a4e910805f5685d6e485,Dutch
6989a4e910805f5685d6e486,International Organization
6989a4e910805f5685d6e486,Japanese Americans
6989a4e910805f5685d6e487,Alienation (social Psychology)
6989a4e910805f5685d6e487,Stamp Collecting
6989a4e910805f5685d6e488,Festivals
6989a4e910805f5685d6e488,Trixie (fictitious Character)
6989a4e910805f5685d6e489,Fiction
6989a4e910805f5685d6e489,General
6989a4e910805f5685d6e489,Literary Collections
6989a4e910805f5685d6e48a,Business
6989a4e910805f5685d6e48a,General
6989a4e910805f5685d6e48a,Family
6989a4e910805f5685d6e48b,Back Bay (boston
6989a4e910805f5685d6e48b,Inheritance And Succession
6989a4e910805f5685d6e48c,Juvenile Fiction
6989a4e910805f5685d6e48d,Spanish Language
6989a4e910805f5685d6e48d,Insurgency
6989a4e910805f5685d6e48e,Pattern Perception
6989a4e910805f5685d6e48e,Historic Buildings
6989a4e910805f5685d6e48f,Mindfulness (psychology)
6989a4e910805f5685d6e48f,Scotland
6989a4e910805f5685d6e490,Beauty
6989a4e910805f5685d6e490,Beauty And The Beast (tale)
6989a4e910805f5685d6e491,Fiction
6989a4e910805f5685d6e491,Africa
6989a4e910805f5685d6e491,Central
6989a4e910805f5685d6e492,Fiction
6989a4e910805f5685d6e493,General
6989a4e910805f5685d6e494,Arab Americans
6989a4e910805f5685d6e494,Chile
6989a4e910805f5685d6e495,Comparative And General
6989a4e910805f5685d6e495,High Interest-low Vocabulary Books
6989a4e910805f5685d6e496,Cooking
6989a4e910805f5685d6e496,Juvenile Nonfiction
6989a4e910805f5685d6e497,Fishes
6989a4e910805f5685d6e497,Female Orgasm
6989a4e910805f5685d6e498,Historic Buildings
6989a4e910805f5685d6e498,1800-1815
6989a4e910805f5685d6e499,Fiction
6989a4e910805f5685d6e499,General
6989a4e910805f5685d6e499,Religion
6989a4e910805f5685d6e49a,History
6989a4e910805f5685d6e49b,Sailing
6989a4e910805f5685d6e49b,Eskimos
6989a4e910805f5685d6e49c,Adjustment (psychology)
6989a4e910805f5685d6e49c,Horse Racing
6989a4e910805f5685d6e49d,Jewish Fiction
6989a4e910805f5685d6e49d,Genetic Engineering
6989a4e910805f5685d6e49e,Yachts
6989a4e910805f5685d6e49e,Expatriation
6989a4e910805f5685d6e49f,Dentists
6989a4e910805f5685d6e49f,Rodents
6989a4e910805f5685d6e4a0,Fiction
6989a4e910805f5685d6e4a0,Biography
6989a4e910805f5685d6e4a0,General
6989a4e910805f5685d6e4a1,Bibles
6989a4e910805f5685d6e4a2,Religion
6989a4e910805f5685d6e4a2,Biography
6989a4e910805f5685d6e4a2,Philosophy
6989a4e910805f5685d6e4a3,Motion Picture Actors And Actresses
6989a4e910805f5685d6e4a3,Dutch
6989a4e910805f5685d6e4a4,Christianity
6989a4e910805f5685d6e4a4,Browne
6989a4e910805f5685d6e4a5,Erotic
6989a4e910805f5685d6e4a5,1861-1865 Fiction
6989a4e910805f5685d6e4a6,Picaresque Literature
6989a4e910805f5685d6e4a6,Mindfulness (psychology)
6989a4e910805f5685d6e4a7,Administration Of Estates
6989a4e910805f5685d6e4a7,Child Development
6989a4e910805f5685d6e4a8,Drama
6989a4e910805f5685d6e4a9,Va.)
6989a4e910805f5685d6e4a9,Adult Children Of Alcoholics
6989a4e910805f5685d6e4aa,Fiction
6989a4e910805f5685d6e4ab,Fiction
6989a4e910805f5685d6e4ac,Fantastic Fiction.
6989a4e910805f5685d6e4ac,Earp
6989a4e910805f5685d6e4ad,Biography
6989a4e910805f5685d6e4ae,General
6989a4e910805f5685d6e4af,Chess
6989a4e910805f5685d6e4af,Personal
6989a4e910805f5685d6e4b0,Biography
6989a4e910805f5685d6e4b0,General
6989a4e910805f5685d6e4b1,Foreign Language Study
6989a4e910805f5685d6e4b2,Fiction
6989a4e910805f5685d6e4b2,Reference
6989a4e910805f5685d6e4b2,Drama
6989a4e910805f5685d6e4b3,Lisbon (portugal)
6989a4e910805f5685d6e4b3,Greek
6989a4e910805f5685d6e4b4,Philosophy
6989a4e910805f5685d6e4b4,Science
6989a4e910805f5685d6e4b4,Psychology
6989a4e910805f5685d6e4b5,Romances
6989a4e910805f5685d6e4b5,Chess
6989a4e910805f5685d6e4b6,General
6989a4e910805f5685d6e4b6,Fiction
6989a4e910805f5685d6e4b6,History
6989a4e910805f5685d6e4b7,Comics
6989a4e910805f5685d6e4b7,Excavations (archaeology)
6989a4e910805f5685d6e4b8,German Americans
6989a4e910805f5685d6e4b8,Science Fiction.
6989a4e910805f5685d6e4b9,Psychology
6989a4e910805f5685d6e4ba,General
6989a4e910805f5685d6e4ba,Fiction
6989a4e910805f5685d6e4ba,Biography
6989a4e910805f5685d6e4bb,Religion
6989a4e910805f5685d6e4bc,Baking
6989a4e910805f5685d6e4bc,Astrology.
6989a4e910805f5685d6e4bd,Juvenile Fiction
6989a4e910805f5685d6e4be,American Literature
6989a4e910805f5685d6e4bf,Government
6989a4e910805f5685d6e4bf,History
6989a4e910805f5685d6e4c0,General
6989a4e910805f5685d6e4c0,Social Science
6989a4e910805f5685d6e4c0,Fiction
6989a4e910805f5685d6e4c1,Fiction
6989a4e910805f5685d6e4c2,Fiction
6989a4e910805f5685d6e4c2,Juvenile Nonfiction
6989a4e910805f5685d6e4c2,Apache Indians
6989a4e910805f5685d6e4c3,Interpersonal Communication
6989a4e910805f5685d6e4c4,Relativity (physics)
6989a4e910805f5685d6e4c4,Sweden
6989a4e910805f5685d6e4c5,Fiction
6989a4e910805f5685d6e4c5,Biography
6989a4e910805f5685d6e4c5,Bronté́
6989a4e910805f5685d6e4c6,Corruption
6989a4e910805f5685d6e4c6,Corbett
6989a4e910805f5685d6e4c7,Creative Thinking
6989a4e910805f5685d6e4c7,Drugs
6989a4e910805f5685d6e4c8,Fiction
6989a4e910805f5685d6e4c9,Dakota Territory
6989a4e910805f5685d6e4ca,Young Adult Nonfiction
6989a4e910805f5685d6e4ca,Dog Breeders
6989a4e910805f5685d6e4cb,Families
6989a4e910805f5685d6e4cc,Stamp Collecting
6989a4e910805f5685d6e4cc,Creative Thinking
6989a4e910805f5685d6e4cd,Fantastic Fiction.
6989a4e910805f5685d6e4cd,Beagle Expedition
6989a4e910805f5685d6e4ce,Marple
6989a4e910805f5685d6e4ce,Capitalism
6989a4e910805f5685d6e4cf,Self-help
6989a4e910805f5685d6e4d0,Fiction
6989a4e910805f5685d6e4d1,Adultery
6989a4e910805f5685d6e4d2,Fiction
6989a4e910805f5685d6e4d2,General
6989a4e910805f5685d6e4d2,History
6989a4e910805f5685d6e4d3,Indian Art
6989a4e910805f5685d6e4d3,Canada
6989a4e910805f5685d6e4d4,Fiction
6989a4e910805f5685d6e4d4,General
6989a4e910805f5685d6e4d4,Man-woman Relationships
6989a4e910805f5685d6e4d5,Fiction
6989a4e910805f5685d6e4d6,General
6989a4e910805f5685d6e4d6,Fiction
6989a4e910805f5685d6e4d6,History
6989a4e910805f5685d6e4d7,Promptbooks
6989a4e910805f5685d6e4d7,National
6989a4e910805f5685d6e4d8,Reference
6989a4e910805f5685d6e4d8,Capital Punishment
6989a4e910805f5685d6e4d9,Body Marking
6989a4e910805f5685d6e4d9,Roderick (fictitious Character)
6989a4e910805f5685d6e4da,General
6989a4e910805f5685d6e4db,Biography
6989a4e910805f5685d6e4dc,Knights And Knighthood
6989a4e910805f5685d6e4dc,Courts And Courtiers
6989a4e910805f5685d6e4dd,Reference
6989a4e910805f5685d6e4de,Bibles
6989a4e910805f5685d6e4de,Christian Biography
6989a4e910805f5685d6e4de,Religion
6989a4e910805f5685d6e4df,Fiction
6989a4e910805f5685d6e4df,General
6989a4e910805f5685d6e4df,Biography
6989a4e910805f5685d6e4e0,Fiction
6989a4e910805f5685d6e4e0,Juvenile Fiction
6989a4e910805f5685d6e4e1,Fiction
6989a4e910805f5685d6e4e1,Performing Arts
6989a4e910805f5685d6e4e2,Genius
6989a4e910805f5685d6e4e2,Performing Arts
6989a4e910805f5685d6e4e3,Cancer
6989a4e910805f5685d6e4e3,Pool (game)
6989a4e910805f5685d6e4e4,Union
6989a4e910805f5685d6e4e4,Juvenile Fiction
6989a4e910805f5685d6e4e5,Authors
6989a4e910805f5685d6e4e5,Chemistry
6989a4e910805f5685d6e4e6,Economics
6989a4e910805f5685d6e4e6,Capitalism
6989a4e910805f5685d6e4e7,Reading
6989a4e910805f5685d6e4e7,Architecture
6989a4e910805f5685d6e4e8,History
6989a4e910805f5685d6e4e9,Australia
6989a4e910805f5685d6e4ea,Consumption (economics)
6989a4e910805f5685d6e4ea,Fiction
6989a4e910805f5685d6e4ea,Bibles
6989a4e910805f5685d6e4eb,Biography
6989a4e910805f5685d6e4ec,General
6989a4e910805f5685d6e4ed,General
6989a4e910805f5685d6e4ee,Juvenile Fiction
6989a4e910805f5685d6e4ee,Fiction
6989a4e910805f5685d6e4ee,Netherlands
6989a4e910805f5685d6e4ef,Rocks
6989a4e910805f5685d6e4ef,Homosexuality
6989a4e910805f5685d6e4f0,Psychology
6989a4e910805f5685d6e4f0,Fiction
6989a4e910805f5685d6e4f1,General
6989a4e910805f5685d6e4f2,Kate (fictitious Character)
6989a4e910805f5685d6e4f2,Pets
6989a4e910805f5685d6e4f3,High Schools
6989a4e910805f5685d6e4f3,Audiobooks
6989a4e910805f5685d6e4f4,Juvenile Fiction
6989a4e910805f5685d6e4f5,Science Fiction
6989a4e910805f5685d6e4f5,Bullets
6989a4e910805f5685d6e4f6,Celebrities
6989a4e910805f5685d6e4f6,Mental
6989a4e910805f5685d6e4f7,Fiction
6989a4e910805f5685d6e4f7,General
6989a4e910805f5685d6e4f7,Religion
6989a4e910805f5685d6e4f8,Key West (fla.)
6989a4e910805f5685d6e4f8,Horror Films
6989a4e910805f5685d6e4f9,Fiction
6989a4e910805f5685d6e4f9,Health
6989a4e910805f5685d6e4f9,Business
6989a4e910805f5685d6e4fa,Italian
6989a4e910805f5685d6e4fa,Singers
6989a4e910805f5685d6e4fb,Jury
6989a4e910805f5685d6e4fb,Child Development
6989a4e910805f5685d6e4fc,Fiction
6989a4e910805f5685d6e4fd,Fiction
6989a4e910805f5685d6e4fe,Children Of Migrant Laborers
6989a4e910805f5685d6e4fe,Piano Music
6989a4e910805f5685d6e4ff,Comics
6989a4e910805f5685d6e500,Fiction
6989a4e910805f5685d6e501,Wizards-juvenile Fiction
6989a4e910805f5685d6e501,Union
6989a4e910805f5685d6e502,Fiction
6989a4e910805f5685d6e502,Children
6989a4e910805f5685d6e503,Body
6989a4e910805f5685d6e503,Mind
6989a4e910805f5685d6e504,Vade-mecums
6989a4e910805f5685d6e504,Physicians
6989a4e910805f5685d6e505,Business
6989a4e910805f5685d6e505,Fiction
6989a4e910805f5685d6e506,Conflict Management
6989a4e910805f5685d6e506,Biology
6989a4e910805f5685d6e507,Documentary Photography
6989a4e910805f5685d6e507,Logic
6989a4e910805f5685d6e508,Cats
6989a4e910805f5685d6e508,Archetype (psychology)
6989a4e910805f5685d6e509,Fiction
6989a4e910805f5685d6e50a,Psychology
6989a4e910805f5685d6e50a,Anti-apartheid Movements
6989a4e910805f5685d6e50b,Adventure
6989a4e910805f5685d6e50b,Christian Life
6989a4e910805f5685d6e50c,General
6989a4e910805f5685d6e50d,Fiction
6989a4e910805f5685d6e50d,General
6989a4e910805f5685d6e50d,Travel
6989a4e910805f5685d6e50e,Courtship
6989a4e910805f5685d6e50e,Wrestlers
6989a4e910805f5685d6e50f,Alienation (social Psychology)
6989a4e910805f5685d6e50f,Courts And Courtiers
6989a4e910805f5685d6e510,Attempted Murder
6989a4e910805f5685d6e510,Adultery
6989a4e910805f5685d6e511,Books And Reading
6989a4e910805f5685d6e511,Menopause
6989a4e910805f5685d6e512,Fiction
6989a4e910805f5685d6e513,Antique Dealers
6989a4e910805f5685d6e513,Behavior Modification
6989a4e910805f5685d6e514,Names
6989a4e910805f5685d6e514,Arts
6989a4e910805f5685d6e515,Communication In Organizations
6989a4e910805f5685d6e515,Indonesia
6989a4e910805f5685d6e516,Boston (mass.)
6989a4e910805f5685d6e516,Entomologists
6989a4e910805f5685d6e517,Church And State
6989a4e910805f5685d6e517,Art Thefts
6989a4e910805f5685d6e518,Television
6989a4e910805f5685d6e518,Nineteen Twenties
6989a4e910805f5685d6e519,History
6989a4e910805f5685d6e51a,Fiction
6989a4e910805f5685d6e51a,Literary Criticism
6989a4e910805f5685d6e51b,Best Books
6989a4e910805f5685d6e51b,Child Sexual Abuse
6989a4e910805f5685d6e51c,Aids (disease)
6989a4e910805f5685d6e51c,Large Type Books
6989a4e910805f5685d6e51d,Gothic Novels
6989a4e910805f5685d6e51d,Eye
6989a4e910805f5685d6e51e,Authors And Publishers
6989a4e910805f5685d6e51e,Child Rearing
6989a4e910805f5685d6e51f,Great Britain
6989a4e910805f5685d6e520,Forensic Scientists
6989a4e910805f5685d6e520,Editions
6989a4e910805f5685d6e521,Divorced People
6989a4e910805f5685d6e521,Crime And Criminals
6989a4e910805f5685d6e522,Art
6989a4e910805f5685d6e523,Heavy Metal (music)
6989a4e910805f5685d6e523,Interpersonal Communication
6989a4e910805f5685d6e524,Family
6989a4e910805f5685d6e525,Fiction
6989a4e910805f5685d6e526,Fiction
6989a4e910805f5685d6e527,Foreign Language Study
6989a4e910805f5685d6e528,Tugboats
6989a4e910805f5685d6e528,Fell
6989a4e910805f5685d6e529,Fiction
6989a4e910805f5685d6e52a,Juvenile Fiction
6989a4e910805f5685d6e52a,Fiction
6989a4e910805f5685d6e52b,Fiction
6989a4e910805f5685d6e52b,Drama
6989a4e910805f5685d6e52c,Bridegrooms
6989a4e910805f5685d6e52c,Deverry (imaginary Place)
6989a4e910805f5685d6e52d,Biography
6989a4e910805f5685d6e52d,Juvenile Fiction
6989a4e910805f5685d6e52e,General
6989a4e910805f5685d6e52e,Fiction
6989a4e910805f5685d6e52f,Aging
6989a4e910805f5685d6e530,Religion
6989a4e910805f5685d6e530,Science
6989a4e910805f5685d6e530,General
6989a4e910805f5685d6e531,Social Science
6989a4e910805f5685d6e532,General
6989a4e910805f5685d6e533,Calder Family (fictitious Characters)
6989a4e910805f5685d6e533,Key West (fla.)
6989a4e910805f5685d6e534,General
6989a4e910805f5685d6e534,Characters And Characteristics In Literature
6989a4e910805f5685d6e534,Political Science
6989a4e910805f5685d6e535,Juvenile Fiction
6989a4e910805f5685d6e535,Fiction
6989a4e910805f5685d6e536,Fiction
6989a4e910805f5685d6e536,General
6989a4e910805f5685d6e536,Adventure
6989a4e910805f5685d6e537,Veterinarians
6989a4e910805f5685d6e538,General
6989a4e910805f5685d6e538,Psychology
6989a4e910805f5685d6e539,General
6989a4e910805f5685d6e53a,Farm Life
6989a4e910805f5685d6e53a,Radio Broadcasting
6989a4e910805f5685d6e53b,Fiction
6989a4e910805f5685d6e53c,Fiction
6989a4e910805f5685d6e53c,Juvenile Fiction
6989a4e910805f5685d6e53d,Trixie (fictitious Character)
6989a4e910805f5685d6e53d,Diazepam
6989a4e910805f5685d6e53e,Juvenile Fiction
6989a4e910805f5685d6e53e,General
6989a4e910805f5685d6e53f,Alexandria (egypt)
6989a4e910805f5685d6e53f,Local Transit
6989a4e910805f5685d6e540,General
6989a4e910805f5685d6e541,Journalism
6989a4e910805f5685d6e541,Furniture
6989a4e910805f5685d6e542,Mental
6989a4e910805f5685d6e542,1800-1815
6989a4e910805f5685d6e543,True Crime
6989a4e910805f5685d6e544,Fiction
6989a4e910805f5685d6e545,Photography
6989a4e910805f5685d6e545,Sisters
6989a4e910805f5685d6e546,General
6989a4e910805f5685d6e546,Juvenile Fiction
6989a4e910805f5685d6e546,Fiction
6989a4e910805f5685d6e547,Science
6989a4e910805f5685d6e548,General
6989a4e910805f5685d6e549,Deaf Gay Men
6989a4e910805f5685d6e549,Hatha Yoga
6989a4e910805f5685d6e54a,Crossword Puzzle Makers
6989a4e910805f5685d6e54a,Education
6989a4e910805f5685d6e54b,Fiction
6989a4e910805f5685d6e54b,Religion
6989a4e910805f5685d6e54c,Family
6989a4e910805f5685d6e54d,African American Teenage Girls
6989a4e910805f5685d6e54d,Human Ecology
6989a4e910805f5685d6e54e,Baby Bop (fictitious Character)
6989a4e910805f5685d6e54e,Industrial Management
6989a4e910805f5685d6e54f,Sermons
6989a4e910805f5685d6e54f,Juvenile Fiction
6989a4e910805f5685d6e550,General
6989a4e910805f5685d6e550,Fiction
6989a4e910805f5685d6e550,Cadfael
6989a4e910805f5685d6e551,Chance
6989a4e910805f5685d6e551,Eccentrics And Eccentricities
6989a4e910805f5685d6e552,Fiction
6989a4e910805f5685d6e552,Travel
6989a4e910805f5685d6e552,Religion
6989a4e910805f5685d6e553,Famines
6989a4e910805f5685d6e553,High Schools
6989a4e910805f5685d6e554,Self-help
6989a4e910805f5685d6e554,Science
6989a4e910805f5685d6e554,Existential Psychotherapy
6989a4e910805f5685d6e555,Literary Criticism
6989a4e910805f5685d6e556,Fiction
6989a4e910805f5685d6e557,Literary Criticism
6989a4e910805f5685d6e558,Union
6989a4e910805f5685d6e558,Legends
6989a4e910805f5685d6e559,Consumption (economics)
6989a4e910805f5685d6e55a,Saint Paul (minn.)
6989a4e910805f5685d6e55a,Czech Fiction
6989a4e910805f5685d6e55b,Fiction
6989a4e910805f5685d6e55c,Chile
6989a4e910805f5685d6e55c,Fiction
6989a4e910805f5685d6e55d,Russian Poetry
6989a4e910805f5685d6e55d,History
6989a4e910805f5685d6e55e,Romantic Suspense Fiction
6989a4e910805f5685d6e55e,Jeunesse - Usage Des Drogues - Californie
6989a4e910805f5685d6e55f,Fiction
6989a4e910805f5685d6e560,Authors And Publishers
6989a4e910805f5685d6e560,Motion Picture Actors And Actresses
6989a4e910805f5685d6e561,Painting
6989a4e910805f5685d6e561,Classified
6989a4e910805f5685d6e562,Fiction
6989a4e910805f5685d6e562,Technology
6989a4e910805f5685d6e562,General
6989a4e910805f5685d6e563,Lesbians
6989a4e910805f5685d6e563,Napoleonic Wars
6989a4e910805f5685d6e564,Cadfael
6989a4e910805f5685d6e564,African American Authors
6989a4e910805f5685d6e565,Calder Family (fictitious Characters)
6989a4e910805f5685d6e565,Arab-israeli Conflict
6989a4e910805f5685d6e566,Country Life
6989a4e910805f5685d6e566,Alligators
6989a4e910805f5685d6e567,Fiction
6989a4e910805f5685d6e567,General
6989a4e910805f5685d6e567,Indic Poetry (english)
6989a4e910805f5685d6e568,Captiva Island (fla.)
6989a4e910805f5685d6e568,Hay Fever
6989a4e910805f5685d6e569,Fansler
6989a4e910805f5685d6e569,Citation Of Legal Authorities
6989a4e910805f5685d6e56a,Divorced People
6989a4e910805f5685d6e56a,Recycling
6989a4e910805f5685d6e56b,Fiction
6989a4e910805f5685d6e56c,Women And Religion
6989a4e910805f5685d6e56c,Richard (fictitious Character)
6989a4e910805f5685d6e56d,Session Laws
6989a4e910805f5685d6e56d,Necklaces
6989a4e910805f5685d6e56e,Fiction
6989a4e910805f5685d6e56e,Travel
6989a4e910805f5685d6e56f,Fiction
6989a4e910805f5685d6e56f,Actors
6989a4e910805f5685d6e56f,Philosophy
6989a4e910805f5685d6e570,Adultery
6989a4e910805f5685d6e571,Music
6989a4e910805f5685d6e572,Short Stories
6989a4e910805f5685d6e572,Automobiles
6989a4e910805f5685d6e573,Ghost Stories
6989a4e910805f5685d6e573,American
6989a4e910805f5685d6e574,Fiction
6989a4e910805f5685d6e574,Juvenile Fiction
6989a4e910805f5685d6e574,Schools
6989a4e910805f5685d6e575,Fiction
6989a4e910805f5685d6e575,Travel
6989a4e910805f5685d6e576,Christianity
6989a4e910805f5685d6e576,Serial Murderers
6989a4e910805f5685d6e577,Animal Heroes
6989a4e910805f5685d6e577,Narnia (imaginary Place)
6989a4e910805f5685d6e578,Subject Catalogs
6989a4e910805f5685d6e578,Marriage Proposals
6989a4e910805f5685d6e579,American Poetry
6989a4e910805f5685d6e579,Cerebral Palsy
6989a4e910805f5685d6e57a,Fiction
6989a4e910805f5685d6e57b,First Loves
6989a4e910805f5685d6e57b,Women Authors
6989a4e910805f5685d6e57c,Canadian Periodicals
6989a4e910805f5685d6e57c,Danish
6989a4e910805f5685d6e57d,Carbohydrates
6989a4e910805f5685d6e57d,Baseball
6989a4e910805f5685d6e57e,Cooking
6989a4e910805f5685d6e57f,Fiction
6989a4e910805f5685d6e580,Reference
6989a4e910805f5685d6e581,Human-computer Interaction
6989a4e910805f5685d6e581,Jewish Fiction
6989a4e910805f5685d6e582,History
6989a4e910805f5685d6e583,Adventure And Adventurers
6989a4e910805f5685d6e583,Competition (psychology)
6989a4e910805f5685d6e583,Juvenile Fiction
6989a4e910805f5685d6e584,Young Adult Fiction
6989a4e910805f5685d6e585,Bondage (sexual Behavior)
6989a4e910805f5685d6e585,Booksellers And Bookselling
6989a4e910805f5685d6e586,Drama
6989a4e910805f5685d6e587,Indians
6989a4e910805f5685d6e587,Hunting Stories
6989a4e910805f5685d6e588,Fiction
6989a4e910805f5685d6e589,Fiction
6989a4e910805f5685d6e58a,Revolutions
6989a4e910805f5685d6e58a,Botany
6989a4e910805f5685d6e58b,History
6989a4e910805f5685d6e58b,Fantasy
6989a4e910805f5685d6e58b,General
6989a4e910805f5685d6e58c,Fiction
6989a4e910805f5685d6e58c,Games
6989a4e910805f5685d6e58d,Computers
6989a4e910805f5685d6e58e,Labor Leaders
6989a4e910805f5685d6e58e,Gay Men
6989a4e910805f5685d6e58f,Mongolia
6989a4e910805f5685d6e58f,Dinosaurs
6989a4e910805f5685d6e590,Copyright
6989a4e910805f5685d6e590,England
6989a4e910805f5685d6e590,Fiction
6989a4e910805f5685d6e591,History
6989a4e910805f5685d6e592,Young Adult Fiction
6989a4e910805f5685d6e593,Literary Criticism
6989a4e910805f5685d6e594,Cooking
6989a4e910805f5685d6e594,General
6989a4e910805f5685d6e594,Cookies
6989a4e910805f5685d6e595,Fiction
6989a4e910805f5685d6e595,General
6989a4e910805f5685d6e596,Life Skills
6989a4e910805f5685d6e596,Ethics
6989a4e910805f5685d6e597,English Fiction
6989a4e910805f5685d6e598,Azerbaijan
6989a4e910805f5685d6e598,United States History Civil War
6989a4e910805f5685d6e599,Behavior Modification
6989a4e910805f5685d6e599,Beauty And The Beast (tale)
6989a4e910805f5685d6e59a,Kate (fictitious Character)
6989a4e910805f5685d6e59a,John
6989a4e910805f5685d6e59b,Fiction
6989a4e910805f5685d6e59c,General
6989a4e910805f5685d6e59c,Fiction
6989a4e910805f5685d6e59c,Religion
6989a4e910805f5685d6e59d,Fiction
6989a4e910805f5685d6e59d,Body
6989a4e910805f5685d6e59d,Mind
6989a4e910805f5685d6e59e,Fiction
6989a4e910805f5685d6e59e,Agricultural Price Supports
6989a4e910805f5685d6e59e,Biography
6989a4e910805f5685d6e59f,Psychoanalysis
6989a4e910805f5685d6e59f,Connecticut
6989a4e910805f5685d6e5a0,Anarchists
6989a4e910805f5685d6e5a0,Piano Music
6989a4e910805f5685d6e5a1,Juvenile Fiction
6989a4e910805f5685d6e5a1,Dragons
6989a4e910805f5685d6e5a2,Baby Roo (fictitious Character)
6989a4e910805f5685d6e5a2,Malone
6989a4e910805f5685d6e5a3,Biography
6989a4e910805f5685d6e5a3,Railroad Stories
6989a4e910805f5685d6e5a4,American Literature
6989a4e910805f5685d6e5a5,Fiction
6989a4e910805f5685d6e5a6,Curiosities And Wonders
6989a4e910805f5685d6e5a6,Spiritual Life
6989a4e910805f5685d6e5a7,German Literature
6989a4e910805f5685d6e5a7,Dawson's Creek (television Program)
6989a4e910805f5685d6e5a8,Fiction
6989a4e910805f5685d6e5a8,Drama
6989a4e910805f5685d6e5a8,Study Aids
6989a4e910805f5685d6e5a9,Missing Persons
6989a4e910805f5685d6e5a9,Derelicts
6989a4e910805f5685d6e5aa,Drug Abuse
6989a4e910805f5685d6e5aa,Adolescence
6989a4e910805f5685d6e5ab,General
6989a4e910805f5685d6e5ac,Fiction
6989a4e910805f5685d6e5ac,General
6989a4e910805f5685d6e5ad,Canadian Literature
6989a4e910805f5685d6e5ad,Dragons
6989a4e910805f5685d6e5ae,Religion
6989a4e910805f5685d6e5af,Fiction
6989a4e910805f5685d6e5b0,Fiction
6989a4e910805f5685d6e5b0,General
6989a4e910805f5685d6e5b0,Detective And Mystery Stories
6989a4e910805f5685d6e5b1,Business
6989a4e910805f5685d6e5b1,Comics
6989a4e910805f5685d6e5b2,Foreign Language Study
6989a4e910805f5685d6e5b3,History
6989a4e910805f5685d6e5b3,True Crime
6989a4e910805f5685d6e5b3,Biography
6989a4e910805f5685d6e5b4,Sir (fictitious Character)
6989a4e910805f5685d6e5b4,Castro (san Francisco
6989a4e910805f5685d6e5b5,Flower Gardening
6989a4e910805f5685d6e5b5,Personnel Management
6989a4e910805f5685d6e5b6,Drama
6989a4e910805f5685d6e5b7,Juvenile Fiction
6989a4e910805f5685d6e5b7,Family
6989a4e910805f5685d6e5b8,Fiction
6989a4e910805f5685d6e5b8,Self-help
6989a4e910805f5685d6e5b8,Business
6989a4e910805f5685d6e5b9,Crusades
6989a4e910805f5685d6e5b9,Lutheran Church
6989a4e910805f5685d6e5ba,Blizzards
6989a4e910805f5685d6e5ba,Picaresque Literature
6989a4e910805f5685d6e5bb,Celebrities
6989a4e910805f5685d6e5bb,Sub-saharan
6989a4e910805f5685d6e5bc,Diana (roman Deity)
6989a4e910805f5685d6e5bc,Russia
6989a4e910805f5685d6e5bd,General
6989a4e910805f5685d6e5bd,Fiction
6989a4e910805f5685d6e5be,Nova Scotia
6989a4e910805f5685d6e5be,Collective Memory
6989a4e910805f5685d6e5bf,Customer Services
6989a4e910805f5685d6e5bf,John
6989a4e910805f5685d6e5c0,Classified
6989a4e910805f5685d6e5c0,Computer Adventure Games
6989a4e910805f5685d6e5c1,Science Fiction
6989a4e910805f5685d6e5c1,Kentucky
6989a4e910805f5685d6e5c2,General
6989a4e910805f5685d6e5c2,Philosophy
6989a4e910805f5685d6e5c3,Animals
6989a4e910805f5685d6e5c3,Anti-clericalism
6989a4e910805f5685d6e5c4,Poetry
6989a4e910805f5685d6e5c4,Statistics
6989a4e910805f5685d6e5c5,Labor Leaders
6989a4e910805f5685d6e5c5,Emigration And Immigration
6989a4e910805f5685d6e5c6,General
6989a4e910805f5685d6e5c7,Fiction
6989a4e910805f5685d6e5c8,Diazepam
6989a4e910805f5685d6e5c9,Knights And Knighthood
6989a4e910805f5685d6e5c9,Copenhagen (denmark)
6989a4e910805f5685d6e5ca,Amber (imaginary Place)
6989a4e910805f5685d6e5ca,Historical Romance
6989a4e910805f5685d6e5cb,Fiction
6989a4e910805f5685d6e5cc,Fiction
6989a4e910805f5685d6e5cc,History
6989a4e910805f5685d6e5cc,General
6989a4e910805f5685d6e5cd,General
6989a4e910805f5685d6e5cd,Bronté́
6989a4e910805f5685d6e5cd,Emily
6989a4e910805f5685d6e5ce,Angkor (extinct City)
6989a4e910805f5685d6e5ce,Businesspeople
6989a4e910805f5685d6e5cf,Religion
6989a4e910805f5685d6e5d0,General
6989a4e910805f5685d6e5d1,Adventure And Adventurers
6989a4e910805f5685d6e5d1,Jamestown (va.)
6989a4e910805f5685d6e5d2,Blind Musicians
6989a4e910805f5685d6e5d2,Female
6989a4e910805f5685d6e5d3,Problem Children
6989a4e910805f5685d6e5d3,Devotional Calendars.
6989a4e910805f5685d6e5d4,Study Aids
6989a4e910805f5685d6e5d4,Nuns
6989a4e910805f5685d6e5d5,Forest Ecology
6989a4e910805f5685d6e5d5,Missionary Stories
6989a4e910805f5685d6e5d6,General
6989a4e910805f5685d6e5d7,Church And The World
6989a4e910805f5685d6e5d7,Cannibalism
6989a4e910805f5685d6e5d8,General
6989a4e910805f5685d6e5d9,Fiction
6989a4e910805f5685d6e5d9,Discworld (imaginary Place)
6989a4e910805f5685d6e5da,Cats
6989a4e910805f5685d6e5da,Sacred Space
6989a4e910805f5685d6e5db,Fiction
6989a4e910805f5685d6e5dc,Capitalism
6989a4e910805f5685d6e5dc,Meditations
6989a4e910805f5685d6e5dd,Saint Paul (minn.)
6989a4e910805f5685d6e5dd,Young Adult Fiction
6989a4e910805f5685d6e5de,Fiction
6989a4e910805f5685d6e5df,General
6989a4e910805f5685d6e5e0,Body
6989a4e910805f5685d6e5e0,Mind
6989a4e910805f5685d6e5e0,History
6989a4e910805f5685d6e5e1,Medical
6989a4e910805f5685d6e5e1,Healing
6989a4e910805f5685d6e5e2,Good And Evil
6989a4e910805f5685d6e5e2,Drama
6989a4e910805f5685d6e5e3,Biography
6989a4e910805f5685d6e5e4,Marquesas Islands (french Polynesia)
6989a4e910805f5685d6e5e4,English Fiction
6989a4e910805f5685d6e5e5,Hate Groups
6989a4e910805f5685d6e5e5,Photography
6989a4e910805f5685d6e5e6,Religion
6989a4e910805f5685d6e5e7,Bible And Evolution
6989a4e910805f5685d6e5e7,Assassination
6989a4e910805f5685d6e5e8,Fiction
6989a4e910805f5685d6e5e9,Gays
6989a4e910805f5685d6e5e9,Mack (fictitious Character)
6989a4e910805f5685d6e5ea,Cape Cod (mass.)
6989a4e910805f5685d6e5ea,Divorce
6989a4e910805f5685d6e5eb,American Fiction
6989a4e910805f5685d6e5ec,Guinea Pigs
6989a4e910805f5685d6e5ec,Pattern Perception
6989a4e910805f5685d6e5ed,American Fiction
6989a4e910805f5685d6e5ed,Businesswomen
6989a4e910805f5685d6e5ee,Fiction
6989a4e910805f5685d6e5ee,Literary Criticism
6989a4e910805f5685d6e5ef,General
6989a4e910805f5685d6e5ef,Biography
6989a4e910805f5685d6e5ef,Computers
6989a4e910805f5685d6e5f0,Sex Instruction
6989a4e910805f5685d6e5f0,Italian Fiction
6989a4e910805f5685d6e5f1,Libraries
6989a4e910805f5685d6e5f1,Animals
6989a4e910805f5685d6e5f2,Arkansas
6989a4e910805f5685d6e5f2,Peter (fictitious Character)
6989a4e910805f5685d6e5f3,Epic Poetry
6989a4e910805f5685d6e5f3,Fantasy Fiction
6989a4e910805f5685d6e5f4,Juvenile Fiction
6989a4e910805f5685d6e5f5,Fiction
6989a4e910805f5685d6e5f5,Biography
6989a4e910805f5685d6e5f5,Gardening
6989a4e910805f5685d6e5f6,Fiction
6989a4e910805f5685d6e5f6,Humor
6989a4e910805f5685d6e5f6,True Crime
6989a4e910805f5685d6e5f7,Juvenile Fiction
6989a4e910805f5685d6e5f8,Canadian Rockies (b.c. And Alta.)
6989a4e910805f5685d6e5f8,Authorship
6989a4e910805f5685d6e5f9,Vampires
6989a4e910805f5685d6e5f9,English.
6989a4e910805f5685d6e5fa,Success
6989a4e910805f5685d6e5fa,Love
6989a4e910805f5685d6e5fb,Fiction
6989a4e910805f5685d6e5fb,Juvenile Fiction
6989a4e910805f5685d6e5fb,Reference
6989a4e910805f5685d6e5fc,Babysitters
6989a4e910805f5685d6e5fc,Cemeteries
6989a4e910805f5685d6e5fd,Biography
6989a4e910805f5685d6e5fe,General
6989a4e910805f5685d6e5ff,Seashore
6989a4e910805f5685d6e5ff,Psychosomatic
6989a4e910805f5685d6e600,Fiction
6989a4e910805f5685d6e600,General
6989a4e910805f5685d6e601,Fiction
6989a4e910805f5685d6e601,History
6989a4e910805f5685d6e601,Biography
6989a4e910805f5685d6e602,Future Life
6989a4e910805f5685d6e602,Eccentrics And Eccentricities
6989a4e910805f5685d6e603,Australia
6989a4e910805f5685d6e603,Erotic Stories
6989a4e910805f5685d6e604,Fiction
6989a4e910805f5685d6e604,Audiobooks
6989a4e910805f5685d6e604,Computers
6989a4e910805f5685d6e605,Penny Dreadfuls
6989a4e910805f5685d6e605,Female Offenders
6989a4e910805f5685d6e606,Sniping (military Science)
6989a4e910805f5685d6e606,Wales
6989a4e910805f5685d6e607,Fiction
6989a4e910805f5685d6e607,General
6989a4e910805f5685d6e607,Biography
6989a4e910805f5685d6e608,England
6989a4e910805f5685d6e609,Accelerated Readers
6989a4e910805f5685d6e609,Rational Emotive Behavior Therapy
6989a4e910805f5685d6e60a,Fiction
6989a4e910805f5685d6e60a,General
6989a4e910805f5685d6e60b,English Drama (comedy)
6989a4e910805f5685d6e60b,Private Investigation
6989a4e910805f5685d6e60c,Fiction
6989a4e910805f5685d6e60d,Business
6989a4e910805f5685d6e60e,Stamp Collecting
6989a4e910805f5685d6e60e,Drummers (musicians)
6989a4e910805f5685d6e60f,Antarctica
6989a4e910805f5685d6e60f,Imaginary Wars And Battles
6989a4e910805f5685d6e610,Alleyn
6989a4e910805f5685d6e610,Blind
6989a4e910805f5685d6e611,Social Science
6989a4e910805f5685d6e612,1818-1848
6989a4e910805f5685d6e612,Best Books
6989a4e910805f5685d6e613,Great Plains
6989a4e910805f5685d6e613,Mice
6989a4e910805f5685d6e614,Body
6989a4e910805f5685d6e614,Mind
6989a4e910805f5685d6e614,Fiction
6989a4e910805f5685d6e615,Fiction
6989a4e910805f5685d6e615,General
6989a4e910805f5685d6e615,American Fiction
6989a4e910805f5685d6e616,Biography
6989a4e910805f5685d6e616,General
6989a4e910805f5685d6e617,Vendetta
6989a4e910805f5685d6e617,Courtship
6989a4e910805f5685d6e618,General
6989a4e910805f5685d6e618,Fiction
6989a4e910805f5685d6e618,Body
6989a4e910805f5685d6e619,Quilts
6989a4e910805f5685d6e619,Child Sexual Abuse
6989a4e910805f5685d6e61a,General
6989a4e910805f5685d6e61a,Philosophy
6989a4e910805f5685d6e61a,Social Science
6989a4e910805f5685d6e61b,General
6989a4e910805f5685d6e61b,Comics
6989a4e910805f5685d6e61c,Dakota Territory
6989a4e910805f5685d6e61d,Fiction
6989a4e910805f5685d6e61d,General
6989a4e910805f5685d6e61e,Charles
6989a4e910805f5685d6e61e,Coal Miners
6989a4e910805f5685d6e61f,Baseball Stories
6989a4e910805f5685d6e61f,Adventure Games
6989a4e910805f5685d6e620,Biography
6989a4e910805f5685d6e620,Fiction
6989a4e910805f5685d6e620,Children
6989a4e910805f5685d6e621,Lizards
6989a4e910805f5685d6e621,Executive Departments
6989a4e910805f5685d6e622,Reference
6989a4e910805f5685d6e622,Arab Americans
6989a4e910805f5685d6e623,Angels
6989a4e910805f5685d6e623,Christian Ethics
6989a4e910805f5685d6e624,Study Aids
6989a4e910805f5685d6e624,General
6989a4e910805f5685d6e624,Foreign Language Study
6989a4e910805f5685d6e625,Education
6989a4e910805f5685d6e625,Interpersonal Relations
6989a4e910805f5685d6e626,Fiction
6989a4e910805f5685d6e627,Fiction
6989a4e910805f5685d6e628,Human-computer Interaction
6989a4e910805f5685d6e628,Bullying
6989a4e910805f5685d6e629,Radio Broadcasting
6989a4e910805f5685d6e629,Animal Communication
6989a4e910805f5685d6e62a,Fiction
6989a4e910805f5685d6e62b,Harlem (new York
6989a4e910805f5685d6e62b,Antisemitism
6989a4e910805f5685d6e62c,John Thomas (fictitious Character)
6989a4e910805f5685d6e62c,Dragons
6989a4e910805f5685d6e62d,Holden (fictitious Character)
6989a4e910805f5685d6e62d,Magic
6989a4e910805f5685d6e62e,Bibles
6989a4e910805f5685d6e62e,Fiction
6989a4e910805f5685d6e62f,Fantasy Games
6989a4e910805f5685d6e62f,Political Science
6989a4e910805f5685d6e62f,Cooking
6989a4e910805f5685d6e630,Juvenile Fiction
6989a4e910805f5685d6e631,Dakota Territory
6989a4e910805f5685d6e631,Cannes (france)
6989a4e910805f5685d6e632,Fiction
6989a4e910805f5685d6e632,Religion
6989a4e910805f5685d6e632,Biography
6989a4e910805f5685d6e633,Good And Evil
6989a4e910805f5685d6e633,Lutheran Church
6989a4e910805f5685d6e634,Future Life
6989a4e910805f5685d6e634,Channeling (spiritualism)
6989a4e910805f5685d6e635,Fiction
6989a4e910805f5685d6e636,Libraries
6989a4e910805f5685d6e636,Auschwitz (concentration Camp) -- History
6989a4e910805f5685d6e637,Microwave Cooking
6989a4e910805f5685d6e637,Pictorial
6989a4e910805f5685d6e638,Life Cycle
6989a4e910805f5685d6e638,1865
6989a4e910805f5685d6e639,1818-1848
6989a4e910805f5685d6e639,Spain)
6989a4e910805f5685d6e63a,History
6989a4e910805f5685d6e63b,Horses
6989a4e910805f5685d6e63b,Latin America
6989a4e910805f5685d6e63c,Fiction
6989a4e910805f5685d6e63d,Fiction
6989a4e910805f5685d6e63d,History
6989a4e910805f5685d6e63d,General
6989a4e910805f5685d6e63e,Science Fiction.
6989a4e910805f5685d6e63e,Chemistry
6989a4e910805f5685d6e63f,Fiction
6989a4e910805f5685d6e640,American Literature
6989a4e910805f5685d6e641,Fiction
6989a4e910805f5685d6e641,General
6989a4e910805f5685d6e642,Documentary Photography
6989a4e910805f5685d6e642,Union
6989a4e910805f5685d6e643,Girls' Clothing
6989a4e910805f5685d6e643,Foreign Language Study
6989a4e910805f5685d6e644,General
6989a4e910805f5685d6e644,Young Adult Fiction
6989a4e910805f5685d6e644,Computers
6989a4e910805f5685d6e645,Biography
6989a4e910805f5685d6e646,Publishers' Catalogs
6989a4e910805f5685d6e647,Fiction
6989a4e910805f5685d6e648,Religion
6989a4e910805f5685d6e649,Germany
6989a4e910805f5685d6e649,General
6989a4e910805f5685d6e64a,Fiction
6989a4e910805f5685d6e64a,Literary Criticism
6989a4e910805f5685d6e64a,Religion
6989a4e910805f5685d6e64b,Fiction
6989a4e910805f5685d6e64c,Communication
6989a4e910805f5685d6e64c,English Wit And Humor
6989a4e910805f5685d6e64d,Education
6989a4e910805f5685d6e64e,General
6989a4e910805f5685d6e64e,Behavior
6989a4e910805f5685d6e64f,Fiction
6989a4e910805f5685d6e650,Juvenile Fiction
6989a4e910805f5685d6e650,Poetry
6989a4e910805f5685d6e651,Adventure Games
6989a4e910805f5685d6e651,Kissing
6989a4e910805f5685d6e652,Dutch Fiction
6989a4e910805f5685d6e652,Landscapes
6989a4e910805f5685d6e653,Missionary Stories
6989a4e910805f5685d6e653,Military Funerals
6989a4e910805f5685d6e654,Fiction
6989a4e910805f5685d6e655,Belgians
6989a4e910805f5685d6e655,Man-woman Relationships
6989a4e910805f5685d6e656,Business
6989a4e910805f5685d6e656,Fiction
6989a4e910805f5685d6e657,Promptbooks
6989a4e910805f5685d6e657,Autobiographical Fiction
6989a4e910805f5685d6e658,Archetype (psychology)
6989a4e910805f5685d6e658,Animals In Art
6989a4e910805f5685d6e659,Hate Groups
6989a4e910805f5685d6e659,Eskimos
6989a4e910805f5685d6e65a,General
6989a4e910805f5685d6e65a,Fiction
6989a4e910805f5685d6e65a,Reference
6989a4e910805f5685d6e65b,Christian Pilgrims And Pilgrimages
6989a4e910805f5685d6e65c,Ambassadors
6989a4e910805f5685d6e65c,Missing Persons
6989a4e910805f5685d6e65d,Courts And Courtiers
6989a4e910805f5685d6e65d,Rock Music
6989a4e910805f5685d6e65e,Fiction
6989a4e910805f5685d6e65f,Germany
6989a4e910805f5685d6e65f,Children Of Migrant Laborers
6989a4e910805f5685d6e660,Fiction
6989a4e910805f5685d6e661,Consumption (economics)
6989a4e910805f5685d6e661,Celebrities
6989a4e910805f5685d6e662,African Americans
6989a4e910805f5685d6e662,Authors
6989a4e910805f5685d6e663,Camping
6989a4e910805f5685d6e663,Commercial Crimes
6989a4e910805f5685d6e664,Tugboats
6989a4e910805f5685d6e664,Legends
6989a4e910805f5685d6e665,Fiction
6989a4e910805f5685d6e666,Fiction
6989a4e910805f5685d6e666,General
6989a4e910805f5685d6e666,Children's Plays
6989a4e910805f5685d6e667,History
6989a4e910805f5685d6e668,Interpersonal Relations.
6989a4e910805f5685d6e668,Statistics.
6989a4e910805f5685d6e669,Propaganda
6989a4e910805f5685d6e669,Self-help
6989a4e910805f5685d6e66a,Religion
6989a4e910805f5685d6e66a,English Drama
6989a4e910805f5685d6e66a,Fiction
6989a4e910805f5685d6e66b,Fiction
6989a4e910805f5685d6e66c,Biography
6989a4e910805f5685d6e66c,General
6989a4e910805f5685d6e66c,Fiction
6989a4e910805f5685d6e66d,Human-alien Encounters
6989a4e910805f5685d6e66d,Science Fiction In Art
6989a4e910805f5685d6e66e,Juvenile Fiction
6989a4e910805f5685d6e66f,African Americans
6989a4e910805f5685d6e670,African Americans
6989a4e910805f5685d6e671,Great Plains
6989a4e910805f5685d6e671,Picaresque Literature
6989a4e910805f5685d6e672,Biography
6989a4e910805f5685d6e672,Fiction
6989a4e910805f5685d6e672,Family
6989a4e910805f5685d6e673,Hatha Yoga
6989a4e910805f5685d6e673,French
6989a4e910805f5685d6e674,Literary Criticism
6989a4e910805f5685d6e675,Fiction
6989a4e910805f5685d6e675,General
6989a4e910805f5685d6e675,England
6989a4e910805f5685d6e676,Self-preservation
6989a4e910805f5685d6e676,Medieval
6989a4e910805f5685d6e677,Buddha (the Concept)
6989a4e910805f5685d6e677,Indian Art
6989a4e910805f5685d6e678,Automobiles
6989a4e910805f5685d6e678,Future Life
6989a4e910805f5685d6e679,Competition
6989a4e910805f5685d6e679,Espionage
6989a4e910805f5685d6e67a,Fiction
6989a4e910805f5685d6e67b,Fiction
6989a4e910805f5685d6e67c,General
6989a4e910805f5685d6e67c,Fiction
6989a4e910805f5685d6e67d,Body
6989a4e910805f5685d6e67d,Mind
6989a4e910805f5685d6e67d,General
6989a4e910805f5685d6e67e,Children's Poetry
6989a4e910805f5685d6e67e,English.
6989a4e910805f5685d6e67f,Blizzards
6989a4e910805f5685d6e67f,Diana (roman Deity)
6989a4e910805f5685d6e680,Fiction
6989a4e910805f5685d6e681,General
6989a4e910805f5685d6e682,General
6989a4e910805f5685d6e682,Fiction
6989a4e910805f5685d6e683,Serial Murderers
6989a4e910805f5685d6e683,Atlanta (ga.)
6989a4e910805f5685d6e684,Animal Rights Activists
6989a4e910805f5685d6e684,Science Fiction In Art
6989a4e910805f5685d6e685,Sex Instruction For Men
6989a4e910805f5685d6e685,Digriz
6989a4e910805f5685d6e686,Nigeria
6989a4e910805f5685d6e686,Educartion-parents-participation--united States
6989a4e910805f5685d6e687,German Literature
6989a4e910805f5685d6e687,Accident Victims
6989a4e910805f5685d6e688,Fiction
6989a4e910805f5685d6e688,Education
6989a4e910805f5685d6e689,Fiction
6989a4e910805f5685d6e68a,History
6989a4e910805f5685d6e68a,Business
6989a4e910805f5685d6e68a,Fiction
6989a4e910805f5685d6e68b,General
6989a4e910805f5685d6e68c,Body
6989a4e910805f5685d6e68c,Mind
6989a4e910805f5685d6e68d,Clouds
6989a4e910805f5685d6e68d,Back Bay (boston
6989a4e910805f5685d6e68e,History
6989a4e910805f5685d6e68e,Children Of Celebrities
6989a4e910805f5685d6e68f,Life Skills
6989a4e910805f5685d6e68f,Control (psychology)
6989a4e910805f5685d6e690,History
6989a4e910805f5685d6e691,Philosophy
6989a4e910805f5685d6e692,Schools
6989a4e910805f5685d6e692,Creative Thinking
6989a4e910805f5685d6e693,Religion
6989a4e910805f5685d6e694,Computer Adventure Games
6989a4e910805f5685d6e694,Ambassadors
6989a4e910805f5685d6e695,General
6989a4e910805f5685d6e695,Fiction
6989a4e910805f5685d6e695,Philosophy
6989a4e910805f5685d6e696,Fiction
6989a4e910805f5685d6e696,Juvenile Fiction
6989a4e910805f5685d6e696,General
6989a4e910805f5685d6e697,Fiction
6989a4e910805f5685d6e697,Games
6989a4e910805f5685d6e697,True Crime
6989a4e910805f5685d6e698,Fiction
6989a4e910805f5685d6e699,Fiction
6989a4e910805f5685d6e699,Biography
6989a4e910805f5685d6e699,Christmas
6989a4e910805f5685d6e69a,Robots
6989a4e910805f5685d6e69a,Physical Sciences
6989a4e910805f5685d6e69b,Christianity
6989a4e910805f5685d6e69b,Gothic Novels
6989a4e910805f5685d6e69c,Young Adult Fiction
6989a4e910805f5685d6e69c,Fiction
6989a4e910805f5685d6e69c,General
6989a4e910805f5685d6e69d,Comic Fantasy
6989a4e910805f5685d6e69d,Bones
6989a4e910805f5685d6e69e,General
6989a4e910805f5685d6e69f,Appomattox Campaign
6989a4e910805f5685d6e69f,Talking Books
6989a4e910805f5685d6e6a0,Christian Pilgrims And Pilgrimages
6989a4e910805f5685d6e6a0,Drivers' Licenses
6989a4e910805f5685d6e6a1,General
6989a4e910805f5685d6e6a1,Travel
6989a4e910805f5685d6e6a1,Bronté́
6989a4e910805f5685d6e6a2,Audiotapes
6989a4e910805f5685d6e6a2,Booksellers And Bookselling
6989a4e910805f5685d6e6a3,Great Britain
6989a4e910805f5685d6e6a4,Police
6989a4e910805f5685d6e6a4,Herb Gardening
6989a4e910805f5685d6e6a5,Humor
6989a4e910805f5685d6e6a5,Self-help
6989a4e910805f5685d6e6a6,General
6989a4e910805f5685d6e6a7,Assisi (italy)
6989a4e910805f5685d6e6a7,Arapaho Indians
6989a4e910805f5685d6e6a8,Music
6989a4e910805f5685d6e6a9,Fiction
6989a4e910805f5685d6e6aa,General
6989a4e910805f5685d6e6ab,History
6989a4e910805f5685d6e6ab,Juvenile Fiction
6989a4e910805f5685d6e6ab,Fiction
6989a4e910805f5685d6e6ac,Classified
6989a4e910805f5685d6e6ac,Captain Underpants (fictitious Character)
6989a4e910805f5685d6e6ad,Fiction
6989a4e910805f5685d6e6ae,Juvenile Fiction
6989a4e910805f5685d6e6af,Biography
6989a4e910805f5685d6e6b0,Poetry
6989a4e910805f5685d6e6b0,Fiction
6989a4e910805f5685d6e6b1,Confucianism
6989a4e910805f5685d6e6b1,Celtic
6989a4e910805f5685d6e6b2,Fiction
6989a4e910805f5685d6e6b2,General
6989a4e910805f5685d6e6b2,History
6989a4e910805f5685d6e6b3,Vegetarian Cooking
6989a4e910805f5685d6e6b3,Climate And Civilization
6989a4e910805f5685d6e6b4,Guinea Pigs
6989a4e910805f5685d6e6b4,Businesspeople
6989a4e910805f5685d6e6b5,Fiction
6989a4e910805f5685d6e6b5,General
6989a4e910805f5685d6e6b5,Humor
6989a4e910805f5685d6e6b6,Inspiration
6989a4e910805f5685d6e6b6,Sculpture
6989a4e910805f5685d6e6b7,Fiction
6989a4e910805f5685d6e6b7,General
6989a4e910805f5685d6e6b7,Juvenile Fiction
6989a4e910805f5685d6e6b8,Fiction
6989a4e910805f5685d6e6b9,Fiction
6989a4e910805f5685d6e6b9,College Sports
6989a4e910805f5685d6e6ba,Body
6989a4e910805f5685d6e6ba,Mind
6989a4e910805f5685d6e6bb,Guvernören (tanker)
6989a4e910805f5685d6e6bb,St. Albans (england)
6989a4e910805f5685d6e6bc,Money-making Projects For Children
6989a4e910805f5685d6e6bc,Contaminated Sediments
6989a4e910805f5685d6e6bd,Fiction
6989a4e910805f5685d6e6be,Social Science
6989a4e910805f5685d6e6bf,General
6989a4e910805f5685d6e6c0,Gay Erotic Photography
6989a4e910805f5685d6e6c0,Berlin
6989a4e910805f5685d6e6c1,Beauty And The Beast (tale)
6989a4e910805f5685d6e6c1,Augustine
6989a4e910805f5685d6e6c2,Fiction
6989a4e910805f5685d6e6c3,Antiquities.
6989a4e910805f5685d6e6c3,Soccer
6989a4e910805f5685d6e6c4,Fiction
6989a4e910805f5685d6e6c5,Nature
6989a4e910805f5685d6e6c6,Fiction
6989a4e910805f5685d6e6c6,General
6989a4e910805f5685d6e6c7,Canada
6989a4e910805f5685d6e6c7,Existential Psychotherapy
6989a4e910805f5685d6e6c8,General
6989a4e910805f5685d6e6c9,Fiction
6989a4e910805f5685d6e6c9,General
6989a4e910805f5685d6e6c9,Political Science
6989a4e910805f5685d6e6ca,Arkansas
6989a4e910805f5685d6e6ca,Diners (restaurants)
6989a4e910805f5685d6e6cb,Refined
6989a4e910805f5685d6e6cb,Cancer
6989a4e910805f5685d6e6cc,Fell
6989a4e910805f5685d6e6cc,Readers (elementary)
6989a4e910805f5685d6e6cd,Fiction
6989a4e910805f5685d6e6cd,History
6989a4e910805f5685d6e6ce,General
6989a4e910805f5685d6e6cf,Business
6989a4e910805f5685d6e6d0,Fantastic Fiction.
6989a4e910805f5685d6e6d0,Calculus
6989a4e910805f5685d6e6d1,Film Novelizations
6989a4e910805f5685d6e6d1,Clergy
6989a4e910805f5685d6e6d2,Zen Buddhism
6989a4e910805f5685d6e6d2,Children's Dreams
6989a4e910805f5685d6e6d3,Francis (fictitious Character)
6989a4e910805f5685d6e6d3,Music
6989a4e910805f5685d6e6d4,Fiction
6989a4e910805f5685d6e6d5,Commercial Statistics
6989a4e910805f5685d6e6d5,Painting
6989a4e910805f5685d6e6d6,Fiction
6989a4e910805f5685d6e6d7,Abandoned Children
6989a4e910805f5685d6e6d7,Artist Couples
6989a4e910805f5685d6e6d8,Religion
6989a4e910805f5685d6e6d9,Fiction
6989a4e910805f5685d6e6da,Fiction
6989a4e910805f5685d6e6da,Characters And Characteristics In Literature
6989a4e910805f5685d6e6db,England
6989a4e910805f5685d6e6db,Electronic Books
6989a4e910805f5685d6e6db,Atonement
6989a4e910805f5685d6e6dc,General
6989a4e910805f5685d6e6dd,Business
6989a4e910805f5685d6e6dd,Fiction
6989a4e910805f5685d6e6dd,Religion
6989a4e910805f5685d6e6de,1961-1975
6989a4e910805f5685d6e6de,Performing Arts
6989a4e910805f5685d6e6df,Dungeons And Dragons (game)
6989a4e910805f5685d6e6df,Florida
6989a4e910805f5685d6e6e0,Bible
6989a4e910805f5685d6e6e0,Hygiene
6989a4e910805f5685d6e6e1,Yugoslav War
6989a4e910805f5685d6e6e1,Food Supply
6989a4e910805f5685d6e6e2,General
6989a4e910805f5685d6e6e3,Fiction
6989a4e910805f5685d6e6e3,Humor
6989a4e910805f5685d6e6e3,History
6989a4e910805f5685d6e6e4,Fiction
6989a4e910805f5685d6e6e4,History
6989a4e910805f5685d6e6e4,General
6989a4e910805f5685d6e6e5,Performing Arts
6989a4e910805f5685d6e6e6,General
6989a4e910805f5685d6e6e7,Behavior Modification
6989a4e910805f5685d6e6e7,Families
6989a4e910805f5685d6e6e8,History
6989a4e910805f5685d6e6e9,Alcoholics
6989a4e910805f5685d6e6e9,Europe
6989a4e910805f5685d6e6ea,Dragons
6989a4e910805f5685d6e6eb,Digests
6989a4e910805f5685d6e6eb,Humanity
6989a4e910805f5685d6e6ec,Motion Picture Actors And Actresses
6989a4e910805f5685d6e6ec,Anarchists
6989a4e910805f5685d6e6ed,Pets
6989a4e910805f5685d6e6ee,Lutheran Church
6989a4e910805f5685d6e6ee,English Imprints
6989a4e910805f5685d6e6ef,Fiction
6989a4e910805f5685d6e6f0,Captain Underpants (fictitious Character)
6989a4e910805f5685d6e6f0,Fathers And Sons
6989a4e910805f5685d6e6f1,Architects
6989a4e910805f5685d6e6f1,Humor
6989a4e910805f5685d6e6f1,Religion
6989a4e910805f5685d6e6f2,Caricatures And Cartoons
6989a4e910805f5685d6e6f2,Amusements
6989a4e910805f5685d6e6f3,Juvenile Fiction
6989a4e910805f5685d6e6f4,Fiction
6989a4e910805f5685d6e6f4,Juvenile Fiction
6989a4e910805f5685d6e6f4,Excavations (archaeology)
6989a4e910805f5685d6e6f5,Brazil
6989a4e910805f5685d6e6f5,Sermons
6989a4e910805f5685d6e6f6,Spiritual Life
6989a4e910805f5685d6e6f6,Homosexuality
6989a4e910805f5685d6e6f7,Areproductive Health
6989a4e910805f5685d6e6f7,Harness Racing
6989a4e910805f5685d6e6f8,General
6989a4e910805f5685d6e6f8,Fiction
6989a4e910805f5685d6e6f8,Humor
6989a4e910805f5685d6e6f9,Psychology
6989a4e910805f5685d6e6fa,Fiction
6989a4e910805f5685d6e6fb,Corruption
6989a4e910805f5685d6e6fb,Subject Catalogs
6989a4e910805f5685d6e6fc,Forensic Scientists
6989a4e910805f5685d6e6fc,Clergy
6989a4e910805f5685d6e6fd,Comic Books
6989a4e910805f5685d6e6fd,Russian Poetry
6989a4e910805f5685d6e6fe,Civilization
6989a4e910805f5685d6e6fe,Leadership
6989a4e910805f5685d6e6ff,Channeling (spiritualism)
6989a4e910805f5685d6e6ff,Communication In Humanities
6989a4e910805f5685d6e700,Fiction
6989a4e910805f5685d6e701,Technical Assistance
6989a4e910805f5685d6e701,Bed And Breakfast Accommodations
6989a4e910805f5685d6e702,Journalism
6989a4e910805f5685d6e702,Taiwan
6989a4e910805f5685d6e703,History
6989a4e910805f5685d6e704,Paperbacks
6989a4e910805f5685d6e704,Medicine
6989a4e910805f5685d6e705,Historical Fiction
6989a4e910805f5685d6e705,Africa
6989a4e910805f5685d6e706,Marquesas Islands (french Polynesia)
6989a4e910805f5685d6e706,Anthropology.
6989a4e910805f5685d6e707,Juvenile Fiction
6989a4e910805f5685d6e707,Family
6989a4e910805f5685d6e708,Juvenile Fiction
6989a4e910805f5685d6e709,Songs
6989a4e910805f5685d6e709,Animal Communication
6989a4e910805f5685d6e70a,Literary Criticism
6989a4e910805f5685d6e70a,General
6989a4e910805f5685d6e70b,North Atlantic Ocean
6989a4e910805f5685d6e70b,Occultism
6989a4e910805f5685d6e70c,Fiction
6989a4e910805f5685d6e70c,General
6989a4e910805f5685d6e70c,Computer Science
6989a4e910805f5685d6e70d,Body
6989a4e910805f5685d6e70d,Mind
6989a4e910805f5685d6e70e,Billionaires
6989a4e910805f5685d6e70e,Renaissance
6989a4e910805f5685d6e70f,Freemasonry
6989a4e910805f5685d6e70f,Refined
6989a4e910805f5685d6e710,Renaissance
6989a4e910805f5685d6e710,Carols
6989a4e910805f5685d6e711,Fiction
6989a4e910805f5685d6e712,Fiction
6989a4e910805f5685d6e712,Biography
6989a4e910805f5685d6e712,History
6989a4e910805f5685d6e713,Colorado
6989a4e910805f5685d6e713,Meditations
6989a4e910805f5685d6e714,Rational Emotive Behavior Therapy
6989a4e910805f5685d6e714,Bashfulness
6989a4e910805f5685d6e715,Fiction
6989a4e910805f5685d6e715,General
6989a4e910805f5685d6e716,Fiction
6989a4e910805f5685d6e717,Fiction
6989a4e910805f5685d6e717,General
6989a4e910805f5685d6e717,England
6989a4e910805f5685d6e718,Management
6989a4e910805f5685d6e718,Dave (fictitious Character)
6989a4e910805f5685d6e719,Childbirth
6989a4e910805f5685d6e719,N.y.)
6989a4e910805f5685d6e71a,Taiwan
6989a4e910805f5685d6e71a,Authors
6989a4e910805f5685d6e71b,Abandoned Children
6989a4e910805f5685d6e71b,Hatha Yoga
6989a4e910805f5685d6e71c,Fiction
6989a4e910805f5685d6e71d,Hugh (fictitious Character)
6989a4e910805f5685d6e71d,Edible Landscaping
6989a4e910805f5685d6e71e,Fantasy Games
6989a4e910805f5685d6e71e,Nvivo
6989a4e910805f5685d6e71f,St. Albans (england)
6989a4e910805f5685d6e71f,Acculturation
6989a4e910805f5685d6e720,Fiction
6989a4e910805f5685d6e720,General
6989a4e910805f5685d6e720,Foreign Language Study
6989a4e910805f5685d6e721,Biography
6989a4e910805f5685d6e721,Fiction
6989a4e910805f5685d6e721,General
6989a4e910805f5685d6e722,General
6989a4e910805f5685d6e722,Drama
6989a4e910805f5685d6e723,Best Books
6989a4e910805f5685d6e723,Literary Criticism
6989a4e910805f5685d6e724,Dating (social Customs)
6989a4e910805f5685d6e724,Freemasonry
6989a4e910805f5685d6e725,History
6989a4e910805f5685d6e726,Fiction
6989a4e910805f5685d6e726,General
6989a4e910805f5685d6e726,Dakota Territory
6989a4e910805f5685d6e727,Religion
6989a4e910805f5685d6e728,Journalism
6989a4e910805f5685d6e728,Labor Day
6989a4e910805f5685d6e729,Sub-saharan
6989a4e910805f5685d6e729,Anarchism
6989a4e910805f5685d6e72a,English Fiction
6989a4e910805f5685d6e72a,Promptbooks
6989a4e910805f5685d6e72a,General
6989a4e910805f5685d6e72b,Aids (disease)
6989a4e910805f5685d6e72b,Nigeria
6989a4e910805f5685d6e72c,Biography
6989a4e910805f5685d6e72d,Imaginary Wars And Battles
6989a4e910805f5685d6e72d,Generals
6989a4e910805f5685d6e72e,Canada Imprints
6989a4e910805f5685d6e72e,Artists
6989a4e910805f5685d6e72f,Childbirth
6989a4e910805f5685d6e72f,College Sports
6989a4e910805f5685d6e730,Fourth Dimension
6989a4e910805f5685d6e730,Stream Measurements
6989a4e910805f5685d6e731,Donahue (television Program)
6989a4e910805f5685d6e731,Public Health
6989a4e910805f5685d6e732,Education
6989a4e910805f5685d6e733,Fiction
6989a4e910805f5685d6e733,Computers
6989a4e910805f5685d6e733,Predation (biology)
6989a4e910805f5685d6e734,Holiness
6989a4e910805f5685d6e734,Iguana (genus)
6989a4e910805f5685d6e735,Juvenile Fiction
6989a4e910805f5685d6e735,Fiction
6989a4e910805f5685d6e735,Children's Stories
6989a4e910805f5685d6e736,Fiction
6989a4e910805f5685d6e736,Cooking
6989a4e910805f5685d6e736,General
6989a4e910805f5685d6e737,Church And State
6989a4e910805f5685d6e738,General
6989a4e910805f5685d6e738,Family
6989a4e910805f5685d6e739,Belgium
6989a4e910805f5685d6e739,Earp
6989a4e910805f5685d6e73a,Indic Fiction (english)
6989a4e910805f5685d6e73a,Celtic
6989a4e910805f5685d6e73b,Jammu And Kashmir (india)
6989a4e910805f5685d6e73b,Rational Emotive Behavior Therapy
6989a4e910805f5685d6e73c,Cavalry Pioneer Troops
6989a4e910805f5685d6e73c,Commercial Statistics
6989a4e910805f5685d6e73d,Librarians
6989a4e910805f5685d6e73d,Penal Colonies
6989a4e910805f5685d6e73e,Aristocracy (social Class)
6989a4e910805f5685d6e73e,Book Of Mormon
6989a4e910805f5685d6e73f,Children's Literature.
6989a4e910805f5685d6e73f,Lisbon (portugal)
6989a4e910805f5685d6e740,Assisi (italy)
6989a4e910805f5685d6e740,English Poetry
6989a4e910805f5685d6e741,Courtship
6989a4e910805f5685d6e741,Vendetta
6989a4e910805f5685d6e742,Children's Plays
6989a4e910805f5685d6e742,Women And Religion
6989a4e910805f5685d6e743,Southern States
6989a4e910805f5685d6e743,Father And Child
6989a4e910805f5685d6e744,Saint Paul (minn.)
6989a4e910805f5685d6e744,Fitness Walking
6989a4e910805f5685d6e745,General
6989a4e910805f5685d6e745,Fiction
6989a4e910805f5685d6e745,History
6989a4e910805f5685d6e746,Monographic Series
6989a4e910805f5685d6e746,Babysitters
6989a4e910805f5685d6e747,Poetry
6989a4e910805f5685d6e747,Criminal Defense Lawyers
6989a4e910805f5685d6e748,Military Funerals
6989a4e910805f5685d6e748,Landscape
6989a4e910805f5685d6e749,Fiction
6989a4e910805f5685d6e749,Science
6989a4e910805f5685d6e749,Juvenile Fiction
6989a4e910805f5685d6e74a,Fiction
6989a4e910805f5685d6e74b,Political Participation
6989a4e910805f5685d6e74b,Readers (adult)
6989a4e910805f5685d6e74c,Language Experience Approach In Education
6989a4e910805f5685d6e74c,Cuban
6989a4e910805f5685d6e74d,Child Sexual Abuse
6989a4e910805f5685d6e74e,Soft Toy Making.
6989a4e910805f5685d6e74e,Dogs
6989a4e910805f5685d6e74f,Fiction
6989a4e910805f5685d6e750,Language Experience Approach In Education
6989a4e910805f5685d6e750,Philosophy
6989a4e910805f5685d6e751,General
6989a4e910805f5685d6e751,Religion
6989a4e910805f5685d6e752,Fiction
6989a4e910805f5685d6e753,Mice
6989a4e910805f5685d6e753,Gothic Novels
6989a4e910805f5685d6e754,Yachts
6989a4e910805f5685d6e754,Voyages Around The World
6989a4e910805f5685d6e755,People With Disabilities
6989a4e910805f5685d6e755,Biographical Fiction
6989a4e910805f5685d6e756,General
6989a4e910805f5685d6e757,Religion
6989a4e910805f5685d6e758,Mack (fictitious Character)
6989a4e910805f5685d6e758,Anti-apartheid Movements
6989a4e910805f5685d6e759,Children's Literature
6989a4e910805f5685d6e759,Italian American Families
6989a4e910805f5685d6e75a,Frankenstein Films
6989a4e910805f5685d6e75a,Biographical Fiction
6989a4e910805f5685d6e75b,Fiction
6989a4e910805f5685d6e75b,General
6989a4e910805f5685d6e75b,Juvenile Fiction
6989a4e910805f5685d6e75c,Fiction
6989a4e910805f5685d6e75d,Trials (murder)
6989a4e910805f5685d6e75d,Vampires
6989a4e910805f5685d6e75e,Fiction
6989a4e910805f5685d6e75f,Fiction
6989a4e910805f5685d6e760,Fiction
6989a4e910805f5685d6e761,Philosophy
6989a4e910805f5685d6e762,Fiction
6989a4e910805f5685d6e762,General
6989a4e910805f5685d6e762,Adultery
6989a4e910805f5685d6e763,Birth Control
6989a4e910805f5685d6e763,Fairy Tales
6989a4e910805f5685d6e764,Cattle
6989a4e910805f5685d6e764,Fires
6989a4e910805f5685d6e765,Citation Of Legal Authorities
6989a4e910805f5685d6e765,George (fictitious Character)
6989a4e910805f5685d6e766,Developing Countries
6989a4e910805f5685d6e766,Wizards-juvenile Fiction
6989a4e910805f5685d6e767,General
6989a4e910805f5685d6e767,Juvenile Fiction
6989a4e910805f5685d6e767,Young Adult Fiction
6989a4e910805f5685d6e768,Rome
6989a4e910805f5685d6e768,West
6989a4e910805f5685d6e769,General
6989a4e910805f5685d6e769,Biography
6989a4e910805f5685d6e769,Self-help
6989a4e910805f5685d6e76a,Self-realization In Women
6989a4e910805f5685d6e76a,Donahue (television Program)
6989a4e910805f5685d6e76b,General
6989a4e910805f5685d6e76c,Religion
6989a4e910805f5685d6e76d,Comedy
6989a4e910805f5685d6e76d,Christian Fiction
6989a4e910805f5685d6e76e,True Crime
6989a4e910805f5685d6e76f,General
6989a4e910805f5685d6e770,Drawing
6989a4e910805f5685d6e770,Burma
6989a4e910805f5685d6e771,Comics
6989a4e910805f5685d6e771,Fiction
6989a4e910805f5685d6e772,Animal Heroes
6989a4e910805f5685d6e772,Algebra
6989a4e910805f5685d6e773,Fiction
6989a4e910805f5685d6e773,General
6989a4e910805f5685d6e773,History
6989a4e910805f5685d6e774,Agnes (fictitious Character)
6989a4e910805f5685d6e774,Dawson's Creek (television Program)
6989a4e910805f5685d6e775,Animal Rights Activists
6989a4e910805f5685d6e775,Bibliography
6989a4e910805f5685d6e776,Singers
6989a4e910805f5685d6e776,Radio Broadcasting
6989a4e910805f5685d6e777,City And Town Life
6989a4e910805f5685d6e777,Christianity
6989a4e910805f5685d6e778,Fiction
6989a4e910805f5685d6e779,General
6989a4e910805f5685d6e77a,General
6989a4e910805f5685d6e77b,Eccentrics And Eccentricities
6989a4e910805f5685d6e77b,Counted Thread Embroidery
6989a4e910805f5685d6e77c,Fiction
6989a4e910805f5685d6e77d,Fiction
6989a4e910805f5685d6e77d,History
6989a4e910805f5685d6e77e,Fiction
6989a4e910805f5685d6e77f,Cadfael
6989a4e910805f5685d6e77f,Class Actions (civil Procedure)
6989a4e910805f5685d6e780,Juvenile Nonfiction
6989a4e910805f5685d6e780,Furniture
6989a4e910805f5685d6e781,Apparent
6989a4e910805f5685d6e781,Generative Organs
6989a4e910805f5685d6e782,Highway Planning
6989a4e910805f5685d6e782,Enlightenment
6989a4e910805f5685d6e783,Antiquities.
6989a4e910805f5685d6e783,Fitness Walking
6989a4e910805f5685d6e784,Fiction
6989a4e910805f5685d6e785,Aeronautics
6989a4e910805f5685d6e785,Spanish Language
6989a4e910805f5685d6e786,Cooking
6989a4e910805f5685d6e786,Hatha Yoga
6989a4e910805f5685d6e787,Fiction
6989a4e910805f5685d6e787,General
6989a4e910805f5685d6e788,Contests
6989a4e910805f5685d6e788,New Thought
6989a4e910805f5685d6e789,Aeronautics
6989a4e910805f5685d6e789,Interpersonal Communication
6989a4e910805f5685d6e78a,Feminism And Music
6989a4e910805f5685d6e78a,Libraries
6989a4e910805f5685d6e78b,Fiction
6989a4e910805f5685d6e78b,Language Arts
6989a4e910805f5685d6e78b,Science
6989a4e910805f5685d6e78c,Fiction
6989a4e910805f5685d6e78d,Young Adult Fiction
6989a4e910805f5685d6e78d,Fiction
6989a4e910805f5685d6e78e,Poetry
6989a4e910805f5685d6e78e,Fiction
6989a4e910805f5685d6e78e,Literary Collections
6989a4e910805f5685d6e78f,General
6989a4e910805f5685d6e78f,Fiction
6989a4e910805f5685d6e78f,American Fiction
6989a4e910805f5685d6e790,Body
6989a4e910805f5685d6e790,Mind
6989a4e910805f5685d6e791,Fantasy Games
6989a4e910805f5685d6e791,Schools
6989a4e910805f5685d6e792,Queens
6989a4e910805f5685d6e792,Ho Chi Minh City (vietnam)
6989a4e910805f5685d6e793,Low-carbohydrate Diet
6989a4e910805f5685d6e793,African American Musicians
6989a4e910805f5685d6e794,Comedy
6989a4e910805f5685d6e794,Captiva Island (fla.)
6989a4e910805f5685d6e795,Fiction
6989a4e910805f5685d6e795,Juvenile Fiction
6989a4e910805f5685d6e795,Hockey Stories
6989a4e910805f5685d6e796,Music
6989a4e910805f5685d6e797,Time Management
6989a4e910805f5685d6e797,Numerology
6989a4e910805f5685d6e798,Meditations
6989a4e910805f5685d6e798,Education
6989a4e910805f5685d6e799,Africa
6989a4e910805f5685d6e799,English Wit And Humor
6989a4e910805f5685d6e79a,Aeronautics
6989a4e910805f5685d6e79a,Christian Fiction
6989a4e910805f5685d6e79b,American Fiction
6989a4e910805f5685d6e79c,Microwave Cooking
6989a4e910805f5685d6e79c,Child Abuse
6989a4e910805f5685d6e79d,General
6989a4e910805f5685d6e79d,American Literature
6989a4e910805f5685d6e79e,Boys
6989a4e910805f5685d6e79e,Librarians
6989a4e910805f5685d6e79f,History
6989a4e910805f5685d6e7a0,Cotswold Hills (england)
6989a4e910805f5685d6e7a0,Lesbians
6989a4e910805f5685d6e7a1,General
6989a4e910805f5685d6e7a2,Cerebral Palsy
6989a4e910805f5685d6e7a2,Buddha (the Concept)
6989a4e910805f5685d6e7a3,Fiction
6989a4e910805f5685d6e7a3,Business
6989a4e910805f5685d6e7a3,Young Adult Fiction
6989a4e910805f5685d6e7a4,Fiction
6989a4e910805f5685d6e7a4,Poetry
6989a4e910805f5685d6e7a4,Juvenile Fiction
6989a4e910805f5685d6e7a5,Children's Plays
6989a4e910805f5685d6e7a5,Examination Of Witnesses
6989a4e910805f5685d6e7a6,Construction Workers
6989a4e910805f5685d6e7a6,Landscapes
6989a4e910805f5685d6e7a7,Fiction
6989a4e910805f5685d6e7a8,Low-carbohydrate Diet
6989a4e910805f5685d6e7a8,Performing Arts
6989a4e910805f5685d6e7a9,Drama
6989a4e910805f5685d6e7a9,Poetry
6989a4e910805f5685d6e7aa,Canadian Literature
6989a4e910805f5685d6e7aa,Animal Ark (imaginary Organization)
6989a4e910805f5685d6e7ab,Novelists
6989a4e910805f5685d6e7ab,Eminent Domain
6989a4e910805f5685d6e7ac,General
6989a4e910805f5685d6e7ac,Jewish Fiction
6989a4e910805f5685d6e7ac,Fiction
6989a4e910805f5685d6e7ad,Cancer
6989a4e910805f5685d6e7ad,Logic
6989a4e910805f5685d6e7ae,Dysfunctional Families
6989a4e910805f5685d6e7ae,Domestic Fiction
6989a4e910805f5685d6e7af,Business
6989a4e910805f5685d6e7af,History
6989a4e910805f5685d6e7af,Biography
6989a4e910805f5685d6e7b0,Religion
6989a4e910805f5685d6e7b1,Fiction
6989a4e910805f5685d6e7b1,Young Adult Fiction
6989a4e910805f5685d6e7b1,Foreign Language Study
6989a4e910805f5685d6e7b2,Dog Attacks
6989a4e910805f5685d6e7b2,Theology
6989a4e910805f5685d6e7b3,Epic Literature
6989a4e910805f5685d6e7b3,Body Language
6989a4e910805f5685d6e7b4,Education
6989a4e910805f5685d6e7b5,General
6989a4e910805f5685d6e7b6,Canadian Literature
6989a4e910805f5685d6e7b6,Owls
6989a4e910805f5685d6e7b7,Fiction
6989a4e910805f5685d6e7b7,General
6989a4e910805f5685d6e7b7,Automobile Travel / United States
6989a4e910805f5685d6e7b8,Evangelistic Work
6989a4e910805f5685d6e7b8,Popular Music
6989a4e910805f5685d6e7b9,General
6989a4e910805f5685d6e7ba,Juvenile Nonfiction
6989a4e910805f5685d6e7ba,Iguana (genus)
6989a4e910805f5685d6e7bb,Sermons
6989a4e910805f5685d6e7bb,Pattern Perception
6989a4e910805f5685d6e7bc,Religion
6989a4e910805f5685d6e7bd,General
6989a4e910805f5685d6e7be,Religion
6989a4e910805f5685d6e7bf,Carter
6989a4e910805f5685d6e7bf,Debates And Debating
6989a4e910805f5685d6e7c0,Los Angeles (calif.)
6989a4e910805f5685d6e7c0,Child Rearing
6989a4e910805f5685d6e7c1,General
6989a4e910805f5685d6e7c1,Biography
6989a4e910805f5685d6e7c1,History
6989a4e910805f5685d6e7c2,Masturbation
6989a4e910805f5685d6e7c2,Color In Interior Decoration
6989a4e910805f5685d6e7c3,Fiction
6989a4e910805f5685d6e7c4,Common Fallacies
6989a4e910805f5685d6e7c4,China
6989a4e910805f5685d6e7c5,Personnel Management
6989a4e910805f5685d6e7c5,Indic Fiction (english)
6989a4e910805f5685d6e7c6,Fiction
6989a4e910805f5685d6e7c6,General
6989a4e910805f5685d6e7c6,Juvenile Fiction
6989a4e910805f5685d6e7c7,Auschwitz (concentration Camp) -- History
6989a4e910805f5685d6e7c7,Emily
6989a4e910805f5685d6e7c8,Fiction
6989a4e910805f5685d6e7c8,Escapes
6989a4e910805f5685d6e7c9,Fiction
6989a4e910805f5685d6e7c9,General
6989a4e910805f5685d6e7ca,Autographs
6989a4e910805f5685d6e7ca,Discipline Of Children
6989a4e910805f5685d6e7cb,Tristan (legend)
6989a4e910805f5685d6e7cb,Bullies
6989a4e910805f5685d6e7cc,Fiction
6989a4e910805f5685d6e7cd,Heavy Metal (music)
6989a4e910805f5685d6e7cd,Educational Exchanges
6989a4e910805f5685d6e7ce,Juvenile Fiction
6989a4e910805f5685d6e7ce,Diana (roman Deity)
6989a4e910805f5685d6e7cf,Fiction
6989a4e910805f5685d6e7d0,Classical Literature
6989a4e910805f5685d6e7d0,Guinea Pigs
6989a4e910805f5685d6e7d1,Fiction
6989a4e910805f5685d6e7d2,General
6989a4e910805f5685d6e7d3,Religion
6989a4e910805f5685d6e7d3,Juvenile Fiction
6989a4e910805f5685d6e7d4,Ghost Stories
6989a4e910805f5685d6e7d4,American
6989a4e910805f5685d6e7d5,Fiction
6989a4e910805f5685d6e7d6,Juvenile Fiction
6989a4e910805f5685d6e7d7,History
6989a4e910805f5685d6e7d8,Juvenile Fiction
6989a4e910805f5685d6e7d9,Fiction
6989a4e910805f5685d6e7da,Mythology
6989a4e910805f5685d6e7da,Jewelers
6989a4e910805f5685d6e7db,Gift Books
6989a4e910805f5685d6e7db,Zen Buddhism
6989a4e910805f5685d6e7dc,Horror Tales
6989a4e910805f5685d6e7dc,Fiction
6989a4e910805f5685d6e7dc,Fathers And Daughters
6989a4e910805f5685d6e7dd,Computers
6989a4e910805f5685d6e7dd,Ethics
6989a4e910805f5685d6e7de,Fiction
6989a4e910805f5685d6e7de,General
6989a4e910805f5685d6e7de,Juvenile Fiction
6989a4e910805f5685d6e7df,Climatic Changes
6989a4e910805f5685d6e7df,Calculus
6989a4e910805f5685d6e7e0,Fiction
6989a4e910805f5685d6e7e0,Children's Stories
6989a4e910805f5685d6e7e0,New Zealand
6989a4e910805f5685d6e7e1,Business
6989a4e910805f5685d6e7e2,Fiction
6989a4e910805f5685d6e7e3,Christian Women
6989a4e910805f5685d6e7e3,Sir (fictitious Character)
6989a4e910805f5685d6e7e4,Dyslexic Children
6989a4e910805f5685d6e7e4,Natural History
6989a4e910805f5685d6e7e5,Fiction
6989a4e910805f5685d6e7e5,General
6989a4e910805f5685d6e7e5,History
6989a4e910805f5685d6e7e6,Fiction
6989a4e910805f5685d6e7e6,Biography
6989a4e910805f5685d6e7e6,Bronté́
6989a4e910805f5685d6e7e7,General
6989a4e910805f5685d6e7e7,Juvenile Fiction
6989a4e910805f5685d6e7e7,Actors
6989a4e910805f5685d6e7e8,Fiction
6989a4e910805f5685d6e7e8,Biography
6989a4e910805f5685d6e7e8,Murder
6989a4e910805f5685d6e7e9,Philosophy
6989a4e910805f5685d6e7e9,Health
6989a4e910805f5685d6e7e9,Body
6989a4e910805f5685d6e7ea,Talking Books
6989a4e910805f5685d6e7ea,Drummers (musicians)
6989a4e910805f5685d6e7eb,Single Mothres
6989a4e910805f5685d6e7eb,Black Humor
6989a4e910805f5685d6e7ec,Vendetta
6989a4e910805f5685d6e7ec,Psychosomatic
6989a4e910805f5685d6e7ed,Assisi (italy)
6989a4e910805f5685d6e7ed,American Dream
6989a4e910805f5685d6e7ee,Frontier And Pioneer Life
6989a4e910805f5685d6e7ee,Penal Colonies
6989a4e910805f5685d6e7ef,Foreign Language Study
6989a4e910805f5685d6e7f0,Horror
6989a4e910805f5685d6e7f0,Emily
6989a4e910805f5685d6e7f1,American Fiction
6989a4e910805f5685d6e7f2,Satanism
6989a4e910805f5685d6e7f2,Hollywood (los Angeles
6989a4e910805f5685d6e7f3,Fiction
6989a4e910805f5685d6e7f4,Religion
6989a4e910805f5685d6e7f5,Fiction
6989a4e910805f5685d6e7f6,Counting
6989a4e910805f5685d6e7f6,Sailing
6989a4e910805f5685d6e7f7,Hollywood (los Angeles
6989a4e910805f5685d6e7f7,Gays
6989a4e910805f5685d6e7f8,Karate
6989a4e910805f5685d6e7f8,Bewitched (television Program)
6989a4e910805f5685d6e7f9,Fiction
6989a4e910805f5685d6e7fa,Sex Instruction
6989a4e910805f5685d6e7fa,Psychosomatic
6989a4e910805f5685d6e7fb,Fiction
6989a4e910805f5685d6e7fb,Literary Criticism
6989a4e910805f5685d6e7fc,Audiobooks
6989a4e910805f5685d6e7fc,Fiction
6989a4e910805f5685d6e7fd,General
6989a4e910805f5685d6e7fd,Juvenile Fiction
6989a4e910805f5685d6e7fe,Fiction
6989a4e910805f5685d6e7ff,Rome (italy)
6989a4e910805f5685d6e7ff,Crossword Puzzles
6989a4e910805f5685d6e800,Religion
6989a4e910805f5685d6e801,Fiction
6989a4e910805f5685d6e801,History
6989a4e910805f5685d6e801,Drama
6989a4e910805f5685d6e802,Criminal Defense Lawyers
6989a4e910805f5685d6e802,Labor Day
6989a4e910805f5685d6e803,Fiction
6989a4e910805f5685d6e803,Young Adult Fiction
6989a4e910805f5685d6e804,Avarice
6989a4e910805f5685d6e804,Self-help
6989a4e910805f5685d6e805,Fiction
6989a4e910805f5685d6e805,Performing Arts
6989a4e910805f5685d6e805,Social Science
6989a4e910805f5685d6e806,Fiction
6989a4e910805f5685d6e806,Literary Criticism
6989a4e910805f5685d6e806,Medical
6989a4e910805f5685d6e807,History
6989a4e910805f5685d6e807,Jewish Fiction
6989a4e910805f5685d6e808,Piano Music
6989a4e910805f5685d6e808,Boys
6989a4e910805f5685d6e809,Horror Stories.
6989a4e910805f5685d6e809,Flags
6989a4e910805f5685d6e80a,New Zealand
6989a4e910805f5685d6e80a,Authorship
6989a4e910805f5685d6e80b,Anthologies
6989a4e910805f5685d6e80b,Short Stories
6989a4e910805f5685d6e80c,Business
6989a4e910805f5685d6e80c,Fiction
6989a4e910805f5685d6e80d,Fiction
6989a4e910805f5685d6e80e,Fiction
6989a4e910805f5685d6e80f,Religion
6989a4e910805f5685d6e810,Canadian Periodicals
6989a4e910805f5685d6e810,Rocks
6989a4e910805f5685d6e811,Guvernören (tanker)
6989a4e910805f5685d6e811,Happiness
6989a4e910805f5685d6e812,Ship Registers
6989a4e910805f5685d6e812,Bosch
6989a4e910805f5685d6e813,Bibles
6989a4e910805f5685d6e813,Attorneys General
6989a4e910805f5685d6e814,Brothers And Sisters
6989a4e910805f5685d6e814,Children's Poetry
6989a4e910805f5685d6e815,Fiction
6989a4e910805f5685d6e815,General
6989a4e910805f5685d6e815,Biography
6989a4e910805f5685d6e816,Birthdays
6989a4e910805f5685d6e816,Crimes Without Victims
6989a4e910805f5685d6e817,Performing Arts
6989a4e910805f5685d6e818,True Crime
6989a4e910805f5685d6e819,Self-help
6989a4e910805f5685d6e81a,Admirals
6989a4e910805f5685d6e81a,Church Work With Alcoholics
6989a4e910805f5685d6e81b,Fiction
6989a4e910805f5685d6e81c,Extrasensory Perception
6989a4e910805f5685d6e81c,Celebrities
6989a4e910805f5685d6e81d,Statistics.
6989a4e910805f5685d6e81d,Epic Literature
6989a4e910805f5685d6e81e,Eating Disorders
6989a4e910805f5685d6e81e,Atonement
6989a4e910805f5685d6e81f,Power (social Sciences)
6989a4e910805f5685d6e81f,College Sports
6989a4e910805f5685d6e820,Tennis
6989a4e910805f5685d6e820,Nature
6989a4e910805f5685d6e821,Castles
6989a4e910805f5685d6e821,Napoleonic Wars
6989a4e910805f5685d6e822,Philosophy
6989a4e910805f5685d6e822,General
6989a4e910805f5685d6e822,History
6989a4e910805f5685d6e823,Animal Behavior
6989a4e910805f5685d6e823,Paranormal Romance Stories
6989a4e910805f5685d6e824,Cultivated
6989a4e910805f5685d6e824,Popular Music
6989a4e910805f5685d6e825,Fiction
6989a4e910805f5685d6e825,History
6989a4e910805f5685d6e826,Fiction
6989a4e910805f5685d6e826,General
6989a4e910805f5685d6e826,Juvenile Fiction
6989a4e910805f5685d6e827,Technology
6989a4e910805f5685d6e827,Berlin Wall
6989a4e910805f5685d6e828,Social Science
6989a4e910805f5685d6e829,Last Words
6989a4e910805f5685d6e829,Picture Puzzles
6989a4e910805f5685d6e82a,Classical Philology
6989a4e910805f5685d6e82a,Adultery
6989a4e910805f5685d6e82b,Vade-mecums
6989a4e910805f5685d6e82b,Drivers' Licenses
6989a4e910805f5685d6e82c,Alienation (social Psychology)
6989a4e910805f5685d6e82c,Nuclear Warfare
6989a4e910805f5685d6e82d,Fiction
6989a4e910805f5685d6e82d,General
6989a4e910805f5685d6e82d,History
6989a4e910805f5685d6e82e,Baseball
6989a4e910805f5685d6e82e,Baseball Stories
6989a4e910805f5685d6e82f,Arab-israeli Conflict
6989a4e910805f5685d6e82f,Fantasy
6989a4e910805f5685d6e830,Alhambra (granada
6989a4e910805f5685d6e830,Caulfield
6989a4e910805f5685d6e831,General
6989a4e910805f5685d6e832,Fiction
6989a4e910805f5685d6e832,Juvenile Fiction
6989a4e910805f5685d6e832,Comics
6989a4e910805f5685d6e833,Generals
6989a4e910805f5685d6e833,Insurgency
6989a4e910805f5685d6e834,1861-1865 Fiction
6989a4e910805f5685d6e834,Coastal Zone Management
6989a4e910805f5685d6e835,Depression
6989a4e910805f5685d6e835,Vendetta
6989a4e910805f5685d6e836,Fiction
6989a4e910805f5685d6e837,General
6989a4e910805f5685d6e838,Business
6989a4e910805f5685d6e838,Books
6989a4e910805f5685d6e839,Private Investigation
6989a4e910805f5685d6e839,Abandoned Children
6989a4e910805f5685d6e83a,Hercules (roman Mythology)
6989a4e910805f5685d6e83a,Romantic Suspense Fiction
6989a4e910805f5685d6e83b,Humor
6989a4e910805f5685d6e83c,Fiction
6989a4e910805f5685d6e83d,Biography
6989a4e910805f5685d6e83e,Motion Pictures
6989a4e910805f5685d6e83e,Zen Buddhism
6989a4e910805f5685d6e83f,Spanish Drama (comedy)
6989a4e910805f5685d6e83f,Knitting
6989a4e910805f5685d6e840,Egypt
6989a4e910805f5685d6e840,Religious Fiction
6989a4e910805f5685d6e841,English Drama (comedy)
6989a4e910805f5685d6e841,Cadfael
6989a4e910805f5685d6e842,Brothers
6989a4e910805f5685d6e842,Finance
6989a4e910805f5685d6e843,General
6989a4e910805f5685d6e843,Religion
6989a4e910805f5685d6e844,Fiction
6989a4e910805f5685d6e844,Self-help
6989a4e910805f5685d6e845,Fiction
6989a4e910805f5685d6e845,General
6989a4e910805f5685d6e845,Social Science
6989a4e910805f5685d6e846,Fiction
6989a4e910805f5685d6e846,General
6989a4e910805f5685d6e846,Biography
6989a4e910805f5685d6e847,Fiction
6989a4e910805f5685d6e847,Travel
6989a4e910805f5685d6e848,1. Short Stories-science Fiction
6989a4e910805f5685d6e848,Child Psychology
6989a4e910805f5685d6e849,Content Area Reading
6989a4e910805f5685d6e849,Snakes
6989a4e910805f5685d6e84a,John
6989a4e910805f5685d6e84a,Sisters
6989a4e910805f5685d6e84b,Fantastic Fiction
6989a4e910805f5685d6e84b,English.
6989a4e910805f5685d6e84c,Bullying
6989a4e910805f5685d6e84c,Baking
6989a4e910805f5685d6e84d,Appleby
6989a4e910805f5685d6e84d,English Imprints
6989a4e910805f5685d6e84e,Divorce
6989a4e910805f5685d6e84e,Bewitched (television Program)
6989a4e910805f5685d6e84f,Graphic Novels
6989a4e910805f5685d6e84f,General
6989a4e910805f5685d6e850,Lesbians
6989a4e910805f5685d6e850,Mexican War
6989a4e910805f5685d6e851,Copyright
6989a4e910805f5685d6e851,England
6989a4e910805f5685d6e851,Fiction
6989a4e910805f5685d6e852,General
6989a4e910805f5685d6e853,Games
6989a4e910805f5685d6e853,Happiness
6989a4e910805f5685d6e854,Travel
6989a4e910805f5685d6e854,Juvenile Fiction
6989a4e910805f5685d6e854,Fiction
6989a4e910805f5685d6e855,Fiction
6989a4e910805f5685d6e855,General
6989a4e910805f5685d6e855,Literary Criticism
6989a4e910805f5685d6e856,Science Fiction Comic Books
6989a4e910805f5685d6e856,Occultism
6989a4e910805f5685d6e857,Međugorje (bosnia And Hercegovina)
6989a4e910805f5685d6e857,Harlem (new York
6989a4e910805f5685d6e858,Creative Writing
6989a4e910805f5685d6e858,Ranchers
6989a4e910805f5685d6e859,Dragons
6989a4e910805f5685d6e85a,Fiction
6989a4e910805f5685d6e85b,Manners And Customs
6989a4e910805f5685d6e85b,Caulfield
6989a4e910805f5685d6e85c,Nursery Schools
6989a4e910805f5685d6e85c,Fitness Walking
6989a4e910805f5685d6e85d,Children Of Celebrities
6989a4e910805f5685d6e85d,Sacred Space
6989a4e910805f5685d6e85e,In The Bleak Midwinter (motion Picture)
6989a4e910805f5685d6e85e,Blair Witch Project (motion Picture)
6989a4e910805f5685d6e85f,Anthropology.
6989a4e910805f5685d6e85f,Cookery
6989a4e910805f5685d6e860,Hygiene
6989a4e910805f5685d6e860,Comic Fantasy
6989a4e910805f5685d6e861,History
6989a4e910805f5685d6e862,Fiction
6989a4e910805f5685d6e863,Handicraft
6989a4e910805f5685d6e863,Hudson River Valley (n.y. And N.j.)
6989a4e910805f5685d6e864,Union Catalogs
6989a4e910805f5685d6e864,Fansler
6989a4e910805f5685d6e865,Black Humor
6989a4e910805f5685d6e865,Dramatists
6989a4e910805f5685d6e866,Fiction
6989a4e910805f5685d6e867,Dawson's Creek (television Program)
6989a4e910805f5685d6e867,Snakes
6989a4e910805f5685d6e868,Sir (fictitious Character)
6989a4e910805f5685d6e868,Eccentrics And Eccentricities
6989a4e910805f5685d6e869,Romances
6989a4e910805f5685d6e869,Reading Comprehension
6989a4e910805f5685d6e86a,Bands (music)
6989a4e910805f5685d6e86a,Asia
6989a4e910805f5685d6e86b,Ghost Stories
6989a4e910805f5685d6e86b,American
6989a4e910805f5685d6e86c,Biography
6989a4e910805f5685d6e86d,Biography
6989a4e910805f5685d6e86e,History
6989a4e910805f5685d6e86f,Sex Instruction
6989a4e910805f5685d6e86f,Imaginary Wars And Battles
6989a4e910805f5685d6e870,Sisters
6989a4e910805f5685d6e870,Communication In Families
6989a4e910805f5685d6e871,Free Enterprise
6989a4e910805f5685d6e871,Criticism
6989a4e910805f5685d6e872,Juvenile Fiction
6989a4e910805f5685d6e872,General
6989a4e910805f5685d6e873,Adultery
6989a4e910805f5685d6e874,School Districts
6989a4e910805f5685d6e874,Arizona
6989a4e910805f5685d6e875,History
6989a4e910805f5685d6e876,Readers (elementary)
6989a4e910805f5685d6e876,1991-
6989a4e910805f5685d6e877,Social Science
6989a4e910805f5685d6e878,Religion
6989a4e910805f5685d6e879,Poetry
6989a4e910805f5685d6e879,Diana (roman Deity)
6989a4e910805f5685d6e87a,Fiction
6989a4e910805f5685d6e87a,Biography
6989a4e910805f5685d6e87a,Literary Criticism
6989a4e910805f5685d6e87b,Psychology
6989a4e910805f5685d6e87b,Self-help
6989a4e910805f5685d6e87c,Nature
6989a4e910805f5685d6e87d,Drowning
6989a4e910805f5685d6e87d,Territorial Waters
6989a4e910805f5685d6e87e,Horsemanship
6989a4e910805f5685d6e87e,Business Enterprises
6989a4e910805f5685d6e87f,Divorced People
6989a4e910805f5685d6e87f,Propaganda
6989a4e910805f5685d6e880,Health
6989a4e910805f5685d6e880,Psychology
6989a4e910805f5685d6e881,Cookies
6989a4e910805f5685d6e881,Thailand
6989a4e910805f5685d6e882,Sports
6989a4e910805f5685d6e883,United States
6989a4e910805f5685d6e883,City And Town Life
6989a4e910805f5685d6e884,Mutiney
6989a4e910805f5685d6e884,Ambassadors
6989a4e910805f5685d6e885,Poetry
6989a4e910805f5685d6e885,General
6989a4e910805f5685d6e886,Spy Stories
6989a4e910805f5685d6e886,Christianity
6989a4e910805f5685d6e887,Wrestlers
6989a4e910805f5685d6e887,Gift Books
6989a4e910805f5685d6e888,Diazepam
6989a4e910805f5685d6e888,Clowns
6989a4e910805f5685d6e889,America
6989a4e910805f5685d6e889,Radio
6989a4e910805f5685d6e88a,Fiction
6989a4e910805f5685d6e88b,Fiction
6989a4e910805f5685d6e88b,Children's Stories
6989a4e910805f5685d6e88b,England
6989a4e910805f5685d6e88c,Hockey Stories
6989a4e910805f5685d6e88c,Carter
6989a4e910805f5685d6e88d,Control (psychology)
6989a4e910805f5685d6e88d,Leisure Class
6989a4e910805f5685d6e88e,Survival
6989a4e910805f5685d6e88e,Adobe Photoshop
6989a4e910805f5685d6e88f,Juvenile Fiction
6989a4e910805f5685d6e890,General
6989a4e910805f5685d6e890,Fiction
6989a4e910805f5685d6e891,Prayer
6989a4e910805f5685d6e891,Spiritual Life
6989a4e910805f5685d6e892,Fantastic Literature
6989a4e910805f5685d6e892,Iwo Jima
6989a4e910805f5685d6e893,Fiction
6989a4e910805f5685d6e894,Fiction
6989a4e910805f5685d6e894,Juvenile Fiction
6989a4e910805f5685d6e894,England
6989a4e910805f5685d6e895,Motion Picture Plays
6989a4e910805f5685d6e895,Comics
6989a4e910805f5685d6e896,Fiction
6989a4e910805f5685d6e896,Young Adult Fiction
6989a4e910805f5685d6e897,Family
6989a4e910805f5685d6e898,Fiction
6989a4e910805f5685d6e899,National
6989a4e910805f5685d6e899,Love
6989a4e910805f5685d6e89a,Biography
6989a4e910805f5685d6e89a,Juvenile Fiction
6989a4e910805f5685d6e89b,True Crime
6989a4e910805f5685d6e89c,Christian Women
6989a4e910805f5685d6e89c,Travel
6989a4e910805f5685d6e89d,Escort Automobile
6989a4e910805f5685d6e89d,Historic Buildings
6989a4e910805f5685d6e89e,Ship Registers
6989a4e910805f5685d6e89e,Design
6989a4e910805f5685d6e89f,Nvivo
6989a4e910805f5685d6e89f,Sales Personnel
6989a4e910805f5685d6e8a0,Gaia (fictitious Character)
6989a4e910805f5685d6e8a0,Erotic
6989a4e910805f5685d6e8a1,Beagle Expedition
6989a4e910805f5685d6e8a1,Audiobooks
6989a4e910805f5685d6e8a2,Vampires
6989a4e910805f5685d6e8a2,Lesbians
6989a4e910805f5685d6e8a3,Fiction
6989a4e910805f5685d6e8a3,Alienation (social Psychology)
6989a4e910805f5685d6e8a3,Juvenile Fiction
6989a4e910805f5685d6e8a4,Subject Catalogs
6989a4e910805f5685d6e8a4,Saint Paul (minn.)
6989a4e910805f5685d6e8a5,Motels
6989a4e910805f5685d6e8a5,Technology
6989a4e910805f5685d6e8a6,Bible And Evolution
6989a4e910805f5685d6e8a6,Cassidy
6989a4e910805f5685d6e8a7,Business
6989a4e910805f5685d6e8a7,Astronomy
6989a4e910805f5685d6e8a8,Home Economics
6989a4e910805f5685d6e8a8,Commercial Art
6989a4e910805f5685d6e8a9,General
6989a4e910805f5685d6e8aa,Netherlands
6989a4e910805f5685d6e8aa,1861-1865 Fiction
6989a4e910805f5685d6e8ab,Netherlands
6989a4e910805f5685d6e8ab,Executive Power.
6989a4e910805f5685d6e8ac,Dragons
6989a4e910805f5685d6e8ad,Fiction
6989a4e910805f5685d6e8ad,Biography
6989a4e910805f5685d6e8ad,Religion
6989a4e910805f5685d6e8ae,Great Plains
6989a4e910805f5685d6e8ae,Women And Religion
6989a4e910805f5685d6e8af,Highlands (scotland)
6989a4e910805f5685d6e8af,Self-help
6989a4e910805f5685d6e8b0,General
6989a4e910805f5685d6e8b1,Fiction
6989a4e910805f5685d6e8b1,Juvenile Fiction
6989a4e910805f5685d6e8b1,Education
6989a4e910805f5685d6e8b2,Alzheimer's Disease
6989a4e910805f5685d6e8b2,Personal
6989a4e910805f5685d6e8b3,Rock Music
6989a4e910805f5685d6e8b3,Architecture
6989a4e910805f5685d6e8b4,Health
6989a4e910805f5685d6e8b4,Marriage Proposals
6989a4e910805f5685d6e8b5,Juvenile Fiction
6989a4e910805f5685d6e8b5,Narnia (imaginary Place)
6989a4e910805f5685d6e8b5,General
6989a4e910805f5685d6e8b6,Fiction
6989a4e910805f5685d6e8b7,History
6989a4e910805f5685d6e8b8,Interpersonal Communication
6989a4e910805f5685d6e8b8,Sexual Fantasies
6989a4e910805f5685d6e8b9,Literature And Society
6989a4e910805f5685d6e8b9,Berlin Wall
6989a4e910805f5685d6e8ba,Authors
6989a4e910805f5685d6e8bb,General
6989a4e910805f5685d6e8bc,Amerikaanse Fiksie
6989a4e910805f5685d6e8bc,God
6989a4e910805f5685d6e8bd,Mental
6989a4e910805f5685d6e8bd,Mexican War
6989a4e910805f5685d6e8be,Escapes
6989a4e910805f5685d6e8be,Diaries
6989a4e910805f5685d6e8bf,Fiction
6989a4e910805f5685d6e8bf,Cooking
6989a4e910805f5685d6e8bf,General
6989a4e910805f5685d6e8c0,General
6989a4e910805f5685d6e8c1,Fiction
6989a4e910805f5685d6e8c1,Comics
6989a4e910805f5685d6e8c1,Fiction In English
6989a4e910805f5685d6e8c2,Cooking
6989a4e910805f5685d6e8c3,General
6989a4e910805f5685d6e8c3,Fiction
6989a4e910805f5685d6e8c4,General
6989a4e910805f5685d6e8c5,Fiction
6989a4e910805f5685d6e8c5,General
6989a4e910805f5685d6e8c5,Celebrities
6989a4e910805f5685d6e8c6,Magic
6989a4e910805f5685d6e8c6,Fantastic Literature
6989a4e910805f5685d6e8c7,Fiction
6989a4e910805f5685d6e8c8,Fiction
6989a4e910805f5685d6e8c8,History
6989a4e910805f5685d6e8c9,Fiction
6989a4e910805f5685d6e8c9,Jewish Fiction
6989a4e910805f5685d6e8c9,Foreign Language Study
6989a4e910805f5685d6e8ca,Anthropology.
6989a4e910805f5685d6e8ca,Country Musicians
6989a4e910805f5685d6e8cb,Texas
6989a4e910805f5685d6e8cb,Germany
6989a4e910805f5685d6e8cc,Assisi (italy)
6989a4e910805f5685d6e8cc,Sniping (military Science)
6989a4e910805f5685d6e8cd,General
6989a4e910805f5685d6e8ce,Cameras
6989a4e910805f5685d6e8ce,Families In Art
6989a4e910805f5685d6e8cf,Juvenile Fiction
6989a4e910805f5685d6e8d0,Alcoholics
6989a4e910805f5685d6e8d0,American Drama
6989a4e910805f5685d6e8d1,Owls
6989a4e910805f5685d6e8d1,Camping
6989a4e910805f5685d6e8d2,Religion
6989a4e910805f5685d6e8d3,Literary Criticism
6989a4e910805f5685d6e8d4,Selling
6989a4e910805f5685d6e8d4,Augustine
6989a4e910805f5685d6e8d5,Brooklyn (new York
6989a4e910805f5685d6e8d5,Comics
6989a4e910805f5685d6e8d6,Amber (imaginary Place)
6989a4e910805f5685d6e8d6,Science
6989a4e910805f5685d6e8d7,Control (psychology)
6989a4e910805f5685d6e8d7,Country Musicians
6989a4e910805f5685d6e8d8,Content Area Reading
6989a4e910805f5685d6e8d8,Congresses And Conventions
6989a4e910805f5685d6e8d9,Drama
6989a4e910805f5685d6e8da,Short Stories
6989a4e910805f5685d6e8da,Cattle
6989a4e910805f5685d6e8db,Comic Fantasy
6989a4e910805f5685d6e8db,Cologne (germany)
6989a4e910805f5685d6e8dc,Cotswold Hills (england)
6989a4e910805f5685d6e8dc,Intercountry Adoption
6989a4e910805f5685d6e8dd,Humor
6989a4e910805f5685d6e8dd,Fell
6989a4e910805f5685d6e8de,Consumption (economics)
6989a4e910805f5685d6e8df,Eye
6989a4e910805f5685d6e8df,Kissing
6989a4e910805f5685d6e8e0,Fiction
6989a4e910805f5685d6e8e1,Fiction
6989a4e910805f5685d6e8e2,Religion
6989a4e910805f5685d6e8e3,Science Fiction
6989a4e910805f5685d6e8e3,Book Of Mormon
6989a4e910805f5685d6e8e4,Bullets
6989a4e910805f5685d6e8e4,Escort Services
6989a4e910805f5685d6e8e5,History
6989a4e910805f5685d6e8e6,Fiction
6989a4e910805f5685d6e8e7,Fiction
6989a4e910805f5685d6e8e8,Yoga
6989a4e910805f5685d6e8e9,Blood Substitutes
6989a4e910805f5685d6e8e9,American Fiction
6989a4e910805f5685d6e8ea,Detectives
6989a4e910805f5685d6e8ea,Dinosaurs
6989a4e910805f5685d6e8eb,Islam
6989a4e910805f5685d6e8eb,Christian Biography
6989a4e910805f5685d6e8ec,Cats
6989a4e910805f5685d6e8ec,Baptists
6989a4e910805f5685d6e8ed,Performing Arts
6989a4e910805f5685d6e8ee,1846-1848
6989a4e910805f5685d6e8ee,Oglala Indians
6989a4e910805f5685d6e8ef,Fiction
6989a4e910805f5685d6e8ef,Menopause
6989a4e910805f5685d6e8f0,Religion
6989a4e910805f5685d6e8f1,Fiction
6989a4e910805f5685d6e8f2,Juvenile Fiction
6989a4e910805f5685d6e8f3,Eye
6989a4e910805f5685d6e8f3,Fishes
6989a4e910805f5685d6e8f4,Country Musicians
6989a4e910805f5685d6e8f4,Intelligence Service
6989a4e910805f5685d6e8f5,Body Marking
6989a4e910805f5685d6e8f5,Dungeons And Dragons (game)
6989a4e910805f5685d6e8f6,China
6989a4e910805f5685d6e8f6,Autism
6989a4e910805f5685d6e8f7,Biography
6989a4e910805f5685d6e8f7,General
6989a4e910805f5685d6e8f8,American Literature
6989a4e910805f5685d6e8f9,Sex
6989a4e910805f5685d6e8f9,Wales
6989a4e910805f5685d6e8fa,Agricultural Credit
6989a4e910805f5685d6e8fa,Alzheimer's Disease
6989a4e910805f5685d6e8fb,Adultery
6989a4e910805f5685d6e8fc,Computers
6989a4e910805f5685d6e8fc,Natural History
6989a4e910805f5685d6e8fd,Fiction
6989a4e910805f5685d6e8fe,Foreign Language Study
6989a4e910805f5685d6e8ff,Astral Projection
6989a4e910805f5685d6e8ff,James Bolivar (fictitious Character)
6989a4e910805f5685d6e900,Spain)
6989a4e910805f5685d6e900,Monographic Series
6989a4e910805f5685d6e901,Spain)
6989a4e910805f5685d6e901,Edinburgh (scotland)
6989a4e910805f5685d6e902,Fiction
6989a4e910805f5685d6e902,Biography
6989a4e910805f5685d6e903,Celtic Church
6989a4e910805f5685d6e903,Sex (psychology)
6989a4e910805f5685d6e904,Serial Murders
6989a4e910805f5685d6e904,Apparent
6989a4e910805f5685d6e905,Assertiveness (psychology)
6989a4e910805f5685d6e905,Intercountry Adoption
6989a4e910805f5685d6e906,Adult Children Of Alcoholics
6989a4e910805f5685d6e906,Baking
6989a4e910805f5685d6e907,Diaries
6989a4e910805f5685d6e907,Current Events
6989a4e910805f5685d6e908,Fiction
6989a4e910805f5685d6e908,General
6989a4e910805f5685d6e909,Indian Art
6989a4e910805f5685d6e909,Intelligence Officers
6989a4e910805f5685d6e90a,Rug And Carpet Industry
6989a4e910805f5685d6e90a,Biographical Fiction
6989a4e910805f5685d6e90b,Aged Men
6989a4e910805f5685d6e90b,Eye
6989a4e910805f5685d6e90c,Brewing
6989a4e910805f5685d6e90c,Christianity
6989a4e910805f5685d6e90d,Justice In Art
6989a4e910805f5685d6e90d,Sex (psychology)
6989a4e910805f5685d6e90e,General
6989a4e910805f5685d6e90f,Canadian Periodicals
6989a4e910805f5685d6e90f,Painting
6989a4e910805f5685d6e910,Fiction
6989a4e910805f5685d6e911,Fiction
6989a4e910805f5685d6e911,Science
6989a4e910805f5685d6e912,Competition
6989a4e910805f5685d6e912,Capital Punishment
6989a4e910805f5685d6e913,General
6989a4e910805f5685d6e913,Juvenile Fiction
6989a4e910805f5685d6e913,Fiction
6989a4e910805f5685d6e914,Latin America
6989a4e910805f5685d6e914,Resistance To
6989a4e910805f5685d6e915,Conversation Analysis
6989a4e910805f5685d6e915,Classified
6989a4e910805f5685d6e916,Body
6989a4e910805f5685d6e916,Mind
6989a4e910805f5685d6e917,Arctic Regions
6989a4e910805f5685d6e917,Assisted Suicide
6989a4e910805f5685d6e918,Horror
6989a4e910805f5685d6e918,Philosophy
6989a4e910805f5685d6e919,General
6989a4e910805f5685d6e919,Fiction
6989a4e910805f5685d6e919,Biography
6989a4e910805f5685d6e91a,Zen Buddhism
6989a4e910805f5685d6e91a,Color In Interior Decoration
6989a4e910805f5685d6e91b,Fiction
6989a4e910805f5685d6e91c,Humor
6989a4e910805f5685d6e91d,Sports
6989a4e910805f5685d6e91d,Fiction
6989a4e910805f5685d6e91e,John
6989a4e910805f5685d6e91e,Australian Fiction
6989a4e910805f5685d6e91f,Fiction
6989a4e910805f5685d6e91f,General
6989a4e910805f5685d6e91f,History
6989a4e910805f5685d6e920,Short Stories
6989a4e910805f5685d6e920,Edinburgh (scotland)
6989a4e910805f5685d6e921,Fiction
6989a4e910805f5685d6e922,Fiction
6989a4e910805f5685d6e922,History
6989a4e910805f5685d6e922,Biography
6989a4e910805f5685d6e923,General
6989a4e910805f5685d6e923,Fiction
6989a4e910805f5685d6e924,Fiction
6989a4e910805f5685d6e924,General
6989a4e910805f5685d6e924,History
6989a4e910805f5685d6e925,Fiction
6989a4e910805f5685d6e926,African American Baseball Players
6989a4e910805f5685d6e926,Computers
6989a4e910805f5685d6e927,Electronic Books
6989a4e910805f5685d6e927,General
6989a4e910805f5685d6e928,Fiction
6989a4e910805f5685d6e928,General
6989a4e910805f5685d6e928,Biography
6989a4e910805f5685d6e929,Interpersonal Relations
6989a4e910805f5685d6e929,Dog Attacks
6989a4e910805f5685d6e92a,Akenfield (england)
6989a4e910805f5685d6e92a,Numerology
6989a4e910805f5685d6e92b,Paranormal Romance Stories
6989a4e910805f5685d6e92b,Boats And Boating
6989a4e910805f5685d6e92c,Drama
6989a4e910805f5685d6e92d,Body Language
6989a4e910805f5685d6e92d,Međugorje (bosnia And Hercegovina)
6989a4e910805f5685d6e92e,Juvenile Fiction
6989a4e910805f5685d6e92f,Fiction
6989a4e910805f5685d6e930,Bronté́
6989a4e910805f5685d6e930,Emily
6989a4e910805f5685d6e930,1818-1848
6989a4e910805f5685d6e931,Microwave Cooking
6989a4e910805f5685d6e931,Amber (imaginary Place)
6989a4e910805f5685d6e932,House
6989a4e910805f5685d6e932,In The Bleak Midwinter (motion Picture)
6989a4e910805f5685d6e933,General
6989a4e910805f5685d6e934,Fiction
6989a4e910805f5685d6e935,Fiction
6989a4e910805f5685d6e935,General
6989a4e910805f5685d6e935,Adoptees
6989a4e910805f5685d6e936,California
6989a4e910805f5685d6e936,Bewitched (television Program)
6989a4e910805f5685d6e937,Female
6989a4e910805f5685d6e937,Sculpture
6989a4e910805f5685d6e938,Japanese Fiction
6989a4e910805f5685d6e938,Celts
6989a4e910805f5685d6e939,Sex Instruction
6989a4e910805f5685d6e939,Boys
6989a4e910805f5685d6e93a,Body
6989a4e910805f5685d6e93a,Mind
6989a4e910805f5685d6e93a,General
6989a4e910805f5685d6e93b,Alligators
6989a4e910805f5685d6e93b,Alexandria (egypt)
6989a4e910805f5685d6e93c,Fiction
6989a4e910805f5685d6e93c,Architects
6989a4e910805f5685d6e93d,Conjoined Twins
6989a4e910805f5685d6e93d,High Interest-low Vocabulary Books
6989a4e910805f5685d6e93e,1818-1848
6989a4e910805f5685d6e93e,Design
6989a4e910805f5685d6e93f,Fairy Tales
6989a4e910805f5685d6e93f,Drug Abuse
6989a4e910805f5685d6e940,Juvenile Fiction
6989a4e910805f5685d6e940,Fiction
6989a4e910805f5685d6e941,Education
6989a4e910805f5685d6e942,Body
6989a4e910805f5685d6e942,Mind
6989a4e910805f5685d6e943,Conflict Management
6989a4e910805f5685d6e943,Highlands (scotland)
6989a4e910805f5685d6e944,Father And Child
6989a4e910805f5685d6e944,Dungeons And Dragons (game)
6989a4e910805f5685d6e945,Juvenile Fiction
6989a4e910805f5685d6e946,New Market
6989a4e910805f5685d6e946,Patents
6989a4e910805f5685d6e947,Fiction
6989a4e910805f5685d6e948,Fiction
6989a4e910805f5685d6e949,Psychology
6989a4e910805f5685d6e94a,Herbs
6989a4e910805f5685d6e94a,Anglais (langue) - Histoire
6989a4e910805f5685d6e94b,Hamptons (n.y.)
6989a4e910805f5685d6e94b,Communication In Marriage
6989a4e910805f5685d6e94c,Japanese Fiction
6989a4e910805f5685d6e94c,Roderick (fictitious Character)
6989a4e910805f5685d6e94d,Sports
6989a4e910805f5685d6e94e,Anglais (langue) - Histoire
6989a4e910805f5685d6e94e,Furniture
6989a4e910805f5685d6e94f,Florida
6989a4e910805f5685d6e950,Fiction
6989a4e910805f5685d6e950,Juvenile Fiction
6989a4e910805f5685d6e950,General
6989a4e910805f5685d6e951,Fiction
6989a4e910805f5685d6e951,Music
6989a4e910805f5685d6e951,Australian Fiction
6989a4e910805f5685d6e952,Self-help
6989a4e910805f5685d6e953,Body
6989a4e910805f5685d6e953,Mind
6989a4e910805f5685d6e954,Fantasy In Art
6989a4e910805f5685d6e954,Crossword Puzzles
6989a4e910805f5685d6e955,Americans
6989a4e910805f5685d6e956,General
6989a4e910805f5685d6e956,Fiction
6989a4e910805f5685d6e956,Education
6989a4e910805f5685d6e957,General
6989a4e910805f5685d6e957,Education
6989a4e910805f5685d6e957,Juvenile Fiction
6989a4e910805f5685d6e958,Video Games
6989a4e910805f5685d6e958,Agriculture
6989a4e910805f5685d6e959,Fiction
6989a4e910805f5685d6e959,Harlem (new York
6989a4e910805f5685d6e959,N.y.)
6989a4e910805f5685d6e95a,General
6989a4e910805f5685d6e95a,Fiction
6989a4e910805f5685d6e95b,Juvenile Fiction
6989a4e910805f5685d6e95b,Travel
6989a4e910805f5685d6e95b,Nature
6989a4e910805f5685d6e95c,Commercial Art
6989a4e910805f5685d6e95c,Crops And Climate
6989a4e910805f5685d6e95d,Religion
6989a4e910805f5685d6e95e,Juvenile Fiction
6989a4e910805f5685d6e95f,General
6989a4e910805f5685d6e960,Costume
6989a4e910805f5685d6e960,Québec (province)
6989a4e910805f5685d6e961,Juvenile Fiction
6989a4e910805f5685d6e962,Astronomy
6989a4e910805f5685d6e962,Caulfield
6989a4e910805f5685d6e963,Devotional Literature
6989a4e910805f5685d6e963,Copenhagen (denmark)
6989a4e910805f5685d6e964,General
6989a4e910805f5685d6e965,Caulfield
6989a4e910805f5685d6e965,Forest Ecology
6989a4e910805f5685d6e966,Brothers
6989a4e910805f5685d6e966,Stamp Collecting
6989a4e910805f5685d6e967,Literary Criticism
6989a4e910805f5685d6e967,Africa
6989a4e910805f5685d6e968,Queens
6989a4e910805f5685d6e968,Nvivo
6989a4e910805f5685d6e969,Juvenile Fiction
6989a4e910805f5685d6e969,Fiction
6989a4e910805f5685d6e969,Detective And Mystery Stories
6989a4e910805f5685d6e96a,General
6989a4e910805f5685d6e96a,Humor
6989a4e910805f5685d6e96b,Angels
6989a4e910805f5685d6e96c,Divorce
6989a4e910805f5685d6e96d,True Crime
6989a4e910805f5685d6e96e,Arthurian Romances
6989a4e910805f5685d6e96e,Marple
6989a4e910805f5685d6e96f,General
6989a4e910805f5685d6e96f,History
6989a4e910805f5685d6e96f,Business
6989a4e910805f5685d6e970,Assertiveness (psychology)
6989a4e910805f5685d6e970,Theology
6989a4e910805f5685d6e971,Spy Stories
6989a4e910805f5685d6e971,Baseball Players
6989a4e910805f5685d6e972,Fiction
6989a4e910805f5685d6e972,General
6989a4e910805f5685d6e972,Biography
6989a4e910805f5685d6e973,Fermi's Paradox
6989a4e910805f5685d6e973,Sexual Fantasies
6989a4e910805f5685d6e974,Copyright
6989a4e910805f5685d6e974,England
6989a4e910805f5685d6e974,Fiction
6989a4e910805f5685d6e975,Popular Music
6989a4e910805f5685d6e975,Entomologists
6989a4e910805f5685d6e976,Fiction
6989a4e910805f5685d6e976,Photography
6989a4e910805f5685d6e977,General
6989a4e910805f5685d6e977,Fiction
6989a4e910805f5685d6e977,Biography
6989a4e910805f5685d6e978,Language Arts
6989a4e910805f5685d6e979,Capacity And Disability
6989a4e910805f5685d6e979,Botswana
6989a4e910805f5685d6e97a,Future Life
6989a4e910805f5685d6e97a,Orphans
6989a4e910805f5685d6e97b,Popular Music
6989a4e910805f5685d6e97b,Australian Fiction
6989a4e910805f5685d6e97c,Narnia (imaginary Place)
6989a4e910805f5685d6e97c,General
6989a4e910805f5685d6e97c,Juvenile Fiction
6989a4e910805f5685d6e97d,Industrial Management
6989a4e910805f5685d6e97d,Parenting
6989a4e910805f5685d6e97e,1846-1848
6989a4e910805f5685d6e97e,Mutiney
6989a4e910805f5685d6e97f,Computers
6989a4e910805f5685d6e97f,General
6989a4e910805f5685d6e980,Criticism
6989a4e910805f5685d6e980,Nova Scotia
6989a4e910805f5685d6e981,Fiction
6989a4e910805f5685d6e982,Camping
6989a4e910805f5685d6e982,True Crime
6989a4e910805f5685d6e983,Humor
6989a4e910805f5685d6e984,Gaia (fictitious Character)
6989a4e910805f5685d6e984,Hygiene
6989a4e910805f5685d6e985,Interpersonal Communication
6989a4e910805f5685d6e986,Fiction
6989a4e910805f5685d6e987,Photography
6989a4e910805f5685d6e988,Rabbits
6989a4e910805f5685d6e988,Cemeteries
6989a4e910805f5685d6e989,Religion
6989a4e910805f5685d6e98a,Soups
6989a4e910805f5685d6e98a,Rock Musicians
6989a4e910805f5685d6e98b,Frankenstein Films
6989a4e910805f5685d6e98b,History
6989a4e910805f5685d6e98b,General
6989a4e910805f5685d6e98c,Fantastic Fiction
6989a4e910805f5685d6e98c,Colombo (sri Lanka)
6989a4e910805f5685d6e98d,Securities Industry
6989a4e910805f5685d6e98d,American Fiction
6989a4e910805f5685d6e98e,Fiction
6989a4e910805f5685d6e98f,Juvenile Fiction
6989a4e910805f5685d6e98f,Diana (roman Deity)
6989a4e910805f5685d6e990,Transportation
6989a4e910805f5685d6e990,Cuba
6989a4e910805f5685d6e991,General
6989a4e910805f5685d6e992,Artists
6989a4e910805f5685d6e992,Pattern Perception
6989a4e910805f5685d6e993,Clowns
6989a4e910805f5685d6e993,Aids (disease)
6989a4e910805f5685d6e994,Fiction
6989a4e910805f5685d6e995,Christian Biography
6989a4e910805f5685d6e995,Cookies
6989a4e910805f5685d6e996,Creative Thinking
6989a4e910805f5685d6e996,Africa
6989a4e910805f5685d6e997,Reference
6989a4e910805f5685d6e997,Education
6989a4e910805f5685d6e998,Fiction
6989a4e910805f5685d6e998,General
6989a4e910805f5685d6e998,Juvenile Fiction
6989a4e910805f5685d6e999,Adventure Stories
6989a4e910805f5685d6e999,Fables
6989a4e910805f5685d6e99a,Fitness Walking
6989a4e910805f5685d6e99a,Bawdy Poetry
6989a4e910805f5685d6e99b,General
6989a4e910805f5685d6e99c,Fiction
6989a4e910805f5685d6e99c,General
6989a4e910805f5685d6e99d,Fiction
6989a4e910805f5685d6e99d,General
6989a4e910805f5685d6e99e,North Carolina
6989a4e910805f5685d6e99e,Popular Literature
6989a4e910805f5685d6e99f,Germany
6989a4e910805f5685d6e99f,Nature
6989a4e910805f5685d6e9a0,Apparent
6989a4e910805f5685d6e9a0,Piano Music
6989a4e910805f5685d6e9a1,General
6989a4e910805f5685d6e9a2,Fiction
6989a4e910805f5685d6e9a2,Young Adult Fiction
6989a4e910805f5685d6e9a3,Audiobooks
6989a4e910805f5685d6e9a3,Church And State
6989a4e910805f5685d6e9a4,General
6989a4e910805f5685d6e9a4,History
6989a4e910805f5685d6e9a5,Atonement
6989a4e910805f5685d6e9a5,Menopause
6989a4e910805f5685d6e9a6,History
6989a4e910805f5685d6e9a7,Fiction
6989a4e910805f5685d6e9a7,General
6989a4e910805f5685d6e9a7,Philosophy
6989a4e910805f5685d6e9a8,Barges
6989a4e910805f5685d6e9a8,Food
6989a4e910805f5685d6e9a9,Fiction
6989a4e910805f5685d6e9aa,Nineteen Twenties
6989a4e910805f5685d6e9aa,Animal Behavior
6989a4e910805f5685d6e9ab,Religion
6989a4e910805f5685d6e9ac,Cataloging
6989a4e910805f5685d6e9ac,Counting
6989a4e910805f5685d6e9ad,Reading Comprehension
6989a4e910805f5685d6e9ad,Encyclopedias And Dictionaries
6989a4e910805f5685d6e9ae,Statistics
6989a4e910805f5685d6e9ae,N.y.)
6989a4e910805f5685d6e9af,Common Interest Ownership Communities
6989a4e910805f5685d6e9af,Beauty Contests
6989a4e910805f5685d6e9b0,Heavy Metal (music)
6989a4e910805f5685d6e9b0,Police Reports
6989a4e910805f5685d6e9b1,Soldiers
6989a4e910805f5685d6e9b1,Science Fiction.
6989a4e910805f5685d6e9b2,History
6989a4e910805f5685d6e9b2,Juvenile Fiction
6989a4e910805f5685d6e9b3,Fiction
6989a4e910805f5685d6e9b4,Hypnotism
6989a4e910805f5685d6e9b4,Biographical Fiction
6989a4e910805f5685d6e9b5,Assassination
6989a4e910805f5685d6e9b5,Dakota Territory
6989a4e910805f5685d6e9b6,Fiction
6989a4e910805f5685d6e9b6,Juvenile Nonfiction
6989a4e910805f5685d6e9b7,Fiction
6989a4e910805f5685d6e9b8,Gaia (fictitious Character)
6989a4e910805f5685d6e9b8,Commercial Crimes
6989a4e910805f5685d6e9b9,Colombia
6989a4e910805f5685d6e9b9,Juvenile Fiction
6989a4e910805f5685d6e9b9,General
6989a4e910805f5685d6e9ba,Biography
6989a4e910805f5685d6e9ba,Juvenile Fiction
6989a4e910805f5685d6e9bb,Abolitionists
6989a4e910805f5685d6e9bb,Jury
6989a4e910805f5685d6e9bc,Fiction
6989a4e910805f5685d6e9bd,Fiction
6989a4e910805f5685d6e9be,Divorce
6989a4e910805f5685d6e9be,Angkor (extinct City)
6989a4e910805f5685d6e9bf,Consumption (economics)
6989a4e910805f5685d6e9c0,Deaf
6989a4e910805f5685d6e9c0,Cannibalism
6989a4e910805f5685d6e9c1,Communication
6989a4e910805f5685d6e9c1,Money-making Projects For Children
6989a4e910805f5685d6e9c2,In The Bleak Midwinter (motion Picture)
6989a4e910805f5685d6e9c2,Happiness
6989a4e910805f5685d6e9c3,General
6989a4e910805f5685d6e9c4,Fiction
6989a4e910805f5685d6e9c5,General
6989a4e910805f5685d6e9c5,Fiction
6989a4e910805f5685d6e9c6,General
6989a4e910805f5685d6e9c6,Love
6989a4e910805f5685d6e9c6,Buddhism
6989a4e910805f5685d6e9c7,General
6989a4e910805f5685d6e9c7,Fiction
6989a4e910805f5685d6e9c8,Fiction
6989a4e910805f5685d6e9c8,General
6989a4e910805f5685d6e9c8,Juvenile Fiction
6989a4e910805f5685d6e9c9,First Loves
6989a4e910805f5685d6e9c9,Geography
6989a4e910805f5685d6e9ca,God
6989a4e910805f5685d6e9ca,Negotiation
6989a4e910805f5685d6e9cb,General
6989a4e910805f5685d6e9cc,Fiction
6989a4e910805f5685d6e9cc,General
6989a4e910805f5685d6e9cc,Music
6989a4e910805f5685d6e9cd,Religion
6989a4e910805f5685d6e9ce,African Americans
6989a4e910805f5685d6e9ce,Selling
6989a4e910805f5685d6e9cf,Juvenile Fiction
6989a4e910805f5685d6e9d0,Holocaust
6989a4e910805f5685d6e9d0,Jewish (1939-1945)
6989a4e910805f5685d6e9d1,North Carolina
6989a4e910805f5685d6e9d1,Chemistry
6989a4e910805f5685d6e9d2,Short Stories
6989a4e910805f5685d6e9d3,Autism
6989a4e910805f5685d6e9d3,Reading Comprehension
6989a4e910805f5685d6e9d4,Rama (imaginary Space Vehicle)
6989a4e910805f5685d6e9d4,Cookery
6989a4e910805f5685d6e9d5,Education
6989a4e910805f5685d6e9d6,Mindfulness (psychology)
6989a4e910805f5685d6e9d6,Fantasy
6989a4e910805f5685d6e9d7,Espaliers
6989a4e910805f5685d6e9d7,James Bolivar (fictitious Character)
6989a4e910805f5685d6e9d8,Book Of Mormon
6989a4e910805f5685d6e9d8,Child Rearing
6989a4e910805f5685d6e9d9,General
6989a4e910805f5685d6e9d9,History
6989a4e910805f5685d6e9d9,Fiction
6989a4e910805f5685d6e9da,Fiction
6989a4e910805f5685d6e9da,General
6989a4e910805f5685d6e9da,Juvenile Fiction
6989a4e910805f5685d6e9db,Humor
6989a4e910805f5685d6e9dc,Fiction
6989a4e910805f5685d6e9dc,Literary Criticism
6989a4e910805f5685d6e9dd,Young Adult Fiction
6989a4e910805f5685d6e9de,Young Adult Fiction
6989a4e910805f5685d6e9df,Religion
6989a4e910805f5685d6e9e0,General
6989a4e910805f5685d6e9e1,Arab Americans
6989a4e910805f5685d6e9e1,Vendetta
6989a4e910805f5685d6e9e2,Fiction
6989a4e910805f5685d6e9e3,Anti-clericalism
6989a4e910805f5685d6e9e3,Colombia
6989a4e910805f5685d6e9e4,Lutheran Church
6989a4e910805f5685d6e9e4,Dog Breeders
6989a4e910805f5685d6e9e5,Gynecologists
6989a4e910805f5685d6e9e5,Vampires
6989a4e910805f5685d6e9e6,Railroad Stories
6989a4e910805f5685d6e9e6,Generative Organs
6989a4e910805f5685d6e9e7,Fiction
6989a4e910805f5685d6e9e8,Political Science
6989a4e910805f5685d6e9e8,Existential Psychotherapy
6989a4e910805f5685d6e9e8,Fiction
6989a4e910805f5685d6e9e9,Indian Art
6989a4e910805f5685d6e9e9,Mormons
6989a4e910805f5685d6e9ea,Mutiney
6989a4e910805f5685d6e9ea,Edinburgh (scotland)
6989a4e910805f5685d6e9eb,Religion
6989a4e910805f5685d6e9ec,Alhambra (granada
6989a4e910805f5685d6e9ec,Success
6989a4e910805f5685d6e9ed,Poetry
6989a4e910805f5685d6e9ed,History
6989a4e910805f5685d6e9ed,True Crime
6989a4e910805f5685d6e9ee,World War
6989a4e910805f5685d6e9ee,Horse Racing
6989a4e910805f5685d6e9ef,Fiction
6989a4e910805f5685d6e9f0,Arapaho Indians
6989a4e910805f5685d6e9f0,Leisure Class
6989a4e910805f5685d6e9f1,Rome
6989a4e910805f5685d6e9f1,Soft Toy Making.
6989a4e910805f5685d6e9f2,Juvenile Fiction
6989a4e910805f5685d6e9f2,Diana (roman Deity)
6989a4e910805f5685d6e9f3,General
6989a4e910805f5685d6e9f3,Juvenile Fiction
6989a4e910805f5685d6e9f3,Fiction
6989a4e910805f5685d6e9f4,History
6989a4e910805f5685d6e9f5,Fiction
6989a4e910805f5685d6e9f5,General
6989a4e910805f5685d6e9f5,Young Adult Fiction
6989a4e910805f5685d6e9f6,Fiction
6989a4e910805f5685d6e9f6,Religion
6989a4e910805f5685d6e9f6,General
6989a4e910805f5685d6e9f7,Academic Writing
6989a4e910805f5685d6e9f7,Animals
6989a4e910805f5685d6e9f8,Governesses
6989a4e910805f5685d6e9f8,Female Orgasm
6989a4e910805f5685d6e9f9,Juvenile Fiction
6989a4e910805f5685d6e9f9,Education
6989a4e910805f5685d6e9f9,General
6989a4e910805f5685d6e9fa,Fiction
6989a4e910805f5685d6e9fb,Death
6989a4e910805f5685d6e9fb,Penis
6989a4e910805f5685d6e9fc,Aids (disease)
6989a4e910805f5685d6e9fc,Bible Stories
6989a4e910805f5685d6e9fd,Religion
6989a4e910805f5685d6e9fe,Fiction
6989a4e910805f5685d6e9ff,Biography
6989a4e910805f5685d6ea00,Aran Islands (ireland)
6989a4e910805f5685d6ea00,Italian Fiction
6989a4e910805f5685d6ea01,Technology
6989a4e910805f5685d6ea01,Accident Victims
6989a4e910805f5685d6ea02,Fiction
6989a4e910805f5685d6ea02,General
6989a4e910805f5685d6ea02,United States
6989a4e910805f5685d6ea03,History
6989a4e910805f5685d6ea04,Pattern Perception
6989a4e910805f5685d6ea04,Cookies
6989a4e910805f5685d6ea05,Bondage (sexual Behavior)
6989a4e910805f5685d6ea05,Holocaust
6989a4e910805f5685d6ea06,Foreign Language Study
6989a4e910805f5685d6ea07,Fiction
6989a4e910805f5685d6ea08,Cemeteries
6989a4e910805f5685d6ea08,Guinea Pigs
6989a4e910805f5685d6ea09,Single Mothres
6989a4e910805f5685d6ea09,Hercules (roman Mythology)
6989a4e910805f5685d6ea0a,Fiction
6989a4e910805f5685d6ea0b,Fiction
6989a4e910805f5685d6ea0b,General
6989a4e910805f5685d6ea0b,Technology
6989a4e910805f5685d6ea0c,Fiction
6989a4e910805f5685d6ea0c,General
6989a4e910805f5685d6ea0c,Family
6989a4e910805f5685d6ea0d,Fiction
6989a4e910805f5685d6ea0d,General
6989a4e910805f5685d6ea0d,History
6989a4e910805f5685d6ea0e,Landscapes
6989a4e910805f5685d6ea0e,Comic Books
6989a4e910805f5685d6ea0f,Fiction
6989a4e910805f5685d6ea0f,History
6989a4e910805f5685d6ea0f,General
6989a4e910805f5685d6ea10,Mexican War
6989a4e910805f5685d6ea10,Art
6989a4e910805f5685d6ea11,Country Musicians
6989a4e910805f5685d6ea11,Album
6989a4e910805f5685d6ea12,Nature
6989a4e910805f5685d6ea12,Diazepam
6989a4e910805f5685d6ea13,Childbirth
6989a4e910805f5685d6ea13,Documentary Photography
6989a4e910805f5685d6ea14,Fiction
6989a4e910805f5685d6ea15,Captiva Island (fla.)
6989a4e910805f5685d6ea15,Coal Miners
6989a4e910805f5685d6ea16,Conversation Analysis
6989a4e910805f5685d6ea16,Selling
6989a4e910805f5685d6ea17,Biography
6989a4e910805f5685d6ea18,Last Words
6989a4e910805f5685d6ea18,Gaia (fictitious Character)
6989a4e910805f5685d6ea19,Local Transit
6989a4e910805f5685d6ea19,Salvage
6989a4e910805f5685d6ea1a,Advertising
6989a4e910805f5685d6ea1a,Humorous Stories
6989a4e910805f5685d6ea1b,Fiction
6989a4e910805f5685d6ea1c,Fiction
6989a4e910805f5685d6ea1c,General
6989a4e910805f5685d6ea1c,Poetry
6989a4e910805f5685d6ea1d,Mormons
6989a4e910805f5685d6ea1d,Star Trek Films
6989a4e910805f5685d6ea1e,Fiction
6989a4e910805f5685d6ea1f,Courtship
6989a4e910805f5685d6ea1f,Buddhism
6989a4e910805f5685d6ea20,Session Laws
6989a4e910805f5685d6ea20,Discernment Of Spirits
6989a4e910805f5685d6ea21,Fiction
6989a4e910805f5685d6ea21,Juvenile Fiction
6989a4e910805f5685d6ea21,General
6989a4e910805f5685d6ea22,Japanese Americans
6989a4e910805f5685d6ea22,Audiotapes
6989a4e910805f5685d6ea23,Spiritual Life
6989a4e910805f5685d6ea23,Devotional Calendars.
6989a4e910805f5685d6ea24,Fiction
6989a4e910805f5685d6ea25,Fiction
6989a4e910805f5685d6ea25,Juvenile Fiction
6989a4e910805f5685d6ea25,General
6989a4e910805f5685d6ea26,Admirals
6989a4e910805f5685d6ea26,Berlin Wall
6989a4e910805f5685d6ea27,General
6989a4e910805f5685d6ea27,Religion
6989a4e910805f5685d6ea27,Fiction
6989a4e910805f5685d6ea28,New Mexico
6989a4e910805f5685d6ea28,Baseball Players
6989a4e910805f5685d6ea29,Fiction
6989a4e910805f5685d6ea2a,Fiction
6989a4e910805f5685d6ea2a,General
6989a4e910805f5685d6ea2a,Juvenile Fiction
6989a4e910805f5685d6ea2b,Cartooning
6989a4e910805f5685d6ea2b,Stream Measurements
6989a4e910805f5685d6ea2c,Abusive Men
6989a4e910805f5685d6ea2c,Argentine Fiction
6989a4e910805f5685d6ea2d,Fiction
6989a4e910805f5685d6ea2e,High Schools
6989a4e910805f5685d6ea2e,Atomic Bomb
6989a4e910805f5685d6ea2f,Artistic
6989a4e910805f5685d6ea2f,Children's Stories
6989a4e910805f5685d6ea30,Cuba
6989a4e910805f5685d6ea30,Women Comedians
6989a4e910805f5685d6ea31,Art
6989a4e910805f5685d6ea31,Family
6989a4e910805f5685d6ea31,Juvenile Fiction
6989a4e910805f5685d6ea32,Fiction
6989a4e910805f5685d6ea32,Sports
6989a4e910805f5685d6ea33,American Literature
6989a4e910805f5685d6ea34,Fiction
6989a4e910805f5685d6ea35,General
6989a4e910805f5685d6ea36,Astronomy
6989a4e910805f5685d6ea36,Frontier And Pioneer Life
6989a4e910805f5685d6ea37,Gaia (fictitious Character)
6989a4e910805f5685d6ea37,Social Science
6989a4e910805f5685d6ea38,Azerbaijan
6989a4e910805f5685d6ea38,Drawing
6989a4e910805f5685d6ea39,Apologetics
6989a4e910805f5685d6ea39,Creative Thinking
6989a4e910805f5685d6ea3a,Snakes
6989a4e910805f5685d6ea3a,Government Investigators
6989a4e910805f5685d6ea3b,Women Comedians
6989a4e910805f5685d6ea3b,Aran Islands (ireland)
6989a4e910805f5685d6ea3c,Businessmen
6989a4e910805f5685d6ea3c,Appleby
6989a4e910805f5685d6ea3d,George (fictitious Character)
6989a4e910805f5685d6ea3d,Arthurian Romances
6989a4e910805f5685d6ea3e,Competition
6989a4e910805f5685d6ea3e,Apologetics
6989a4e910805f5685d6ea3f,Conjoined Twins
6989a4e910805f5685d6ea3f,Grease (motion Picture)
6989a4e910805f5685d6ea40,Canadian Periodicals
6989a4e910805f5685d6ea40,Holocaust
6989a4e910805f5685d6ea41,General
6989a4e910805f5685d6ea42,Epic Poetry
6989a4e910805f5685d6ea42,Superintendent (fictitious Character)
6989a4e910805f5685d6ea43,Children Of Celebrities
6989a4e910805f5685d6ea43,Questions And Answers
6989a4e910805f5685d6ea44,Fiction
6989a4e910805f5685d6ea45,Capital Punishment
6989a4e910805f5685d6ea45,Aging
6989a4e910805f5685d6ea46,Betrayal
6989a4e910805f5685d6ea46,Selling
6989a4e910805f5685d6ea47,Body
6989a4e910805f5685d6ea47,Mind
6989a4e910805f5685d6ea48,Fiction
6989a4e910805f5685d6ea48,Juvenile Fiction
6989a4e910805f5685d6ea48,General
6989a4e910805f5685d6ea49,Fiction
6989a4e910805f5685d6ea4a,Fiction
6989a4e910805f5685d6ea4b,Fiction
6989a4e910805f5685d6ea4b,Literary Criticism
6989a4e910805f5685d6ea4c,Horror Tales
6989a4e910805f5685d6ea4d,Child Psychology
6989a4e910805f5685d6ea4d,English Wit And Humor
6989a4e910805f5685d6ea4e,General
6989a4e910805f5685d6ea4e,Fiction
6989a4e910805f5685d6ea4f,Religion
6989a4e910805f5685d6ea50,Bonsai
6989a4e910805f5685d6ea50,Artists
6989a4e910805f5685d6ea51,Fiction
6989a4e910805f5685d6ea51,General
6989a4e910805f5685d6ea51,Art
6989a4e910805f5685d6ea52,General
6989a4e910805f5685d6ea53,Belgrade (serbia)
6989a4e910805f5685d6ea53,Bibles
6989a4e910805f5685d6ea54,General
6989a4e910805f5685d6ea55,Animals In Art
6989a4e910805f5685d6ea55,Normandy (france)
6989a4e910805f5685d6ea56,Horror Films
6989a4e910805f5685d6ea56,Fantasy Literature
6989a4e910805f5685d6ea57,Juvenile Fiction
6989a4e910805f5685d6ea58,Biography
6989a4e910805f5685d6ea58,General
6989a4e910805f5685d6ea58,Fiction
6989a4e910805f5685d6ea59,Music
6989a4e910805f5685d6ea5a,Religion
6989a4e910805f5685d6ea5b,General
6989a4e910805f5685d6ea5c,Upper Class
6989a4e910805f5685d6ea5c,Commercial Crimes
6989a4e910805f5685d6ea5d,Biography
6989a4e910805f5685d6ea5d,Fiction
6989a4e910805f5685d6ea5d,General
6989a4e910805f5685d6ea5e,Investments
6989a4e910805f5685d6ea5e,Humorous Stories
6989a4e910805f5685d6ea5f,Bedtime
6989a4e910805f5685d6ea5f,Spider-man (fictitious Character)
6989a4e910805f5685d6ea60,Fiction
6989a4e910805f5685d6ea61,Fiction
6989a4e910805f5685d6ea61,General
6989a4e910805f5685d6ea61,Religion
6989a4e910805f5685d6ea62,Self-help
6989a4e910805f5685d6ea62,Political Science
6989a4e910805f5685d6ea62,General
6989a4e910805f5685d6ea63,General
6989a4e910805f5685d6ea64,Technology
6989a4e910805f5685d6ea64,Gays
6989a4e910805f5685d6ea65,General
6989a4e910805f5685d6ea66,Religion
6989a4e910805f5685d6ea66,General
6989a4e910805f5685d6ea66,Language Arts
6989a4e910805f5685d6ea67,Juvenile Fiction
6989a4e910805f5685d6ea67,Adventure And Adventurers
6989a4e910805f5685d6ea68,Fiction
6989a4e910805f5685d6ea69,Aging
6989a4e910805f5685d6ea69,German Language
6989a4e910805f5685d6ea6a,Fiction
6989a4e910805f5685d6ea6a,General
6989a4e910805f5685d6ea6a,Drama
6989a4e910805f5685d6ea6b,Carter
6989a4e910805f5685d6ea6b,Midsummer (festival)
6989a4e910805f5685d6ea6c,Family
6989a4e910805f5685d6ea6d,Asia
6989a4e910805f5685d6ea6d,Journalism
6989a4e910805f5685d6ea6e,Violin
6989a4e910805f5685d6ea6e,Soldiers
6989a4e910805f5685d6ea6f,Penal Colonies
6989a4e910805f5685d6ea6f,Black Mountain (n.c.)
6989a4e910805f5685d6ea70,Detective And Mystery Stories
6989a4e910805f5685d6ea71,Diazepam
6989a4e910805f5685d6ea72,Spanish Drama (comedy)
6989a4e910805f5685d6ea72,Statistics
6989a4e910805f5685d6ea73,General
6989a4e910805f5685d6ea73,History
6989a4e910805f5685d6ea73,Business
6989a4e910805f5685d6ea74,Artistic
6989a4e910805f5685d6ea74,Music
6989a4e910805f5685d6ea75,Religion
6989a4e910805f5685d6ea76,England
6989a4e910805f5685d6ea76,Oregon
6989a4e910805f5685d6ea77,Computers
6989a4e910805f5685d6ea78,Fiction
6989a4e910805f5685d6ea78,General
6989a4e910805f5685d6ea78,Mexican War
6989a4e910805f5685d6ea79,Dysfunctional Families
6989a4e910805f5685d6ea79,Dream Interpretation
6989a4e910805f5685d6ea7a,Health
6989a4e910805f5685d6ea7b,Education
6989a4e910805f5685d6ea7b,Fiction
6989a4e910805f5685d6ea7c,Psychology
6989a4e910805f5685d6ea7d,Science
6989a4e910805f5685d6ea7e,Fiction
6989a4e910805f5685d6ea7f,Agricultural Credit
6989a4e910805f5685d6ea7f,Cloning
6989a4e910805f5685d6ea80,General
6989a4e910805f5685d6ea81,Fiction
6989a4e910805f5685d6ea82,Eskimos
6989a4e910805f5685d6ea82,Devotional Calendars.
6989a4e910805f5685d6ea83,General
6989a4e910805f5685d6ea83,Fiction
6989a4e910805f5685d6ea83,Arctic Regions
6989a4e910805f5685d6ea84,Fiction
6989a4e910805f5685d6ea85,Celtic
6989a4e910805f5685d6ea85,Intelligence Service
6989a4e910805f5685d6ea86,Fiction
6989a4e910805f5685d6ea87,Income Distribution
6989a4e910805f5685d6ea87,Light
6989a4e910805f5685d6ea88,Sports
6989a4e910805f5685d6ea88,New Mexico
6989a4e910805f5685d6ea89,Fiction
6989a4e910805f5685d6ea89,General
6989a4e910805f5685d6ea8a,Midsummer (festival)
6989a4e910805f5685d6ea8a,Anglican Converts
6989a4e910805f5685d6ea8b,Fiction
6989a4e910805f5685d6ea8b,Education
6989a4e910805f5685d6ea8c,Fiction
6989a4e910805f5685d6ea8d,Lizards
6989a4e910805f5685d6ea8d,Indic Fiction (english)
6989a4e910805f5685d6ea8e,Study Aids
6989a4e910805f5685d6ea8e,Generative Organs
6989a4e910805f5685d6ea8f,Canvas Embroidery
6989a4e910805f5685d6ea8f,Holocaust
6989a4e910805f5685d6ea90,Netherlands
6989a4e910805f5685d6ea90,Atomic Bomb
6989a4e910805f5685d6ea91,Violin
6989a4e910805f5685d6ea91,Merchant Marine
6989a4e910805f5685d6ea92,Fiction
6989a4e910805f5685d6ea92,General
6989a4e910805f5685d6ea93,Forest Ecology
6989a4e910805f5685d6ea93,Gay Men
6989a4e910805f5685d6ea94,Fiction
6989a4e910805f5685d6ea94,General
6989a4e910805f5685d6ea95,Bible And Evolution
6989a4e910805f5685d6ea96,Fiction
6989a4e910805f5685d6ea96,Austria
6989a4e910805f5685d6ea96,History
6989a4e910805f5685d6ea97,Camping
6989a4e910805f5685d6ea97,Expatriation
6989a4e910805f5685d6ea98,Fiction
6989a4e910805f5685d6ea98,General
6989a4e910805f5685d6ea98,College Sports
6989a4e910805f5685d6ea99,Creative Ability
6989a4e910805f5685d6ea99,Honor
6989a4e910805f5685d6ea9a,Self-help
6989a4e910805f5685d6ea9b,Religious Fiction
6989a4e910805f5685d6ea9b,Ethnology
6989a4e910805f5685d6ea9c,Self-realization In Women
6989a4e910805f5685d6ea9c,Austrian
6989a4e910805f5685d6ea9d,Fiction
6989a4e910805f5685d6ea9e,Science
6989a4e910805f5685d6ea9e,Photography
6989a4e910805f5685d6ea9e,General
6989a4e910805f5685d6ea9f,Fiction
6989a4e910805f5685d6ea9f,General
6989a4e910805f5685d6ea9f,Juvenile Fiction
6989a4e910805f5685d6eaa0,Seasons
6989a4e910805f5685d6eaa0,Fuentes De Oñoro
6989a4e910805f5685d6eaa1,History
6989a4e910805f5685d6eaa1,Fiction
6989a4e910805f5685d6eaa1,Biography
6989a4e910805f5685d6eaa2,Caldecott Medal
6989a4e910805f5685d6eaa2,Black Holes (astronomy)
6989a4e910805f5685d6eaa3,Baseball
6989a4e910805f5685d6eaa3,Iraq War
6989a4e910805f5685d6eaa4,Vietnam War
6989a4e910805f5685d6eaa4,Women Astronauts
6989a4e910805f5685d6eaa5,Science
6989a4e910805f5685d6eaa6,Archaeology
6989a4e910805f5685d6eaa6,Southern States
6989a4e910805f5685d6eaa7,Mexican American Tales
6989a4e910805f5685d6eaa7,Arapaho Indians
6989a4e910805f5685d6eaa8,Voyages Around The World
6989a4e910805f5685d6eaa8,Criminal Defense Lawyers
6989a4e910805f5685d6eaa9,History
6989a4e910805f5685d6eaa9,Women Comedians
6989a4e910805f5685d6eaaa,Dinosaurs
6989a4e910805f5685d6eaaa,Cheyenne Indians
6989a4e910805f5685d6eaab,Horticulture
6989a4e910805f5685d6eaab,Kate (fictitious Character)
6989a4e910805f5685d6eaac,Wizards-juvenile Fiction
6989a4e910805f5685d6eaac,Autism
6989a4e910805f5685d6eaac,Fantasy
6989a4e910805f5685d6eaad,General
6989a4e910805f5685d6eaae,Educational Exchanges
6989a4e910805f5685d6eaae,Wyatt
6989a4e910805f5685d6eaaf,Fiction
6989a4e910805f5685d6eaaf,Body
6989a4e910805f5685d6eaaf,Mind
6989a4e910805f5685d6eab0,Bullying
6989a4e910805f5685d6eab0,Predation (biology)
6989a4e910805f5685d6eab1,Horses
6989a4e910805f5685d6eab1,Owls
6989a4e910805f5685d6eab2,African American Women
6989a4e910805f5685d6eab2,Life On Other Planets
6989a4e910805f5685d6eab3,Religion
6989a4e910805f5685d6eab4,Audiobooks
6989a4e910805f5685d6eab5,Fiction
6989a4e910805f5685d6eab6,Comics
6989a4e910805f5685d6eab7,Railroads
6989a4e910805f5685d6eab7,1800-1815
6989a4e910805f5685d6eab8,Autism
6989a4e910805f5685d6eab8,French Drama
6989a4e910805f5685d6eab9,Horror Films
6989a4e910805f5685d6eab9,National
6989a4e910805f5685d6eaba,Babies
6989a4e910805f5685d6eaba,Castles
6989a4e910805f5685d6eabb,Businesspeople
6989a4e910805f5685d6eabb,Historical Romance
6989a4e910805f5685d6eabc,History
6989a4e910805f5685d6eabc,Fiction
6989a4e910805f5685d6eabc,Africa
6989a4e910805f5685d6eabd,Dragons
6989a4e910805f5685d6eabd,Biography
6989a4e910805f5685d6eabe,Fiction
6989a4e910805f5685d6eabf,Fiction
6989a4e910805f5685d6eac0,Dragons
6989a4e910805f5685d6eac1,Adultery
6989a4e910805f5685d6eac2,Alaska
6989a4e910805f5685d6eac2,Military Art And Science
6989a4e910805f5685d6eac3,Roderick (fictitious Character)
6989a4e910805f5685d6eac3,Modern
6989a4e910805f5685d6eac4,Cerebral Dominance
6989a4e910805f5685d6eac4,Sales Personnel
6989a4e910805f5685d6eac5,Fiction
6989a4e910805f5685d6eac5,Juvenile Fiction
6989a4e910805f5685d6eac5,Biography
6989a4e910805f5685d6eac6,Motion Picture Industry
6989a4e910805f5685d6eac6,Female Orgasm
6989a4e910805f5685d6eac7,Chance
6989a4e910805f5685d6eac7,Captain Underpants (fictitious Character)
6989a4e910805f5685d6eac8,Alexandria (egypt)
6989a4e910805f5685d6eac8,Sex Instruction For Men
6989a4e910805f5685d6eac9,Fiction
6989a4e910805f5685d6eac9,Juvenile Fiction
6989a4e910805f5685d6eaca,Business
6989a4e910805f5685d6eaca,Biography
6989a4e910805f5685d6eaca,Fiction
6989a4e910805f5685d6eacb,General
6989a4e910805f5685d6eacc,Military Funerals
6989a4e910805f5685d6eacc,Christmas Stories
6989a4e910805f5685d6eacd,Motels
6989a4e910805f5685d6eacd,United States
6989a4e910805f5685d6eace,Central
6989a4e910805f5685d6eace,Cookies
6989a4e910805f5685d6eacf,Juvenile Nonfiction
6989a4e910805f5685d6ead0,Dramatists
6989a4e910805f5685d6ead0,Motherhood
6989a4e910805f5685d6ead1,Religion
6989a4e910805f5685d6ead1,Fiction
6989a4e910805f5685d6ead1,Reference
6989a4e910805f5685d6ead2,Children's Poetry
6989a4e910805f5685d6ead2,Castles
6989a4e910805f5685d6ead3,Bronté́
6989a4e910805f5685d6ead3,Female
6989a4e910805f5685d6ead4,Fiction
6989a4e910805f5685d6ead5,Lesbians
6989a4e910805f5685d6ead5,Cosmogony
6989a4e910805f5685d6ead6,Vendetta
6989a4e910805f5685d6ead6,Wyatt
6989a4e910805f5685d6ead7,Devotional Literature
6989a4e910805f5685d6ead7,Language Arts
6989a4e910805f5685d6ead8,General
6989a4e910805f5685d6ead8,Fiction
6989a4e910805f5685d6ead8,History
6989a4e910805f5685d6ead9,Fiction
6989a4e910805f5685d6eada,Colors
6989a4e910805f5685d6eada,Fantastic Fiction.
6989a4e910805f5685d6eadb,Fiction
6989a4e910805f5685d6eadb,American Dream
6989a4e910805f5685d6eadb,Juvenile Fiction
6989a4e910805f5685d6eadc,Architects
6989a4e910805f5685d6eadc,Japanese Fiction
6989a4e910805f5685d6eadd,Quilts
6989a4e910805f5685d6eadd,Wizards-juvenile Fiction
6989a4e910805f5685d6eade,True Crime
6989a4e910805f5685d6eadf,Fiction
6989a4e910805f5685d6eae0,Fiction
6989a4e910805f5685d6eae0,General
6989a4e910805f5685d6eae1,Fiction
6989a4e910805f5685d6eae2,Abandoned Children
6989a4e910805f5685d6eae2,Young Adult Fiction
6989a4e910805f5685d6eae3,Casinos
6989a4e910805f5685d6eae3,Bed And Breakfast Accommodations
6989a4e910805f5685d6eae4,Portrait Photography
6989a4e910805f5685d6eae4,Girls' Clothing
6989a4e910805f5685d6eae5,Study Aids
6989a4e910805f5685d6eae6,Fiction
6989a4e910805f5685d6eae7,Soft Drink Industry
6989a4e910805f5685d6eae7,Adventure And Adventurers
6989a4e910805f5685d6eae8,General
6989a4e910805f5685d6eae9,Fiction
6989a4e910805f5685d6eae9,General
6989a4e910805f5685d6eae9,Social Science
6989a4e910805f5685d6eaea,Highway Planning
6989a4e910805f5685d6eaea,Seasons
6989a4e910805f5685d6eaeb,Drama
6989a4e910805f5685d6eaec,American Fiction
6989a4e910805f5685d6eaec,Fiction
6989a4e910805f5685d6eaed,Iwo Jima
6989a4e910805f5685d6eaed,Experimental Fiction
6989a4e910805f5685d6eaee,Young Adult Fiction
6989a4e910805f5685d6eaef,Fiction
6989a4e910805f5685d6eaef,General
6989a4e910805f5685d6eaf0,General
6989a4e910805f5685d6eaf1,Cancer
6989a4e910805f5685d6eaf1,Celebrities
6989a4e910805f5685d6eaf2,Celts
6989a4e910805f5685d6eaf2,2003-
6989a4e910805f5685d6eaf3,Manuscripts
6989a4e910805f5685d6eaf3,Halloween
6989a4e910805f5685d6eaf4,Gays
6989a4e910805f5685d6eaf4,Aquarium Fishes
6989a4e910805f5685d6eaf5,Lizards
6989a4e910805f5685d6eaf5,Boats And Boating
6989a4e910805f5685d6eaf6,Talking Books
6989a4e910805f5685d6eaf6,Planets
6989a4e910805f5685d6eaf7,Self-help
6989a4e910805f5685d6eaf8,Fiction
6989a4e910805f5685d6eaf8,Juvenile Fiction
6989a4e910805f5685d6eaf9,Bellehaven (wash. : Imaginary Place)
6989a4e910805f5685d6eaf9,Experimental Fiction
6989a4e910805f5685d6eafa,Body
6989a4e910805f5685d6eafa,Mind
6989a4e910805f5685d6eafb,Science Fiction Comic Books
6989a4e910805f5685d6eafb,Archaeology
6989a4e910805f5685d6eafc,Fiction
6989a4e910805f5685d6eafc,Philosophy
6989a4e910805f5685d6eafc,Art
6989a4e910805f5685d6eafd,Time Management
6989a4e910805f5685d6eafd,Military Art And Science
6989a4e910805f5685d6eafe,Archaeology
6989a4e910805f5685d6eafe,Mass.)
6989a4e910805f5685d6eaff,Fiction
6989a4e910805f5685d6eb00,Gardening
6989a4e910805f5685d6eb00,Bomber Pilots
6989a4e910805f5685d6eb01,Fiction
6989a4e910805f5685d6eb02,Nature
6989a4e910805f5685d6eb03,Chance
6989a4e910805f5685d6eb03,Sex Instruction For Women
6989a4e910805f5685d6eb04,Europe
6989a4e910805f5685d6eb04,Sir (fictitious Character)
6989a4e910805f5685d6eb05,General
6989a4e910805f5685d6eb06,Fiction
6989a4e910805f5685d6eb06,General
6989a4e910805f5685d6eb06,Humor
6989a4e910805f5685d6eb07,Fiction
6989a4e910805f5685d6eb08,Bosch
6989a4e910805f5685d6eb08,Honesty
6989a4e910805f5685d6eb09,Marine Pollution
6989a4e910805f5685d6eb09,Last Words
6989a4e910805f5685d6eb0a,Music
6989a4e910805f5685d6eb0b,Fiction
6989a4e910805f5685d6eb0b,General
6989a4e910805f5685d6eb0b,Families
6989a4e910805f5685d6eb0c,Mental
6989a4e910805f5685d6eb0c,Amish
6989a4e910805f5685d6eb0d,Fiction
6989a4e910805f5685d6eb0d,Travel
6989a4e910805f5685d6eb0e,Death
6989a4e910805f5685d6eb0e,Apparent
6989a4e910805f5685d6eb0e,General
6989a4e910805f5685d6eb0f,1818-1848
6989a4e910805f5685d6eb0f,Public Health
6989a4e910805f5685d6eb10,Children's Stories
6989a4e910805f5685d6eb10,General
6989a4e910805f5685d6eb10,Fiction
6989a4e910805f5685d6eb11,Fiction
6989a4e910805f5685d6eb11,Juvenile Fiction
6989a4e910805f5685d6eb11,General
6989a4e910805f5685d6eb12,General
6989a4e910805f5685d6eb12,Fiction
6989a4e910805f5685d6eb13,Authors And Publishers
6989a4e910805f5685d6eb13,Ancient
6989a4e910805f5685d6eb14,Fiction
6989a4e910805f5685d6eb14,General
6989a4e910805f5685d6eb14,Performing Arts
6989a4e910805f5685d6eb15,Intelligence Officers
6989a4e910805f5685d6eb15,Body Language
6989a4e910805f5685d6eb16,Business Ethics
6989a4e910805f5685d6eb16,American Poetry
6989a4e910805f5685d6eb17,Self-help
6989a4e910805f5685d6eb18,Fiction
6989a4e910805f5685d6eb18,Juvenile Fiction
6989a4e910805f5685d6eb18,General
6989a4e910805f5685d6eb19,Humor
6989a4e910805f5685d6eb1a,Edinburgh (scotland)
6989a4e910805f5685d6eb1a,Children Of Migrant Laborers
6989a4e910805f5685d6eb1b,History
6989a4e910805f5685d6eb1c,Fiction
6989a4e910805f5685d6eb1d,Housing
6989a4e910805f5685d6eb1d,Investments
6989a4e910805f5685d6eb1e,Babies
6989a4e910805f5685d6eb1e,Gothic Novels
6989a4e910805f5685d6eb1f,Grammar
6989a4e910805f5685d6eb1f,Bosch
6989a4e910805f5685d6eb20,Body
6989a4e910805f5685d6eb20,Mind
6989a4e910805f5685d6eb21,Humanity
6989a4e910805f5685d6eb21,Indians
6989a4e910805f5685d6eb22,Shugak
6989a4e910805f5685d6eb22,Mission Of The Church
6989a4e910805f5685d6eb23,Dragons
6989a4e910805f5685d6eb24,Fiction
6989a4e910805f5685d6eb25,Fiction
6989a4e910805f5685d6eb26,Fiction
6989a4e910805f5685d6eb27,Juvenile Nonfiction
6989a4e910805f5685d6eb27,Self-help
6989a4e910805f5685d6eb28,Fiction
6989a4e910805f5685d6eb29,English Language - Words
6989a4e910805f5685d6eb29,Numerology
6989a4e910805f5685d6eb2a,History
6989a4e910805f5685d6eb2b,Fiction
6989a4e910805f5685d6eb2c,Corrections
6989a4e910805f5685d6eb2c,Government
6989a4e910805f5685d6eb2d,Biography
6989a4e910805f5685d6eb2e,General
6989a4e910805f5685d6eb2f,Bridegrooms
6989a4e910805f5685d6eb2f,Bellehaven (wash. : Imaginary Place)
6989a4e910805f5685d6eb30,Fiction
6989a4e910805f5685d6eb30,General
6989a4e910805f5685d6eb30,Religion
6989a4e910805f5685d6eb31,Key West (fla.)
6989a4e910805f5685d6eb31,Kate (fictitious Character)
6989a4e910805f5685d6eb32,Fiction
6989a4e910805f5685d6eb33,Juvenile Fiction
6989a4e910805f5685d6eb34,General
6989a4e910805f5685d6eb35,Communication In Families
6989a4e910805f5685d6eb36,Journalists
6989a4e910805f5685d6eb36,Croatia
6989a4e910805f5685d6eb37,Fiction
6989a4e910805f5685d6eb38,Edinburgh (scotland)
6989a4e910805f5685d6eb38,Fathers And Daughters
6989a4e910805f5685d6eb39,Decoration And Ornament
6989a4e910805f5685d6eb39,New Mexico
6989a4e910805f5685d6eb3a,General
6989a4e910805f5685d6eb3a,Ghost Stories
6989a4e910805f5685d6eb3a,American
6989a4e910805f5685d6eb3b,Statistics.
6989a4e910805f5685d6eb3c,Body
6989a4e910805f5685d6eb3c,Mind
6989a4e910805f5685d6eb3c,Fiction
6989a4e910805f5685d6eb3d,Seasons
6989a4e910805f5685d6eb3d,Arizona
6989a4e910805f5685d6eb3e,Body
6989a4e910805f5685d6eb3e,Mind
6989a4e910805f5685d6eb3f,Humor
6989a4e910805f5685d6eb40,Masturbation
6989a4e910805f5685d6eb40,Ice Skaters.
6989a4e910805f5685d6eb41,Spanish Language
6989a4e910805f5685d6eb41,Yugoslav War
6989a4e910805f5685d6eb42,Business
6989a4e910805f5685d6eb43,General
6989a4e910805f5685d6eb44,Humanitarianism
6989a4e910805f5685d6eb44,Hebrew
6989a4e910805f5685d6eb45,Espaliers
6989a4e910805f5685d6eb45,Ethnology
6989a4e910805f5685d6eb46,Prayer
6989a4e910805f5685d6eb46,Mythology
6989a4e910805f5685d6eb47,True Crime
6989a4e910805f5685d6eb48,Australia
6989a4e910805f5685d6eb49,Libraries
6989a4e910805f5685d6eb49,Angels
6989a4e910805f5685d6eb4a,Wyatt
6989a4e910805f5685d6eb4a,Atonement
6989a4e910805f5685d6eb4b,Calif.)
6989a4e910805f5685d6eb4b,Businesspeople
6989a4e910805f5685d6eb4c,Landscape
6989a4e910805f5685d6eb4c,Cooking
6989a4e910805f5685d6eb4d,Dave (fictitious Character)
6989a4e910805f5685d6eb4d,Congresses And Conventions
6989a4e910805f5685d6eb4e,Biography
6989a4e910805f5685d6eb4f,True Crime
6989a4e910805f5685d6eb50,Juvenile Fiction
6989a4e910805f5685d6eb50,Fiction
6989a4e910805f5685d6eb51,1846-1848
6989a4e910805f5685d6eb51,Gays
6989a4e910805f5685d6eb52,Women Astronauts
6989a4e910805f5685d6eb52,Industrial Management
6989a4e910805f5685d6eb53,Electronic Books
6989a4e910805f5685d6eb53,Political Science
6989a4e910805f5685d6eb54,Juvenile Fiction
6989a4e910805f5685d6eb54,Social Science
6989a4e910805f5685d6eb54,Young Adult Fiction
6989a4e910805f5685d6eb55,Gynecology
6989a4e910805f5685d6eb55,Russia
6989a4e910805f5685d6eb56,Fiction
6989a4e910805f5685d6eb56,History
6989a4e910805f5685d6eb56,Children's Stories
6989a4e910805f5685d6eb57,Pets
6989a4e910805f5685d6eb57,Sex Instruction For Men
6989a4e910805f5685d6eb58,Juvenile Fiction
6989a4e910805f5685d6eb59,Christian Biography
6989a4e910805f5685d6eb59,John Thomas (fictitious Character)
6989a4e910805f5685d6eb5a,Fiction
6989a4e910805f5685d6eb5b,Fiction
6989a4e910805f5685d6eb5c,English Fiction
6989a4e910805f5685d6eb5c,Agnes (fictitious Character)
6989a4e910805f5685d6eb5d,Deverry (imaginary Place)
6989a4e910805f5685d6eb5d,Necklaces
6989a4e910805f5685d6eb5e,General
6989a4e910805f5685d6eb5e,Biography
6989a4e910805f5685d6eb5e,Juvenile Fiction
6989a4e910805f5685d6eb5f,France
6989a4e910805f5685d6eb5f,Artistic
6989a4e910805f5685d6eb60,Austrian
6989a4e910805f5685d6eb60,Actresses
6989a4e910805f5685d6eb61,Fiction
6989a4e910805f5685d6eb62,Soft Drink Industry
6989a4e910805f5685d6eb62,Beauty
6989a4e910805f5685d6eb63,Illegitimate Children
6989a4e910805f5685d6eb63,Deverry (imaginary Place)
6989a4e910805f5685d6eb64,Contests
6989a4e910805f5685d6eb64,Man-woman Relationships
6989a4e910805f5685d6eb65,General
6989a4e910805f5685d6eb66,Change (psychology)
6989a4e910805f5685d6eb66,Christian Fiction
6989a4e910805f5685d6eb67,Fiction
6989a4e910805f5685d6eb68,Fiction
6989a4e910805f5685d6eb69,Fiction
6989a4e910805f5685d6eb69,General
6989a4e910805f5685d6eb69,Cooking
6989a4e910805f5685d6eb6a,Men
6989a4e910805f5685d6eb6a,Sports
6989a4e910805f5685d6eb6b,Spy Stories
6989a4e910805f5685d6eb6b,Etc
6989a4e910805f5685d6eb6c,Consumer Education
6989a4e910805f5685d6eb6c,Fiction In English
6989a4e910805f5685d6eb6d,Biography
6989a4e910805f5685d6eb6e,Public Health
6989a4e910805f5685d6eb6e,Assertiveness (psychology)
6989a4e910805f5685d6eb6f,General
6989a4e910805f5685d6eb6f,History
6989a4e910805f5685d6eb6f,Bronté́
6989a4e910805f5685d6eb70,Human Anatomy
6989a4e910805f5685d6eb70,Juvenile Nonfiction
6989a4e910805f5685d6eb71,Fiction
6989a4e910805f5685d6eb71,England
6989a4e910805f5685d6eb71,Atonement
6989a4e910805f5685d6eb72,Fiction
6989a4e910805f5685d6eb72,General
6989a4e910805f5685d6eb72,Juvenile Fiction
6989a4e910805f5685d6eb73,College Sports
6989a4e910805f5685d6eb73,Securities Industry
6989a4e910805f5685d6eb74,Fiction
6989a4e910805f5685d6eb75,Fiction
6989a4e910805f5685d6eb76,Juvenile Fiction
6989a4e910805f5685d6eb76,General
6989a4e910805f5685d6eb76,Bullying
6989a4e910805f5685d6eb77,Business
6989a4e910805f5685d6eb78,Grease (motion Picture)
6989a4e910805f5685d6eb78,Rational Emotive Behavior Therapy
6989a4e910805f5685d6eb79,English (old)
6989a4e910805f5685d6eb79,Amerikaanse Fiksie
6989a4e910805f5685d6eb7a,General
6989a4e910805f5685d6eb7a,Fiction
6989a4e910805f5685d6eb7a,American Fiction
6989a4e910805f5685d6eb7b,Cuba
6989a4e910805f5685d6eb7b,Caulfield
6989a4e910805f5685d6eb7c,Fiction
6989a4e910805f5685d6eb7d,Juvenile Fiction
6989a4e910805f5685d6eb7d,Fiction
6989a4e910805f5685d6eb7e,Robots
6989a4e910805f5685d6eb7e,Classified
6989a4e910805f5685d6eb7f,Fiction
6989a4e910805f5685d6eb80,Fiction
6989a4e910805f5685d6eb80,General
6989a4e910805f5685d6eb80,Biography
6989a4e910805f5685d6eb81,Fiction
6989a4e910805f5685d6eb81,Games
6989a4e910805f5685d6eb81,General
6989a4e910805f5685d6eb82,Psychology
6989a4e910805f5685d6eb82,Inspiration
6989a4e910805f5685d6eb83,Europe
6989a4e910805f5685d6eb83,Deaf Gay Men
6989a4e910805f5685d6eb84,General
6989a4e910805f5685d6eb84,Fiction
6989a4e910805f5685d6eb84,Health
6989a4e910805f5685d6eb85,Agriculture
6989a4e910805f5685d6eb85,Yugoslav War
6989a4e910805f5685d6eb86,Fiction
6989a4e910805f5685d6eb86,General
6989a4e910805f5685d6eb87,Fiction
6989a4e910805f5685d6eb87,General
6989a4e910805f5685d6eb88,Drivers' Licenses
6989a4e910805f5685d6eb88,Women Authors
6989a4e910805f5685d6eb89,Literary Collections
6989a4e910805f5685d6eb89,Imperialism
6989a4e910805f5685d6eb8a,French Fiction
6989a4e910805f5685d6eb8a,Bed And Breakfast Accommodations
6989a4e910805f5685d6eb8b,Biography
6989a4e910805f5685d6eb8c,General
6989a4e910805f5685d6eb8c,Comics
6989a4e910805f5685d6eb8c,Fiction
6989a4e910805f5685d6eb8d,American Sign Language
6989a4e910805f5685d6eb8d,Art Thefts
6989a4e910805f5685d6eb8e,Conflict Management
6989a4e910805f5685d6eb8e,Men
6989a4e910805f5685d6eb8f,Missionary Stories
6989a4e910805f5685d6eb8f,Corbett
6989a4e910805f5685d6eb90,Fiction
6989a4e910805f5685d6eb90,History
6989a4e910805f5685d6eb90,General
6989a4e910805f5685d6eb91,General
6989a4e910805f5685d6eb91,Intercountry Adoption
6989a4e910805f5685d6eb92,Self-help
6989a4e910805f5685d6eb93,Social Science
6989a4e910805f5685d6eb93,General
6989a4e910805f5685d6eb93,Philosophy
6989a4e910805f5685d6eb94,Corbett
6989a4e910805f5685d6eb94,Compost
6989a4e910805f5685d6eb95,Fiction
6989a4e910805f5685d6eb95,Juvenile Nonfiction
6989a4e910805f5685d6eb95,History
6989a4e910805f5685d6eb96,Devil
6989a4e910805f5685d6eb96,Australian
6989a4e910805f5685d6eb97,Fiction
6989a4e910805f5685d6eb97,General
6989a4e910805f5685d6eb97,Young Adult Fiction
6989a4e910805f5685d6eb98,Communism
6989a4e910805f5685d6eb98,Psychosomatic
6989a4e910805f5685d6eb99,Bible And Evolution
6989a4e910805f5685d6eb99,Fourth Dimension
6989a4e910805f5685d6eb9a,Fiction
6989a4e910805f5685d6eb9a,Study Aids
6989a4e910805f5685d6eb9a,General
6989a4e910805f5685d6eb9b,Fiction
6989a4e910805f5685d6eb9b,General
6989a4e910805f5685d6eb9b,History
6989a4e910805f5685d6eb9c,Fiction
6989a4e910805f5685d6eb9c,General
6989a4e910805f5685d6eb9c,History
6989a4e910805f5685d6eb9d,Fiction
6989a4e910805f5685d6eb9d,True Crime
6989a4e910805f5685d6eb9d,Reference
6989a4e910805f5685d6eb9e,Books
6989a4e910805f5685d6eb9f,Leisure Class
6989a4e910805f5685d6eb9f,America
6989a4e910805f5685d6eba0,Families In Art
6989a4e910805f5685d6eba0,Beef
6989a4e910805f5685d6eba1,Hypnotism
6989a4e910805f5685d6eba1,Crafts
6989a4e910805f5685d6eba2,Hate Groups
6989a4e910805f5685d6eba2,Communism
6989a4e910805f5685d6eba3,Fiction
6989a4e910805f5685d6eba3,Juvenile Fiction
6989a4e910805f5685d6eba4,Biography
6989a4e910805f5685d6eba5,Fiction
6989a4e910805f5685d6eba6,Arctic Regions
6989a4e910805f5685d6eba6,Fire-departments
6989a4e910805f5685d6eba7,Fiction
6989a4e910805f5685d6eba8,Juvenile Nonfiction
6989a4e910805f5685d6eba8,Fiction
6989a4e910805f5685d6eba9,War Stories
6989a4e910805f5685d6eba9,Digests
6989a4e910805f5685d6ebaa,Fiction
6989a4e910805f5685d6ebab,Fiction
6989a4e910805f5685d6ebac,Diffusion Of Innovations
6989a4e910805f5685d6ebac,Copenhagen (denmark)
6989a4e910805f5685d6ebad,Fiction
6989a4e910805f5685d6ebad,General
6989a4e910805f5685d6ebad,Religion
6989a4e910805f5685d6ebae,Folklore
6989a4e910805f5685d6ebae,Board Books
6989a4e910805f5685d6ebaf,Blind Musicians
6989a4e910805f5685d6ebaf,Fiction
6989a4e910805f5685d6ebb0,Dragons
6989a4e910805f5685d6ebb0,Juvenile Nonfiction
6989a4e910805f5685d6ebb1,American Wit And Humor
6989a4e910805f5685d6ebb1,Cats
6989a4e910805f5685d6ebb2,History
6989a4e910805f5685d6ebb3,Business
6989a4e910805f5685d6ebb4,Corbett
6989a4e910805f5685d6ebb4,Graphic Novels
6989a4e910805f5685d6ebb5,Community Policing
6989a4e910805f5685d6ebb5,Aged Men
6989a4e910805f5685d6ebb6,Arapaho Indians
6989a4e910805f5685d6ebb6,Apache Indians
6989a4e910805f5685d6ebb7,Foreign Language Study
6989a4e910805f5685d6ebb8,Basketball For Women
6989a4e910805f5685d6ebb8,Russia
6989a4e910805f5685d6ebb9,Fiction
6989a4e910805f5685d6ebb9,England
6989a4e910805f5685d6ebba,Cape Cod (mass.)
6989a4e910805f5685d6ebba,Surrealism
6989a4e910805f5685d6ebbb,Fiction
6989a4e910805f5685d6ebbc,Fishes
6989a4e910805f5685d6ebbc,Interpersonal Conflict
6989a4e910805f5685d6ebbd,Juvenile Fiction
6989a4e910805f5685d6ebbd,General
6989a4e910805f5685d6ebbe,Fiction
6989a4e910805f5685d6ebbe,General
6989a4e910805f5685d6ebbe,Juvenile Fiction
6989a4e910805f5685d6ebbf,French Literature
6989a4e910805f5685d6ebbf,Masturbation
6989a4e910805f5685d6ebc0,Fiction
6989a4e910805f5685d6ebc0,General
6989a4e910805f5685d6ebc0,Music
6989a4e910805f5685d6ebc1,Devotional Literature
6989a4e910805f5685d6ebc1,Arab Americans
6989a4e910805f5685d6ebc2,Science Fiction
6989a4e910805f5685d6ebc3,Diplomatic And Consular Service
6989a4e910805f5685d6ebc3,Irish
6989a4e910805f5685d6ebc4,Juvenile Fiction
6989a4e910805f5685d6ebc4,Young Adult Fiction
6989a4e910805f5685d6ebc4,Colombia
6989a4e910805f5685d6ebc5,General
6989a4e910805f5685d6ebc5,Poetry
6989a4e910805f5685d6ebc5,Inheritance And Succession
6989a4e910805f5685d6ebc6,Alexandria (egypt)
6989a4e910805f5685d6ebc6,Oregon
6989a4e910805f5685d6ebc7,Novelists
6989a4e910805f5685d6ebc7,Horses
6989a4e910805f5685d6ebc8,History
6989a4e910805f5685d6ebc9,Fiction
6989a4e910805f5685d6ebc9,Reference
6989a4e910805f5685d6ebca,Fiction
6989a4e910805f5685d6ebcb,Antiques
6989a4e910805f5685d6ebcc,Fiction
6989a4e910805f5685d6ebcc,Travel
6989a4e910805f5685d6ebcd,Fiction
6989a4e910805f5685d6ebce,Browne
6989a4e910805f5685d6ebce,Computer Adventure Games
6989a4e910805f5685d6ebcf,General
6989a4e910805f5685d6ebd0,Boats And Boating
6989a4e910805f5685d6ebd0,Cologne (germany)
6989a4e910805f5685d6ebd1,Juvenile Nonfiction
6989a4e910805f5685d6ebd1,Conduct Of Life
6989a4e910805f5685d6ebd2,Hellenism
6989a4e910805f5685d6ebd2,Medieval
6989a4e910805f5685d6ebd3,Household Ecology
6989a4e910805f5685d6ebd3,Italian Fiction
6989a4e910805f5685d6ebd4,Poetry
6989a4e910805f5685d6ebd4,General
6989a4e910805f5685d6ebd5,Fiction
6989a4e910805f5685d6ebd5,General
6989a4e910805f5685d6ebd5,Business
6989a4e910805f5685d6ebd6,History
6989a4e910805f5685d6ebd7,Halloween
6989a4e910805f5685d6ebd7,Government Investigators
6989a4e910805f5685d6ebd8,Coal Miners
6989a4e910805f5685d6ebd8,Computer Science
6989a4e910805f5685d6ebd9,Fiction
6989a4e910805f5685d6ebd9,General
6989a4e910805f5685d6ebda,Indian Art
6989a4e910805f5685d6ebda,Intimacy (psychology)
6989a4e910805f5685d6ebdb,Jewish Fiction
6989a4e910805f5685d6ebdb,Artists
6989a4e910805f5685d6ebdc,Good And Evil
6989a4e910805f5685d6ebdd,Arab Americans
6989a4e910805f5685d6ebdd,Karate
6989a4e910805f5685d6ebde,Interpersonal Communication
6989a4e910805f5685d6ebdf,Jamestown (va.)
6989a4e910805f5685d6ebdf,Conversation Analysis
6989a4e910805f5685d6ebe0,Fiction
6989a4e910805f5685d6ebe1,Amusements
6989a4e910805f5685d6ebe1,American Wit And Humor
6989a4e910805f5685d6ebe2,Biography
6989a4e910805f5685d6ebe2,General
6989a4e910805f5685d6ebe3,General
6989a4e910805f5685d6ebe4,Fiction
6989a4e910805f5685d6ebe5,Religion
6989a4e910805f5685d6ebe6,Bashfulness
6989a4e910805f5685d6ebe6,Content Area Reading
6989a4e910805f5685d6ebe7,Fiction
6989a4e910805f5685d6ebe7,Family
6989a4e910805f5685d6ebe8,Press And Politics
6989a4e910805f5685d6ebe8,Iraq War
6989a4e910805f5685d6ebe9,Total Quality Management
6989a4e910805f5685d6ebe9,Yugoslav War
6989a4e910805f5685d6ebea,General
6989a4e910805f5685d6ebea,Philosophy
6989a4e910805f5685d6ebea,Health
6989a4e910805f5685d6ebeb,Family
6989a4e910805f5685d6ebec,Fiction
6989a4e910805f5685d6ebed,Fiction
6989a4e910805f5685d6ebed,Juvenile Fiction
6989a4e910805f5685d6ebed,General
6989a4e910805f5685d6ebee,Juvenile Fiction
6989a4e910805f5685d6ebef,American Drama
6989a4e910805f5685d6ebef,Blizzards
6989a4e910805f5685d6ebf0,Juvenile Fiction
6989a4e910805f5685d6ebf1,Horn Carving
6989a4e910805f5685d6ebf1,Dakota Indians
6989a4e910805f5685d6ebf2,Economic Confusion
6989a4e910805f5685d6ebf2,Competition (psychology)
6989a4e910805f5685d6ebf3,In The Bleak Midwinter (motion Picture)
6989a4e910805f5685d6ebf3,Comic Books
6989a4e910805f5685d6ebf4,Diazepam
6989a4e910805f5685d6ebf4,Fourth Dimension
6989a4e910805f5685d6ebf5,Games
6989a4e910805f5685d6ebf5,Fansler
6989a4e910805f5685d6ebf6,Fiction
6989a4e910805f5685d6ebf6,General
6989a4e910805f5685d6ebf7,Statistics.
6989a4e910805f5685d6ebf7,International Organization
6989a4e910805f5685d6ebf8,Drama
6989a4e910805f5685d6ebf8,History
6989a4e910805f5685d6ebf8,General
6989a4e910805f5685d6ebf9,Astrology.
6989a4e910805f5685d6ebfa,Body
6989a4e910805f5685d6ebfa,Mind
6989a4e910805f5685d6ebfa,General
6989a4e910805f5685d6ebfb,Fiction
6989a4e910805f5685d6ebfb,Young Adult Fiction
6989a4e910805f5685d6ebfc,Fiction
6989a4e910805f5685d6ebfc,General
6989a4e910805f5685d6ebfc,Young Adult Fiction
6989a4e910805f5685d6ebfd,Current Events
6989a4e910805f5685d6ebfd,Paperbacks
6989a4e910805f5685d6ebfe,General
6989a4e910805f5685d6ebfe,Fiction
6989a4e910805f5685d6ebfe,Juvenile Fiction
6989a4e910805f5685d6ebff,Psychology
6989a4e910805f5685d6ec00,General
6989a4e910805f5685d6ec01,Juvenile Fiction
6989a4e910805f5685d6ec01,General
6989a4e910805f5685d6ec01,Fiction
6989a4e910805f5685d6ec02,Portrait Photography
6989a4e910805f5685d6ec02,Arabs
6989a4e910805f5685d6ec03,Statistics.
6989a4e910805f5685d6ec03,American Literature
6989a4e910805f5685d6ec04,Indonesia
6989a4e910805f5685d6ec04,Emblems
6989a4e910805f5685d6ec05,General
6989a4e910805f5685d6ec06,Juvenile Fiction
6989a4e910805f5685d6ec06,General
6989a4e910805f5685d6ec06,Young Adult Fiction
6989a4e910805f5685d6ec07,Fiction
6989a4e910805f5685d6ec08,Coal Miners
6989a4e910805f5685d6ec08,Dakota Territory
6989a4e910805f5685d6ec09,High School Students
6989a4e910805f5685d6ec09,Sir (fictitious Character)
6989a4e910805f5685d6ec0a,Fiction
6989a4e910805f5685d6ec0b,Fiction
6989a4e910805f5685d6ec0c,Children's Literature.
6989a4e910805f5685d6ec0c,Children
6989a4e910805f5685d6ec0d,Conduct Of Life
6989a4e910805f5685d6ec0d,Lizards
6989a4e910805f5685d6ec0e,Necklaces
6989a4e910805f5685d6ec0e,Mexican American Women
6989a4e910805f5685d6ec0f,Study Aids
6989a4e910805f5685d6ec0f,Fiction
6989a4e910805f5685d6ec0f,American Dream
6989a4e910805f5685d6ec10,Fiction
6989a4e910805f5685d6ec10,Body
6989a4e910805f5685d6ec10,Mind
6989a4e910805f5685d6ec11,Fantastic Fiction
6989a4e910805f5685d6ec11,Creative Ability
6989a4e910805f5685d6ec12,Creative Thinking
6989a4e910805f5685d6ec12,Communication In Marriage
6989a4e910805f5685d6ec13,Artist Couples
6989a4e910805f5685d6ec13,Experimental Fiction
6989a4e910805f5685d6ec14,House
6989a4e910805f5685d6ec14,Escort Services
6989a4e910805f5685d6ec15,Horror Films
6989a4e910805f5685d6ec15,Fantastic Fiction.
6989a4e910805f5685d6ec16,History
6989a4e910805f5685d6ec17,Fiction
6989a4e910805f5685d6ec18,Boston (mass.)
6989a4e910805f5685d6ec18,Carbohydrates
6989a4e910805f5685d6ec19,High Interest-low Vocabulary Books
6989a4e910805f5685d6ec19,Executive Departments
6989a4e910805f5685d6ec1a,Social Science
6989a4e910805f5685d6ec1b,Self-realization In Women
6989a4e910805f5685d6ec1b,Biography
6989a4e910805f5685d6ec1c,Fiction
6989a4e910805f5685d6ec1c,General
6989a4e910805f5685d6ec1c,Study Aids
6989a4e910805f5685d6ec1d,Horse Racing
6989a4e910805f5685d6ec1d,1846-1848
6989a4e910805f5685d6ec1e,American Poetry
6989a4e910805f5685d6ec1e,Literatura Contemporánea
6989a4e910805f5685d6ec1f,Law
6989a4e910805f5685d6ec1f,Adventure Stories
6989a4e910805f5685d6ec20,Business
6989a4e910805f5685d6ec20,Angels
6989a4e910805f5685d6ec20,Poetry
6989a4e910805f5685d6ec21,Fiction
6989a4e910805f5685d6ec21,General
6989a4e910805f5685d6ec21,True Crime
6989a4e910805f5685d6ec22,North Atlantic Ocean
6989a4e910805f5685d6ec22,Japanese Americans
6989a4e910805f5685d6ec23,Radio
6989a4e910805f5685d6ec23,Alhambra (granada
6989a4e910805f5685d6ec24,Nineteen Twenties
6989a4e910805f5685d6ec24,Psychological Fiction
6989a4e910805f5685d6ec25,Horse Trainers
6989a4e910805f5685d6ec25,Abused Children
6989a4e910805f5685d6ec26,Chile
6989a4e910805f5685d6ec26,Drowning
6989a4e910805f5685d6ec27,Fires
6989a4e910805f5685d6ec27,Dog Breeders
6989a4e910805f5685d6ec28,Fiction
6989a4e910805f5685d6ec28,General
6989a4e910805f5685d6ec28,Adoptees
6989a4e910805f5685d6ec29,Fiction
6989a4e910805f5685d6ec29,General
6989a4e910805f5685d6ec29,Music
6989a4e910805f5685d6ec2a,American Wit And Humor.
6989a4e910805f5685d6ec2a,Science Fiction Comic Books
6989a4e910805f5685d6ec2b,Herbs
6989a4e910805f5685d6ec2b,First Loves
6989a4e910805f5685d6ec2c,Assisted Suicide
6989a4e910805f5685d6ec2c,Brewing
6989a4e910805f5685d6ec2d,Fansler
6989a4e910805f5685d6ec2d,American Sign Language
6989a4e910805f5685d6ec2e,Music
6989a4e910805f5685d6ec2e,Fiction
6989a4e910805f5685d6ec2e,General
6989a4e910805f5685d6ec2f,Glass Craft
6989a4e910805f5685d6ec2f,Blizzards
6989a4e910805f5685d6ec30,Fiction
6989a4e910805f5685d6ec30,General
6989a4e910805f5685d6ec30,Juvenile Fiction
6989a4e910805f5685d6ec31,Abusive Men
6989a4e910805f5685d6ec31,Act Assessment
6989a4e910805f5685d6ec32,Emily
6989a4e910805f5685d6ec32,North Carolina
6989a4e910805f5685d6ec33,Fiction
6989a4e910805f5685d6ec34,Fiction
6989a4e910805f5685d6ec35,Juvenile Fiction
6989a4e910805f5685d6ec36,Biographical Fiction
6989a4e910805f5685d6ec36,Classical Literature
6989a4e910805f5685d6ec37,General
6989a4e910805f5685d6ec38,Philosophy
6989a4e910805f5685d6ec38,Defense Information
6989a4e910805f5685d6ec39,Labor Day
6989a4e910805f5685d6ec39,Cuban
6989a4e910805f5685d6ec3a,Art Thefts
6989a4e910805f5685d6ec3a,Voyages Around The World
6989a4e910805f5685d6ec3b,Fiction
6989a4e910805f5685d6ec3c,Canadian Periodicals
6989a4e910805f5685d6ec3c,Rama (imaginary Space Vehicle)
6989a4e910805f5685d6ec3d,Music
6989a4e910805f5685d6ec3d,Black Mountain (n.c.)
6989a4e910805f5685d6ec3e,Entomologists
6989a4e910805f5685d6ec3e,Knowledge
6989a4e910805f5685d6ec3f,Pattern Perception
6989a4e910805f5685d6ec3f,Cornwall (england : County)
6989a4e910805f5685d6ec40,Fiction
6989a4e910805f5685d6ec41,Fiction
6989a4e910805f5685d6ec41,General
6989a4e910805f5685d6ec42,Fiction
6989a4e910805f5685d6ec43,American Fiction
6989a4e910805f5685d6ec43,Fiction
6989a4e910805f5685d6ec44,Baseball Players
6989a4e910805f5685d6ec44,Wales
6989a4e910805f5685d6ec45,Religion
6989a4e910805f5685d6ec46,Language Arts
6989a4e910805f5685d6ec47,General
6989a4e910805f5685d6ec47,Fiction
6989a4e910805f5685d6ec47,Art
6989a4e910805f5685d6ec48,Horn Carving
6989a4e910805f5685d6ec48,Knitting
6989a4e910805f5685d6ec49,Fiction
6989a4e910805f5685d6ec49,General
6989a4e910805f5685d6ec49,Biography
6989a4e910805f5685d6ec4a,Religion
6989a4e910805f5685d6ec4a,Excavations (archaeology)
6989a4e910805f5685d6ec4a,Kentucky
6989a4e910805f5685d6ec4b,Anarchism
6989a4e910805f5685d6ec4b,Freemasonry
6989a4e910805f5685d6ec4c,Cheyenne Indians
6989a4e910805f5685d6ec4c,Mission Of The Church
6989a4e910805f5685d6ec4d,Adultery
6989a4e910805f5685d6ec4e,Religion
6989a4e910805f5685d6ec4f,General
6989a4e910805f5685d6ec4f,Fiction
6989a4e910805f5685d6ec4f,Juvenile Fiction
6989a4e910805f5685d6ec50,Fiction
6989a4e910805f5685d6ec50,History
6989a4e910805f5685d6ec50,General
6989a4e910805f5685d6ec51,Amnesiacs
6989a4e910805f5685d6ec51,Beef
6989a4e910805f5685d6ec52,Fiction
6989a4e910805f5685d6ec53,Fiction
6989a4e910805f5685d6ec53,Biography
6989a4e910805f5685d6ec54,Literary Criticism
6989a4e910805f5685d6ec55,Fiction
6989a4e910805f5685d6ec56,Assisted Suicide
6989a4e910805f5685d6ec56,Humanitarianism
6989a4e910805f5685d6ec57,Cerebral Palsied Children
6989a4e910805f5685d6ec57,Women
6989a4e910805f5685d6ec58,Coastal Zone Management
6989a4e910805f5685d6ec58,Brigands And Robbers
6989a4e910805f5685d6ec59,Fiction
6989a4e910805f5685d6ec5a,Fiction
6989a4e910805f5685d6ec5a,General
6989a4e910805f5685d6ec5a,Literary Criticism
6989a4e910805f5685d6ec5b,Religion
6989a4e910805f5685d6ec5c,Fiction
6989a4e910805f5685d6ec5c,General
6989a4e910805f5685d6ec5d,Fiction
6989a4e910805f5685d6ec5e,History
6989a4e910805f5685d6ec5f,Fiction
6989a4e910805f5685d6ec5f,General
6989a4e910805f5685d6ec5f,Religion
6989a4e910805f5685d6ec60,Fiction
6989a4e910805f5685d6ec61,Juvenile Fiction
6989a4e910805f5685d6ec62,Japanese Americans
6989a4e910805f5685d6ec62,Aphrodisiacs
6989a4e910805f5685d6ec63,Music
6989a4e910805f5685d6ec63,Evangelistic Sermons
6989a4e910805f5685d6ec64,Conversation Analysis
6989a4e910805f5685d6ec64,Computers
6989a4e910805f5685d6ec65,Authorship
6989a4e910805f5685d6ec65,Communication
6989a4e910805f5685d6ec66,Marine Biology
6989a4e910805f5685d6ec66,1991-
6989a4e910805f5685d6ec67,True Crime
6989a4e910805f5685d6ec68,Cannes (france)
6989a4e910805f5685d6ec68,Food Supply
6989a4e910805f5685d6ec69,Fiction
6989a4e910805f5685d6ec69,General
6989a4e910805f5685d6ec6a,Fiction
6989a4e910805f5685d6ec6a,General
6989a4e910805f5685d6ec6a,Juvenile Nonfiction
6989a4e910805f5685d6ec6b,Body
6989a4e910805f5685d6ec6b,Mind
6989a4e910805f5685d6ec6b,Juvenile Fiction
6989a4e910805f5685d6ec6c,Life Cycle
6989a4e910805f5685d6ec6c,Communication In Marriage
6989a4e910805f5685d6ec6d,General
6989a4e910805f5685d6ec6d,Fiction
6989a4e910805f5685d6ec6d,Literary Criticism
6989a4e910805f5685d6ec6e,Fiction
6989a4e910805f5685d6ec6f,Arms Race
6989a4e910805f5685d6ec6f,Childbirth
6989a4e910805f5685d6ec70,Law
6989a4e910805f5685d6ec71,Digests
6989a4e910805f5685d6ec71,Bartholomew
6989a4e910805f5685d6ec72,Fiction
6989a4e910805f5685d6ec72,General
6989a4e910805f5685d6ec73,General
6989a4e910805f5685d6ec74,History
6989a4e910805f5685d6ec75,Fiction
6989a4e910805f5685d6ec75,Biography
6989a4e910805f5685d6ec75,Agriculture
6989a4e910805f5685d6ec76,Self-help
6989a4e910805f5685d6ec77,American Periodicals
6989a4e910805f5685d6ec77,Numerology
6989a4e910805f5685d6ec78,Impressionism (art)
6989a4e910805f5685d6ec78,Missionary Stories
6989a4e910805f5685d6ec79,Asia
6989a4e910805f5685d6ec79,New Mexico
6989a4e910805f5685d6ec7a,Compost
6989a4e910805f5685d6ec7a,African American Baseball Players
6989a4e910805f5685d6ec7b,Fiction
6989a4e910805f5685d6ec7c,Fiction
6989a4e910805f5685d6ec7d,Business
6989a4e910805f5685d6ec7d,General
6989a4e910805f5685d6ec7e,Mathematics
6989a4e910805f5685d6ec7f,Fiction
6989a4e910805f5685d6ec7f,General
6989a4e910805f5685d6ec7f,True Crime
6989a4e910805f5685d6ec80,Horn Carving
6989a4e910805f5685d6ec80,Businesspeople
6989a4e910805f5685d6ec81,Fiction
6989a4e910805f5685d6ec82,Design
6989a4e910805f5685d6ec82,Algebra
6989a4e910805f5685d6ec83,General
6989a4e910805f5685d6ec83,Fiction
6989a4e910805f5685d6ec84,General
6989a4e910805f5685d6ec85,Personnel Management
6989a4e910805f5685d6ec85,American Sign Language
6989a4e910805f5685d6ec86,Juvenile Fiction
6989a4e910805f5685d6ec87,Actresses
6989a4e910805f5685d6ec87,Rourke
6989a4e910805f5685d6ec88,Fiction
6989a4e910805f5685d6ec88,General
6989a4e910805f5685d6ec89,Astrology
6989a4e910805f5685d6ec89,Fantastic Fiction
6989a4e910805f5685d6ec8a,Fiction
6989a4e910805f5685d6ec8b,Reference
6989a4e910805f5685d6ec8c,Competition
6989a4e910805f5685d6ec8c,Hypnotism
6989a4e910805f5685d6ec8d,Adventure
6989a4e910805f5685d6ec8d,Hate Groups
6989a4e910805f5685d6ec8e,Fiction
6989a4e910805f5685d6ec8e,General
6989a4e910805f5685d6ec8e,Juvenile Fiction
6989a4e910805f5685d6ec8f,Horror Stories.
6989a4e910805f5685d6ec8f,Chivalry
6989a4e910805f5685d6ec90,Dating (social Customs)
6989a4e910805f5685d6ec90,Women Authors
6989a4e910805f5685d6ec91,Mack (fictitious Character)
6989a4e910805f5685d6ec91,Large Type Books
6989a4e910805f5685d6ec92,Religion
6989a4e910805f5685d6ec93,Sports
6989a4e910805f5685d6ec93,Science
6989a4e910805f5685d6ec93,Fiction
6989a4e910805f5685d6ec94,Revolutions
6989a4e910805f5685d6ec94,Commercial Crimes
6989a4e910805f5685d6ec95,Fiction
6989a4e910805f5685d6ec96,Aunts
6989a4e910805f5685d6ec96,Adult Children Of Alcoholics
6989a4e910805f5685d6ec97,General
6989a4e910805f5685d6ec98,Aardvark
6989a4e910805f5685d6ec98,Popular Music
6989a4e910805f5685d6ec99,Foreign Language Study
6989a4e910805f5685d6ec9a,Diana (roman Deity)
6989a4e910805f5685d6ec9a,Hinduism
6989a4e910805f5685d6ec9b,Mormons
6989a4e910805f5685d6ec9b,Italian
6989a4e910805f5685d6ec9c,General
6989a4e910805f5685d6ec9d,Children's Stories
6989a4e910805f5685d6ec9d,Stream Measurements
6989a4e910805f5685d6ec9e,Content Area Reading
6989a4e910805f5685d6ec9e,Readers (adult)
6989a4e910805f5685d6ec9f,Marriage
6989a4e910805f5685d6ec9f,Yoga
6989a4e910805f5685d6eca0,Bashfulness
6989a4e910805f5685d6eca0,Yugoslav War
6989a4e910805f5685d6eca1,Schools
6989a4e910805f5685d6eca1,Caterers And Catering
6989a4e910805f5685d6eca2,Fiction
6989a4e910805f5685d6eca2,American Fiction
6989a4e910805f5685d6eca2,General
6989a4e910805f5685d6eca3,Trials (murder)
6989a4e910805f5685d6eca4,Interpersonal Relations
6989a4e910805f5685d6eca4,Crimes Without Victims
6989a4e910805f5685d6eca5,Philosophy
6989a4e910805f5685d6eca5,Literary Collections
6989a4e910805f5685d6eca6,Juvenile Fiction
6989a4e910805f5685d6eca7,Poetry
6989a4e910805f5685d6eca8,Performing Arts
6989a4e910805f5685d6eca8,Human Anatomy
6989a4e910805f5685d6eca9,General
6989a4e910805f5685d6eca9,Fiction
6989a4e910805f5685d6ecaa,Architecture
6989a4e910805f5685d6ecaa,Art
6989a4e910805f5685d6ecab,Family
6989a4e910805f5685d6ecab,History
6989a4e910805f5685d6ecab,Science
6989a4e910805f5685d6ecac,Intelligence Service
6989a4e910805f5685d6ecac,Illegitimate Children
6989a4e910805f5685d6ecad,Horror Films
6989a4e910805f5685d6ecad,Construction Workers
6989a4e910805f5685d6ecae,Brothers
6989a4e910805f5685d6ecae,Hinduism
6989a4e910805f5685d6ecaf,Science
6989a4e910805f5685d6ecaf,Juvenile Fiction
6989a4e910805f5685d6ecb0,Cooking
6989a4e910805f5685d6ecb1,New Thought
6989a4e910805f5685d6ecb1,Postpartum Depression
6989a4e910805f5685d6ecb2,Painting
6989a4e910805f5685d6ecb2,Aphrodisiacs
6989a4e910805f5685d6ecb3,Poetry
6989a4e910805f5685d6ecb3,General
6989a4e910805f5685d6ecb4,General
6989a4e910805f5685d6ecb4,Europe
6989a4e910805f5685d6ecb5,Fiction
6989a4e910805f5685d6ecb6,Hatha Yoga
6989a4e910805f5685d6ecb6,Hope
6989a4e910805f5685d6ecb7,Anti-clericalism
6989a4e910805f5685d6ecb7,Nature
6989a4e910805f5685d6ecb8,Fiction
6989a4e910805f5685d6ecb9,Psychology
6989a4e910805f5685d6ecb9,Buddhism
6989a4e910805f5685d6ecba,Conjoined Twins
6989a4e910805f5685d6ecba,Billionaires
6989a4e910805f5685d6ecbb,General
6989a4e910805f5685d6ecbb,Juvenile Nonfiction
6989a4e910805f5685d6ecbb,Fiction
6989a4e910805f5685d6ecbc,Poetry
6989a4e910805f5685d6ecbd,Back Bay (boston
6989a4e910805f5685d6ecbd,Devotional Calendars.
6989a4e910805f5685d6ecbe,Aristocracy (social Class)
6989a4e910805f5685d6ecbe,Nuns
6989a4e910805f5685d6ecbf,Fiction
6989a4e910805f5685d6ecbf,Juvenile Fiction
6989a4e910805f5685d6ecc0,Fiction
6989a4e910805f5685d6ecc1,Fiction
6989a4e910805f5685d6ecc2,Drowning
6989a4e910805f5685d6ecc2,Nigeria
6989a4e910805f5685d6ecc3,Irish
6989a4e910805f5685d6ecc3,Religion
6989a4e910805f5685d6ecc4,Juvenile Fiction
6989a4e910805f5685d6ecc5,Seashore
6989a4e910805f5685d6ecc5,Domestic Fiction
6989a4e910805f5685d6ecc6,Travelers
6989a4e910805f5685d6ecc6,Indians
6989a4e910805f5685d6ecc7,Childbirth
6989a4e910805f5685d6ecc7,Accident Victims
6989a4e910805f5685d6ecc8,Jamestown (va.)
6989a4e910805f5685d6ecc8,Iwo Jima
6989a4e910805f5685d6ecc9,California
6989a4e910805f5685d6ecc9,Buddhism
6989a4e910805f5685d6ecca,Fiction
6989a4e910805f5685d6eccb,American Fiction
6989a4e910805f5685d6eccc,Business
6989a4e910805f5685d6eccd,General
6989a4e910805f5685d6ecce,Study Aids
6989a4e910805f5685d6ecce,Fiction
6989a4e910805f5685d6eccf,English
6989a4e910805f5685d6eccf,Manuscripts
6989a4e910805f5685d6ecd0,General
6989a4e910805f5685d6ecd1,1939-1945
6989a4e910805f5685d6ecd1,Household Ecology
6989a4e910805f5685d6ecd2,Snakes
6989a4e910805f5685d6ecd2,Authors And Publishers
6989a4e910805f5685d6ecd3,Religion
6989a4e910805f5685d6ecd4,African American Teenage Girls
6989a4e910805f5685d6ecd4,Copyright
6989a4e910805f5685d6ecd5,Humanitarianism
6989a4e910805f5685d6ecd5,Captain Underpants (fictitious Character)
6989a4e910805f5685d6ecd6,Fiction
6989a4e910805f5685d6ecd6,General
6989a4e910805f5685d6ecd7,Role Playing
6989a4e910805f5685d6ecd7,Sinclair Symposium
6989a4e910805f5685d6ecd8,Divorce
6989a4e910805f5685d6ecd8,Psychosomatic
6989a4e910805f5685d6ecd9,Literary Collections
6989a4e910805f5685d6ecd9,Africa
6989a4e910805f5685d6ecd9,Sub-saharan
6989a4e910805f5685d6ecda,General
6989a4e910805f5685d6ecda,Fiction
6989a4e910805f5685d6ecda,Biography
6989a4e910805f5685d6ecdb,Imperialism
6989a4e910805f5685d6ecdb,Corporate Image
6989a4e910805f5685d6ecdc,Fiction
6989a4e910805f5685d6ecdd,Adjustment Disorders
6989a4e910805f5685d6ecdd,Booksellers And Bookselling
6989a4e910805f5685d6ecde,Reference
6989a4e910805f5685d6ecdf,German Americans
6989a4e910805f5685d6ecdf,Biography
6989a4e910805f5685d6ece0,Piano Music
6989a4e910805f5685d6ece0,Counting
6989a4e910805f5685d6ece1,Bellehaven (wash. : Imaginary Place)
6989a4e910805f5685d6ece1,Dakota Territory
6989a4e910805f5685d6ece2,Humor
6989a4e910805f5685d6ece2,Girls' Clothing
6989a4e910805f5685d6ece3,Business
6989a4e910805f5685d6ece3,Fiction
6989a4e910805f5685d6ece4,Juvenile Fiction
6989a4e910805f5685d6ece4,General
6989a4e910805f5685d6ece4,Fiction
6989a4e910805f5685d6ece5,Epic Poetry
6989a4e910805f5685d6ece5,Manners And Customs
6989a4e910805f5685d6ece6,Consumption (economics)
6989a4e910805f5685d6ece6,Gay Erotic Photography
6989a4e910805f5685d6ece7,English Imprints
6989a4e910805f5685d6ece7,Dog Breeders
6989a4e910805f5685d6ece8,Father And Child
6989a4e910805f5685d6ece8,Cheyenne Indians
6989a4e910805f5685d6ece9,Labor Leaders
6989a4e910805f5685d6ece9,Augustine
6989a4e910805f5685d6ecea,Gynecology
6989a4e910805f5685d6ecea,Imaginary Wars And Battles
6989a4e910805f5685d6eceb,Fiction
6989a4e910805f5685d6eceb,Religion
6989a4e910805f5685d6ecec,Fuentes De Oñoro
6989a4e910805f5685d6ecec,Crime And Criminals
6989a4e910805f5685d6eced,Romantic Suspense Fiction
6989a4e910805f5685d6eced,Blood Substitutes
6989a4e910805f5685d6ecee,Executive Power.
6989a4e910805f5685d6ecee,Alphabet
6989a4e910805f5685d6ecef,Act Assessment
6989a4e910805f5685d6ecef,Magic
6989a4e910805f5685d6ecf0,Knights And Knighthood
6989a4e910805f5685d6ecf0,Aids (disease)
6989a4e910805f5685d6ecf1,General
6989a4e910805f5685d6ecf2,Dog Adoption
6989a4e910805f5685d6ecf3,Selling
6989a4e910805f5685d6ecf3,Condensed Books
6989a4e910805f5685d6ecf4,Ghost Stories
6989a4e910805f5685d6ecf4,American
6989a4e910805f5685d6ecf5,Food
6989a4e910805f5685d6ecf5,Games
6989a4e910805f5685d6ecf6,Biographers
6989a4e910805f5685d6ecf6,Men
6989a4e910805f5685d6ecf7,Fiction
6989a4e910805f5685d6ecf7,Adventure Stories
6989a4e910805f5685d6ecf8,Juvenile Fiction
6989a4e910805f5685d6ecf9,Baseball Coaches
6989a4e910805f5685d6ecf9,Natural History
6989a4e910805f5685d6ecfa,Fiction
6989a4e910805f5685d6ecfb,Self-help
6989a4e910805f5685d6ecfc,Science Fiction.
6989a4e910805f5685d6ecfd,American Dream
6989a4e910805f5685d6ecfd,Acculturation
6989a4e910805f5685d6ecfe,Sculpture
6989a4e910805f5685d6ecfe,Horsemanship
6989a4e910805f5685d6ecff,Ghost Stories
6989a4e910805f5685d6ecff,Bereavement
6989a4e910805f5685d6ed00,Fiction
6989a4e910805f5685d6ed00,General
6989a4e910805f5685d6ed01,Art Thefts
6989a4e910805f5685d6ed01,Colombia
6989a4e910805f5685d6ed02,Religion
6989a4e910805f5685d6ed03,Fiction
6989a4e910805f5685d6ed03,Crossword Puzzle Makers
6989a4e910805f5685d6ed03,General
6989a4e910805f5685d6ed04,Feminism And Music
6989a4e910805f5685d6ed04,Bed And Breakfast Accommodations
6989a4e910805f5685d6ed05,New Thought
6989a4e910805f5685d6ed05,Caulfield
6989a4e910805f5685d6ed06,Harlem (new York
6989a4e910805f5685d6ed06,N.y.)
6989a4e910805f5685d6ed07,Marquesas Islands (french Polynesia)
6989a4e910805f5685d6ed07,Brazil
6989a4e910805f5685d6ed08,General
6989a4e910805f5685d6ed08,Fiction
6989a4e910805f5685d6ed09,Juvenile Fiction
6989a4e910805f5685d6ed0a,Fathers And Daughters
6989a4e910805f5685d6ed0a,Women Authors
6989a4e910805f5685d6ed0b,Intelligence Service
6989a4e910805f5685d6ed0b,Housing
6989a4e910805f5685d6ed0c,Self-preservation
6989a4e910805f5685d6ed0c,Children
6989a4e910805f5685d6ed0d,General
6989a4e910805f5685d6ed0e,Love
6989a4e910805f5685d6ed0e,Medicine
6989a4e910805f5685d6ed0f,Juvenile Fiction
6989a4e910805f5685d6ed10,Conversation Analysis
6989a4e910805f5685d6ed10,Brigands And Robbers
6989a4e910805f5685d6ed11,Fiction
6989a4e910805f5685d6ed11,General
6989a4e910805f5685d6ed11,Juvenile Fiction
6989a4e910805f5685d6ed12,Fiction
6989a4e910805f5685d6ed12,General
6989a4e910805f5685d6ed12,Juvenile Fiction
6989a4e910805f5685d6ed13,Inheritance And Succession
6989a4e910805f5685d6ed13,Castles
6989a4e910805f5685d6ed14,Lathes
6989a4e910805f5685d6ed14,Revolutions
6989a4e910805f5685d6ed15,Herbs
6989a4e910805f5685d6ed15,Animal Rights Activists
6989a4e910805f5685d6ed16,Science Fiction
6989a4e910805f5685d6ed16,Church And State
6989a4e910805f5685d6ed17,Colorado
6989a4e910805f5685d6ed17,Good And Evil
6989a4e910805f5685d6ed18,Fiction
6989a4e910805f5685d6ed18,General
6989a4e910805f5685d6ed18,Young Adult Fiction
6989a4e910805f5685d6ed19,Sailing
6989a4e910805f5685d6ed19,Church Work With Alcoholics
6989a4e910805f5685d6ed1a,Fiction
6989a4e910805f5685d6ed1b,Religion
6989a4e910805f5685d6ed1c,Atonement
6989a4e910805f5685d6ed1c,Francis (fictitious Character)
6989a4e910805f5685d6ed1d,Fiction
6989a4e910805f5685d6ed1d,General
6989a4e910805f5685d6ed1d,Body
6989a4e910805f5685d6ed1e,Juvenile Fiction
6989a4e910805f5685d6ed1f,General
6989a4e910805f5685d6ed1f,Psychology
6989a4e910805f5685d6ed20,Cooking
6989a4e910805f5685d6ed20,Colombia
6989a4e910805f5685d6ed21,Negotiation
6989a4e910805f5685d6ed21,Adoptees
6989a4e910805f5685d6ed22,German Literature
6989a4e910805f5685d6ed22,Birth Control
6989a4e910805f5685d6ed23,Income Distribution
6989a4e910805f5685d6ed23,Journalism
6989a4e910805f5685d6ed24,Philosophy
6989a4e910805f5685d6ed25,Drowning
6989a4e910805f5685d6ed25,Predation (biology)
6989a4e910805f5685d6ed26,Performing Arts
6989a4e910805f5685d6ed26,Fiction
6989a4e910805f5685d6ed27,Biography
6989a4e910805f5685d6ed27,General
6989a4e910805f5685d6ed28,Fiction
6989a4e910805f5685d6ed29,Beany (fictitious Character)
6989a4e910805f5685d6ed29,Farm Life
6989a4e910805f5685d6ed2a,Fiction
6989a4e910805f5685d6ed2b,Father And Child
6989a4e910805f5685d6ed2b,Frogs
6989a4e910805f5685d6ed2c,Fiction
6989a4e910805f5685d6ed2c,History
6989a4e910805f5685d6ed2c,Reference
6989a4e910805f5685d6ed2d,Fiction
6989a4e910805f5685d6ed2d,Performing Arts
6989a4e910805f5685d6ed2e,Crossword Puzzles
6989a4e910805f5685d6ed2e,Botany
6989a4e910805f5685d6ed2f,Occult Fiction
6989a4e910805f5685d6ed2f,Edinburgh (scotland)
6989a4e910805f5685d6ed30,Fiction
6989a4e910805f5685d6ed30,History
6989a4e910805f5685d6ed31,General
6989a4e910805f5685d6ed32,Questions And Answers
6989a4e910805f5685d6ed32,Audio-visual Education
6989a4e910805f5685d6ed33,Corruption
6989a4e910805f5685d6ed33,Nineteen Twenties
6989a4e910805f5685d6ed34,General
6989a4e910805f5685d6ed34,Fiction
6989a4e910805f5685d6ed34,History
6989a4e910805f5685d6ed35,Australian Fiction
6989a4e910805f5685d6ed35,Bicycles
6989a4e910805f5685d6ed36,Body
6989a4e910805f5685d6ed36,Mind
6989a4e910805f5685d6ed37,Investments
6989a4e910805f5685d6ed37,Science Fiction.
6989a4e910805f5685d6ed38,General
6989a4e910805f5685d6ed39,Industrial Management
6989a4e910805f5685d6ed39,Antique Dealers
6989a4e910805f5685d6ed3a,Juvenile Fiction
6989a4e910805f5685d6ed3a,American Fiction
6989a4e910805f5685d6ed3a,Fiction
6989a4e910805f5685d6ed3b,Classified
6989a4e910805f5685d6ed3b,Healing
6989a4e910805f5685d6ed3c,Fiction
6989a4e910805f5685d6ed3c,Pets
6989a4e910805f5685d6ed3c,General
6989a4e910805f5685d6ed3d,Fiction
6989a4e910805f5685d6ed3d,General
6989a4e910805f5685d6ed3d,Private Investigators
6989a4e910805f5685d6ed3e,Juvenile Fiction
6989a4e910805f5685d6ed3f,Gays
6989a4e910805f5685d6ed3f,Great Britain
6989a4e910805f5685d6ed40,General
6989a4e910805f5685d6ed41,Business
6989a4e910805f5685d6ed41,Self-help
6989a4e910805f5685d6ed42,Brigands And Robbers
6989a4e910805f5685d6ed42,Motels
6989a4e910805f5685d6ed43,Knitting
6989a4e910805f5685d6ed43,Bonsai
6989a4e910805f5685d6ed44,Fiction
6989a4e910805f5685d6ed45,Devotional Literature
6989a4e910805f5685d6ed45,Jewelers
6989a4e910805f5685d6ed46,Hotels
6989a4e910805f5685d6ed46,Free Enterprise
6989a4e910805f5685d6ed47,Fiction
6989a4e910805f5685d6ed48,Animal Welfare
6989a4e910805f5685d6ed48,Beauty Contests
6989a4e910805f5685d6ed49,Cannes (france)
6989a4e910805f5685d6ed49,Fell
6989a4e910805f5685d6ed4a,Negotiation
6989a4e910805f5685d6ed4a,English.
6989a4e910805f5685d6ed4b,Discoveries In Geography
6989a4e910805f5685d6ed4b,Local Transit
6989a4e910805f5685d6ed4c,English Poetry
6989a4e910805f5685d6ed4d,Fiction
6989a4e910805f5685d6ed4d,Psychology
6989a4e910805f5685d6ed4d,Political Science
6989a4e910805f5685d6ed4e,Fiction
6989a4e910805f5685d6ed4e,Social Science
6989a4e910805f5685d6ed4e,Juvenile Fiction
6989a4e910805f5685d6ed4f,Bildungsromans
6989a4e910805f5685d6ed4f,Brother (fictitious Character)
6989a4e910805f5685d6ed50,Human-alien Encounters
6989a4e910805f5685d6ed50,Wyatt
6989a4e910805f5685d6ed51,Juvenile Fiction
6989a4e910805f5685d6ed52,Fiction
6989a4e910805f5685d6ed53,Business
6989a4e910805f5685d6ed53,Family
6989a4e910805f5685d6ed53,Biography
6989a4e910805f5685d6ed54,Family
6989a4e910805f5685d6ed54,English Wit And Humor
6989a4e910805f5685d6ed55,General
6989a4e910805f5685d6ed56,General
6989a4e910805f5685d6ed56,Fiction
6989a4e910805f5685d6ed57,Imperialism
6989a4e910805f5685d6ed57,Augustine
6989a4e910805f5685d6ed58,American Fiction
6989a4e910805f5685d6ed58,Fiction
6989a4e910805f5685d6ed59,Fiction
6989a4e910805f5685d6ed5a,Dragons
6989a4e910805f5685d6ed5b,General
6989a4e910805f5685d6ed5c,Genealogy
6989a4e910805f5685d6ed5c,Readers (adult)
6989a4e910805f5685d6ed5d,Nova Scotia
6989a4e910805f5685d6ed5d,Mysticism
6989a4e910805f5685d6ed5e,Juvenile Fiction
6989a4e910805f5685d6ed5f,Pattern Perception
6989a4e910805f5685d6ed5f,Audiotapes
6989a4e910805f5685d6ed60,Bondage (sexual Behavior)
6989a4e910805f5685d6ed60,Bambi (fictitious Character)
6989a4e910805f5685d6ed61,Hollywood (los Angeles
6989a4e910805f5685d6ed61,Juvenile Nonfiction
6989a4e910805f5685d6ed62,Fermi's Paradox
6989a4e910805f5685d6ed62,Highway Planning
6989a4e910805f5685d6ed63,Fathers And Daughters
6989a4e910805f5685d6ed63,Drummers (musicians)
6989a4e910805f5685d6ed64,Classical Philology
6989a4e910805f5685d6ed64,Emigration And Immigration
6989a4e910805f5685d6ed65,Sex Instruction For Men
6989a4e910805f5685d6ed65,Upper Class
6989a4e910805f5685d6ed66,Comics
6989a4e910805f5685d6ed66,Manners And Customs
6989a4e910805f5685d6ed67,Arctic Regions
6989a4e910805f5685d6ed67,Women And Religion
6989a4e910805f5685d6ed68,Accidents
6989a4e910805f5685d6ed68,Erotic Literature
6989a4e910805f5685d6ed69,Fiction
6989a4e910805f5685d6ed69,Juvenile Fiction
6989a4e910805f5685d6ed69,General
6989a4e910805f5685d6ed6a,American Dream
6989a4e910805f5685d6ed6a,Bones
6989a4e910805f5685d6ed6b,Sports
6989a4e910805f5685d6ed6b,Genetic Engineering
6989a4e910805f5685d6ed6c,Alphabet
6989a4e910805f5685d6ed6c,Religion
6989a4e910805f5685d6ed6d,Ants
6989a4e910805f5685d6ed6d,Second Advent
6989a4e910805f5685d6ed6e,Hygiene
6989a4e910805f5685d6ed6e,Latin America
6989a4e910805f5685d6ed6f,Texas
6989a4e910805f5685d6ed6f,Civilization
6989a4e910805f5685d6ed70,Fiction
6989a4e910805f5685d6ed70,Biography
6989a4e910805f5685d6ed71,Adultery
6989a4e910805f5685d6ed72,Fiction
6989a4e910805f5685d6ed73,Fiction
6989a4e910805f5685d6ed74,Fiction
6989a4e910805f5685d6ed75,Amish
6989a4e910805f5685d6ed75,Electrical Engineering
6989a4e910805f5685d6ed76,Frogs
6989a4e910805f5685d6ed76,True Crime
6989a4e910805f5685d6ed77,Music
6989a4e910805f5685d6ed78,Literary Collections
6989a4e910805f5685d6ed78,Surrealism
6989a4e910805f5685d6ed79,Consumption (economics)
6989a4e910805f5685d6ed79,Canvas Embroidery
6989a4e910805f5685d6ed7a,General
6989a4e910805f5685d6ed7a,Games
6989a4e910805f5685d6ed7a,Fiction
6989a4e910805f5685d6ed7b,Intelligence Officers
6989a4e910805f5685d6ed7b,Biography
6989a4e910805f5685d6ed7b,Science
6989a4e910805f5685d6ed7c,Fiction
6989a4e910805f5685d6ed7d,France
6989a4e910805f5685d6ed7d,Drowning
6989a4e910805f5685d6ed7e,Juvenile Fiction
6989a4e910805f5685d6ed7f,Fiction
6989a4e910805f5685d6ed7f,American Fiction
6989a4e910805f5685d6ed80,Mindfulness (psychology)
6989a4e910805f5685d6ed80,Holiness
6989a4e910805f5685d6ed81,Fiction
6989a4e910805f5685d6ed82,Conflict Management
6989a4e910805f5685d6ed82,National
6989a4e910805f5685d6ed83,Fiction
6989a4e910805f5685d6ed84,Statistics.
6989a4e910805f5685d6ed85,Drama
6989a4e910805f5685d6ed85,Midway
6989a4e910805f5685d6ed86,Owls
6989a4e910805f5685d6ed86,Angkor (extinct City)
6989a4e910805f5685d6ed87,Juvenile Fiction
6989a4e910805f5685d6ed87,General
6989a4e910805f5685d6ed88,Survival
6989a4e910805f5685d6ed88,Religious Fiction
6989a4e910805f5685d6ed89,Fiction
6989a4e910805f5685d6ed89,True Crime
6989a4e910805f5685d6ed89,Young Adult Fiction
6989a4e910805f5685d6ed8a,West
6989a4e910805f5685d6ed8a,Biology
6989a4e910805f5685d6ed8b,History
6989a4e910805f5685d6ed8c,Fiction
6989a4e910805f5685d6ed8c,Young Adult Fiction
6989a4e910805f5685d6ed8c,Religion
6989a4e910805f5685d6ed8d,Book Of Mormon
6989a4e910805f5685d6ed8d,Karate
6989a4e910805f5685d6ed8e,Fiction
6989a4e910805f5685d6ed8f,Poetry
6989a4e910805f5685d6ed90,Fiction
6989a4e910805f5685d6ed91,Aran Islands (ireland)
6989a4e910805f5685d6ed91,N.y.)
6989a4e910805f5685d6ed92,American Wit And Humor.
6989a4e910805f5685d6ed92,Evangelistic Sermons
6989a4e910805f5685d6ed93,Fiction
6989a4e910805f5685d6ed93,Business
6989a4e910805f5685d6ed93,Health
6989a4e910805f5685d6ed94,Communication In Organizations
6989a4e910805f5685d6ed94,Halloween
6989a4e910805f5685d6ed95,Austrian
6989a4e910805f5685d6ed95,Compost
6989a4e910805f5685d6ed96,Fiction
6989a4e910805f5685d6ed97,Fiction
6989a4e910805f5685d6ed98,Cuba
6989a4e910805f5685d6ed98,Academic Writing
6989a4e910805f5685d6ed99,Eminent Domain
6989a4e910805f5685d6ed99,English.
6989a4e910805f5685d6ed9a,Jamestown (va.)
6989a4e910805f5685d6ed9a,Earp
6989a4e910805f5685d6ed9b,Corruption
6989a4e910805f5685d6ed9b,Gays
6989a4e910805f5685d6ed9c,Jammu And Kashmir (india)
6989a4e910805f5685d6ed9c,Calder Family (fictitious Characters)
6989a4e910805f5685d6ed9d,Names
6989a4e910805f5685d6ed9d,Literature And Society
6989a4e910805f5685d6ed9e,Fiction
6989a4e910805f5685d6ed9f,Fiction
6989a4e910805f5685d6ed9f,General
6989a4e910805f5685d6ed9f,Excavations (archaeology)
6989a4e910805f5685d6eda0,Collective Memory
6989a4e910805f5685d6eda0,Amish
6989a4e910805f5685d6eda1,Fiction In English
6989a4e910805f5685d6eda1,Arms Race
6989a4e910805f5685d6eda2,Fiction
6989a4e910805f5685d6eda2,Religion
6989a4e910805f5685d6eda2,General
6989a4e910805f5685d6eda3,Horses
6989a4e910805f5685d6eda3,Consciousness
6989a4e910805f5685d6eda4,Fiction
6989a4e910805f5685d6eda4,Reference
6989a4e910805f5685d6eda4,Law
6989a4e910805f5685d6eda5,Calculus
6989a4e910805f5685d6eda5,Europe
6989a4e910805f5685d6eda6,Fiction
6989a4e910805f5685d6eda6,Self-help
6989a4e910805f5685d6eda7,Juvenile Nonfiction
6989a4e910805f5685d6eda7,Female
6989a4e910805f5685d6eda8,Atomic Bomb
6989a4e910805f5685d6eda8,God
6989a4e910805f5685d6eda9,Babies
6989a4e910805f5685d6eda9,Kissing
6989a4e910805f5685d6edaa,Picaresque Literature
6989a4e910805f5685d6edaa,Women Painters
6989a4e910805f5685d6edab,Business
6989a4e910805f5685d6edac,Fiction
6989a4e910805f5685d6edac,Body
6989a4e910805f5685d6edac,Mind
6989a4e910805f5685d6edad,Fiction
6989a4e910805f5685d6edae,Captiva Island (fla.)
6989a4e910805f5685d6edae,Bolan
6989a4e910805f5685d6edaf,Adultery
6989a4e910805f5685d6edaf,Labor Day
6989a4e910805f5685d6edb0,Religion
6989a4e910805f5685d6edb1,Alcoholics
6989a4e910805f5685d6edb1,Fantasy Literature
6989a4e910805f5685d6edb2,Union Catalogs
6989a4e910805f5685d6edb2,Artists
6989a4e910805f5685d6edb3,Religion
6989a4e910805f5685d6edb4,Brigands And Robbers
6989a4e910805f5685d6edb4,Christian Ethics
6989a4e910805f5685d6edb5,Fiction
6989a4e910805f5685d6edb5,Young Adult Fiction
6989a4e910805f5685d6edb6,Self-help
6989a4e910805f5685d6edb6,Fiction
6989a4e910805f5685d6edb7,Communication In Humanities
6989a4e910805f5685d6edb7,Erotic Stories
6989a4e910805f5685d6edb8,Railroads
6989a4e910805f5685d6edb8,Dawson's Creek (television Program)
6989a4e910805f5685d6edb9,N.y.)
6989a4e910805f5685d6edb9,Female
6989a4e910805f5685d6edba,Halloween
6989a4e910805f5685d6edba,Emigration And Immigration
6989a4e910805f5685d6edbb,Body
6989a4e910805f5685d6edbb,Mind
6989a4e910805f5685d6edbb,General
6989a4e910805f5685d6edbc,Sculpture
6989a4e910805f5685d6edbc,Indians
6989a4e910805f5685d6edbd,Travel
6989a4e910805f5685d6edbd,Sculpture
6989a4e910805f5685d6edbe,Biography
6989a4e910805f5685d6edbf,Sir (fictitious Character)
6989a4e910805f5685d6edbf,Bands (music)
6989a4e910805f5685d6edc0,Propaganda
6989a4e910805f5685d6edc0,Life On Other Planets
6989a4e910805f5685d6edc1,Atlanta (ga.)
6989a4e910805f5685d6edc1,Contaminated Sediments
6989a4e910805f5685d6edc2,Fiction
6989a4e910805f5685d6edc3,Contaminated Sediments
6989a4e910805f5685d6edc3,Florida
6989a4e910805f5685d6edc4,General
6989a4e910805f5685d6edc5,Church And The World
6989a4e910805f5685d6edc5,Erotic Stories
6989a4e910805f5685d6edc6,American
6989a4e910805f5685d6edc6,Belgians
6989a4e910805f5685d6edc7,Fiction
6989a4e910805f5685d6edc7,Colombia
6989a4e910805f5685d6edc7,Health
6989a4e910805f5685d6edc8,Juvenile Fiction
6989a4e910805f5685d6edc9,Problem Children
6989a4e910805f5685d6edc9,Marquesas Islands (french Polynesia)
6989a4e910805f5685d6edca,Compost
6989a4e910805f5685d6edca,Classified
6989a4e910805f5685d6edcb,Sex Instruction For Women
6989a4e910805f5685d6edcb,Angels
6989a4e910805f5685d6edcc,Catalogs
6989a4e910805f5685d6edcc,Housing
6989a4e910805f5685d6edcd,Chess
6989a4e910805f5685d6edcd,Roderick (fictitious Character)
6989a4e910805f5685d6edce,Jewelers
6989a4e910805f5685d6edce,Frontier And Pioneer Life
6989a4e910805f5685d6edcf,Artistic
6989a4e910805f5685d6edcf,Police
6989a4e910805f5685d6edd0,General
6989a4e910805f5685d6edd1,Antiquities.
6989a4e910805f5685d6edd1,Fansler
6989a4e910805f5685d6edd2,Fiction
6989a4e910805f5685d6edd2,Biography
6989a4e910805f5685d6edd3,Fiction
6989a4e910805f5685d6edd4,Large Type Books
6989a4e910805f5685d6edd4,General
6989a4e910805f5685d6edd4,Humor
6989a4e910805f5685d6edd5,Juvenile Fiction
6989a4e910805f5685d6edd5,General
6989a4e910805f5685d6edd5,Biography
6989a4e910805f5685d6edd6,Flower Gardening
6989a4e910805f5685d6edd6,Young Adult Nonfiction
6989a4e910805f5685d6edd7,General
6989a4e910805f5685d6edd7,Fiction
6989a4e910805f5685d6edd7,Fantastic Literature
6989a4e910805f5685d6edd8,General
6989a4e910805f5685d6edd9,General
6989a4e910805f5685d6edd9,Fiction
6989a4e910805f5685d6edda,Detective And Mystery Stories
6989a4e910805f5685d6edda,Beef
6989a4e910805f5685d6eddb,Hinduism
6989a4e910805f5685d6eddb,American Dream
6989a4e910805f5685d6eddc,Fiction
6989a4e910805f5685d6eddc,General
6989a4e910805f5685d6eddc,Biography
6989a4e910805f5685d6eddd,Erotic Stories
6989a4e910805f5685d6eddd,Consumption (economics)
6989a4e910805f5685d6edde,Paranormal Romance Stories
6989a4e910805f5685d6edde,Cuba
6989a4e910805f5685d6eddf,Singers
6989a4e910805f5685d6eddf,Books And Reading
6989a4e910805f5685d6ede0,Home Economics
6989a4e910805f5685d6ede0,Beauty
6989a4e910805f5685d6ede1,General
6989a4e910805f5685d6ede2,General
6989a4e910805f5685d6ede2,History
6989a4e910805f5685d6ede3,Business
6989a4e910805f5685d6ede3,Drama
6989a4e910805f5685d6ede4,Comics
6989a4e910805f5685d6ede5,Vendetta
6989a4e910805f5685d6ede5,Design
6989a4e910805f5685d6ede6,Literary Criticism
6989a4e910805f5685d6ede6,Epic Poetry
6989a4e910805f5685d6ede7,Health
6989a4e910805f5685d6ede8,Czech Americans
6989a4e910805f5685d6ede8,Hebrew
6989a4e910805f5685d6ede9,Children's Poetry
6989a4e910805f5685d6ede9,English.
6989a4e910805f5685d6edea,Fiction
6989a4e910805f5685d6edea,General
6989a4e910805f5685d6edea,Juvenile Fiction
6989a4e910805f5685d6edeb,Cheyenne Indians
6989a4e910805f5685d6edeb,American Poetry
6989a4e910805f5685d6edec,Fiction
6989a4e910805f5685d6edec,American Literature
6989a4e910805f5685d6edec,Bible And Evolution
6989a4e910805f5685d6eded,Baseball
6989a4e910805f5685d6eded,Punjab (india)
6989a4e910805f5685d6edee,Bars (drinking Establishments)
6989a4e910805f5685d6edee,Hygiene
6989a4e910805f5685d6edef,Classical Literature
6989a4e910805f5685d6edef,Browne
6989a4e910805f5685d6edf0,Educartion-parents-participation--united States
6989a4e910805f5685d6edf0,Thailand
6989a4e910805f5685d6edf1,Fiction
6989a4e910805f5685d6edf1,England
6989a4e910805f5685d6edf1,Atonement
6989a4e910805f5685d6edf2,Great Plains
6989a4e910805f5685d6edf2,Seasons
6989a4e910805f5685d6edf3,Fiction
6989a4e910805f5685d6edf3,General
6989a4e910805f5685d6edf3,Juvenile Fiction
6989a4e910805f5685d6edf4,Vietnam War
6989a4e910805f5685d6edf4,Tugboats
6989a4e910805f5685d6edf5,Diffusion Of Innovations
6989a4e910805f5685d6edf5,Subject Catalogs
6989a4e910805f5685d6edf6,Black Beauty (fictitious Character)
6989a4e910805f5685d6edf6,African Americans
6989a4e910805f5685d6edf7,Landlord And Tenant
6989a4e910805f5685d6edf7,Statistics.
6989a4e910805f5685d6edf8,Herb Gardening
6989a4e910805f5685d6edf8,Biographical Fiction
6989a4e910805f5685d6edf9,Apache Indians
6989a4e910805f5685d6edf9,Animal Behavior
6989a4e910805f5685d6edfa,Inheritance And Succession
6989a4e910805f5685d6edfa,Single Tax
6989a4e910805f5685d6edfb,Arthurian Romances
6989a4e910805f5685d6edfb,Colombian
6989a4e910805f5685d6edfc,Drama
6989a4e910805f5685d6edfd,Fiction
6989a4e910805f5685d6edfd,General
6989a4e910805f5685d6edfd,Frankenstein Films
6989a4e910805f5685d6edfe,Abusive Men
6989a4e910805f5685d6edfe,Manners And Customs
6989a4e910805f5685d6edff,Comics
6989a4e910805f5685d6ee00,Bullying
6989a4e910805f5685d6ee00,Animal Welfare
6989a4e910805f5685d6ee01,Health
6989a4e910805f5685d6ee01,General
6989a4e910805f5685d6ee02,Dysfunctional Families
6989a4e910805f5685d6ee02,Horror Tales
6989a4e910805f5685d6ee03,Union
6989a4e910805f5685d6ee03,Horses
6989a4e910805f5685d6ee04,True Crime
6989a4e910805f5685d6ee04,Business Enterprises
6989a4e910805f5685d6ee05,Management
6989a4e910805f5685d6ee05,Leadership
6989a4e910805f5685d6ee06,Eye
6989a4e910805f5685d6ee06,Canada
6989a4e910805f5685d6ee07,Fiction
6989a4e910805f5685d6ee08,Compost
6989a4e910805f5685d6ee08,Sexual Fantasies
6989a4e910805f5685d6ee09,Body
6989a4e910805f5685d6ee09,Mind
6989a4e910805f5685d6ee09,History
6989a4e910805f5685d6ee0a,History
6989a4e910805f5685d6ee0b,Fiction
6989a4e910805f5685d6ee0c,Performing Arts
6989a4e910805f5685d6ee0c,Fiction
6989a4e910805f5685d6ee0d,Consumer Education
6989a4e910805f5685d6ee0d,Design
6989a4e910805f5685d6ee0e,Salvage
6989a4e910805f5685d6ee0e,Germany
6989a4e910805f5685d6ee0f,Propaganda
6989a4e910805f5685d6ee0f,Consumer Education
6989a4e910805f5685d6ee10,Fiction
6989a4e910805f5685d6ee10,General
6989a4e910805f5685d6ee10,Religion
6989a4e910805f5685d6ee11,Fiction
6989a4e910805f5685d6ee12,Animal Behavior
6989a4e910805f5685d6ee12,Midway
6989a4e910805f5685d6ee13,Books
6989a4e910805f5685d6ee13,Crime And Criminals
6989a4e910805f5685d6ee14,Dysfunctional Families
6989a4e910805f5685d6ee14,African American Women Artists
6989a4e910805f5685d6ee15,Fiction
6989a4e910805f5685d6ee15,Biography
6989a4e910805f5685d6ee15,General
6989a4e910805f5685d6ee16,Performing Arts
6989a4e910805f5685d6ee17,Nature
6989a4e910805f5685d6ee18,Fiction
6989a4e910805f5685d6ee19,Indians Of North America
6989a4e910805f5685d6ee19,Czech Fiction
6989a4e910805f5685d6ee1a,Fiction
6989a4e910805f5685d6ee1b,Fiction
6989a4e910805f5685d6ee1b,General
6989a4e910805f5685d6ee1b,Fiction In English
6989a4e910805f5685d6ee1c,General
6989a4e910805f5685d6ee1d,Great Britain
6989a4e910805f5685d6ee1e,Fiction
6989a4e910805f5685d6ee1f,Heavy Metal (music)
6989a4e910805f5685d6ee1f,Bible Stories
6989a4e910805f5685d6ee20,Fiction
6989a4e910805f5685d6ee20,Biography
6989a4e910805f5685d6ee20,General
6989a4e910805f5685d6ee21,General
6989a4e910805f5685d6ee22,American Literature
6989a4e910805f5685d6ee23,Fiction
6989a4e910805f5685d6ee24,Performing Arts
6989a4e910805f5685d6ee25,General
6989a4e910805f5685d6ee26,Union
6989a4e910805f5685d6ee26,Carter
6989a4e910805f5685d6ee27,Diaries
6989a4e910805f5685d6ee27,Canada
6989a4e910805f5685d6ee28,Fiction
6989a4e910805f5685d6ee29,Animal Behavior
6989a4e910805f5685d6ee29,Poodles
6989a4e910805f5685d6ee2a,African American Teenage Girls
6989a4e910805f5685d6ee2a,Kissing
6989a4e910805f5685d6ee2b,Hugh (fictitious Character)
6989a4e910805f5685d6ee2b,International
6989a4e910805f5685d6ee2c,Fiction
6989a4e910805f5685d6ee2d,Consumer Goods
6989a4e910805f5685d6ee2d,Aeronautics
6989a4e910805f5685d6ee2e,Apologetics
6989a4e910805f5685d6ee2e,Body Language
6989a4e910805f5685d6ee2f,General
6989a4e910805f5685d6ee2f,Travel
6989a4e910805f5685d6ee30,Fiction
6989a4e910805f5685d6ee30,General
6989a4e910805f5685d6ee30,Literary Criticism
6989a4e910805f5685d6ee31,General
6989a4e910805f5685d6ee31,Juvenile Fiction
6989a4e910805f5685d6ee32,General
6989a4e910805f5685d6ee32,Boys
6989a4e910805f5685d6ee32,Dogs
6989a4e910805f5685d6ee33,English Drama
6989a4e910805f5685d6ee33,Securities
6989a4e910805f5685d6ee34,General
6989a4e910805f5685d6ee34,Biography
6989a4e910805f5685d6ee34,Austria
6989a4e910805f5685d6ee35,Fiction
6989a4e910805f5685d6ee35,General
6989a4e910805f5685d6ee36,History
6989a4e910805f5685d6ee37,Family
6989a4e910805f5685d6ee38,Barges
6989a4e910805f5685d6ee38,Body Language
6989a4e910805f5685d6ee39,Fiction
6989a4e910805f5685d6ee39,History
6989a4e910805f5685d6ee39,Juvenile Fiction
6989a4e910805f5685d6ee3a,General
6989a4e910805f5685d6ee3b,Nuns
6989a4e910805f5685d6ee3b,Surrealism
6989a4e910805f5685d6ee3c,Government Publications
6989a4e910805f5685d6ee3c,Key West (fla.)
6989a4e910805f5685d6ee3d,Eye
6989a4e910805f5685d6ee3d,Adolescence
6989a4e910805f5685d6ee3e,Problem Children
6989a4e910805f5685d6ee3e,Identity (psychology)
6989a4e910805f5685d6ee3f,Business
6989a4e910805f5685d6ee40,Dave (fictitious Character)
6989a4e910805f5685d6ee40,Songs
6989a4e910805f5685d6ee41,Idaho
6989a4e910805f5685d6ee41,Colonial Williamsburg (williamsburg
6989a4e910805f5685d6ee42,Travel
6989a4e910805f5685d6ee42,History
6989a4e910805f5685d6ee42,General
6989a4e910805f5685d6ee43,Fiction
6989a4e910805f5685d6ee43,General
6989a4e910805f5685d6ee43,Reference
6989a4e910805f5685d6ee44,Fiction
6989a4e910805f5685d6ee44,General
6989a4e910805f5685d6ee45,Trials (murder)
6989a4e910805f5685d6ee45,Archaeology
6989a4e910805f5685d6ee46,Reference
6989a4e910805f5685d6ee47,Self-help
6989a4e910805f5685d6ee48,Frankenstein Films
6989a4e910805f5685d6ee48,Drama
6989a4e910805f5685d6ee48,Drummers (musicians)
6989a4e910805f5685d6ee49,Wizards
6989a4e910805f5685d6ee49,Nature
6989a4e910805f5685d6ee4a,Ranchers
6989a4e910805f5685d6ee4a,Espaliers
6989a4e910805f5685d6ee4b,Fiction
6989a4e910805f5685d6ee4c,Fuentes De Oñoro
6989a4e910805f5685d6ee4c,Hindu Sects
6989a4e910805f5685d6ee4d,Fiction
6989a4e910805f5685d6ee4d,Travel
6989a4e910805f5685d6ee4e,Fiction
6989a4e910805f5685d6ee4e,General
6989a4e910805f5685d6ee4e,Juvenile Fiction
6989a4e910805f5685d6ee4f,Antique Dealers
6989a4e910805f5685d6ee4f,Bosch
6989a4e910805f5685d6ee50,Brewing
6989a4e910805f5685d6ee50,Conjoined Twins
6989a4e910805f5685d6ee51,Cooking
6989a4e910805f5685d6ee51,Maternal.
6989a4e910805f5685d6ee52,Foreign Language Study
6989a4e910805f5685d6ee53,Juvenile Fiction
6989a4e910805f5685d6ee53,Diana (roman Deity)
6989a4e910805f5685d6ee54,Merchant Marine
6989a4e910805f5685d6ee54,Authors And Publishers
6989a4e910805f5685d6ee55,Mongolia
6989a4e910805f5685d6ee55,Electrical Engineering
6989a4e910805f5685d6ee56,Families In Art
6989a4e910805f5685d6ee56,Children's Literature
6989a4e910805f5685d6ee57,Endangered Species
6989a4e910805f5685d6ee57,Bolan
6989a4e910805f5685d6ee58,Argentine Fiction
6989a4e910805f5685d6ee58,Good And Evil
6989a4e910805f5685d6ee59,Religion
6989a4e910805f5685d6ee59,Fiction
6989a4e910805f5685d6ee59,General
6989a4e910805f5685d6ee5a,Fiction
6989a4e910805f5685d6ee5a,Young Adult Fiction
6989a4e910805f5685d6ee5a,True Crime
6989a4e910805f5685d6ee5b,Czech Americans
6989a4e910805f5685d6ee5b,Medieval
6989a4e910805f5685d6ee5c,Florida
6989a4e910805f5685d6ee5c,New York (n.y.)
6989a4e910805f5685d6ee5d,Intercountry Adoption
6989a4e910805f5685d6ee5d,Marriage
6989a4e910805f5685d6ee5e,Art
6989a4e910805f5685d6ee5f,Juvenile Fiction
6989a4e910805f5685d6ee5f,General
6989a4e910805f5685d6ee5f,Comics
6989a4e910805f5685d6ee60,Barges
6989a4e910805f5685d6ee60,Curiosities And Wonders
6989a4e910805f5685d6ee61,Women Astronauts
6989a4e910805f5685d6ee61,Audiotapes
6989a4e910805f5685d6ee62,Multiple Personality
6989a4e910805f5685d6ee62,Engineers
6989a4e910805f5685d6ee63,Poetry
6989a4e910805f5685d6ee64,Fiction
6989a4e910805f5685d6ee64,History
6989a4e910805f5685d6ee65,Executive Power.
6989a4e910805f5685d6ee65,Local Transit
6989a4e910805f5685d6ee66,History
6989a4e910805f5685d6ee66,Apache Indians
6989a4e910805f5685d6ee67,City And Town Life
6989a4e910805f5685d6ee67,Pattern Perception
6989a4e910805f5685d6ee68,Fiction
6989a4e910805f5685d6ee68,Self-help
6989a4e910805f5685d6ee68,Political Science
6989a4e910805f5685d6ee69,General
6989a4e910805f5685d6ee6a,Popular Literature
6989a4e910805f5685d6ee6a,Attorneys General
6989a4e910805f5685d6ee6b,Competition
6989a4e910805f5685d6ee6b,Statistics.
6989a4e910805f5685d6ee6c,Aran Islands (ireland)
6989a4e910805f5685d6ee6c,Czech Americans
6989a4e910805f5685d6ee6d,General
6989a4e910805f5685d6ee6e,General
6989a4e910805f5685d6ee6e,History
6989a4e910805f5685d6ee6e,Literary Criticism
6989a4e910805f5685d6ee6f,Technology
6989a4e910805f5685d6ee6f,Automobile Travel
6989a4e910805f5685d6ee70,Weight Lifting
6989a4e910805f5685d6ee70,Religion
6989a4e910805f5685d6ee71,Fiction
6989a4e910805f5685d6ee71,Body
6989a4e910805f5685d6ee71,Mind
6989a4e910805f5685d6ee72,Existential Psychotherapy
6989a4e910805f5685d6ee73,Biography
6989a4e910805f5685d6ee74,Fiction
6989a4e910805f5685d6ee75,Fiction
6989a4e910805f5685d6ee76,Education
6989a4e910805f5685d6ee77,Legends
6989a4e910805f5685d6ee77,Indian Art
6989a4e910805f5685d6ee78,Authors
6989a4e910805f5685d6ee78,Sculpture
6989a4e910805f5685d6ee79,Fiction
6989a4e910805f5685d6ee7a,Brandstetter
6989a4e910805f5685d6ee7a,Americanisms
6989a4e910805f5685d6ee7b,Poetry
6989a4e910805f5685d6ee7c,Games
6989a4e910805f5685d6ee7c,Legends
6989a4e910805f5685d6ee7d,Comics
6989a4e910805f5685d6ee7e,Low-carbohydrate Diet
6989a4e910805f5685d6ee7e,Hamptons (n.y.)
6989a4e910805f5685d6ee7f,Fiction
6989a4e910805f5685d6ee7f,Juvenile Fiction
6989a4e910805f5685d6ee7f,English Fiction
6989a4e910805f5685d6ee80,General
6989a4e910805f5685d6ee81,Business
6989a4e910805f5685d6ee82,History
6989a4e910805f5685d6ee82,Upper Class
6989a4e910805f5685d6ee82,Fiction
6989a4e910805f5685d6ee83,Cooking
6989a4e910805f5685d6ee84,Large Print Books
6989a4e910805f5685d6ee84,Capitalism
6989a4e910805f5685d6ee85,General
6989a4e910805f5685d6ee86,Ancient
6989a4e910805f5685d6ee86,Ethics
6989a4e910805f5685d6ee87,Dutch
6989a4e910805f5685d6ee87,Seasons
6989a4e910805f5685d6ee88,Body
6989a4e910805f5685d6ee88,Mind
6989a4e910805f5685d6ee89,Angels
6989a4e910805f5685d6ee89,Jet Lag
6989a4e910805f5685d6ee8a,Fiction
6989a4e910805f5685d6ee8a,Juvenile Fiction
6989a4e910805f5685d6ee8a,General
6989a4e910805f5685d6ee8b,Calder Family (fictitious Characters)
6989a4e910805f5685d6ee8b,Wrestlers
6989a4e910805f5685d6ee8c,Comics
6989a4e910805f5685d6ee8d,College Students
6989a4e910805f5685d6ee8d,Good And Evil
6989a4e910805f5685d6ee8e,Juvenile Fiction
6989a4e910805f5685d6ee8e,General
6989a4e910805f5685d6ee8f,Ants
6989a4e910805f5685d6ee8f,Photography
6989a4e910805f5685d6ee90,Fiction
6989a4e910805f5685d6ee91,Ship Registers
6989a4e910805f5685d6ee91,Earp
6989a4e910805f5685d6ee92,Australian
6989a4e910805f5685d6ee92,Colorado
6989a4e910805f5685d6ee93,World War
6989a4e910805f5685d6ee93,Imaginary Wars And Battles
6989a4e910805f5685d6ee94,School Districts
6989a4e910805f5685d6ee94,Corporate Image
6989a4e910805f5685d6ee95,Angels
6989a4e910805f5685d6ee95,Architecture
6989a4e910805f5685d6ee96,Astronomy
6989a4e910805f5685d6ee96,Mice
6989a4e910805f5685d6ee97,Paranormal Romance Stories
6989a4e910805f5685d6ee97,1865
6989a4e910805f5685d6ee98,Fiction
6989a4e910805f5685d6ee98,Bibles
6989a4e910805f5685d6ee99,Body
6989a4e910805f5685d6ee99,Mind
6989a4e910805f5685d6ee9a,General
6989a4e910805f5685d6ee9a,Family
6989a4e910805f5685d6ee9b,Dragons
6989a4e910805f5685d6ee9c,Computers
6989a4e910805f5685d6ee9d,Single Tax
6989a4e910805f5685d6ee9d,Income Distribution
6989a4e910805f5685d6ee9e,Cosmetics Industry
6989a4e910805f5685d6ee9e,Crops And Climate
6989a4e910805f5685d6ee9f,Family
6989a4e910805f5685d6ee9f,Juvenile Fiction
6989a4e910805f5685d6ee9f,House
6989a4e910805f5685d6eea0,Country Musicians
6989a4e910805f5685d6eea0,Gynecologists
6989a4e910805f5685d6eea1,Biography
6989a4e910805f5685d6eea2,1939-1945
6989a4e910805f5685d6eea2,Congresses And Conventions
6989a4e910805f5685d6eea3,Great Britain
6989a4e910805f5685d6eea3,Agriculture
6989a4e910805f5685d6eea4,Fiction
6989a4e910805f5685d6eea4,Art
6989a4e910805f5685d6eea4,Foreign Language Study
6989a4e910805f5685d6eea5,Ghost Stories
6989a4e910805f5685d6eea5,American
6989a4e910805f5685d6eea6,Control (psychology)
6989a4e910805f5685d6eea6,Client-centered Psychotherapy
6989a4e910805f5685d6eea7,Fiction
6989a4e910805f5685d6eea7,General
6989a4e910805f5685d6eea7,Young Adult Fiction
6989a4e910805f5685d6eea8,Fiction
6989a4e910805f5685d6eea8,Juvenile Fiction
6989a4e910805f5685d6eea9,General
6989a4e910805f5685d6eeaa,Dhtml (document Markup Language)
6989a4e910805f5685d6eeaa,Heavy Metal (music)
6989a4e910805f5685d6eeab,American Literature
6989a4e910805f5685d6eeac,Consumption (economics)
6989a4e910805f5685d6eead,Fiction
6989a4e910805f5685d6eead,General
6989a4e910805f5685d6eead,Religion
6989a4e910805f5685d6eeae,Railroads
6989a4e910805f5685d6eeae,Diana (roman Deity)
6989a4e910805f5685d6eeaf,Religion
6989a4e910805f5685d6eeb0,Black Beauty (fictitious Character)
6989a4e910805f5685d6eeb0,Capitalism
6989a4e910805f5685d6eeb1,Body
6989a4e910805f5685d6eeb1,Mind
6989a4e910805f5685d6eeb1,Amusements
6989a4e910805f5685d6eeb2,Fiction
6989a4e910805f5685d6eeb2,Audiobooks
6989a4e910805f5685d6eeb3,Music
6989a4e910805f5685d6eeb4,History
6989a4e910805f5685d6eeb5,Future Life
6989a4e910805f5685d6eeb5,Drowning
6989a4e910805f5685d6eeb6,Nick (fictitious Character)
6989a4e910805f5685d6eeb6,Territorial Waters
6989a4e910805f5685d6eeb7,Science
6989a4e910805f5685d6eeb7,Reference
6989a4e910805f5685d6eeb8,Bible And Evolution
6989a4e910805f5685d6eeb9,Religion
6989a4e910805f5685d6eeba,Fiction
6989a4e910805f5685d6eeba,General
6989a4e910805f5685d6eeba,Biography
6989a4e910805f5685d6eebb,Business
6989a4e910805f5685d6eebc,Album
6989a4e910805f5685d6eebc,Child Prostitution
6989a4e910805f5685d6eebd,Bibles
6989a4e910805f5685d6eebd,Businessmen
6989a4e910805f5685d6eebe,Guinea Pigs
6989a4e910805f5685d6eebe,Antarctica
6989a4e910805f5685d6eebf,Foreign Language Study
6989a4e910805f5685d6eebf,Fiction
6989a4e910805f5685d6eebf,Religion
6989a4e910805f5685d6eec0,Customer Services
6989a4e910805f5685d6eec0,Great Britain
6989a4e910805f5685d6eec1,Campion
6989a4e910805f5685d6eec1,Nuclear Warfare
6989a4e910805f5685d6eec2,Cannibalism
6989a4e910805f5685d6eec2,Citation Of Legal Authorities
6989a4e910805f5685d6eec3,Friendship
6989a4e910805f5685d6eec3,Bartholomew
6989a4e910805f5685d6eec4,Railroads
6989a4e910805f5685d6eec4,George (fictitious Character)
6989a4e910805f5685d6eec5,Juvenile Fiction
6989a4e910805f5685d6eec5,General
6989a4e910805f5685d6eec6,Juvenile Fiction
6989a4e910805f5685d6eec7,Juvenile Fiction
6989a4e910805f5685d6eec8,Fiction
6989a4e910805f5685d6eec8,Juvenile Fiction
6989a4e910805f5685d6eec8,Business
6989a4e910805f5685d6eec9,Anglican Converts
6989a4e910805f5685d6eec9,Criticism
6989a4e910805f5685d6eeca,Diazepam
6989a4e910805f5685d6eecb,Fiction
6989a4e910805f5685d6eecc,Enlightenment
6989a4e910805f5685d6eecc,Quilts
6989a4e910805f5685d6eecd,Juvenile Fiction
6989a4e910805f5685d6eece,General
6989a4e910805f5685d6eecf,Boys
6989a4e910805f5685d6eecf,Cemeteries
6989a4e910805f5685d6eed0,Fiction
6989a4e910805f5685d6eed0,General
6989a4e910805f5685d6eed1,Religion
6989a4e910805f5685d6eed1,Cooking
6989a4e910805f5685d6eed1,Fiction
6989a4e910805f5685d6eed2,Veterinarians
6989a4e910805f5685d6eed2,Arab-israeli Conflict
6989a4e910805f5685d6eed3,Dragons
6989a4e910805f5685d6eed4,Juvenile Fiction
6989a4e910805f5685d6eed5,American Fiction
6989a4e910805f5685d6eed5,Fiction
6989a4e910805f5685d6eed6,Fiction
6989a4e910805f5685d6eed6,Antiques
6989a4e910805f5685d6eed6,African Americans
6989a4e910805f5685d6eed7,Large Print Books
6989a4e910805f5685d6eed7,Malone
6989a4e910805f5685d6eed8,Poetry
6989a4e910805f5685d6eed8,History
6989a4e910805f5685d6eed8,Biography
6989a4e910805f5685d6eed9,Television
6989a4e910805f5685d6eed9,Government Publications
6989a4e910805f5685d6eeda,Camping
6989a4e910805f5685d6eeda,Science
6989a4e910805f5685d6eedb,General
6989a4e910805f5685d6eedc,Juvenile Fiction
6989a4e910805f5685d6eedd,Chivalry
6989a4e910805f5685d6eedd,Pictorial
6989a4e910805f5685d6eede,Business
6989a4e910805f5685d6eede,History
6989a4e910805f5685d6eede,General
6989a4e910805f5685d6eedf,Fiction
6989a4e910805f5685d6eedf,History
6989a4e910805f5685d6eedf,Comics
6989a4e910805f5685d6eee0,Kidnapping
6989a4e910805f5685d6eee0,Horror Stories.
6989a4e910805f5685d6eee1,Voyages Around The World
6989a4e910805f5685d6eee1,Computers
6989a4e910805f5685d6eee2,General
6989a4e910805f5685d6eee2,Fiction
6989a4e910805f5685d6eee2,Young Adult Fiction
6989a4e910805f5685d6eee3,True Crime
6989a4e910805f5685d6eee4,Biography
6989a4e910805f5685d6eee4,General
6989a4e910805f5685d6eee5,Role Playing
6989a4e910805f5685d6eee5,Farm Life
6989a4e910805f5685d6eee6,Juvenile Fiction
6989a4e910805f5685d6eee7,Fiction
6989a4e910805f5685d6eee8,Holiness
6989a4e910805f5685d6eee8,Plants
6989a4e910805f5685d6eee9,Ice Skaters.
6989a4e910805f5685d6eee9,Assertiveness (psychology)
6989a4e910805f5685d6eeea,Fiction
6989a4e910805f5685d6eeeb,General
6989a4e910805f5685d6eeec,General
6989a4e910805f5685d6eeed,Dragons
6989a4e910805f5685d6eeee,Fiction
6989a4e910805f5685d6eeee,Biography
6989a4e910805f5685d6eeee,General
6989a4e910805f5685d6eeef,Queens
6989a4e910805f5685d6eeef,Educational Exchanges
6989a4e910805f5685d6eef0,Juvenile Fiction
6989a4e910805f5685d6eef1,Moore
6989a4e910805f5685d6eef1,Vampires
6989a4e910805f5685d6eef2,Juvenile Fiction
6989a4e910805f5685d6eef2,Young Adult Fiction
6989a4e910805f5685d6eef2,Fiction
6989a4e910805f5685d6eef3,Brooklyn (new York
6989a4e910805f5685d6eef3,Black Holes (astronomy)
6989a4e910805f5685d6eef4,Surrealism
6989a4e910805f5685d6eef5,Computers
6989a4e910805f5685d6eef5,Card Games
6989a4e910805f5685d6eef6,Sex Instruction For Women
6989a4e910805f5685d6eef6,Sermons
6989a4e910805f5685d6eef7,Intelligence Officers
6989a4e910805f5685d6eef7,Body Language
6989a4e910805f5685d6eef8,Fiction
6989a4e910805f5685d6eef8,Biography
6989a4e910805f5685d6eef8,General
6989a4e910805f5685d6eef9,Appleby
6989a4e910805f5685d6eef9,Americans
6989a4e910805f5685d6eefa,Honesty
6989a4e910805f5685d6eefa,Japanese Fiction
6989a4e910805f5685d6eefb,Fiction
6989a4e910805f5685d6eefc,Painting
6989a4e910805f5685d6eefc,Astral Projection
6989a4e910805f5685d6eefd,True Crime
6989a4e910805f5685d6eefe,Fiction
6989a4e910805f5685d6eeff,United States
6989a4e910805f5685d6eeff,Biography
6989a4e910805f5685d6eeff,General
6989a4e910805f5685d6ef00,Theory Of
6989a4e910805f5685d6ef00,New Thought
6989a4e910805f5685d6ef01,Dutch Fiction
6989a4e910805f5685d6ef01,Hudson River Valley (n.y. And N.j.)
6989a4e910805f5685d6ef02,Fiction
6989a4e910805f5685d6ef02,Computers
6989a4e910805f5685d6ef03,Performing Arts
6989a4e910805f5685d6ef04,Christianity
6989a4e910805f5685d6ef04,Czech Fiction
6989a4e910805f5685d6ef05,Fiction
6989a4e910805f5685d6ef05,Biography
6989a4e910805f5685d6ef05,General
6989a4e910805f5685d6ef06,Epic Literature
6989a4e910805f5685d6ef06,Military Funerals
6989a4e910805f5685d6ef07,Religion
6989a4e910805f5685d6ef07,Corporate Image
6989a4e910805f5685d6ef08,Fiction
6989a4e910805f5685d6ef09,Romantic Suspense Fiction
6989a4e910805f5685d6ef09,Erotic Stories
6989a4e910805f5685d6ef0a,Amusements
6989a4e910805f5685d6ef0a,Danish
6989a4e910805f5685d6ef0b,Heavy Metal (music)
6989a4e910805f5685d6ef0b,Management
6989a4e910805f5685d6ef0c,Crusades
6989a4e910805f5685d6ef0c,Enlightenment
6989a4e910805f5685d6ef0d,Fiction
6989a4e910805f5685d6ef0e,History
6989a4e910805f5685d6ef0e,Business
6989a4e910805f5685d6ef0e,Reference
6989a4e910805f5685d6ef0f,Fiction
6989a4e910805f5685d6ef0f,General
6989a4e910805f5685d6ef0f,Self-help
6989a4e910805f5685d6ef10,Canadian Periodicals
6989a4e910805f5685d6ef10,Fire-departments
6989a4e910805f5685d6ef11,Counting
6989a4e910805f5685d6ef11,High School Students
6989a4e910805f5685d6ef12,Orphans
6989a4e910805f5685d6ef12,Japanese Fiction
6989a4e910805f5685d6ef13,Adult Children
6989a4e910805f5685d6ef13,Bolan
6989a4e910805f5685d6ef14,Acculturation
6989a4e910805f5685d6ef14,Childbirth
6989a4e910805f5685d6ef15,Asia
6989a4e910805f5685d6ef15,True Crime
6989a4e910805f5685d6ef16,Fiction
6989a4e910805f5685d6ef17,History
6989a4e910805f5685d6ef17,Comics
6989a4e910805f5685d6ef18,Fiction
6989a4e910805f5685d6ef19,Fiction
6989a4e910805f5685d6ef1a,Fiction
6989a4e910805f5685d6ef1b,Fiction
6989a4e910805f5685d6ef1b,Photography
6989a4e910805f5685d6ef1c,City And Town Life
6989a4e910805f5685d6ef1c,Humor
6989a4e910805f5685d6ef1d,Cosmetics Industry
6989a4e910805f5685d6ef1e,History
6989a4e910805f5685d6ef1f,English.
6989a4e910805f5685d6ef1f,Paperbacks
6989a4e910805f5685d6ef20,Fiction
6989a4e910805f5685d6ef21,Espionage
6989a4e910805f5685d6ef21,Bosch
6989a4e910805f5685d6ef22,General
6989a4e910805f5685d6ef23,Fiction
6989a4e910805f5685d6ef24,Political Science
6989a4e910805f5685d6ef25,Scotland
6989a4e910805f5685d6ef25,Gays
6989a4e910805f5685d6ef26,Indic Fiction (english)
6989a4e910805f5685d6ef26,Historic Buildings
6989a4e910805f5685d6ef27,Cooking
6989a4e910805f5685d6ef27,Genealogy
6989a4e910805f5685d6ef28,Commercial Crimes
6989a4e910805f5685d6ef28,Dwellings
6989a4e910805f5685d6ef29,Fiction
6989a4e910805f5685d6ef2a,Fiction
6989a4e910805f5685d6ef2b,Fiction
6989a4e910805f5685d6ef2c,Derelicts
6989a4e910805f5685d6ef2c,Belgium
6989a4e910805f5685d6ef2d,Archetype (psychology)
6989a4e910805f5685d6ef2d,Midway
6989a4e910805f5685d6ef2e,American Dream
6989a4e910805f5685d6ef2e,Fiction
6989a4e910805f5685d6ef2f,Kate (fictitious Character)
6989a4e910805f5685d6ef2f,Netherlands
6989a4e910805f5685d6ef30,Biography
6989a4e910805f5685d6ef31,Literary Collections
6989a4e910805f5685d6ef31,Religion
6989a4e910805f5685d6ef32,Crossword Puzzles
6989a4e910805f5685d6ef32,Administration Of Estates
6989a4e910805f5685d6ef33,High School Students
6989a4e910805f5685d6ef33,Behavior
6989a4e910805f5685d6ef34,Escapes
6989a4e910805f5685d6ef34,Folklore
6989a4e910805f5685d6ef35,Fiction
6989a4e910805f5685d6ef35,General
6989a4e910805f5685d6ef35,History
6989a4e910805f5685d6ef36,Penal Colonies
6989a4e910805f5685d6ef36,American Periodicals
6989a4e910805f5685d6ef37,Fiction
6989a4e910805f5685d6ef37,General
6989a4e910805f5685d6ef37,Biography
6989a4e910805f5685d6ef38,Fiction
6989a4e910805f5685d6ef38,Education
6989a4e910805f5685d6ef38,English Fiction
6989a4e910805f5685d6ef39,Inventions
6989a4e910805f5685d6ef39,Eastern Question (far East)
6989a4e910805f5685d6ef3a,Fiction
6989a4e910805f5685d6ef3a,General
6989a4e910805f5685d6ef3a,Biography
6989a4e910805f5685d6ef3b,Fiction
6989a4e910805f5685d6ef3c,Children's Stories
6989a4e910805f5685d6ef3d,Illegitimate Children
6989a4e910805f5685d6ef3d,Businessmen
6989a4e910805f5685d6ef3e,Fiction
6989a4e910805f5685d6ef3f,Securities Industry
6989a4e910805f5685d6ef3f,Conversation
6989a4e910805f5685d6ef40,Sculptors
6989a4e910805f5685d6ef40,Christian Fiction
6989a4e910805f5685d6ef41,Children Of Migrant Laborers
6989a4e910805f5685d6ef41,Assertiveness (psychology)
6989a4e910805f5685d6ef42,General
6989a4e910805f5685d6ef43,General
6989a4e910805f5685d6ef43,Fiction
6989a4e910805f5685d6ef43,History
6989a4e910805f5685d6ef44,Juvenile Fiction
6989a4e910805f5685d6ef45,Canadian Literature
6989a4e910805f5685d6ef45,Taiwan
6989a4e910805f5685d6ef46,Vendetta
6989a4e910805f5685d6ef46,Artists
6989a4e910805f5685d6ef47,Pets
6989a4e910805f5685d6ef47,Australian Fiction
6989a4e910805f5685d6ef48,Fiction
6989a4e910805f5685d6ef48,General
6989a4e910805f5685d6ef49,Juvenile Fiction
6989a4e910805f5685d6ef49,Wizards-juvenile Fiction
6989a4e910805f5685d6ef49,Autism
6989a4e910805f5685d6ef4a,Fiction
6989a4e910805f5685d6ef4a,General
6989a4e910805f5685d6ef4a,American Literature
6989a4e910805f5685d6ef4b,Competition (psychology)
6989a4e910805f5685d6ef4b,Aberystwyth (wales)
6989a4e910805f5685d6ef4c,Fiction
6989a4e910805f5685d6ef4d,Rock Music
6989a4e910805f5685d6ef4d,Cotswold Hills (england)
6989a4e910805f5685d6ef4e,Humor
6989a4e910805f5685d6ef4e,Science
6989a4e910805f5685d6ef4e,Fiction
6989a4e910805f5685d6ef4f,September 11 Terrorist Attacks
6989a4e910805f5685d6ef4f,Church And Social Problems
6989a4e910805f5685d6ef50,Fiction
6989a4e910805f5685d6ef51,Climatic Changes
6989a4e910805f5685d6ef51,Excavations (archaeology)
6989a4e910805f5685d6ef52,Idaho
6989a4e910805f5685d6ef52,Dutch
6989a4e910805f5685d6ef53,Fiction
6989a4e910805f5685d6ef54,Examination Of Witnesses
6989a4e910805f5685d6ef54,Adventure-juvenile Fiction
6989a4e910805f5685d6ef55,Juvenile Fiction
6989a4e910805f5685d6ef55,Religion
6989a4e910805f5685d6ef55,General
6989a4e910805f5685d6ef56,General
6989a4e910805f5685d6ef57,Beauty And The Beast (tale)
6989a4e910805f5685d6ef57,Gothic Novels
6989a4e910805f5685d6ef58,Fiction
6989a4e910805f5685d6ef58,General
6989a4e910805f5685d6ef58,Biography
6989a4e910805f5685d6ef59,Fiction
6989a4e910805f5685d6ef5a,Grammar
6989a4e910805f5685d6ef5a,Documentary Photography
6989a4e910805f5685d6ef5b,Science
6989a4e910805f5685d6ef5b,Child Sexual Abuse
6989a4e910805f5685d6ef5c,Fiction
6989a4e910805f5685d6ef5c,Travel
6989a4e910805f5685d6ef5d,Role Playing
6989a4e910805f5685d6ef5d,Sinclair Symposium
6989a4e910805f5685d6ef5e,Fiction
6989a4e910805f5685d6ef5f,Interpersonal Communication
6989a4e910805f5685d6ef60,Fiction
6989a4e910805f5685d6ef60,Juvenile Fiction
6989a4e910805f5685d6ef60,General
6989a4e910805f5685d6ef61,Rabbits
6989a4e910805f5685d6ef61,Pattern Perception
6989a4e910805f5685d6ef62,Feminism And Music
6989a4e910805f5685d6ef62,True Crime
6989a4e910805f5685d6ef63,Computers
6989a4e910805f5685d6ef64,American Fiction
6989a4e910805f5685d6ef64,Nova Scotia
6989a4e910805f5685d6ef65,Fiction
6989a4e910805f5685d6ef66,Heavy Metal (music)
6989a4e910805f5685d6ef66,Austria
6989a4e910805f5685d6ef67,Fiction
6989a4e910805f5685d6ef67,General
6989a4e910805f5685d6ef67,Study Aids
6989a4e910805f5685d6ef68,Fiction
6989a4e910805f5685d6ef68,Health
6989a4e910805f5685d6ef68,Music
6989a4e910805f5685d6ef69,Detectives
6989a4e910805f5685d6ef69,Audio-visual Education
6989a4e910805f5685d6ef6a,Religion
6989a4e910805f5685d6ef6b,Alexandria (egypt)
6989a4e910805f5685d6ef6b,Numerology
6989a4e910805f5685d6ef6c,Fiction
6989a4e910805f5685d6ef6d,Dragons
6989a4e910805f5685d6ef6e,Alternative Histories (fiction)
6989a4e910805f5685d6ef6e,English.
6989a4e910805f5685d6ef6f,General
6989a4e910805f5685d6ef6f,Fiction
6989a4e910805f5685d6ef6f,Science
6989a4e910805f5685d6ef70,Fiction
6989a4e910805f5685d6ef71,Large Type Books
6989a4e910805f5685d6ef71,Executive Power.
6989a4e910805f5685d6ef72,Fiction
6989a4e910805f5685d6ef72,General
6989a4e910805f5685d6ef73,American Literature
6989a4e910805f5685d6ef74,Death
6989a4e910805f5685d6ef74,Areproductive Health
6989a4e910805f5685d6ef75,General
6989a4e910805f5685d6ef75,Self-help
6989a4e910805f5685d6ef76,Single Mothres
6989a4e910805f5685d6ef76,Psychological Fiction
6989a4e910805f5685d6ef77,Juvenile Fiction
6989a4e910805f5685d6ef77,General
6989a4e910805f5685d6ef77,Biography
6989a4e910805f5685d6ef78,Nature
6989a4e910805f5685d6ef79,Juvenile Romance
6989a4e910805f5685d6ef79,Roderick (fictitious Character)
6989a4e910805f5685d6ef7a,Harness Racing
6989a4e910805f5685d6ef7a,Spanish Drama (comedy)
6989a4e910805f5685d6ef7b,Mack (fictitious Character)
6989a4e910805f5685d6ef7b,Flower Gardening
6989a4e910805f5685d6ef7c,Pool (game)
6989a4e910805f5685d6ef7c,Aberystwyth (wales)
6989a4e910805f5685d6ef7d,Classical Philology
6989a4e910805f5685d6ef7d,Life Skills
6989a4e910805f5685d6ef7e,Archetype (psychology)
6989a4e910805f5685d6ef7e,Chile
6989a4e910805f5685d6ef7f,General
6989a4e910805f5685d6ef80,Fiction
6989a4e910805f5685d6ef80,General
6989a4e910805f5685d6ef81,Juvenile Fiction
6989a4e910805f5685d6ef82,Sinclair Symposium
6989a4e910805f5685d6ef82,Berlin (germany)
6989a4e910805f5685d6ef83,Fiction
6989a4e910805f5685d6ef83,General
6989a4e910805f5685d6ef83,Religion
6989a4e910805f5685d6ef84,Fiction
6989a4e910805f5685d6ef85,Fiction
6989a4e910805f5685d6ef85,Biography
6989a4e910805f5685d6ef86,Authors And Publishers
6989a4e910805f5685d6ef86,Czech Fiction
6989a4e910805f5685d6ef87,Medical
6989a4e910805f5685d6ef87,Last Words
6989a4e910805f5685d6ef88,History
6989a4e910805f5685d6ef89,General
6989a4e910805f5685d6ef8a,Canvas Embroidery
6989a4e910805f5685d6ef8a,Applications For Positions
6989a4e910805f5685d6ef8b,Fiction
6989a4e910805f5685d6ef8b,General
6989a4e910805f5685d6ef8b,Psychology
6989a4e910805f5685d6ef8c,Religion
6989a4e910805f5685d6ef8d,Fiction
6989a4e910805f5685d6ef8d,Detective And Mystery Stories
6989a4e910805f5685d6ef8d,General
6989a4e910805f5685d6ef8e,Automobile Travel
6989a4e910805f5685d6ef8e,Female
6989a4e910805f5685d6ef8f,Fiction
6989a4e910805f5685d6ef8f,American Fiction
6989a4e910805f5685d6ef8f,Adultery
6989a4e910805f5685d6ef90,Fiction
6989a4e910805f5685d6ef90,General
6989a4e910805f5685d6ef90,Psychology
6989a4e910805f5685d6ef91,Dogs
6989a4e910805f5685d6ef91,Problem Children
6989a4e910805f5685d6ef92,Sermons
6989a4e910805f5685d6ef92,Americanisms
6989a4e910805f5685d6ef93,Furniture
6989a4e910805f5685d6ef93,Interpersonal Relations.
6989a4e910805f5685d6ef94,Horses
6989a4e910805f5685d6ef94,Statistics
6989a4e910805f5685d6ef95,General
6989a4e910805f5685d6ef96,General
6989a4e910805f5685d6ef97,Fiction
6989a4e910805f5685d6ef97,Poetry
6989a4e910805f5685d6ef97,Science
6989a4e910805f5685d6ef98,Astronomy
6989a4e910805f5685d6ef98,Nineteen Twenties
6989a4e910805f5685d6ef99,Fathers And Daughters
6989a4e910805f5685d6ef99,Divorced People
6989a4e910805f5685d6ef9a,General
6989a4e910805f5685d6ef9b,General
6989a4e910805f5685d6ef9b,Fiction
6989a4e910805f5685d6ef9c,Gideon (fictitious Character)
6989a4e910805f5685d6ef9c,Animal Welfare
6989a4e910805f5685d6ef9d,Artist Couples
6989a4e910805f5685d6ef9d,Birthdays
6989a4e910805f5685d6ef9e,Body
6989a4e910805f5685d6ef9e,Mind
6989a4e910805f5685d6ef9e,General
6989a4e910805f5685d6ef9f,Private Investigation
6989a4e910805f5685d6ef9f,Seasons
6989a4e910805f5685d6efa0,Mystery
6989a4e910805f5685d6efa0,Short Stories
6989a4e910805f5685d6efa1,Fiction
6989a4e910805f5685d6efa1,General
6989a4e910805f5685d6efa1,Juvenile Fiction
6989a4e910805f5685d6efa2,Childbirth
6989a4e910805f5685d6efa2,Gays
6989a4e910805f5685d6efa3,Juvenile Fiction
6989a4e910805f5685d6efa4,Belden
6989a4e910805f5685d6efa4,Hay Fever
6989a4e910805f5685d6efa5,Fiction
6989a4e910805f5685d6efa5,Juvenile Fiction
6989a4e910805f5685d6efa5,Pets
6989a4e910805f5685d6efa6,History
6989a4e910805f5685d6efa7,Knowledge
6989a4e910805f5685d6efa7,Contaminated Sediments
6989a4e910805f5685d6efa8,Sex Instruction For Men
6989a4e910805f5685d6efa8,Diana (roman Deity)
6989a4e910805f5685d6efa9,Catalogs
6989a4e910805f5685d6efa9,Areproductive Health
6989a4e910805f5685d6efaa,Derelicts
6989a4e910805f5685d6efaa,Natural History
6989a4e910805f5685d6efab,Self-help
6989a4e910805f5685d6efac,Fiction
6989a4e910805f5685d6efad,General
6989a4e910805f5685d6efae,Brothers And Sisters
6989a4e910805f5685d6efaf,Women Comedians
6989a4e910805f5685d6efaf,Children Of Celebrities
6989a4e910805f5685d6efb0,General
6989a4e910805f5685d6efb0,Computers
6989a4e910805f5685d6efb1,Police
6989a4e910805f5685d6efb1,Grammar
6989a4e910805f5685d6efb2,Bridegrooms
6989a4e910805f5685d6efb2,North Atlantic Ocean
6989a4e910805f5685d6efb3,General
6989a4e910805f5685d6efb3,Juvenile Fiction
6989a4e910805f5685d6efb3,Biography
6989a4e910805f5685d6efb4,Fiction
6989a4e910805f5685d6efb5,Diabetes
6989a4e910805f5685d6efb5,Fuentes De Oñoro
6989a4e910805f5685d6efb6,Social Science
6989a4e910805f5685d6efb6,Fiction
6989a4e910805f5685d6efb7,True Crime
6989a4e910805f5685d6efb8,Examination Of Witnesses
6989a4e910805f5685d6efb8,Beauty And The Beast (tale)
6989a4e910805f5685d6efb9,Children's Poetry
6989a4e910805f5685d6efb9,Folklore
6989a4e910805f5685d6efba,Business
6989a4e910805f5685d6efba,Fiction
6989a4e910805f5685d6efbb,Anglican Converts
6989a4e910805f5685d6efbc,History
6989a4e910805f5685d6efbd,Architects
6989a4e910805f5685d6efbd,French Drama
6989a4e910805f5685d6efbe,Fiction
6989a4e910805f5685d6efbf,Adult Children
6989a4e910805f5685d6efbf,Documentary Photography
6989a4e910805f5685d6efc0,Fiction
6989a4e910805f5685d6efc1,Rocks
6989a4e910805f5685d6efc1,Squirrels
6989a4e910805f5685d6efc2,Devotional Literature
6989a4e910805f5685d6efc2,Creative Writing
6989a4e910805f5685d6efc3,Mission Of The Church
6989a4e910805f5685d6efc3,Songs
6989a4e910805f5685d6efc4,Dragons
6989a4e910805f5685d6efc5,Abolitionists
6989a4e910805f5685d6efc5,Francis (fictitious Character)
6989a4e910805f5685d6efc6,Alternative Histories (fiction)
6989a4e910805f5685d6efc6,Bridegrooms
6989a4e910805f5685d6efc7,Fiction
6989a4e910805f5685d6efc7,General
6989a4e910805f5685d6efc7,Reference
6989a4e910805f5685d6efc8,Drivers' Licenses
6989a4e910805f5685d6efc8,Salvage
6989a4e910805f5685d6efc9,Fiction
6989a4e910805f5685d6efca,Online Dating
6989a4e910805f5685d6efca,Beef
6989a4e910805f5685d6efcb,Buddhism
6989a4e910805f5685d6efcb,Online Dating
6989a4e910805f5685d6efcc,Jamestown (va.)
6989a4e910805f5685d6efcc,Anti-clericalism
6989a4e910805f5685d6efcd,Biography
6989a4e910805f5685d6efcd,Cooking
6989a4e910805f5685d6efcd,Fiction
6989a4e910805f5685d6efce,History
6989a4e910805f5685d6efcf,Fiction
6989a4e910805f5685d6efcf,General
6989a4e910805f5685d6efcf,Biography
6989a4e910805f5685d6efd0,Horn Carving
6989a4e910805f5685d6efd0,Sales Personnel
6989a4e910805f5685d6efd1,Consumption (economics)
6989a4e910805f5685d6efd2,Body
6989a4e910805f5685d6efd2,Mind
6989a4e910805f5685d6efd3,American Fiction
6989a4e910805f5685d6efd3,Fiction
6989a4e910805f5685d6efd4,Motion Picture Plays
6989a4e910805f5685d6efd4,Fiction
6989a4e910805f5685d6efd5,Medieval
6989a4e910805f5685d6efd5,Physical Sciences
6989a4e910805f5685d6efd6,Satanism
6989a4e910805f5685d6efd6,Lizards
6989a4e910805f5685d6efd7,General
6989a4e910805f5685d6efd7,Narnia (imaginary Place)
6989a4e910805f5685d6efd7,Biography
6989a4e910805f5685d6efd8,Fiction
6989a4e910805f5685d6efd9,Jewish (1939-1945)
6989a4e910805f5685d6efd9,Amnesiacs
6989a4e910805f5685d6efda,Gideon (fictitious Character)
6989a4e910805f5685d6efda,Adultery
6989a4e910805f5685d6efdb,History
6989a4e910805f5685d6efdc,Fiction
6989a4e910805f5685d6efdd,Fiction
6989a4e910805f5685d6efde,Fiction
6989a4e910805f5685d6efdf,Soldiers
6989a4e910805f5685d6efdf,Political Science
6989a4e910805f5685d6efe0,American Wit And Humor.
6989a4e910805f5685d6efe0,Derelicts
6989a4e910805f5685d6efe1,Fiction
6989a4e910805f5685d6efe2,National
6989a4e910805f5685d6efe2,Atlanta (ga.)
6989a4e910805f5685d6efe3,Music
6989a4e910805f5685d6efe4,Juvenile Fiction
6989a4e910805f5685d6efe4,General
6989a4e910805f5685d6efe5,Fiction
6989a4e910805f5685d6efe6,Comedy
6989a4e910805f5685d6efe6,Conversation Analysis
6989a4e910805f5685d6efe7,Bondage (sexual Behavior)
6989a4e910805f5685d6efe7,Autographs
6989a4e910805f5685d6efe8,Fiction
6989a4e910805f5685d6efe9,Fiction
6989a4e910805f5685d6efea,Fiction
6989a4e910805f5685d6efeb,Fiction
6989a4e910805f5685d6efeb,Juvenile Fiction
6989a4e910805f5685d6efeb,General
6989a4e910805f5685d6efec,Fiction
6989a4e910805f5685d6efed,Juvenile Fiction
6989a4e910805f5685d6efed,Literary Criticism
6989a4e910805f5685d6efed,Fiction
6989a4e910805f5685d6efee,Psychology
6989a4e910805f5685d6efef,Fables
6989a4e910805f5685d6eff0,Publishers' Catalogs
6989a4e910805f5685d6eff0,Deverry (imaginary Place)
6989a4e910805f5685d6eff1,Biography
6989a4e910805f5685d6eff2,Fiction
6989a4e910805f5685d6eff2,Travel
6989a4e910805f5685d6eff3,Selling
6989a4e910805f5685d6eff3,Sex (psychology)
6989a4e910805f5685d6eff4,English Drama
6989a4e910805f5685d6eff4,Adoption
6989a4e910805f5685d6eff5,Fiction
6989a4e910805f5685d6eff6,Readers (elementary)
6989a4e910805f5685d6eff6,Calder Family (fictitious Characters)
6989a4e910805f5685d6eff7,Biography
6989a4e910805f5685d6eff7,Fiction
6989a4e910805f5685d6eff7,Sports
6989a4e910805f5685d6eff8,General
6989a4e910805f5685d6eff9,Harness Racing
6989a4e910805f5685d6eff9,Indians
6989a4e910805f5685d6effa,Sinclair Symposium
6989a4e910805f5685d6effa,Opera
6989a4e910805f5685d6effb,Confucianism
6989a4e910805f5685d6effb,Labor Day
6989a4e910805f5685d6effc,Fiction
6989a4e910805f5685d6effc,History
6989a4e910805f5685d6effd,Business
6989a4e910805f5685d6effd,Biography
6989a4e910805f5685d6effd,General
6989a4e910805f5685d6effe,Aristocracy (social Class)
6989a4e910805f5685d6effe,Brewing
6989a4e910805f5685d6efff,Fiction
6989a4e910805f5685d6efff,Juvenile Fiction
6989a4e910805f5685d6f000,Fiction
6989a4e910805f5685d6f000,Education
6989a4e910805f5685d6f001,Northern Exposure (television Program)
6989a4e910805f5685d6f001,British
6989a4e910805f5685d6f002,Religion
6989a4e910805f5685d6f002,Consciousness
6989a4e910805f5685d6f002,Juvenile Fiction
6989a4e910805f5685d6f003,Pets
6989a4e910805f5685d6f003,John
6989a4e910805f5685d6f004,Survival
6989a4e910805f5685d6f004,Autism
6989a4e910805f5685d6f005,Confucianism
6989a4e910805f5685d6f005,Brewing
6989a4e910805f5685d6f006,General
6989a4e910805f5685d6f006,Fiction
6989a4e910805f5685d6f007,Ghost Stories
6989a4e910805f5685d6f007,American
6989a4e910805f5685d6f008,Parenting
6989a4e910805f5685d6f008,Boats And Boating
6989a4e910805f5685d6f009,Science
6989a4e910805f5685d6f009,General
6989a4e910805f5685d6f009,History
6989a4e910805f5685d6f00a,Alaska
6989a4e910805f5685d6f00a,Owls
6989a4e910805f5685d6f00b,Antiques
6989a4e910805f5685d6f00c,Horse Trainers
6989a4e910805f5685d6f00c,Chemistry
6989a4e910805f5685d6f00d,Fiction
6989a4e910805f5685d6f00e,Juvenile Fiction
6989a4e910805f5685d6f00e,Fiction
6989a4e910805f5685d6f00e,Friendship
6989a4e910805f5685d6f00f,Electronic Books
6989a4e910805f5685d6f00f,Anthropology.
6989a4e910805f5685d6f010,Juvenile Fiction
6989a4e910805f5685d6f010,Fiction
6989a4e910805f5685d6f011,Fiction
6989a4e910805f5685d6f011,General
6989a4e910805f5685d6f011,Juvenile Nonfiction
6989a4e910805f5685d6f012,Religion
6989a4e910805f5685d6f012,Philosophy
6989a4e910805f5685d6f012,Body
6989a4e910805f5685d6f013,Children
6989a4e910805f5685d6f013,Language Arts
6989a4e910805f5685d6f014,Zen Buddhism
6989a4e910805f5685d6f014,Behavior Therapy
6989a4e910805f5685d6f015,Fiction
6989a4e910805f5685d6f015,General
6989a4e910805f5685d6f015,Self-help
6989a4e910805f5685d6f016,Biography
6989a4e910805f5685d6f016,Fiction
6989a4e910805f5685d6f017,Yachts
6989a4e910805f5685d6f017,Medieval
6989a4e910805f5685d6f018,Planets
6989a4e910805f5685d6f018,Housing
6989a4e910805f5685d6f019,Fiction
6989a4e910805f5685d6f01a,Anglican Converts
6989a4e910805f5685d6f01a,Roderick (fictitious Character)
6989a4e910805f5685d6f01b,History
6989a4e910805f5685d6f01c,General
6989a4e910805f5685d6f01c,Fiction
6989a4e910805f5685d6f01c,Juvenile Fiction
6989a4e910805f5685d6f01d,General
6989a4e910805f5685d6f01e,Fiction
6989a4e910805f5685d6f01e,General
6989a4e910805f5685d6f01e,Biography
6989a4e910805f5685d6f01f,Endangered Species
6989a4e910805f5685d6f01f,Amusements
6989a4e910805f5685d6f020,General
6989a4e910805f5685d6f020,Fiction
6989a4e910805f5685d6f021,Fiction
6989a4e910805f5685d6f021,General
6989a4e910805f5685d6f021,Comics
6989a4e910805f5685d6f022,Fiction
6989a4e910805f5685d6f023,History
6989a4e910805f5685d6f023,Fiction
6989a4e910805f5685d6f024,Brazil
6989a4e910805f5685d6f024,Indic Poetry (english)
6989a4e910805f5685d6f025,Fiction
6989a4e910805f5685d6f026,Hotels
6989a4e910805f5685d6f026,Amber (imaginary Place)
6989a4e910805f5685d6f027,Drama
6989a4e910805f5685d6f028,Sports
6989a4e910805f5685d6f029,Fantasy In Art
6989a4e910805f5685d6f029,Nvivo
6989a4e910805f5685d6f02a,Wales
6989a4e910805f5685d6f02a,Fiction In English
6989a4e910805f5685d6f02b,History
6989a4e910805f5685d6f02c,Fiction
6989a4e910805f5685d6f02c,Electronic Books
6989a4e910805f5685d6f02d,Fiction
6989a4e910805f5685d6f02d,Humor
6989a4e910805f5685d6f02d,Reference
6989a4e910805f5685d6f02e,Criminal Snipers
6989a4e910805f5685d6f02e,Dutch
6989a4e910805f5685d6f02f,Fiction
6989a4e910805f5685d6f030,Animal Behavior
6989a4e910805f5685d6f031,Canvas Embroidery
6989a4e910805f5685d6f031,Color In Interior Decoration
6989a4e910805f5685d6f032,Fiction
6989a4e910805f5685d6f032,Cooking
6989a4e910805f5685d6f032,Religion
6989a4e910805f5685d6f033,Fiction
6989a4e910805f5685d6f033,General
6989a4e910805f5685d6f033,House
6989a4e910805f5685d6f034,Religion
6989a4e910805f5685d6f035,Young Adult Fiction
6989a4e910805f5685d6f035,Social Science
6989a4e910805f5685d6f036,Aristocracy (social Class)
6989a4e910805f5685d6f036,Drama
6989a4e910805f5685d6f037,Science Fiction.
6989a4e910805f5685d6f037,Felse
6989a4e910805f5685d6f038,Frogs
6989a4e910805f5685d6f038,Librarians
6989a4e910805f5685d6f039,Discipline Of Children
6989a4e910805f5685d6f039,Spanish
6989a4e910805f5685d6f03a,General
6989a4e910805f5685d6f03a,Fiction
6989a4e910805f5685d6f03b,Animal Heroes
6989a4e910805f5685d6f03b,Press And Politics
6989a4e910805f5685d6f03c,Cuba
6989a4e910805f5685d6f03c,Communication In Organizations
6989a4e910805f5685d6f03d,General
6989a4e910805f5685d6f03d,Fiction
6989a4e910805f5685d6f03e,Seashore
6989a4e910805f5685d6f03e,Romances
6989a4e910805f5685d6f03f,Wizards-juvenile Fiction
6989a4e910805f5685d6f03f,Autism
6989a4e910805f5685d6f03f,Fantasy
6989a4e910805f5685d6f040,Biography
6989a4e910805f5685d6f040,General
6989a4e910805f5685d6f041,Fiction
6989a4e910805f5685d6f041,Poetry
6989a4e910805f5685d6f041,General
6989a4e910805f5685d6f042,Fiction
6989a4e910805f5685d6f042,Health
6989a4e910805f5685d6f043,Performing Arts
6989a4e910805f5685d6f044,Hollywood (los Angeles
6989a4e910805f5685d6f044,Québec (province)
6989a4e910805f5685d6f045,Readers (elementary)
6989a4e910805f5685d6f045,Industrial Management
6989a4e910805f5685d6f046,Inventions
6989a4e910805f5685d6f046,Songs
6989a4e910805f5685d6f047,Expatriation
6989a4e910805f5685d6f047,Commercial Statistics
6989a4e910805f5685d6f048,1865
6989a4e910805f5685d6f048,Medieval
6989a4e910805f5685d6f049,Fiction
6989a4e910805f5685d6f04a,Assassination
6989a4e910805f5685d6f04a,Black Holes (astronomy)
6989a4e910805f5685d6f04b,Fiction
6989a4e910805f5685d6f04b,History
6989a4e910805f5685d6f04c,Women Authors
6989a4e910805f5685d6f04c,Fantastic Literature
6989a4e910805f5685d6f04d,General
6989a4e910805f5685d6f04e,Fiction
6989a4e910805f5685d6f04e,Religion
6989a4e910805f5685d6f04e,English Literature
6989a4e910805f5685d6f04f,Governesses
6989a4e910805f5685d6f04f,1818-1848
6989a4e910805f5685d6f050,Education
6989a4e910805f5685d6f051,Sermons
6989a4e910805f5685d6f051,Cloning
6989a4e910805f5685d6f052,Business
6989a4e910805f5685d6f052,Computers
6989a4e910805f5685d6f053,Common Interest Ownership Communities
6989a4e910805f5685d6f053,Future Life
6989a4e910805f5685d6f054,Fiction
6989a4e910805f5685d6f054,Juvenile Fiction
6989a4e910805f5685d6f054,Country Life
6989a4e910805f5685d6f055,Southern States
6989a4e910805f5685d6f055,Anarchists
6989a4e910805f5685d6f056,Fiction
6989a4e910805f5685d6f057,Fiction
6989a4e910805f5685d6f058,Fiction
6989a4e910805f5685d6f058,General
6989a4e910805f5685d6f058,History
6989a4e910805f5685d6f059,Selling
6989a4e910805f5685d6f059,Communities
6989a4e910805f5685d6f05a,Bars (drinking Establishments)
6989a4e910805f5685d6f05a,Felse
6989a4e910805f5685d6f05b,Australian
6989a4e910805f5685d6f05b,Church And The World
6989a4e910805f5685d6f05c,Fiction
6989a4e910805f5685d6f05c,General
6989a4e910805f5685d6f05c,Biography
6989a4e910805f5685d6f05d,General
6989a4e910805f5685d6f05e,Fiction
6989a4e910805f5685d6f05e,General
6989a4e910805f5685d6f05e,Social Science
6989a4e910805f5685d6f05f,Hate Groups
6989a4e910805f5685d6f05f,Indonesia
6989a4e910805f5685d6f060,History
6989a4e910805f5685d6f061,General
6989a4e910805f5685d6f061,Science
6989a4e910805f5685d6f062,Act Assessment
6989a4e910805f5685d6f062,Carbohydrates
6989a4e910805f5685d6f063,History
6989a4e910805f5685d6f064,African American Authors
6989a4e910805f5685d6f064,Video Games
6989a4e910805f5685d6f065,Literary Criticism
6989a4e910805f5685d6f065,Africa
6989a4e910805f5685d6f065,Central
6989a4e910805f5685d6f066,History
6989a4e910805f5685d6f067,Insects
6989a4e910805f5685d6f067,Mexican War
6989a4e910805f5685d6f068,Business
6989a4e910805f5685d6f069,General
6989a4e910805f5685d6f069,Adventure And Adventurers
6989a4e910805f5685d6f069,Juvenile Fiction
6989a4e910805f5685d6f06a,General
6989a4e910805f5685d6f06a,Juvenile Fiction
6989a4e910805f5685d6f06b,Meditations
6989a4e910805f5685d6f06b,Baseball Players
6989a4e910805f5685d6f06c,Frogs
6989a4e910805f5685d6f06c,Fishes
6989a4e910805f5685d6f06d,Coal Miners
6989a4e910805f5685d6f06d,Bed And Breakfast Accommodations
6989a4e910805f5685d6f06e,Colombo (sri Lanka)
6989a4e910805f5685d6f06e,Comics
6989a4e910805f5685d6f06f,Dragons
6989a4e910805f5685d6f070,Depression
6989a4e910805f5685d6f070,New Thought
6989a4e910805f5685d6f071,Fiction
6989a4e910805f5685d6f072,Fiction
6989a4e910805f5685d6f072,England
6989a4e910805f5685d6f073,Fiction
6989a4e910805f5685d6f074,Monographic Series
6989a4e910805f5685d6f074,Masturbation
6989a4e910805f5685d6f075,Biography
6989a4e910805f5685d6f075,General
6989a4e910805f5685d6f075,History
6989a4e910805f5685d6f076,Military Art And Science
6989a4e910805f5685d6f076,Animals In Art
6989a4e910805f5685d6f077,Fiction
6989a4e910805f5685d6f077,General
6989a4e910805f5685d6f077,Architects
6989a4e910805f5685d6f078,Theory Of
6989a4e910805f5685d6f078,Herb Gardening
6989a4e910805f5685d6f079,History
6989a4e910805f5685d6f07a,Fiction
6989a4e910805f5685d6f07a,General
6989a4e910805f5685d6f07b,Manners And Customs
6989a4e910805f5685d6f07b,General
6989a4e910805f5685d6f07c,Burma
6989a4e910805f5685d6f07c,Corporate Image
6989a4e910805f5685d6f07d,English Imprints
6989a4e910805f5685d6f07d,Album
6989a4e910805f5685d6f07e,Beauty And The Beast (tale)
6989a4e910805f5685d6f07e,1. Short Stories-science Fiction
6989a4e910805f5685d6f07f,Cosmogony
6989a4e910805f5685d6f07f,Hotels
6989a4e910805f5685d6f080,Juvenile Fiction
6989a4e910805f5685d6f081,Spanish
6989a4e910805f5685d6f081,Abolitionists
6989a4e910805f5685d6f082,Fiction
6989a4e910805f5685d6f082,General
6989a4e910805f5685d6f082,Women Astronauts
6989a4e910805f5685d6f083,Landscape
6989a4e910805f5685d6f083,Berlin
6989a4e910805f5685d6f084,Fiction
6989a4e910805f5685d6f085,Fiction
6989a4e910805f5685d6f085,Education
6989a4e910805f5685d6f085,Biography
6989a4e910805f5685d6f086,True Crime
6989a4e910805f5685d6f087,Curiosities And Wonders
6989a4e910805f5685d6f087,Permaculture
6989a4e910805f5685d6f088,American Fiction
6989a4e910805f5685d6f088,Fiction
6989a4e910805f5685d6f089,Science
6989a4e910805f5685d6f08a,Fiction
6989a4e910805f5685d6f08a,Social Science
6989a4e910805f5685d6f08a,Juvenile Nonfiction
6989a4e910805f5685d6f08b,Presidents
6989a4e910805f5685d6f08b,Texas
6989a4e910805f5685d6f08c,United States History Civil War
6989a4e910805f5685d6f08c,Investments
6989a4e910805f5685d6f08d,Behavior Modification
6989a4e910805f5685d6f08d,Hollywood (los Angeles
6989a4e910805f5685d6f08e,Artist Couples
6989a4e910805f5685d6f08e,Bible
6989a4e910805f5685d6f08f,General
6989a4e910805f5685d6f08f,Fiction
6989a4e910805f5685d6f08f,Juvenile Fiction
6989a4e910805f5685d6f090,Short Stories
6989a4e910805f5685d6f090,Conflict Management
6989a4e910805f5685d6f091,Ghost Stories
6989a4e910805f5685d6f091,American
6989a4e910805f5685d6f091,Juvenile Nonfiction
6989a4e910805f5685d6f092,Ambassadors
6989a4e910805f5685d6f092,Subject Catalogs
6989a4e910805f5685d6f093,Albert (fictitious Character)
6989a4e910805f5685d6f093,Sports
6989a4e910805f5685d6f094,Jewish (1939-1945)
6989a4e910805f5685d6f094,Astrology.
6989a4e910805f5685d6f095,Archetype (psychology)
6989a4e910805f5685d6f095,Wizards
6989a4e910805f5685d6f096,Publishers' Catalogs
6989a4e910805f5685d6f096,Alligators
6989a4e910805f5685d6f097,Literature And Society
6989a4e910805f5685d6f097,Bondage (sexual Behavior)
6989a4e910805f5685d6f098,Families
6989a4e910805f5685d6f099,Erotic Stories
6989a4e910805f5685d6f099,Dragons
6989a4e910805f5685d6f09a,Eskimos
6989a4e910805f5685d6f09a,Interpersonal Conflict
6989a4e910805f5685d6f09b,Psychological Fiction
6989a4e910805f5685d6f09b,Hockey Stories
6989a4e910805f5685d6f09c,Psychology
6989a4e910805f5685d6f09c,Self-help
6989a4e910805f5685d6f09d,Genetic Engineering
6989a4e910805f5685d6f09d,Beany (fictitious Character)
6989a4e910805f5685d6f09e,Fiction
6989a4e910805f5685d6f09e,Juvenile Fiction
6989a4e910805f5685d6f09e,General
6989a4e910805f5685d6f09f,Leadership
6989a4e910805f5685d6f09f,Humor
6989a4e910805f5685d6f0a0,History
6989a4e910805f5685d6f0a1,Hopalong (fictitious Character)
6989a4e910805f5685d6f0a1,Songs
6989a4e910805f5685d6f0a2,English Language - Words
6989a4e910805f5685d6f0a2,Drowning
6989a4e910805f5685d6f0a3,Body
6989a4e910805f5685d6f0a3,Mind
6989a4e910805f5685d6f0a4,Fiction
6989a4e910805f5685d6f0a5,Fiction
6989a4e910805f5685d6f0a6,Fiction
6989a4e910805f5685d6f0a7,Marquesas Islands (french Polynesia)
6989a4e910805f5685d6f0a7,Classified
6989a4e910805f5685d6f0a8,Religion
6989a4e910805f5685d6f0a9,Fiction
6989a4e910805f5685d6f0a9,Travel
6989a4e910805f5685d6f0aa,Fiction
6989a4e910805f5685d6f0aa,Juvenile Fiction
6989a4e910805f5685d6f0ab,Economics
6989a4e910805f5685d6f0ab,Free Enterprise
6989a4e910805f5685d6f0ac,Brothers
6989a4e910805f5685d6f0ac,Veterinarians
6989a4e910805f5685d6f0ad,Fathers And Daughters
6989a4e910805f5685d6f0ad,English Drama (comedy)
6989a4e910805f5685d6f0ae,Gaia (fictitious Character)
6989a4e910805f5685d6f0ae,Yachts
6989a4e910805f5685d6f0af,Juvenile Fiction
6989a4e910805f5685d6f0b0,Fiction
6989a4e910805f5685d6f0b1,Business
6989a4e910805f5685d6f0b2,Fiction
6989a4e910805f5685d6f0b3,Sex Instruction For Men
6989a4e910805f5685d6f0b3,Horses
6989a4e910805f5685d6f0b4,Archetype (psychology)
6989a4e910805f5685d6f0b4,Emigration And Immigration
6989a4e910805f5685d6f0b5,Fiction
6989a4e910805f5685d6f0b5,General
6989a4e910805f5685d6f0b5,Religion
6989a4e910805f5685d6f0b6,Bosch
6989a4e910805f5685d6f0b6,Children's Stories
6989a4e910805f5685d6f0b7,Biography
6989a4e910805f5685d6f0b7,General
6989a4e910805f5685d6f0b8,Compost
6989a4e910805f5685d6f0b8,Fairy Tales
6989a4e910805f5685d6f0b9,Literary Criticism
6989a4e910805f5685d6f0ba,Fiction
6989a4e910805f5685d6f0bb,Horse Racing
6989a4e910805f5685d6f0bb,Subject Catalogs
6989a4e910805f5685d6f0bc,Nature
6989a4e910805f5685d6f0bd,Croatia
6989a4e910805f5685d6f0bd,Political Science
6989a4e910805f5685d6f0be,General
6989a4e910805f5685d6f0bf,Juvenile Fiction
6989a4e910805f5685d6f0bf,Fiction
6989a4e910805f5685d6f0bf,Computers
6989a4e910805f5685d6f0c0,Juvenile Fiction
6989a4e910805f5685d6f0c0,General
6989a4e910805f5685d6f0c1,Emblems
6989a4e910805f5685d6f0c1,Manuscripts
6989a4e910805f5685d6f0c2,Mythology
6989a4e910805f5685d6f0c2,Stream Measurements
6989a4e910805f5685d6f0c3,General
6989a4e910805f5685d6f0c3,Juvenile Fiction
6989a4e910805f5685d6f0c3,Fiction
6989a4e910805f5685d6f0c4,Social Science
6989a4e910805f5685d6f0c5,Beagle Expedition
6989a4e910805f5685d6f0c5,Drama
6989a4e910805f5685d6f0c6,General
6989a4e910805f5685d6f0c7,General
6989a4e910805f5685d6f0c8,Single Mothres
6989a4e910805f5685d6f0c8,Body Marking
6989a4e910805f5685d6f0c9,Soccer
6989a4e910805f5685d6f0c9,Schools
6989a4e910805f5685d6f0ca,Climatic Changes
6989a4e910805f5685d6f0ca,Decoration And Ornament
6989a4e910805f5685d6f0cb,Fiction
6989a4e910805f5685d6f0cc,Carbohydrates
6989a4e910805f5685d6f0cc,Relativity (physics)
6989a4e910805f5685d6f0cd,Spanish Language
6989a4e910805f5685d6f0cd,Public Health
6989a4e910805f5685d6f0ce,Fiction
6989a4e910805f5685d6f0cf,Medicine
6989a4e910805f5685d6f0cf,Mass.)
6989a4e910805f5685d6f0d0,Satanism
6989a4e910805f5685d6f0d0,Home-based Businesses
6989a4e910805f5685d6f0d1,Fiction
6989a4e910805f5685d6f0d2,Czech Americans
6989a4e910805f5685d6f0d3,Fiction
6989a4e910805f5685d6f0d3,Bronté́
6989a4e910805f5685d6f0d3,Emily
6989a4e910805f5685d6f0d4,Predation (biology)
6989a4e910805f5685d6f0d5,Fiction
6989a4e910805f5685d6f0d6,Sub-saharan
6989a4e910805f5685d6f0d6,Serial Murderers
6989a4e910805f5685d6f0d7,Bands (music)
6989a4e910805f5685d6f0d7,Sex
6989a4e910805f5685d6f0d8,Fiction
6989a4e910805f5685d6f0d9,Portrait Photography
6989a4e910805f5685d6f0d9,Women Authors
6989a4e910805f5685d6f0da,1861-1865 Fiction
6989a4e910805f5685d6f0da,Statistics
6989a4e910805f5685d6f0db,General
6989a4e910805f5685d6f0dc,Fiction
6989a4e910805f5685d6f0dc,General
6989a4e910805f5685d6f0dc,Biography
6989a4e910805f5685d6f0dd,Penny Dreadfuls
6989a4e910805f5685d6f0dd,Military Funerals
6989a4e910805f5685d6f0de,Amish
6989a4e910805f5685d6f0de,Sculptors
6989a4e910805f5685d6f0df,Pool (game)
6989a4e910805f5685d6f0df,Bildungsromans
6989a4e910805f5685d6f0e0,Domestic Fiction
6989a4e910805f5685d6f0e0,Adventure
6989a4e910805f5685d6f0e1,In The Bleak Midwinter (motion Picture)
6989a4e910805f5685d6f0e1,Cerebral Dominance
6989a4e910805f5685d6f0e2,Control (psychology)
6989a4e910805f5685d6f0e2,Holden (fictitious Character)
6989a4e910805f5685d6f0e3,American.
6989a4e910805f5685d6f0e3,Book Of Mormon
6989a4e910805f5685d6f0e4,History
6989a4e910805f5685d6f0e5,Study Aids
6989a4e910805f5685d6f0e6,Intimacy (psychology)
6989a4e910805f5685d6f0e6,Books And Reading
6989a4e910805f5685d6f0e7,Fiction
6989a4e910805f5685d6f0e8,Juvenile Fiction
6989a4e910805f5685d6f0e9,Women Comedians
6989a4e910805f5685d6f0e9,Quilts
6989a4e910805f5685d6f0ea,Juvenile Fiction
6989a4e910805f5685d6f0eb,Indonesia
6989a4e910805f5685d6f0eb,Civilization
6989a4e910805f5685d6f0ec,Sniping (military Science)
6989a4e910805f5685d6f0ec,Chance
6989a4e910805f5685d6f0ed,Harlem (new York
6989a4e910805f5685d6f0ed,Moore
6989a4e910805f5685d6f0ee,General
6989a4e910805f5685d6f0ef,College Sports
6989a4e910805f5685d6f0ef,Vampires
6989a4e910805f5685d6f0f0,Fiction
6989a4e910805f5685d6f0f1,Body
6989a4e910805f5685d6f0f1,Mind
6989a4e910805f5685d6f0f2,Singers
6989a4e910805f5685d6f0f2,Violin
6989a4e910805f5685d6f0f3,Bible And Evolution
6989a4e910805f5685d6f0f4,Readers (adult)
6989a4e910805f5685d6f0f4,Drowning
6989a4e910805f5685d6f0f5,Occult Fiction
6989a4e910805f5685d6f0f5,Amusements
6989a4e910805f5685d6f0f6,Juvenile Fiction
6989a4e910805f5685d6f0f7,Mental
6989a4e910805f5685d6f0f7,Diaries
6989a4e910805f5685d6f0f8,Blind
6989a4e910805f5685d6f0f8,Female Orgasm
6989a4e910805f5685d6f0f9,Children's Libraries
6989a4e910805f5685d6f0f9,Cameras
6989a4e910805f5685d6f0fa,Juvenile Fiction
6989a4e910805f5685d6f0fb,Captain Underpants (fictitious Character)
6989a4e910805f5685d6f0fb,Black Mountain (n.c.)
6989a4e910805f5685d6f0fc,Fiction
6989a4e910805f5685d6f0fc,General
6989a4e910805f5685d6f0fd,Rock Music
6989a4e910805f5685d6f0fd,Fitness Walking
6989a4e910805f5685d6f0fe,Fiction
6989a4e910805f5685d6f0fe,Juvenile Fiction
6989a4e910805f5685d6f0ff,Calder Family (fictitious Characters)
6989a4e910805f5685d6f0ff,Africa
6989a4e910805f5685d6f100,Psychosomatic
6989a4e910805f5685d6f100,Genetic Engineering
6989a4e910805f5685d6f101,Fiction
6989a4e910805f5685d6f102,African Americans
6989a4e910805f5685d6f103,Fiction
6989a4e910805f5685d6f103,Humor
6989a4e910805f5685d6f103,Biography
6989a4e910805f5685d6f104,General
6989a4e910805f5685d6f105,Buddhism
6989a4e910805f5685d6f105,Government Publications
6989a4e910805f5685d6f106,Fiction
6989a4e910805f5685d6f106,General
6989a4e910805f5685d6f106,Humor
6989a4e910805f5685d6f107,Fiction
6989a4e910805f5685d6f108,Inspiration
6989a4e910805f5685d6f108,Business Enterprises
6989a4e910805f5685d6f109,General
6989a4e910805f5685d6f109,Biography
6989a4e910805f5685d6f109,Fiction
6989a4e910805f5685d6f10a,Fiction
6989a4e910805f5685d6f10b,Fiction
6989a4e910805f5685d6f10b,General
6989a4e910805f5685d6f10b,Juvenile Fiction
6989a4e910805f5685d6f10c,Self-help
6989a4e910805f5685d6f10c,Gaia (fictitious Character)
6989a4e910805f5685d6f10d,History
6989a4e910805f5685d6f10e,Medical
6989a4e910805f5685d6f10e,Wrestlers
6989a4e910805f5685d6f10f,Online Dating
6989a4e910805f5685d6f10f,Vietnam War
6989a4e910805f5685d6f110,Literary Criticism
6989a4e910805f5685d6f111,Flags
6989a4e910805f5685d6f111,Sales Personnel
6989a4e910805f5685d6f112,Fiction
6989a4e910805f5685d6f113,Colombian
6989a4e910805f5685d6f113,Depression
6989a4e910805f5685d6f114,Fiction
6989a4e910805f5685d6f114,General
6989a4e910805f5685d6f115,Fiction
6989a4e910805f5685d6f116,General
6989a4e910805f5685d6f116,Computers
6989a4e910805f5685d6f117,Fiction
6989a4e910805f5685d6f118,Psychosomatic
6989a4e910805f5685d6f118,Counting
6989a4e910805f5685d6f119,Poetry
6989a4e910805f5685d6f119,General
6989a4e910805f5685d6f11a,Graphic Novels
6989a4e910805f5685d6f11a,Arts
6989a4e910805f5685d6f11b,Fiction
6989a4e910805f5685d6f11c,Diazepam
6989a4e910805f5685d6f11d,Detective And Mystery Stories
6989a4e910805f5685d6f11e,Film Novelizations
6989a4e910805f5685d6f11e,Dyslexic Children
6989a4e910805f5685d6f11f,Fiction
6989a4e910805f5685d6f11f,Humor
6989a4e910805f5685d6f11f,Detective And Mystery Stories
6989a4e910805f5685d6f120,Children's Plays
6989a4e910805f5685d6f120,Antique Dealers
6989a4e910805f5685d6f121,Juvenile Fiction
6989a4e910805f5685d6f122,Fiction
6989a4e910805f5685d6f122,General
6989a4e910805f5685d6f122,History
6989a4e910805f5685d6f123,Music
6989a4e910805f5685d6f124,Fiction
6989a4e910805f5685d6f124,Biography
6989a4e910805f5685d6f124,Automobile Travel / United States
6989a4e910805f5685d6f125,Biography
6989a4e910805f5685d6f125,Travel
6989a4e910805f5685d6f125,General
6989a4e910805f5685d6f126,Drama
6989a4e910805f5685d6f127,Narnia (imaginary Place)
6989a4e910805f5685d6f127,Iraq War
6989a4e910805f5685d6f128,Psychology
6989a4e910805f5685d6f128,Fiction
6989a4e910805f5685d6f129,Hinduism
6989a4e910805f5685d6f129,Bean
6989a4e910805f5685d6f12a,Education
6989a4e910805f5685d6f12b,General
6989a4e910805f5685d6f12b,American Fiction
6989a4e910805f5685d6f12c,Juvenile Fiction
6989a4e910805f5685d6f12c,Fiction
6989a4e910805f5685d6f12c,Alligators
6989a4e910805f5685d6f12d,Fiction
6989a4e910805f5685d6f12e,General
6989a4e910805f5685d6f12f,Humor
6989a4e910805f5685d6f130,Logic
6989a4e910805f5685d6f130,Military Art And Science
6989a4e910805f5685d6f131,Health
6989a4e910805f5685d6f131,Religion
6989a4e910805f5685d6f131,General
6989a4e910805f5685d6f132,Subject Catalogs
6989a4e910805f5685d6f132,Diplomatic And Consular Service
6989a4e910805f5685d6f133,Science
6989a4e910805f5685d6f134,History
6989a4e910805f5685d6f134,Buddhism
6989a4e910805f5685d6f135,Audiobooks
6989a4e910805f5685d6f135,Fiction
6989a4e910805f5685d6f135,Religion
6989a4e910805f5685d6f136,Biography
6989a4e910805f5685d6f136,General
6989a4e910805f5685d6f137,Revolutions
6989a4e910805f5685d6f137,Bodyguards
6989a4e910805f5685d6f138,Reading
6989a4e910805f5685d6f138,Civilization
6989a4e910805f5685d6f139,Religion
6989a4e910805f5685d6f139,Fiction
6989a4e910805f5685d6f13a,Consciousness
6989a4e910805f5685d6f13a,Reading
6989a4e910805f5685d6f13b,Self-realization
6989a4e910805f5685d6f13b,Generative Organs
6989a4e910805f5685d6f13c,Demonology
6989a4e910805f5685d6f13c,Australia
6989a4e910805f5685d6f13d,Fiction
6989a4e910805f5685d6f13d,General
6989a4e910805f5685d6f13d,Biography
6989a4e910805f5685d6f13e,Juvenile Fiction
6989a4e910805f5685d6f13f,Feminism And Music
6989a4e910805f5685d6f13f,Mountaineering
6989a4e910805f5685d6f140,Fiction
6989a4e910805f5685d6f140,General
6989a4e910805f5685d6f140,Biography
6989a4e910805f5685d6f141,Wales
6989a4e910805f5685d6f141,Women Astronauts
6989a4e910805f5685d6f142,War Stories
6989a4e910805f5685d6f142,Rocks
6989a4e910805f5685d6f143,Yachts
6989a4e910805f5685d6f143,Chemistry
6989a4e910805f5685d6f144,Dragons
6989a4e910805f5685d6f145,African Americans
6989a4e910805f5685d6f146,Ethnology
6989a4e910805f5685d6f146,Actors
6989a4e910805f5685d6f147,Fiction
6989a4e910805f5685d6f147,General
6989a4e910805f5685d6f148,Fiction
6989a4e910805f5685d6f149,Biography
6989a4e910805f5685d6f14a,Fiction
6989a4e910805f5685d6f14b,Austria
6989a4e910805f5685d6f14b,Interpersonal Conflict
6989a4e910805f5685d6f14c,English (old)
6989a4e910805f5685d6f14c,Aardvark
6989a4e910805f5685d6f14d,Fiction
6989a4e910805f5685d6f14e,Fiction
6989a4e910805f5685d6f14f,Dragons In Literature
6989a4e910805f5685d6f14f,Castles
6989a4e910805f5685d6f150,Fiction
6989a4e910805f5685d6f151,Botswana
6989a4e910805f5685d6f151,Architects
6989a4e910805f5685d6f152,General
6989a4e910805f5685d6f152,Fiction
6989a4e910805f5685d6f153,Gynecology
6989a4e910805f5685d6f153,Soft Drink Industry
6989a4e910805f5685d6f154,Detectives
6989a4e910805f5685d6f154,Christian Fiction
6989a4e910805f5685d6f155,Educartion-parents-participation--united States
6989a4e910805f5685d6f155,Computers
6989a4e910805f5685d6f156,Arizona
6989a4e910805f5685d6f156,Shugak
6989a4e910805f5685d6f157,Carnivals
6989a4e910805f5685d6f157,God
6989a4e910805f5685d6f158,Permaculture
6989a4e910805f5685d6f158,Women Painters
6989a4e910805f5685d6f159,Caterers And Catering
6989a4e910805f5685d6f159,New Mexico
6989a4e910805f5685d6f15a,Fiction
6989a4e910805f5685d6f15a,General
6989a4e910805f5685d6f15b,Interpersonal Communication
6989a4e910805f5685d6f15c,Cosmogony
6989a4e910805f5685d6f15c,Superintendent (fictitious Character)
6989a4e910805f5685d6f15d,Young Adult Fiction
6989a4e910805f5685d6f15d,Fiction
6989a4e910805f5685d6f15d,Adultery
6989a4e910805f5685d6f15e,Literary Criticism
6989a4e910805f5685d6f15f,Fiction
6989a4e910805f5685d6f15f,Education
6989a4e910805f5685d6f160,Hypnotism
6989a4e910805f5685d6f160,Juvenile Romance
6989a4e910805f5685d6f161,Education
6989a4e910805f5685d6f161,Biography
6989a4e910805f5685d6f161,Sports
6989a4e910805f5685d6f162,Accident Victims
6989a4e910805f5685d6f162,Captiva Island (fla.)
6989a4e910805f5685d6f163,Consumer Education
6989a4e910805f5685d6f163,Stamp Collecting
6989a4e910805f5685d6f164,General
6989a4e910805f5685d6f165,Science Fiction.
6989a4e910805f5685d6f165,Families In Art
6989a4e910805f5685d6f166,Italian Fiction
6989a4e910805f5685d6f166,Escort Automobile
6989a4e910805f5685d6f167,Fiction
6989a4e910805f5685d6f168,Self-preservation
6989a4e910805f5685d6f168,Online Dating
6989a4e910805f5685d6f169,Fiction
6989a4e910805f5685d6f16a,English Drama
6989a4e910805f5685d6f16a,Cartooning
6989a4e910805f5685d6f16b,High Interest-low Vocabulary Books
6989a4e910805f5685d6f16b,Educartion-parents-participation--united States
6989a4e910805f5685d6f16c,History
6989a4e910805f5685d6f16c,Political Science
6989a4e910805f5685d6f16c,Fiction
6989a4e910805f5685d6f16d,Fiction
6989a4e910805f5685d6f16e,American Literature
6989a4e910805f5685d6f16f,America
6989a4e910805f5685d6f16f,Copenhagen (denmark)
6989a4e910805f5685d6f170,Religion
6989a4e910805f5685d6f170,Philosophy
6989a4e910805f5685d6f170,Self-help
6989a4e910805f5685d6f171,Atheletes
6989a4e910805f5685d6f171,Salvage
6989a4e910805f5685d6f172,Decoration And Ornament
6989a4e910805f5685d6f172,Business Ethics
6989a4e910805f5685d6f173,Marine Pollution
6989a4e910805f5685d6f173,Drivers' Licenses
6989a4e910805f5685d6f174,Civilization
6989a4e910805f5685d6f174,Competition
6989a4e910805f5685d6f175,Business
6989a4e910805f5685d6f176,General
6989a4e910805f5685d6f176,Fiction
6989a4e910805f5685d6f176,Science
6989a4e910805f5685d6f177,History
6989a4e910805f5685d6f178,Fiction
6989a4e910805f5685d6f178,General
6989a4e910805f5685d6f178,Social Science
6989a4e910805f5685d6f179,American Sign Language
6989a4e910805f5685d6f179,Curiosities And Wonders
6989a4e910805f5685d6f17a,Human-computer Interaction
6989a4e910805f5685d6f17a,Dysfunctional Families
6989a4e910805f5685d6f17b,Editions
6989a4e910805f5685d6f17b,Masturbation
6989a4e910805f5685d6f17c,Alphabet
6989a4e910805f5685d6f17c,Books
6989a4e910805f5685d6f17d,Fiction
6989a4e910805f5685d6f17d,General
6989a4e910805f5685d6f17e,Fiction
6989a4e910805f5685d6f17f,Fiction
6989a4e910805f5685d6f17f,General
6989a4e910805f5685d6f180,Knitting
6989a4e910805f5685d6f180,Appomattox Campaign
6989a4e910805f5685d6f181,Education
6989a4e910805f5685d6f182,Fiction
6989a4e910805f5685d6f182,General
6989a4e910805f5685d6f183,Behavior Modification
6989a4e910805f5685d6f183,Mountaineering
6989a4e910805f5685d6f184,Fiction
6989a4e910805f5685d6f185,Income Distribution
6989a4e910805f5685d6f185,Computers
6989a4e910805f5685d6f186,Fiction
6989a4e910805f5685d6f187,Juvenile Fiction
6989a4e910805f5685d6f188,Fiction
6989a4e910805f5685d6f188,General
6989a4e910805f5685d6f188,History
6989a4e910805f5685d6f189,Encyclopedias And Dictionaries
6989a4e910805f5685d6f189,Behavior
6989a4e910805f5685d6f18a,Family
6989a4e910805f5685d6f18a,Self-help
6989a4e910805f5685d6f18b,Adjustment Disorders
6989a4e910805f5685d6f18b,Alcoholics
6989a4e910805f5685d6f18c,Intelligence Officers
6989a4e910805f5685d6f18c,Common Interest Ownership Communities
6989a4e910805f5685d6f18d,Music
6989a4e910805f5685d6f18e,Fiction
6989a4e910805f5685d6f18f,Derelicts
6989a4e910805f5685d6f18f,Meditations
6989a4e910805f5685d6f190,Statesmen
6989a4e910805f5685d6f190,Political Science
6989a4e910805f5685d6f191,Common Fallacies
6989a4e910805f5685d6f191,Nursery Schools
6989a4e910805f5685d6f192,Fiction
6989a4e910805f5685d6f193,Deaf Gay Men
6989a4e910805f5685d6f193,Missing Persons
6989a4e910805f5685d6f194,Holocaust
6989a4e910805f5685d6f194,Roderick (fictitious Character)
6989a4e910805f5685d6f195,Violin
6989a4e910805f5685d6f196,Depression
6989a4e910805f5685d6f196,Historical Romance
6989a4e910805f5685d6f197,Spider-man (fictitious Character)
6989a4e910805f5685d6f197,Cuba
6989a4e910805f5685d6f198,Business
6989a4e910805f5685d6f199,Fiction
6989a4e910805f5685d6f199,General
6989a4e910805f5685d6f199,American Literature
6989a4e910805f5685d6f19a,Body
6989a4e910805f5685d6f19a,Mind
6989a4e910805f5685d6f19b,Fiction
6989a4e910805f5685d6f19c,Juvenile Fiction
6989a4e910805f5685d6f19d,Biography
6989a4e910805f5685d6f19d,General
6989a4e910805f5685d6f19e,Engineers
6989a4e910805f5685d6f19e,Graphic Novels
6989a4e910805f5685d6f19f,Central
6989a4e910805f5685d6f19f,Calculus
6989a4e910805f5685d6f1a0,Forensic Scientists
6989a4e910805f5685d6f1a0,American Fiction
6989a4e910805f5685d6f1a1,Fiction
6989a4e910805f5685d6f1a1,Pets
6989a4e910805f5685d6f1a1,Business
6989a4e910805f5685d6f1a2,Gays
6989a4e910805f5685d6f1a2,Communication In Organizations
6989a4e910805f5685d6f1a3,Fiction
6989a4e910805f5685d6f1a4,Behavior Therapy
6989a4e910805f5685d6f1a4,Friendship
6989a4e910805f5685d6f1a5,True Crime
6989a4e910805f5685d6f1a6,Fiction
6989a4e910805f5685d6f1a7,Juvenile Fiction
6989a4e910805f5685d6f1a8,Fiction
6989a4e910805f5685d6f1a8,General
6989a4e910805f5685d6f1a8,Body
6989a4e910805f5685d6f1a9,Fiction
6989a4e910805f5685d6f1aa,Juvenile Fiction
6989a4e910805f5685d6f1ab,General
6989a4e910805f5685d6f1ab,Bullying
6989a4e910805f5685d6f1ab,Humor
6989a4e910805f5685d6f1ac,Political Science
6989a4e910805f5685d6f1ac,Social Science
6989a4e910805f5685d6f1ad,Horror Stories.
6989a4e910805f5685d6f1ad,Cookies
6989a4e910805f5685d6f1ae,Fiction
6989a4e910805f5685d6f1ae,Juvenile Fiction
6989a4e910805f5685d6f1ae,Photography
6989a4e910805f5685d6f1af,Comics
6989a4e910805f5685d6f1b0,Biography
6989a4e910805f5685d6f1b0,Religion
6989a4e910805f5685d6f1b0,General
6989a4e910805f5685d6f1b1,Last Words
6989a4e910805f5685d6f1b1,Authorship
6989a4e910805f5685d6f1b2,General
6989a4e910805f5685d6f1b2,Fiction
6989a4e910805f5685d6f1b2,Diffusion Of Innovations
6989a4e910805f5685d6f1b3,Law
6989a4e910805f5685d6f1b4,History
6989a4e910805f5685d6f1b5,General
6989a4e910805f5685d6f1b5,Fiction
6989a4e910805f5685d6f1b5,Juvenile Fiction
6989a4e910805f5685d6f1b6,Antitrust Law
6989a4e910805f5685d6f1b6,Gift Books
6989a4e910805f5685d6f1b7,Sports
6989a4e910805f5685d6f1b7,Private Investigators
6989a4e910805f5685d6f1b8,General
6989a4e910805f5685d6f1b9,History
6989a4e910805f5685d6f1ba,Art
6989a4e910805f5685d6f1ba,Computer Science
6989a4e910805f5685d6f1bb,Fiction
6989a4e910805f5685d6f1bb,General
6989a4e910805f5685d6f1bb,Children's Stories
6989a4e910805f5685d6f1bc,Australia
6989a4e910805f5685d6f1bc,Communication In Humanities
6989a4e910805f5685d6f1bd,American Fiction
6989a4e910805f5685d6f1bd,Fiction
6989a4e910805f5685d6f1be,Sports
6989a4e910805f5685d6f1be,Beagle Expedition
6989a4e910805f5685d6f1bf,Mexican War
6989a4e910805f5685d6f1bf,Canada Imprints
6989a4e910805f5685d6f1c0,Music
6989a4e910805f5685d6f1c1,Young Adult Fiction
6989a4e910805f5685d6f1c2,Children's Literature.
6989a4e910805f5685d6f1c2,Relativity (physics)
6989a4e910805f5685d6f1c3,Fiction
6989a4e910805f5685d6f1c3,Cooking
6989a4e910805f5685d6f1c4,Bands (music)
6989a4e910805f5685d6f1c4,Quilts
6989a4e910805f5685d6f1c5,Rodents
6989a4e910805f5685d6f1c5,Nuns
6989a4e910805f5685d6f1c6,Single Tax
6989a4e910805f5685d6f1c6,Etiquette
6989a4e910805f5685d6f1c7,Crops And Climate
6989a4e910805f5685d6f1c7,Belden
6989a4e910805f5685d6f1c8,Fiction
6989a4e910805f5685d6f1c9,Juvenile Fiction
6989a4e910805f5685d6f1ca,General
6989a4e910805f5685d6f1ca,Fiction
6989a4e910805f5685d6f1cb,Camping
6989a4e910805f5685d6f1cb,Communication
6989a4e910805f5685d6f1cc,Album
6989a4e910805f5685d6f1cc,Fiction In English
6989a4e910805f5685d6f1cd,Fiction
6989a4e910805f5685d6f1cd,General
6989a4e910805f5685d6f1cd,Government Investigators
6989a4e910805f5685d6f1ce,Literary Criticism
6989a4e910805f5685d6f1cf,Language Arts
6989a4e910805f5685d6f1d0,Classical Literature
6989a4e910805f5685d6f1d0,Hercules (roman Mythology)
6989a4e910805f5685d6f1d1,Bibliography
6989a4e910805f5685d6f1d1,Avarice
6989a4e910805f5685d6f1d2,Christian Women
6989a4e910805f5685d6f1d2,Ethnology
6989a4e910805f5685d6f1d3,Young Adult Fiction
6989a4e910805f5685d6f1d4,Missionary Stories
6989a4e910805f5685d6f1d4,Drugs
6989a4e910805f5685d6f1d5,Dave (fictitious Character)
6989a4e910805f5685d6f1d5,Common Fallacies
6989a4e910805f5685d6f1d6,Antiques
6989a4e910805f5685d6f1d6,Legends
6989a4e910805f5685d6f1d7,General
6989a4e910805f5685d6f1d8,Education
6989a4e910805f5685d6f1d9,Fiction
6989a4e910805f5685d6f1d9,Adultery
6989a4e910805f5685d6f1da,Foreign Language Study
6989a4e910805f5685d6f1db,Sports
6989a4e910805f5685d6f1dc,Fiction
6989a4e910805f5685d6f1dd,Fiction
6989a4e910805f5685d6f1de,Mongolia
6989a4e910805f5685d6f1de,Cemeteries
6989a4e910805f5685d6f1df,Music
6989a4e910805f5685d6f1e0,Musical Fiction
6989a4e910805f5685d6f1e0,Divorce
6989a4e910805f5685d6f1e1,Cooking
6989a4e910805f5685d6f1e1,General
6989a4e910805f5685d6f1e2,African Americans
6989a4e910805f5685d6f1e3,Counted Thread Embroidery
6989a4e910805f5685d6f1e3,Dawson's Creek (television Program)
6989a4e910805f5685d6f1e4,Veterinarians
6989a4e910805f5685d6f1e4,Death
6989a4e910805f5685d6f1e5,General
6989a4e910805f5685d6f1e5,Dating (social Customs)
6989a4e910805f5685d6f1e6,Astrology
6989a4e910805f5685d6f1e6,Jerusalem
6989a4e910805f5685d6f1e7,Holden (fictitious Character)
6989a4e910805f5685d6f1e7,North Atlantic Ocean
6989a4e910805f5685d6f1e8,Psychology
6989a4e910805f5685d6f1e9,Fiction
6989a4e910805f5685d6f1ea,Literature And Society
6989a4e910805f5685d6f1ea,Drama
6989a4e910805f5685d6f1eb,Fiction
6989a4e910805f5685d6f1ec,General
6989a4e910805f5685d6f1ec,Fiction
6989a4e910805f5685d6f1ec,Business
6989a4e910805f5685d6f1ed,Fiction
6989a4e910805f5685d6f1ed,General
6989a4e910805f5685d6f1ed,Comics
6989a4e910805f5685d6f1ee,African American Women Artists
6989a4e910805f5685d6f1ee,London (england)
6989a4e910805f5685d6f1ef,Fiction
6989a4e910805f5685d6f1f0,Fiction
6989a4e910805f5685d6f1f1,General
6989a4e910805f5685d6f1f1,Aunts
6989a4e910805f5685d6f1f2,Business
6989a4e910805f5685d6f1f2,Investments
6989a4e910805f5685d6f1f3,Fiction
6989a4e910805f5685d6f1f3,Juvenile Fiction
6989a4e910805f5685d6f1f3,Drama
6989a4e910805f5685d6f1f4,Fiction
6989a4e910805f5685d6f1f5,Fiction
6989a4e910805f5685d6f1f5,Jewish Fiction
6989a4e910805f5685d6f1f6,Baby Bop (fictitious Character)
6989a4e910805f5685d6f1f6,Music
6989a4e910805f5685d6f1f7,Colombo (sri Lanka)
6989a4e910805f5685d6f1f7,Arab Americans
6989a4e910805f5685d6f1f8,Fiction
6989a4e910805f5685d6f1f8,General
6989a4e910805f5685d6f1f8,Juvenile Fiction
6989a4e910805f5685d6f1f9,Attempted Murder
6989a4e910805f5685d6f1f9,Admirals
6989a4e910805f5685d6f1fa,Fiction
6989a4e910805f5685d6f1fa,General
6989a4e910805f5685d6f1fa,Young Adult Fiction
6989a4e910805f5685d6f1fb,History
6989a4e910805f5685d6f1fc,Arizona
6989a4e910805f5685d6f1fc,Insurgency
6989a4e910805f5685d6f1fd,Fiction
6989a4e910805f5685d6f1fe,International Organization
6989a4e910805f5685d6f1fe,Diabetes
6989a4e910805f5685d6f1ff,Technology
6989a4e910805f5685d6f200,Fiction
6989a4e910805f5685d6f200,General
6989a4e910805f5685d6f200,Brothers And Sisters
6989a4e910805f5685d6f201,Children's Plays
6989a4e910805f5685d6f201,Life Skills
6989a4e910805f5685d6f202,General
6989a4e910805f5685d6f202,German Americans
6989a4e910805f5685d6f202,Health
6989a4e910805f5685d6f203,Fiction
6989a4e910805f5685d6f203,General
6989a4e910805f5685d6f203,History
6989a4e910805f5685d6f204,Literary Criticism
6989a4e910805f5685d6f205,Coal Miners
6989a4e910805f5685d6f205,Corruption
6989a4e910805f5685d6f206,Barges
6989a4e910805f5685d6f206,Police
6989a4e910805f5685d6f207,Fiction
6989a4e910805f5685d6f207,General
6989a4e910805f5685d6f207,Games
6989a4e910805f5685d6f208,Avarice
6989a4e910805f5685d6f208,Baseball Stories
6989a4e910805f5685d6f209,Fiction
6989a4e910805f5685d6f209,General
6989a4e910805f5685d6f209,History
6989a4e910805f5685d6f20a,Self-help
6989a4e910805f5685d6f20b,Soups
6989a4e910805f5685d6f20b,Serial Murderers
6989a4e910805f5685d6f20c,Body
6989a4e910805f5685d6f20c,Mind
6989a4e910805f5685d6f20d,Language Arts
6989a4e910805f5685d6f20e,Espionage
6989a4e910805f5685d6f20e,Lewis And Clark Expedition
6989a4e910805f5685d6f20f,Domestic Fiction
6989a4e910805f5685d6f20f,Auschwitz (concentration Camp) -- History
6989a4e910805f5685d6f210,Fiction
6989a4e910805f5685d6f210,General
6989a4e910805f5685d6f211,Fiction
6989a4e910805f5685d6f212,Fiction
6989a4e910805f5685d6f212,General
6989a4e910805f5685d6f212,Juvenile Fiction
6989a4e910805f5685d6f213,History
6989a4e910805f5685d6f213,Fiction
6989a4e910805f5685d6f213,Religion
6989a4e910805f5685d6f214,Human-computer Interaction
6989a4e910805f5685d6f214,Sculpture
6989a4e910805f5685d6f215,Fiction
6989a4e910805f5685d6f215,General
6989a4e910805f5685d6f216,Fiction
6989a4e910805f5685d6f216,Comics
6989a4e910805f5685d6f216,Biography
6989a4e910805f5685d6f217,Alligators
6989a4e910805f5685d6f217,Deverry (imaginary Place)
6989a4e910805f5685d6f218,Economics
6989a4e910805f5685d6f218,Administration Of Estates
6989a4e910805f5685d6f219,New York (n.y.)
6989a4e910805f5685d6f219,Navajo Indians
6989a4e910805f5685d6f21a,Fiction
6989a4e910805f5685d6f21a,General
6989a4e910805f5685d6f21a,American Fiction
6989a4e910805f5685d6f21b,Adoption
6989a4e910805f5685d6f21b,Conspiracies
6989a4e910805f5685d6f21c,Alcoholism
6989a4e910805f5685d6f21c,Indic Poetry (english)
6989a4e910805f5685d6f21d,General
6989a4e910805f5685d6f21d,Performing Arts
6989a4e910805f5685d6f21e,Religion
6989a4e910805f5685d6f21e,Editions
6989a4e910805f5685d6f21f,Fiction
6989a4e910805f5685d6f220,Fiction
6989a4e910805f5685d6f220,General
6989a4e910805f5685d6f220,Juvenile Fiction
6989a4e910805f5685d6f221,History
6989a4e910805f5685d6f221,Philosophy
6989a4e910805f5685d6f221,General
6989a4e910805f5685d6f222,General
6989a4e910805f5685d6f222,Religion
6989a4e910805f5685d6f222,Biography
6989a4e910805f5685d6f223,American Poetry
6989a4e910805f5685d6f223,Comics
6989a4e910805f5685d6f223,Fiction
6989a4e910805f5685d6f224,Fiction
6989a4e910805f5685d6f225,Time Management
6989a4e910805f5685d6f225,Dog Breeders
6989a4e910805f5685d6f226,Fiction
6989a4e910805f5685d6f226,General
6989a4e910805f5685d6f227,Genetic Engineering
6989a4e910805f5685d6f227,Kate (fictitious Character)
6989a4e910805f5685d6f228,Intercountry Adoption
6989a4e910805f5685d6f228,Fantasy Fiction
6989a4e910805f5685d6f229,Adultery
6989a4e910805f5685d6f229,Fiction
6989a4e910805f5685d6f229,General
6989a4e910805f5685d6f22a,Nova Scotia
6989a4e910805f5685d6f22a,Québec (province)
6989a4e910805f5685d6f22b,Adultery
6989a4e910805f5685d6f22c,Historians
6989a4e910805f5685d6f22c,Motion Picture Plays
6989a4e910805f5685d6f22d,Fiction
6989a4e910805f5685d6f22d,General
6989a4e910805f5685d6f22e,Enlightenment
6989a4e910805f5685d6f22e,Bears
6989a4e910805f5685d6f22f,Brother (fictitious Character)
6989a4e910805f5685d6f22f,Squirrels
6989a4e910805f5685d6f230,Music
6989a4e910805f5685d6f231,General
6989a4e910805f5685d6f232,Business
6989a4e910805f5685d6f232,General
6989a4e910805f5685d6f232,Biography
6989a4e910805f5685d6f233,Juvenile Fiction
6989a4e910805f5685d6f233,Trials (murder)
6989a4e910805f5685d6f234,General
6989a4e910805f5685d6f234,History
6989a4e910805f5685d6f234,Fiction
6989a4e910805f5685d6f235,Discoveries In Geography
6989a4e910805f5685d6f235,Mice
6989a4e910805f5685d6f236,Nature
6989a4e910805f5685d6f237,Penny Dreadfuls
6989a4e910805f5685d6f237,Board Books
6989a4e910805f5685d6f238,General
6989a4e910805f5685d6f239,Atlanta (ga.)
6989a4e910805f5685d6f239,General
6989a4e910805f5685d6f23a,Gothic Novels
6989a4e910805f5685d6f23a,Florida
6989a4e910805f5685d6f23b,Spanish Language
6989a4e910805f5685d6f23b,Health
6989a4e910805f5685d6f23c,Radio Broadcasting
6989a4e910805f5685d6f23c,Bashfulness
6989a4e910805f5685d6f23d,Fiction
6989a4e910805f5685d6f23d,American Literature
6989a4e910805f5685d6f23d,Business
6989a4e910805f5685d6f23e,Biography
6989a4e910805f5685d6f23e,General
6989a4e910805f5685d6f23f,Fiction
6989a4e910805f5685d6f23f,General
6989a4e910805f5685d6f23f,Biography
6989a4e910805f5685d6f240,Mutiney
6989a4e910805f5685d6f240,Robots
6989a4e910805f5685d6f241,Nature
6989a4e910805f5685d6f241,Brandstetter
6989a4e910805f5685d6f242,Poetry
6989a4e910805f5685d6f242,Memory
6989a4e910805f5685d6f243,Fiction
6989a4e910805f5685d6f244,General
6989a4e910805f5685d6f244,American Fiction
6989a4e910805f5685d6f244,Fiction
6989a4e910805f5685d6f245,Heavy Metal (music)
6989a4e910805f5685d6f245,Radio Broadcasting
6989a4e910805f5685d6f246,Botswana
6989a4e910805f5685d6f247,Fiction
6989a4e910805f5685d6f248,Tristan (legend)
6989a4e910805f5685d6f248,Grocery Shopping
6989a4e910805f5685d6f249,Artists
6989a4e910805f5685d6f249,Nigeria
6989a4e910805f5685d6f24a,Devotional Literature
6989a4e910805f5685d6f24a,Comic Fantasy
6989a4e910805f5685d6f24b,Assassination
6989a4e910805f5685d6f24b,Counted Thread Embroidery
6989a4e910805f5685d6f24c,General
6989a4e910805f5685d6f24c,Fiction
6989a4e910805f5685d6f24c,Pets
6989a4e910805f5685d6f24d,General
6989a4e910805f5685d6f24e,General
6989a4e910805f5685d6f24f,Body
6989a4e910805f5685d6f24f,Mind
6989a4e910805f5685d6f24f,General
6989a4e910805f5685d6f250,History
6989a4e910805f5685d6f250,Revolutions
6989a4e910805f5685d6f251,Religion
6989a4e910805f5685d6f251,Fiction
6989a4e910805f5685d6f252,Diazepam
6989a4e910805f5685d6f253,General
6989a4e910805f5685d6f253,History
6989a4e910805f5685d6f254,Children's Stories
6989a4e910805f5685d6f254,Amish
6989a4e910805f5685d6f255,Religion
6989a4e910805f5685d6f256,Fiction
6989a4e910805f5685d6f256,American Literature
6989a4e910805f5685d6f256,Science
6989a4e910805f5685d6f257,Fiction
6989a4e910805f5685d6f257,General
6989a4e910805f5685d6f257,Reference
6989a4e910805f5685d6f258,Brandstetter
6989a4e910805f5685d6f258,Publishers' Catalogs
6989a4e910805f5685d6f259,Photography
6989a4e910805f5685d6f259,Romantic Suspense Fiction
6989a4e910805f5685d6f25a,Business
6989a4e910805f5685d6f25b,Territorial Waters
6989a4e910805f5685d6f25b,Children's Literature.
6989a4e910805f5685d6f25c,Businessmen
6989a4e910805f5685d6f25c,Painting
6989a4e910805f5685d6f25d,Biography
6989a4e910805f5685d6f25e,Biography
6989a4e910805f5685d6f25f,Fiction
6989a4e910805f5685d6f25f,Mathematics
6989a4e910805f5685d6f25f,Education
6989a4e910805f5685d6f260,1939-1945
6989a4e910805f5685d6f260,Hercules (roman Mythology)
6989a4e910805f5685d6f261,Fiction
6989a4e910805f5685d6f261,Juvenile Fiction
6989a4e910805f5685d6f261,General
6989a4e910805f5685d6f262,Juvenile Fiction
6989a4e910805f5685d6f263,Private Investigators
6989a4e910805f5685d6f264,Gynecologists
6989a4e910805f5685d6f264,Boston (mass.)
6989a4e910805f5685d6f265,Performing Arts
6989a4e910805f5685d6f265,Geophysics
6989a4e910805f5685d6f266,Fiction
6989a4e910805f5685d6f266,Amerikaanse Fiksie
6989a4e910805f5685d6f266,Mathematics
6989a4e910805f5685d6f267,True Crime
6989a4e910805f5685d6f267,Social Science
6989a4e910805f5685d6f267,Diners (restaurants)
6989a4e910805f5685d6f268,General
6989a4e910805f5685d6f269,Voyages Around The World
6989a4e910805f5685d6f269,Fiction
6989a4e910805f5685d6f26a,General
6989a4e910805f5685d6f26a,True Crime
6989a4e910805f5685d6f26b,Biology
6989a4e910805f5685d6f26b,Current Events
6989a4e910805f5685d6f26c,Dragons In Literature
6989a4e910805f5685d6f26c,Diary Fiction
6989a4e910805f5685d6f26d,Total Quality Management
6989a4e910805f5685d6f26d,Philosophy
6989a4e910805f5685d6f26e,Juvenile Fiction
6989a4e910805f5685d6f26f,Cerebral Palsy
6989a4e910805f5685d6f26f,Tibet (china)
6989a4e910805f5685d6f270,Fiction
6989a4e910805f5685d6f271,California
6989a4e910805f5685d6f272,General
6989a4e910805f5685d6f272,Children's Stories
6989a4e910805f5685d6f272,Fiction
6989a4e910805f5685d6f273,Fiction
6989a4e910805f5685d6f274,Dysfunctional Families
6989a4e910805f5685d6f274,Fiction
6989a4e910805f5685d6f275,Fiction
6989a4e910805f5685d6f275,Harlem (new York
6989a4e910805f5685d6f275,N.y.)
6989a4e910805f5685d6f276,Fiction
6989a4e910805f5685d6f276,American Dream
6989a4e910805f5685d6f276,Juvenile Fiction
6989a4e910805f5685d6f277,Gynecology
6989a4e910805f5685d6f277,Decoration And Ornament
6989a4e910805f5685d6f278,General
6989a4e910805f5685d6f278,American Literature
6989a4e910805f5685d6f278,Fiction
6989a4e910805f5685d6f279,Beany (fictitious Character)
6989a4e910805f5685d6f279,Bildungsromans
6989a4e910805f5685d6f27a,Fiction
6989a4e910805f5685d6f27b,Fiction
6989a4e910805f5685d6f27c,Travel
6989a4e910805f5685d6f27c,Serial Murderers
6989a4e910805f5685d6f27d,Christmas Decorations
6989a4e910805f5685d6f27d,1861-1865 Fiction
6989a4e910805f5685d6f27e,Sports
6989a4e910805f5685d6f27f,Predation (biology)
6989a4e910805f5685d6f280,Sir (fictitious Character)
6989a4e910805f5685d6f280,Art Thefts
6989a4e910805f5685d6f281,Juvenile Fiction
6989a4e910805f5685d6f282,Abused Children
6989a4e910805f5685d6f282,American Drama
6989a4e910805f5685d6f283,Juvenile Fiction
6989a4e910805f5685d6f283,Fiction
6989a4e910805f5685d6f284,Biography
6989a4e910805f5685d6f284,Fiction
6989a4e910805f5685d6f284,General
6989a4e910805f5685d6f285,Discoveries In Geography
6989a4e910805f5685d6f285,Dyslexic Children
6989a4e910805f5685d6f286,Herb Gardening
6989a4e910805f5685d6f286,English Language - Words
6989a4e910805f5685d6f287,Fiction
6989a4e910805f5685d6f287,General
6989a4e910805f5685d6f288,Psychosomatic
6989a4e910805f5685d6f288,Genius
6989a4e910805f5685d6f289,Voyages Around The World
6989a4e910805f5685d6f289,Rocks
6989a4e910805f5685d6f28a,Mexican American Tales
6989a4e910805f5685d6f28a,Calculus
6989a4e910805f5685d6f28b,Father And Child
6989a4e910805f5685d6f28b,Body
6989a4e910805f5685d6f28c,History
6989a4e910805f5685d6f28d,Fiction
6989a4e910805f5685d6f28d,True Crime
6989a4e910805f5685d6f28d,Holocaust
6989a4e910805f5685d6f28e,Adult Children
6989a4e910805f5685d6f28e,Russia
6989a4e910805f5685d6f28f,Children
6989a4e910805f5685d6f290,Crawford
6989a4e910805f5685d6f290,Friendship
6989a4e910805f5685d6f291,Fiction
6989a4e910805f5685d6f291,General
6989a4e910805f5685d6f291,Science Fiction
6989a4e910805f5685d6f292,Fiction
6989a4e910805f5685d6f292,Adultery
6989a4e910805f5685d6f292,American Fiction
6989a4e910805f5685d6f293,General
6989a4e910805f5685d6f294,History
6989a4e910805f5685d6f294,Business
6989a4e910805f5685d6f294,Foreign Language Study
6989a4e910805f5685d6f295,Astronomy
6989a4e910805f5685d6f295,Japanese Fiction
6989a4e910805f5685d6f296,Fiction
6989a4e910805f5685d6f296,Business
6989a4e910805f5685d6f296,General
6989a4e910805f5685d6f297,American Periodicals
6989a4e910805f5685d6f297,Adult Children
6989a4e910805f5685d6f298,General
6989a4e910805f5685d6f298,Fiction
6989a4e910805f5685d6f298,Business
6989a4e910805f5685d6f299,Foreign Language Study
6989a4e910805f5685d6f29a,America
6989a4e910805f5685d6f29a,Love Stories
6989a4e910805f5685d6f29b,Foreign Language Study
6989a4e910805f5685d6f29c,Fiction
6989a4e910805f5685d6f29c,American Fiction
6989a4e910805f5685d6f29d,Harry (fictitious Character)
6989a4e910805f5685d6f29d,Dating (social Customs)
6989a4e910805f5685d6f29e,Young Adult Fiction
6989a4e910805f5685d6f29f,Religion
6989a4e910805f5685d6f2a0,History
6989a4e910805f5685d6f2a1,Fiction
6989a4e910805f5685d6f2a1,General
6989a4e910805f5685d6f2a2,Age Groups
6989a4e910805f5685d6f2a2,Automobiles
6989a4e910805f5685d6f2a3,Fiction
6989a4e910805f5685d6f2a4,Fiction
6989a4e910805f5685d6f2a4,General
6989a4e910805f5685d6f2a4,Young Adult Fiction
6989a4e910805f5685d6f2a5,Mice
6989a4e910805f5685d6f2a5,Readers
6989a4e910805f5685d6f2a6,Marriage
6989a4e910805f5685d6f2a6,Nature
6989a4e910805f5685d6f2a7,Community Policing
6989a4e910805f5685d6f2a7,Digriz
6989a4e910805f5685d6f2a8,Fiction
6989a4e910805f5685d6f2a9,Nobility
6989a4e910805f5685d6f2a9,Illegitimate Children
6989a4e910805f5685d6f2aa,Wrestlers
6989a4e910805f5685d6f2aa,Voyages Around The World
6989a4e910805f5685d6f2ab,Animal Rescue
6989a4e910805f5685d6f2ab,Automobile Travel
6989a4e910805f5685d6f2ac,Police
6989a4e910805f5685d6f2ac,Motherhood
6989a4e910805f5685d6f2ad,Fiction
6989a4e910805f5685d6f2ad,Travel
6989a4e910805f5685d6f2ae,Religion
6989a4e910805f5685d6f2af,Science Fiction Comic Books
6989a4e910805f5685d6f2af,World War
6989a4e910805f5685d6f2b0,Fiction
6989a4e910805f5685d6f2b0,Religion
6989a4e910805f5685d6f2b1,Fiction
6989a4e910805f5685d6f2b1,Biography
6989a4e910805f5685d6f2b1,Literary Collections
6989a4e910805f5685d6f2b2,Fiction
6989a4e910805f5685d6f2b2,History
6989a4e910805f5685d6f2b2,Sports
6989a4e910805f5685d6f2b3,General
6989a4e910805f5685d6f2b3,Juvenile Fiction
6989a4e910805f5685d6f2b3,Fiction
6989a4e910805f5685d6f2b4,Body
6989a4e910805f5685d6f2b4,Mind
6989a4e910805f5685d6f2b5,Fiction
6989a4e910805f5685d6f2b5,General
6989a4e910805f5685d6f2b5,Comics
6989a4e910805f5685d6f2b6,Sex Instruction For Women
6989a4e910805f5685d6f2b6,English Drama (comedy)
6989a4e910805f5685d6f2b7,Adventure And Adventurers
6989a4e910805f5685d6f2b7,Juvenile Fiction
6989a4e910805f5685d6f2b8,Astral Projection
6989a4e910805f5685d6f2b8,Cassidy
6989a4e910805f5685d6f2b9,British
6989a4e910805f5685d6f2b9,Great Britain
6989a4e910805f5685d6f2ba,Adventure
6989a4e910805f5685d6f2ba,Anthropology.
6989a4e910805f5685d6f2bb,Future Life
6989a4e910805f5685d6f2bb,Numerology
6989a4e910805f5685d6f2bc,Great Plains
6989a4e910805f5685d6f2bc,Electrical Engineering
6989a4e910805f5685d6f2bd,Business
6989a4e910805f5685d6f2bd,Fiction
6989a4e910805f5685d6f2bd,True Crime
6989a4e910805f5685d6f2be,Social Science
6989a4e910805f5685d6f2be,Actresses
6989a4e910805f5685d6f2bf,Flower Gardening
6989a4e910805f5685d6f2bf,Nigeria
6989a4e910805f5685d6f2c0,Biography
6989a4e910805f5685d6f2c1,Fiction
6989a4e910805f5685d6f2c1,General
6989a4e910805f5685d6f2c1,Administration Of Estates
6989a4e910805f5685d6f2c2,North Carolina
6989a4e910805f5685d6f2c2,Paperbacks
6989a4e910805f5685d6f2c3,Ancient
6989a4e910805f5685d6f2c3,Insurgency
6989a4e910805f5685d6f2c4,Juvenile Fiction
6989a4e910805f5685d6f2c5,Argentine Fiction
6989a4e910805f5685d6f2c5,Badgers
6989a4e910805f5685d6f2c6,Historical Fiction
6989a4e910805f5685d6f2c6,Women
6989a4e910805f5685d6f2c7,Fiction
6989a4e910805f5685d6f2c8,Fairy Tales
6989a4e910805f5685d6f2c8,Children's Libraries
6989a4e910805f5685d6f2c9,Juvenile Fiction
6989a4e910805f5685d6f2ca,Communication In Families
6989a4e910805f5685d6f2ca,Agricultural Colonies
6989a4e910805f5685d6f2cb,Brain
6989a4e910805f5685d6f2cb,Resistance To
6989a4e910805f5685d6f2cc,Fiction
6989a4e910805f5685d6f2cc,Juvenile Fiction
6989a4e910805f5685d6f2cc,General
6989a4e910805f5685d6f2cd,Folklore
6989a4e910805f5685d6f2cd,Australian Fiction
6989a4e910805f5685d6f2ce,Fiction
6989a4e910805f5685d6f2cf,Fiction
6989a4e910805f5685d6f2d0,Anti-apartheid Movements
6989a4e910805f5685d6f2d0,Florida
6989a4e910805f5685d6f2d1,Fiction
6989a4e910805f5685d6f2d2,Juvenile Fiction
6989a4e910805f5685d6f2d2,Accelerated Readers
6989a4e910805f5685d6f2d3,Deverry (imaginary Place)
6989a4e910805f5685d6f2d3,Oregon
6989a4e910805f5685d6f2d4,Penis
6989a4e910805f5685d6f2d4,Commercial Art
6989a4e910805f5685d6f2d5,Fiction
6989a4e910805f5685d6f2d5,General
6989a4e910805f5685d6f2d5,Biography
6989a4e910805f5685d6f2d6,Jewish Fiction
6989a4e910805f5685d6f2d6,Children
6989a4e910805f5685d6f2d7,Books
6989a4e910805f5685d6f2d7,Anglican Converts
6989a4e910805f5685d6f2d8,American Literature
6989a4e910805f5685d6f2d9,Tennis
6989a4e910805f5685d6f2d9,Congresses And Conventions
6989a4e910805f5685d6f2da,Belgium
6989a4e910805f5685d6f2da,Science
6989a4e910805f5685d6f2db,Indic Poetry (english)
6989a4e910805f5685d6f2db,Hypnotism
6989a4e910805f5685d6f2dc,Amber (imaginary Place)
6989a4e910805f5685d6f2dc,Arab Americans
6989a4e910805f5685d6f2dd,General
6989a4e910805f5685d6f2de,General
6989a4e910805f5685d6f2de,Predation (biology)
6989a4e910805f5685d6f2de,Sports
6989a4e910805f5685d6f2df,Fiction
6989a4e910805f5685d6f2e0,Fiction
6989a4e910805f5685d6f2e1,Fiction
6989a4e910805f5685d6f2e2,Fiction
6989a4e910805f5685d6f2e2,General
6989a4e910805f5685d6f2e2,Music
6989a4e910805f5685d6f2e3,Philosophy
6989a4e910805f5685d6f2e3,Religion
6989a4e910805f5685d6f2e3,Literary Collections
6989a4e910805f5685d6f2e4,Celebrities
6989a4e910805f5685d6f2e4,Casinos
6989a4e910805f5685d6f2e5,General
6989a4e910805f5685d6f2e6,Napoleonic Wars
6989a4e910805f5685d6f2e6,Actors
6989a4e910805f5685d6f2e7,Women Astronauts
6989a4e910805f5685d6f2e7,Richard (fictitious Character)
6989a4e910805f5685d6f2e8,Diary Fiction
6989a4e910805f5685d6f2e8,Life On Other Planets
6989a4e910805f5685d6f2e9,Hercules (roman Mythology)
6989a4e910805f5685d6f2e9,Psychological Fiction
6989a4e910805f5685d6f2ea,Grease (motion Picture)
6989a4e910805f5685d6f2ea,Behavior Therapy
6989a4e910805f5685d6f2eb,Berlin
6989a4e910805f5685d6f2eb,Frankenstein Films
6989a4e910805f5685d6f2ec,Fiction
6989a4e910805f5685d6f2ec,Juvenile Fiction
6989a4e910805f5685d6f2ec,General
6989a4e910805f5685d6f2ed,Jane (fictitious Character)
6989a4e910805f5685d6f2ed,Women
6989a4e910805f5685d6f2ee,Abolitionists
6989a4e910805f5685d6f2ee,Love
6989a4e910805f5685d6f2ef,Hypnotism
6989a4e910805f5685d6f2ef,Malone
6989a4e910805f5685d6f2f0,Life Cycle
6989a4e910805f5685d6f2f0,Buffy The Vampire Slayer (fictitious Character)
6989a4e910805f5685d6f2f1,Ghosts
6989a4e910805f5685d6f2f1,Art Thefts
6989a4e910805f5685d6f2f2,Color In Interior Decoration
6989a4e910805f5685d6f2f2,Prayer
6989a4e910805f5685d6f2f3,Voyages Around The World
6989a4e910805f5685d6f2f3,Developing Countries
6989a4e910805f5685d6f2f4,Hugh (fictitious Character)
6989a4e910805f5685d6f2f4,Expatriation
6989a4e910805f5685d6f2f5,Drivers' Licenses
6989a4e910805f5685d6f2f5,Battle
6989a4e910805f5685d6f2f6,Christian Fiction
6989a4e910805f5685d6f2f6,Fantastic Fiction.
6989a4e910805f5685d6f2f7,Drug Abuse
6989a4e910805f5685d6f2f7,Agricultural Price Supports
6989a4e910805f5685d6f2f8,Drama
6989a4e910805f5685d6f2f9,Genetic Engineering
6989a4e910805f5685d6f2f9,Reading
6989a4e910805f5685d6f2fa,Espaliers
6989a4e910805f5685d6f2fa,Necklaces
6989a4e910805f5685d6f2fb,Dragons
6989a4e910805f5685d6f2fc,Business
6989a4e910805f5685d6f2fd,Austria
6989a4e910805f5685d6f2fd,Father And Child
6989a4e910805f5685d6f2fe,Business Ethics
6989a4e910805f5685d6f2fe,Arab-israeli Conflict
6989a4e910805f5685d6f2ff,Business
6989a4e910805f5685d6f300,Fiction
6989a4e910805f5685d6f301,Fiction
6989a4e910805f5685d6f301,General
6989a4e910805f5685d6f301,Juvenile Fiction
6989a4e910805f5685d6f302,Cerebral Palsied Children
6989a4e910805f5685d6f302,Arab Americans
6989a4e910805f5685d6f303,Dragons
6989a4e910805f5685d6f304,Humanity
6989a4e910805f5685d6f304,Mind
6989a4e910805f5685d6f305,Digests
6989a4e910805f5685d6f305,Eminent Domain
6989a4e910805f5685d6f306,Film Novelizations
6989a4e910805f5685d6f306,Agriculture
6989a4e910805f5685d6f307,Self-help
6989a4e910805f5685d6f307,Biography
6989a4e910805f5685d6f307,Interpersonal Communication
6989a4e910805f5685d6f308,Pets
6989a4e910805f5685d6f309,Devil
6989a4e910805f5685d6f309,Accident Victims
6989a4e910805f5685d6f30a,Psychology
6989a4e910805f5685d6f30a,Fiction
6989a4e910805f5685d6f30a,General
6989a4e910805f5685d6f30b,Anti-clericalism
6989a4e910805f5685d6f30b,Bolan
6989a4e910805f5685d6f30c,Fourth Dimension
6989a4e910805f5685d6f30c,Housing
6989a4e910805f5685d6f30d,Ambassadors
6989a4e910805f5685d6f30d,London (england)
6989a4e910805f5685d6f30e,Fiction
6989a4e910805f5685d6f30f,Journalists
6989a4e910805f5685d6f30f,Adventure
6989a4e910805f5685d6f310,Business
6989a4e910805f5685d6f311,Biography
6989a4e910805f5685d6f312,Assisi (italy)
6989a4e910805f5685d6f312,Apparent
6989a4e910805f5685d6f313,Psychology
6989a4e910805f5685d6f314,Science
6989a4e910805f5685d6f315,Fiction
6989a4e910805f5685d6f316,General
6989a4e910805f5685d6f317,Ethics
6989a4e910805f5685d6f317,Biology
6989a4e910805f5685d6f318,Fiction
6989a4e910805f5685d6f319,Total Quality Management
6989a4e910805f5685d6f319,Rourke
6989a4e910805f5685d6f31a,American Fiction
6989a4e910805f5685d6f31b,General
6989a4e910805f5685d6f31c,Fitness Walking
6989a4e910805f5685d6f31c,Mental
6989a4e910805f5685d6f31d,Children's Stories
6989a4e910805f5685d6f31d,Religious Fiction
6989a4e910805f5685d6f31e,Fiction
6989a4e910805f5685d6f31f,Betrayal
6989a4e910805f5685d6f31f,Video Games
6989a4e910805f5685d6f320,Women
6989a4e910805f5685d6f320,Reading Comprehension
6989a4e910805f5685d6f321,General
6989a4e910805f5685d6f322,Reading Comprehension
6989a4e910805f5685d6f322,High Interest-low Vocabulary Books
6989a4e910805f5685d6f323,History
6989a4e910805f5685d6f324,Glass Craft
6989a4e910805f5685d6f324,Biology
6989a4e910805f5685d6f325,Fiction
6989a4e910805f5685d6f325,General
6989a4e910805f5685d6f325,Juvenile Fiction
6989a4e910805f5685d6f326,Bondage (sexual Behavior)
6989a4e910805f5685d6f326,Intimacy (psychology)
6989a4e910805f5685d6f327,Fiction
6989a4e910805f5685d6f328,England
6989a4e910805f5685d6f328,Atonement
6989a4e910805f5685d6f328,Juvenile Fiction
6989a4e910805f5685d6f329,Photography
6989a4e910805f5685d6f32a,Biography
6989a4e910805f5685d6f32a,General
6989a4e910805f5685d6f32a,Business
6989a4e910805f5685d6f32b,Mack (fictitious Character)
6989a4e910805f5685d6f32b,English Literature
6989a4e910805f5685d6f32c,Renaissance
6989a4e910805f5685d6f32c,Union Catalogs
6989a4e910805f5685d6f32d,Fiction
6989a4e910805f5685d6f32d,General
6989a4e910805f5685d6f32d,Juvenile Nonfiction
6989a4e910805f5685d6f32e,History
6989a4e910805f5685d6f32f,Dream Interpretation
6989a4e910805f5685d6f32f,Private Investigation
6989a4e910805f5685d6f330,Language Arts
6989a4e910805f5685d6f330,Drug Abuse And Crime
6989a4e910805f5685d6f331,Audiobooks
6989a4e910805f5685d6f332,Fiction
6989a4e910805f5685d6f333,Fiction
6989a4e910805f5685d6f333,Humor
6989a4e910805f5685d6f333,General
6989a4e910805f5685d6f334,Wizards-juvenile Fiction
6989a4e910805f5685d6f334,Albert (fictitious Character)
6989a4e910805f5685d6f335,Necklaces
6989a4e910805f5685d6f335,Future Life
6989a4e910805f5685d6f336,Audio-visual Education
6989a4e910805f5685d6f336,Interpersonal Relations
6989a4e910805f5685d6f337,Mexican War
6989a4e910805f5685d6f337,Jewish Fiction
6989a4e910805f5685d6f338,Bones (musical Instrument)
6989a4e910805f5685d6f338,People With Disabilities
6989a4e910805f5685d6f339,Food Service
6989a4e910805f5685d6f339,Tiger
6989a4e910805f5685d6f33a,Pool (game)
6989a4e910805f5685d6f33a,Anti-apartheid Movements
6989a4e910805f5685d6f33b,History
6989a4e910805f5685d6f33b,General
6989a4e910805f5685d6f33b,Social Science
6989a4e910805f5685d6f33c,Harness Racing
6989a4e910805f5685d6f33c,George (fictitious Character)
6989a4e910805f5685d6f33d,Comic Fantasy
6989a4e910805f5685d6f33d,Espionage
6989a4e910805f5685d6f33e,Caulfield
6989a4e910805f5685d6f33e,Detective And Mystery Stories
6989a4e910805f5685d6f33f,Christmas Stories
6989a4e910805f5685d6f33f,Courage
6989a4e910805f5685d6f340,History
6989a4e910805f5685d6f341,Fiction
6989a4e910805f5685d6f341,Juvenile Fiction
6989a4e910805f5685d6f341,Authors
6989a4e910805f5685d6f342,Drivers' Licenses
6989a4e910805f5685d6f342,Bondage (sexual Behavior)
6989a4e910805f5685d6f343,Fiction
6989a4e910805f5685d6f344,Police
6989a4e910805f5685d6f344,Art
6989a4e910805f5685d6f345,Gays
6989a4e910805f5685d6f345,Multiple Personality
6989a4e910805f5685d6f346,Fiction
6989a4e910805f5685d6f347,Housing
6989a4e910805f5685d6f347,Adult Children
6989a4e910805f5685d6f348,Indian Art
6989a4e910805f5685d6f348,Classical Literature
6989a4e910805f5685d6f349,Assassination
6989a4e910805f5685d6f349,English Drama (comedy)
6989a4e910805f5685d6f34a,Business
6989a4e910805f5685d6f34a,Reference
6989a4e910805f5685d6f34a,Colombia
6989a4e910805f5685d6f34b,Propaganda
6989a4e910805f5685d6f34b,Monographic Series
6989a4e910805f5685d6f34c,Nvivo
6989a4e910805f5685d6f34c,Renaissance
6989a4e910805f5685d6f34d,Abolitionists
6989a4e910805f5685d6f34d,Government
6989a4e910805f5685d6f34e,Biography
6989a4e910805f5685d6f34f,Conjoined Twins
6989a4e910805f5685d6f34f,Russian Poetry
6989a4e910805f5685d6f350,Fiction
6989a4e910805f5685d6f350,Juvenile Fiction
6989a4e910805f5685d6f350,General
6989a4e910805f5685d6f351,Reincarnation
6989a4e910805f5685d6f351,Body Language
6989a4e910805f5685d6f352,Portrait Photography
6989a4e910805f5685d6f352,Bible Stories
6989a4e910805f5685d6f353,History
6989a4e910805f5685d6f353,Games
6989a4e910805f5685d6f353,Fiction
6989a4e910805f5685d6f354,Fiction
6989a4e910805f5685d6f354,General
6989a4e910805f5685d6f354,Adventure Stories
6989a4e910805f5685d6f355,Art
6989a4e910805f5685d6f356,Fiction
6989a4e910805f5685d6f356,Comics
6989a4e910805f5685d6f357,Humor
6989a4e910805f5685d6f357,Drama
6989a4e910805f5685d6f358,Boys
6989a4e910805f5685d6f358,Self-help
6989a4e910805f5685d6f359,Sports
6989a4e910805f5685d6f35a,Fiction
6989a4e910805f5685d6f35a,Juvenile Fiction
6989a4e910805f5685d6f35a,General
6989a4e910805f5685d6f35b,General
6989a4e910805f5685d6f35c,Flower Gardening
6989a4e910805f5685d6f35c,Animals In Art
6989a4e910805f5685d6f35d,History
6989a4e910805f5685d6f35e,Fiction
6989a4e910805f5685d6f35f,Juvenile Nonfiction
6989a4e910805f5685d6f35f,Endangered Species
6989a4e910805f5685d6f360,Fiction
6989a4e910805f5685d6f360,Biography
6989a4e910805f5685d6f361,Missing Persons
6989a4e910805f5685d6f361,Household Ecology
6989a4e910805f5685d6f362,Juvenile Fiction
6989a4e910805f5685d6f362,Dog Attacks
6989a4e910805f5685d6f363,Human Ecology
6989a4e910805f5685d6f363,Science Fiction In Art
6989a4e910805f5685d6f364,French
6989a4e910805f5685d6f364,Fairy Tales
6989a4e910805f5685d6f365,Juvenile Fiction
6989a4e910805f5685d6f366,Biography
6989a4e910805f5685d6f366,Fiction
6989a4e910805f5685d6f366,Juvenile Fiction
6989a4e910805f5685d6f367,Fiction
6989a4e910805f5685d6f368,Science
6989a4e910805f5685d6f368,Mathematics
6989a4e910805f5685d6f368,Biography
6989a4e910805f5685d6f369,Brain
6989a4e910805f5685d6f369,Baseball Players
6989a4e910805f5685d6f36a,Executive Departments
6989a4e910805f5685d6f36a,Presidents
6989a4e910805f5685d6f36b,History
6989a4e910805f5685d6f36b,General
6989a4e910805f5685d6f36b,Electronic Books
6989a4e910805f5685d6f36c,Cerebral Palsied Children
6989a4e910805f5685d6f36c,Cosmetics Industry
6989a4e910805f5685d6f36d,General
6989a4e910805f5685d6f36d,Biography
6989a4e910805f5685d6f36d,Language Arts
6989a4e910805f5685d6f36e,Alphabet
6989a4e910805f5685d6f36e,Adventure Stories
6989a4e910805f5685d6f36f,Reference
6989a4e910805f5685d6f370,Fiction
6989a4e910805f5685d6f371,Study Aids
6989a4e910805f5685d6f371,Occult Fiction
6989a4e910805f5685d6f372,French
6989a4e910805f5685d6f372,Self-preservation
6989a4e910805f5685d6f373,Young Adult Fiction
6989a4e910805f5685d6f373,Copenhagen (denmark)
6989a4e910805f5685d6f374,Travel
6989a4e910805f5685d6f375,Piano Music
6989a4e910805f5685d6f375,Discipline Of Children
6989a4e910805f5685d6f376,Statistics
6989a4e910805f5685d6f376,Jeunesse - Usage Des Drogues - Californie
6989a4e910805f5685d6f377,Fiction
6989a4e910805f5685d6f377,General
6989a4e910805f5685d6f377,Body
6989a4e910805f5685d6f378,Fiction
6989a4e910805f5685d6f378,Literary Criticism
6989a4e910805f5685d6f379,Fiction
6989a4e910805f5685d6f379,Medical
6989a4e910805f5685d6f379,Czech Americans
6989a4e910805f5685d6f37a,Salvage
6989a4e910805f5685d6f37a,Augustine
6989a4e910805f5685d6f37b,Juvenile Fiction
6989a4e910805f5685d6f37c,Dwellings
6989a4e910805f5685d6f37c,Antitrust Law
6989a4e910805f5685d6f37d,Orphans
6989a4e910805f5685d6f37d,Agricultural Credit
6989a4e910805f5685d6f37e,Espaliers
6989a4e910805f5685d6f37e,Owls
6989a4e910805f5685d6f37f,Self-help
6989a4e910805f5685d6f37f,Fiction
6989a4e910805f5685d6f380,Fiction
6989a4e910805f5685d6f381,Anthropology.
6989a4e910805f5685d6f381,Gay Men
6989a4e910805f5685d6f382,General
6989a4e910805f5685d6f382,Fiction
6989a4e910805f5685d6f383,Religion
6989a4e910805f5685d6f384,Conversation
6989a4e910805f5685d6f384,Berlin
6989a4e910805f5685d6f385,General
6989a4e910805f5685d6f386,2003-
6989a4e910805f5685d6f386,Genetic Engineering
6989a4e910805f5685d6f387,History
6989a4e910805f5685d6f387,General
6989a4e910805f5685d6f387,Biography
6989a4e910805f5685d6f388,Evangelistic Sermons
6989a4e910805f5685d6f388,Dream Interpretation
6989a4e910805f5685d6f389,General
6989a4e910805f5685d6f38a,Alligators
6989a4e910805f5685d6f38a,Genetic Engineering
6989a4e910805f5685d6f38b,Fiction
6989a4e910805f5685d6f38b,General
6989a4e910805f5685d6f38b,History
6989a4e910805f5685d6f38c,Animal Communication
6989a4e910805f5685d6f38c,Juvenile Fiction
6989a4e910805f5685d6f38d,General
6989a4e910805f5685d6f38d,Fiction
6989a4e910805f5685d6f38e,Juvenile Nonfiction
6989a4e910805f5685d6f38e,Fiction
6989a4e910805f5685d6f38f,Fiction
6989a4e910805f5685d6f38f,General
6989a4e910805f5685d6f38f,Juvenile Fiction
6989a4e910805f5685d6f390,Body
6989a4e910805f5685d6f390,Mind
6989a4e910805f5685d6f391,Alhambra (granada
6989a4e910805f5685d6f391,Appomattox Campaign
6989a4e910805f5685d6f392,Juvenile Fiction
6989a4e910805f5685d6f392,Fiction
6989a4e910805f5685d6f392,Amish
6989a4e910805f5685d6f393,Comic Fantasy
6989a4e910805f5685d6f393,Americanisms
6989a4e910805f5685d6f394,Wales
6989a4e910805f5685d6f394,Talking Books
6989a4e910805f5685d6f395,Juvenile Fiction
6989a4e910805f5685d6f396,Science Fiction Comic Books
6989a4e910805f5685d6f396,Iraq War
6989a4e910805f5685d6f397,Sexual Fantasies
6989a4e910805f5685d6f397,Baseball Stories
6989a4e910805f5685d6f398,North Atlantic Ocean
6989a4e910805f5685d6f398,Creative Writing
6989a4e910805f5685d6f399,German Literature
6989a4e910805f5685d6f399,Housing
6989a4e910805f5685d6f39a,Food Service
6989a4e910805f5685d6f39a,Revolutions
6989a4e910805f5685d6f39b,Design
6989a4e910805f5685d6f39c,Nature
6989a4e910805f5685d6f39d,Fiction
6989a4e910805f5685d6f39e,French
6989a4e910805f5685d6f39e,Design
6989a4e910805f5685d6f39f,Lizards
6989a4e910805f5685d6f39f,Germany
6989a4e910805f5685d6f3a0,Jewish (1939-1945)
6989a4e910805f5685d6f3a0,Marine Biology
6989a4e910805f5685d6f3a1,True Crime
6989a4e910805f5685d6f3a2,General
6989a4e910805f5685d6f3a2,Literatura Contemporánea
6989a4e910805f5685d6f3a3,Jerusalem
6989a4e910805f5685d6f3a3,Reincarnation
6989a4e910805f5685d6f3a4,England
6989a4e910805f5685d6f3a4,Manitoba
6989a4e910805f5685d6f3a5,Business
6989a4e910805f5685d6f3a6,Dragons
6989a4e910805f5685d6f3a6,Readers (elementary)
6989a4e910805f5685d6f3a7,Christmas Stories
6989a4e910805f5685d6f3a7,African American Women Artists
6989a4e910805f5685d6f3a8,Fiction
6989a4e910805f5685d6f3a9,Bashfulness
6989a4e910805f5685d6f3a9,Superintendent (fictitious Character)
6989a4e910805f5685d6f3aa,Fiction
6989a4e910805f5685d6f3aa,General
6989a4e910805f5685d6f3aa,Cooking
6989a4e910805f5685d6f3ab,General
6989a4e910805f5685d6f3ab,Religion
6989a4e910805f5685d6f3ac,Adultery
6989a4e910805f5685d6f3ad,General
6989a4e910805f5685d6f3ad,Science
6989a4e910805f5685d6f3ad,Fiction
6989a4e910805f5685d6f3ae,Harlem (new York
6989a4e910805f5685d6f3ae,Emotions
6989a4e910805f5685d6f3af,Fiction
6989a4e910805f5685d6f3af,Juvenile Fiction
6989a4e910805f5685d6f3af,General
6989a4e910805f5685d6f3b0,General
6989a4e910805f5685d6f3b1,Nova Scotia
6989a4e910805f5685d6f3b1,Italian American Families
6989a4e910805f5685d6f3b2,Fiction
6989a4e910805f5685d6f3b2,Biography
6989a4e910805f5685d6f3b2,Juvenile Fiction
6989a4e910805f5685d6f3b3,Canadian Literature
6989a4e910805f5685d6f3b3,City And Town Life
6989a4e910805f5685d6f3b4,English Language - Words
6989a4e910805f5685d6f3b4,Detective And Mystery Stories
6989a4e910805f5685d6f3b5,Fiction
6989a4e910805f5685d6f3b6,Juvenile Nonfiction
6989a4e910805f5685d6f3b6,Fiction
6989a4e910805f5685d6f3b6,General
6989a4e910805f5685d6f3b7,Album
6989a4e910805f5685d6f3b7,Courts And Courtiers
6989a4e910805f5685d6f3b8,Literary Criticism
6989a4e910805f5685d6f3b9,Comics
6989a4e910805f5685d6f3ba,Fiction
6989a4e910805f5685d6f3ba,General
6989a4e910805f5685d6f3ba,Juvenile Fiction
6989a4e910805f5685d6f3bb,Fiction
6989a4e910805f5685d6f3bb,General
6989a4e910805f5685d6f3bb,Motion Picture Actors And Actresses
6989a4e910805f5685d6f3bc,Fiction
6989a4e910805f5685d6f3bc,Biography
6989a4e910805f5685d6f3bd,Alzheimer's Disease
6989a4e910805f5685d6f3be,Juvenile Fiction
6989a4e910805f5685d6f3be,Design
6989a4e910805f5685d6f3bf,General
6989a4e910805f5685d6f3c0,History
6989a4e910805f5685d6f3c0,Psychology
6989a4e910805f5685d6f3c0,Social Science
6989a4e910805f5685d6f3c1,Africa
6989a4e910805f5685d6f3c1,Kate (fictitious Character)
6989a4e910805f5685d6f3c2,Fiction
6989a4e910805f5685d6f3c3,Child Psychology
6989a4e910805f5685d6f3c3,Botany
6989a4e910805f5685d6f3c4,Fiction
6989a4e910805f5685d6f3c4,Medical
6989a4e910805f5685d6f3c5,Cuban
6989a4e910805f5685d6f3c5,Fell
6989a4e910805f5685d6f3c6,Fiction
6989a4e910805f5685d6f3c7,Humor
6989a4e910805f5685d6f3c7,Biographers
6989a4e910805f5685d6f3c8,Electronic Books
6989a4e910805f5685d6f3c8,Chivalry
6989a4e910805f5685d6f3c9,General
6989a4e910805f5685d6f3c9,Fiction
6989a4e910805f5685d6f3ca,Bewitched (television Program)
6989a4e910805f5685d6f3ca,Quilts
6989a4e910805f5685d6f3cb,Fiction
6989a4e910805f5685d6f3cb,General
6989a4e910805f5685d6f3cb,Cadfael
6989a4e910805f5685d6f3cc,Narnia (imaginary Place)
6989a4e910805f5685d6f3cc,Child Development
6989a4e910805f5685d6f3cd,Editions
6989a4e910805f5685d6f3cd,Cape Cod (mass.)
6989a4e910805f5685d6f3ce,Applications For Positions
6989a4e910805f5685d6f3ce,George (fictitious Character)
6989a4e910805f5685d6f3cf,Juvenile Fiction
6989a4e910805f5685d6f3d0,Abandoned Children
6989a4e910805f5685d6f3d0,Jewish Fiction
6989a4e910805f5685d6f3d1,Art
6989a4e910805f5685d6f3d1,Birth Control
6989a4e910805f5685d6f3d2,Cuba
6989a4e910805f5685d6f3d2,Country Musicians
6989a4e910805f5685d6f3d3,Colors
6989a4e910805f5685d6f3d3,Bonsai
6989a4e910805f5685d6f3d4,General
6989a4e910805f5685d6f3d4,History
6989a4e910805f5685d6f3d4,Fiction
6989a4e910805f5685d6f3d5,New Mexico
6989a4e910805f5685d6f3d5,September 11 Terrorist Attacks
6989a4e910805f5685d6f3d6,Women Painters
6989a4e910805f5685d6f3d6,Soft Toy Making.
6989a4e910805f5685d6f3d7,Cloning
6989a4e910805f5685d6f3d7,Imperialism
6989a4e910805f5685d6f3d8,Etc
6989a4e910805f5685d6f3d8,Personnel Management
6989a4e910805f5685d6f3d9,Current Events
6989a4e910805f5685d6f3d9,Eccentrics And Eccentricities
6989a4e910805f5685d6f3da,Fiction
6989a4e910805f5685d6f3da,General
6989a4e910805f5685d6f3da,Juvenile Fiction
6989a4e910805f5685d6f3db,Music
6989a4e910805f5685d6f3dc,Dawson's Creek (television Program)
6989a4e910805f5685d6f3dc,Europe
6989a4e910805f5685d6f3dd,True Crime
6989a4e910805f5685d6f3de,Fiction
6989a4e910805f5685d6f3df,Friendship
6989a4e910805f5685d6f3df,Blair Witch Project (motion Picture)
6989a4e910805f5685d6f3e0,Harry (fictitious Character)
6989a4e910805f5685d6f3e0,Hopalong (fictitious Character)
6989a4e910805f5685d6f3e1,Normandy (france)
6989a4e910805f5685d6f3e1,Eastern Question (far East)
6989a4e910805f5685d6f3e2,Social Science
6989a4e910805f5685d6f3e2,Religion
6989a4e910805f5685d6f3e2,Juvenile Fiction
6989a4e910805f5685d6f3e3,National Characteristics
6989a4e910805f5685d6f3e3,Sex Instruction For Women
6989a4e910805f5685d6f3e4,General
6989a4e910805f5685d6f3e4,Fiction
6989a4e910805f5685d6f3e4,History
6989a4e910805f5685d6f3e5,Fiction
6989a4e910805f5685d6f3e5,Science
6989a4e910805f5685d6f3e6,Beef
6989a4e910805f5685d6f3e6,Low-carbohydrate Diet
6989a4e910805f5685d6f3e7,Channeling (spiritualism)
6989a4e910805f5685d6f3e7,General
6989a4e910805f5685d6f3e8,Fiction
6989a4e910805f5685d6f3e8,General
6989a4e910805f5685d6f3e8,Social Science
6989a4e910805f5685d6f3e9,Akenfield (england)
6989a4e910805f5685d6f3e9,Christian Biography
6989a4e910805f5685d6f3ea,Fiction
6989a4e910805f5685d6f3ea,General
6989a4e910805f5685d6f3ea,Women Authors
6989a4e910805f5685d6f3eb,Babies
6989a4e910805f5685d6f3eb,Escort Services
6989a4e910805f5685d6f3ec,Sex
6989a4e910805f5685d6f3ec,Copyright
6989a4e910805f5685d6f3ed,Insurgency
6989a4e910805f5685d6f3ed,Boats And Boating
6989a4e910805f5685d6f3ee,Demonology
6989a4e910805f5685d6f3ee,Spiritual Life
6989a4e910805f5685d6f3ef,Social Science
6989a4e910805f5685d6f3f0,Juvenile Fiction
6989a4e910805f5685d6f3f1,New York (n.y.)
6989a4e910805f5685d6f3f1,Amusements
6989a4e910805f5685d6f3f2,Fiction
6989a4e910805f5685d6f3f3,Christian Saints
6989a4e910805f5685d6f3f3,English Language - Words
6989a4e910805f5685d6f3f4,Areproductive Health
6989a4e910805f5685d6f3f4,Digriz
6989a4e910805f5685d6f3f5,Child Abuse
6989a4e910805f5685d6f3f5,Burma
6989a4e910805f5685d6f3f6,Horticulture
6989a4e910805f5685d6f3f6,Alienation (social Psychology)
6989a4e910805f5685d6f3f7,Comic Books
6989a4e910805f5685d6f3f7,Reference
6989a4e910805f5685d6f3f8,Books
6989a4e910805f5685d6f3f8,Rabbits
6989a4e910805f5685d6f3f9,Maternal.
6989a4e910805f5685d6f3f9,Animal Rescue
6989a4e910805f5685d6f3fa,Architecture
6989a4e910805f5685d6f3fa,Single Tax
6989a4e910805f5685d6f3fb,Psychoanalysis
6989a4e910805f5685d6f3fb,Amnesiacs
6989a4e910805f5685d6f3fc,Military Funerals
6989a4e910805f5685d6f3fc,African American Teenage Girls
6989a4e910805f5685d6f3fd,Fiction
6989a4e910805f5685d6f3fd,History
6989a4e910805f5685d6f3fd,Biography
6989a4e910805f5685d6f3fe,Philosophy
6989a4e910805f5685d6f3ff,Microeconomics
6989a4e910805f5685d6f3ff,Intercountry Adoption
6989a4e910805f5685d6f400,Illegitimate Children
6989a4e910805f5685d6f400,Computers
6989a4e910805f5685d6f401,Bomber Pilots
6989a4e910805f5685d6f401,Gay Erotic Photography
6989a4e910805f5685d6f402,Child Psychology
6989a4e910805f5685d6f402,Musical Fiction
6989a4e910805f5685d6f403,Juvenile Fiction
6989a4e910805f5685d6f403,General
6989a4e910805f5685d6f403,Behavior
6989a4e910805f5685d6f404,Juvenile Fiction
6989a4e910805f5685d6f405,Creative Ability
6989a4e910805f5685d6f405,Amish
6989a4e910805f5685d6f406,Computers
6989a4e910805f5685d6f407,Discoveries In Geography
6989a4e910805f5685d6f407,Atomic Bomb
6989a4e910805f5685d6f408,Fiction
6989a4e910805f5685d6f409,Fiction
6989a4e910805f5685d6f40a,Fiction
6989a4e910805f5685d6f40b,Colors
6989a4e910805f5685d6f40b,Africans
6989a4e910805f5685d6f40c,General
6989a4e910805f5685d6f40c,Biography
6989a4e910805f5685d6f40c,Business
6989a4e910805f5685d6f40d,Fiction
6989a4e910805f5685d6f40e,Questions And Answers
6989a4e910805f5685d6f40e,Bullies
6989a4e910805f5685d6f40f,Fiction
6989a4e910805f5685d6f410,General
6989a4e910805f5685d6f411,Fiction
6989a4e910805f5685d6f412,Fiction
6989a4e910805f5685d6f413,Nigeria
6989a4e910805f5685d6f413,Games
6989a4e910805f5685d6f414,Biography
6989a4e910805f5685d6f415,Body
6989a4e910805f5685d6f415,Mind
6989a4e910805f5685d6f415,Future Life
6989a4e910805f5685d6f416,Diazepam
6989a4e910805f5685d6f417,General
6989a4e910805f5685d6f417,Fiction
6989a4e910805f5685d6f417,History
6989a4e910805f5685d6f418,Spain)
6989a4e910805f5685d6f418,Bosch
6989a4e910805f5685d6f419,Fiction
6989a4e910805f5685d6f41a,Propaganda
6989a4e910805f5685d6f41a,Shugak
6989a4e910805f5685d6f41b,Decoration And Ornament
6989a4e910805f5685d6f41b,Existential Psychotherapy
6989a4e910805f5685d6f41c,Anti-apartheid Movements
6989a4e910805f5685d6f41c,Texas
6989a4e910805f5685d6f41d,Fiction
6989a4e910805f5685d6f41e,Literary Criticism
6989a4e910805f5685d6f41f,Reading
6989a4e910805f5685d6f41f,Voyages Around The World
6989a4e910805f5685d6f420,Dyslexic Children
6989a4e910805f5685d6f420,Competition (psychology)
6989a4e910805f5685d6f421,Ranchers
6989a4e910805f5685d6f421,Anglican Converts
6989a4e910805f5685d6f422,Sports
6989a4e910805f5685d6f422,Autobiographical Fiction
6989a4e910805f5685d6f423,Fiction
6989a4e910805f5685d6f423,General
6989a4e910805f5685d6f423,Predation (biology)
6989a4e910805f5685d6f424,Landlord And Tenant
6989a4e910805f5685d6f424,Assisi (italy)
6989a4e910805f5685d6f425,Fiction
6989a4e910805f5685d6f425,Psychology
6989a4e910805f5685d6f425,Chile
6989a4e910805f5685d6f426,Science
6989a4e910805f5685d6f426,Curiosities And Wonders
6989a4e910805f5685d6f427,Biography
6989a4e910805f5685d6f427,Cerebral Dominance
6989a4e910805f5685d6f427,General
6989a4e910805f5685d6f428,Insects
6989a4e910805f5685d6f428,Bullies
6989a4e910805f5685d6f429,Religion
6989a4e910805f5685d6f42a,Cultivated
6989a4e910805f5685d6f42a,Christian Life
6989a4e910805f5685d6f42b,Fiction
6989a4e910805f5685d6f42c,Deaf Gay Men
6989a4e910805f5685d6f42c,Drugs
6989a4e910805f5685d6f42d,Fiction
6989a4e910805f5685d6f42d,General
6989a4e910805f5685d6f42d,Biography
6989a4e910805f5685d6f42e,Karate
6989a4e910805f5685d6f42e,Diana (roman Deity)
6989a4e910805f5685d6f42f,General
6989a4e910805f5685d6f42f,Language Arts
6989a4e910805f5685d6f42f,Political Science
6989a4e910805f5685d6f430,General
6989a4e910805f5685d6f431,General
6989a4e910805f5685d6f432,Indonesia
6989a4e910805f5685d6f432,Calculus
6989a4e910805f5685d6f433,Fiction
6989a4e910805f5685d6f433,Body
6989a4e910805f5685d6f433,Mind
6989a4e910805f5685d6f434,Transportation
6989a4e910805f5685d6f434,Behavior
6989a4e910805f5685d6f435,Bible And Evolution
6989a4e910805f5685d6f436,Kentucky
6989a4e910805f5685d6f436,Marriage
6989a4e910805f5685d6f437,Classical Literature
6989a4e910805f5685d6f437,Abandoned Children
6989a4e910805f5685d6f438,Great Plains
6989a4e910805f5685d6f438,Fantastic Fiction
6989a4e910805f5685d6f439,Accident Victims
6989a4e910805f5685d6f439,Women Astronauts
6989a4e910805f5685d6f43a,History
6989a4e910805f5685d6f43b,Mindfulness (psychology)
6989a4e910805f5685d6f43b,Courts And Courtiers
6989a4e910805f5685d6f43c,Mass.)
6989a4e910805f5685d6f43c,Baseball Coaches
6989a4e910805f5685d6f43d,General
6989a4e910805f5685d6f43d,History
6989a4e910805f5685d6f43d,Fiction
6989a4e910805f5685d6f43e,American Fiction
6989a4e910805f5685d6f43e,Fiction
6989a4e910805f5685d6f43f,Carbohydrates
6989a4e910805f5685d6f43f,Electronic Books
6989a4e910805f5685d6f440,Business
6989a4e910805f5685d6f441,General
6989a4e910805f5685d6f442,Foreign Language Study
6989a4e910805f5685d6f443,Juvenile Nonfiction
6989a4e910805f5685d6f443,Fiction
6989a4e910805f5685d6f444,Fiction
6989a4e910805f5685d6f444,Upper Class
6989a4e910805f5685d6f444,General
6989a4e910805f5685d6f445,Dramatists
6989a4e910805f5685d6f445,Performing Arts
6989a4e910805f5685d6f446,Australian
6989a4e910805f5685d6f446,Diners (restaurants)
6989a4e910805f5685d6f447,Songs
6989a4e910805f5685d6f447,Antarctica
6989a4e910805f5685d6f448,Archetype (psychology)
6989a4e910805f5685d6f448,Anglican Converts
6989a4e910805f5685d6f449,Fiction
6989a4e910805f5685d6f449,General
6989a4e910805f5685d6f449,Juvenile Fiction
6989a4e910805f5685d6f44a,Fiction
6989a4e910805f5685d6f44b,Fiction
6989a4e910805f5685d6f44b,Literary Criticism
6989a4e910805f5685d6f44c,Ghost Stories
6989a4e910805f5685d6f44c,American
6989a4e910805f5685d6f44d,General
6989a4e910805f5685d6f44e,Fiction
6989a4e910805f5685d6f44e,General
6989a4e910805f5685d6f44e,Literary Criticism
6989a4e910805f5685d6f44f,Generals
6989a4e910805f5685d6f44f,Role Playing
6989a4e910805f5685d6f450,Gay Erotic Photography
6989a4e910805f5685d6f450,Bartholomew
6989a4e910805f5685d6f451,Fiction
6989a4e910805f5685d6f451,Social Science
6989a4e910805f5685d6f451,General
6989a4e910805f5685d6f452,Aberystwyth (wales)
6989a4e910805f5685d6f452,Sports
6989a4e910805f5685d6f453,Fiction
6989a4e910805f5685d6f454,General
6989a4e910805f5685d6f455,General
6989a4e910805f5685d6f456,Fiction
6989a4e910805f5685d6f456,General
6989a4e910805f5685d6f456,Juvenile Nonfiction
6989a4e910805f5685d6f457,Fiction
6989a4e910805f5685d6f458,Tennis
6989a4e910805f5685d6f458,Death
6989a4e910805f5685d6f459,True Crime
6989a4e910805f5685d6f45a,Fiction
6989a4e910805f5685d6f45a,General
6989a4e910805f5685d6f45a,Biography
6989a4e910805f5685d6f45b,Juvenile Fiction
6989a4e910805f5685d6f45c,Bones
6989a4e910805f5685d6f45c,Bartholomew
6989a4e910805f5685d6f45d,Fiction
6989a4e910805f5685d6f45d,General
6989a4e910805f5685d6f45e,Fiction
6989a4e910805f5685d6f45e,General
6989a4e910805f5685d6f45e,Juvenile Fiction
6989a4e910805f5685d6f45f,Québec (province)
6989a4e910805f5685d6f45f,Cloning
6989a4e910805f5685d6f460,Fiction
6989a4e910805f5685d6f461,Business
6989a4e910805f5685d6f461,Police
6989a4e910805f5685d6f462,Hope
6989a4e910805f5685d6f462,Adoption
6989a4e910805f5685d6f463,Aristocracy (social Class)
6989a4e910805f5685d6f463,Bookbinding
6989a4e910805f5685d6f464,Fiction
6989a4e910805f5685d6f464,Juvenile Fiction
6989a4e910805f5685d6f464,True Crime
6989a4e910805f5685d6f465,General
6989a4e910805f5685d6f466,Patents
6989a4e910805f5685d6f466,Last Words
6989a4e910805f5685d6f467,Arctic Regions
6989a4e910805f5685d6f467,Ranchers
6989a4e910805f5685d6f468,Antique Dealers
6989a4e910805f5685d6f468,Amish
6989a4e910805f5685d6f469,Refined
6989a4e910805f5685d6f469,Motion Pictures
6989a4e910805f5685d6f46a,Islam
6989a4e910805f5685d6f46a,Salvage
6989a4e910805f5685d6f46b,Body
6989a4e910805f5685d6f46b,Mind
6989a4e910805f5685d6f46c,Education
6989a4e910805f5685d6f46d,Fiction
6989a4e910805f5685d6f46e,Biography
6989a4e910805f5685d6f46f,Business
6989a4e910805f5685d6f470,General
6989a4e910805f5685d6f471,Fiction
6989a4e910805f5685d6f471,General
6989a4e910805f5685d6f471,Literary Collections
6989a4e910805f5685d6f472,History
6989a4e910805f5685d6f473,Paranormal Romance Stories
6989a4e910805f5685d6f473,Picture Puzzles
6989a4e910805f5685d6f474,Diana (roman Deity)
6989a4e910805f5685d6f474,Juvenile Fiction
6989a4e910805f5685d6f475,Fiction
6989a4e910805f5685d6f476,General
6989a4e910805f5685d6f477,New Thought
6989a4e910805f5685d6f477,Cotswold Hills (england)
6989a4e910805f5685d6f478,English
6989a4e910805f5685d6f478,Inheritance And Succession
6989a4e910805f5685d6f479,Juvenile Fiction
6989a4e910805f5685d6f47a,General
6989a4e910805f5685d6f47b,Ho Chi Minh City (vietnam)
6989a4e910805f5685d6f47b,Fables
6989a4e910805f5685d6f47c,Hugh (fictitious Character)
6989a4e910805f5685d6f47c,Civilization
6989a4e910805f5685d6f47d,General
6989a4e910805f5685d6f47e,Fiction
6989a4e910805f5685d6f47e,General
6989a4e910805f5685d6f47e,Body
6989a4e910805f5685d6f47f,Gift Books
6989a4e910805f5685d6f47f,Man-woman Relationships
6989a4e910805f5685d6f480,General
6989a4e910805f5685d6f480,Northern Exposure (television Program)
6989a4e910805f5685d6f480,Fiction
6989a4e910805f5685d6f481,Stream Measurements
6989a4e910805f5685d6f481,Cowboys
6989a4e910805f5685d6f482,Comics
6989a4e910805f5685d6f483,History
6989a4e910805f5685d6f484,Fiction
6989a4e910805f5685d6f484,General
6989a4e910805f5685d6f484,Philosophy
6989a4e910805f5685d6f485,Discipline Of Children
6989a4e910805f5685d6f485,Hatha Yoga
6989a4e910805f5685d6f486,Science
6989a4e910805f5685d6f487,American Wit And Humor.
6989a4e910805f5685d6f487,Highway Planning
6989a4e910805f5685d6f488,General
6989a4e910805f5685d6f488,Fiction
6989a4e910805f5685d6f489,New York (n.y.)
6989a4e910805f5685d6f489,Feminism
6989a4e910805f5685d6f48a,Fiction
6989a4e910805f5685d6f48a,General
6989a4e910805f5685d6f48a,Adultery
6989a4e910805f5685d6f48b,Body
6989a4e910805f5685d6f48b,Mind
6989a4e910805f5685d6f48c,North Atlantic Ocean
6989a4e910805f5685d6f48c,African American Women Artists
6989a4e910805f5685d6f48d,Humor
6989a4e910805f5685d6f48e,Crossword Puzzles
6989a4e910805f5685d6f48e,Recreational Vehicle Living
6989a4e910805f5685d6f48f,Fiction
6989a4e910805f5685d6f48f,Businessmen
6989a4e910805f5685d6f490,Religion
6989a4e910805f5685d6f491,Vietnam War
6989a4e910805f5685d6f491,Happiness
6989a4e910805f5685d6f492,Iwo Jima
6989a4e910805f5685d6f492,Medieval
6989a4e910805f5685d6f493,Social Science
6989a4e910805f5685d6f494,Capital Punishment
6989a4e910805f5685d6f494,Eastern Question (far East)
6989a4e910805f5685d6f495,Bones
6989a4e910805f5685d6f495,Control (psychology)
6989a4e910805f5685d6f496,Horsemanship
6989a4e910805f5685d6f496,Guvernören (tanker)
6989a4e910805f5685d6f497,Fiction
6989a4e910805f5685d6f497,General
6989a4e910805f5685d6f498,Ancient
6989a4e910805f5685d6f498,Patents
6989a4e910805f5685d6f499,Motion Picture Plays
6989a4e910805f5685d6f499,Horsemanship
6989a4e910805f5685d6f49a,Akenfield (england)
6989a4e910805f5685d6f49a,Recreational Vehicle Living
6989a4e910805f5685d6f49b,Drug Abuse
6989a4e910805f5685d6f49b,Journalists
6989a4e910805f5685d6f49c,Fiction
6989a4e910805f5685d6f49d,Soups
6989a4e910805f5685d6f49d,Mongolia
6989a4e910805f5685d6f49e,Biographical Fiction
6989a4e910805f5685d6f49e,Guvernören (tanker)
6989a4e910805f5685d6f49f,Performing Arts
6989a4e910805f5685d6f49f,Fiction
6989a4e910805f5685d6f49f,General
6989a4e910805f5685d6f4a0,Humorous Stories
6989a4e910805f5685d6f4a0,Spanish
6989a4e910805f5685d6f4a1,Imperialism
6989a4e910805f5685d6f4a1,Atomic Bomb
6989a4e910805f5685d6f4a2,Veterinarians
6989a4e910805f5685d6f4a2,Dreams
6989a4e910805f5685d6f4a3,Reference
6989a4e910805f5685d6f4a3,Juvenile Fiction
6989a4e910805f5685d6f4a3,Fiction
6989a4e910805f5685d6f4a4,Dragons
6989a4e910805f5685d6f4a5,Behavior
6989a4e910805f5685d6f4a5,Homosexuality
6989a4e910805f5685d6f4a6,Self-help
6989a4e910805f5685d6f4a6,Literary Collections
6989a4e910805f5685d6f4a7,Gideon (fictitious Character)
6989a4e910805f5685d6f4a7,Hercules (roman Mythology)
6989a4e910805f5685d6f4a8,General
6989a4e910805f5685d6f4a9,Fiction
6989a4e910805f5685d6f4a9,Juvenile Fiction
6989a4e910805f5685d6f4aa,James Bolivar (fictitious Character)
6989a4e910805f5685d6f4aa,Jewelers
6989a4e910805f5685d6f4ab,Fiction
6989a4e910805f5685d6f4ab,Juvenile Nonfiction
6989a4e910805f5685d6f4ab,Philosophy
6989a4e910805f5685d6f4ac,Fiction
6989a4e910805f5685d6f4ad,Cerebral Dominance
6989a4e910805f5685d6f4ad,Interpersonal Communication
6989a4e910805f5685d6f4ae,Theology
6989a4e910805f5685d6f4ae,Education
6989a4e910805f5685d6f4af,Women Astronauts
6989a4e910805f5685d6f4af,Drummers (musicians)
6989a4e910805f5685d6f4b0,General
6989a4e910805f5685d6f4b1,Knitting
6989a4e910805f5685d6f4b1,Calder Family (fictitious Characters)
6989a4e910805f5685d6f4b2,True Crime
6989a4e910805f5685d6f4b3,Fiction
6989a4e910805f5685d6f4b3,General
6989a4e910805f5685d6f4b3,Agricultural Price Supports
6989a4e910805f5685d6f4b4,Holiness
6989a4e910805f5685d6f4b4,Adult Children Of Alcoholics
6989a4e910805f5685d6f4b5,Family
6989a4e910805f5685d6f4b6,Poetry
6989a4e910805f5685d6f4b6,General
6989a4e910805f5685d6f4b7,Recreational Vehicle Living
6989a4e910805f5685d6f4b7,Shugak
6989a4e910805f5685d6f4b8,Fiction
6989a4e910805f5685d6f4b9,Fiction
6989a4e910805f5685d6f4b9,General
6989a4e910805f5685d6f4b9,Bronté́
6989a4e910805f5685d6f4ba,Czech Fiction
6989a4e910805f5685d6f4ba,Physical Sciences
6989a4e910805f5685d6f4bb,Government
6989a4e910805f5685d6f4bb,North Carolina
6989a4e910805f5685d6f4bc,Fiction
6989a4e910805f5685d6f4bc,General
6989a4e910805f5685d6f4bc,Political Science
6989a4e910805f5685d6f4bd,Star Trek Films
6989a4e910805f5685d6f4bd,Honor
6989a4e910805f5685d6f4be,Adventure Stories
6989a4e910805f5685d6f4be,General
6989a4e910805f5685d6f4be,Juvenile Fiction
6989a4e910805f5685d6f4bf,Science Fiction.
6989a4e910805f5685d6f4bf,Furniture
6989a4e910805f5685d6f4c0,General
6989a4e910805f5685d6f4c1,Body
6989a4e910805f5685d6f4c1,Mind
6989a4e910805f5685d6f4c2,Fiction
6989a4e910805f5685d6f4c2,Music
6989a4e910805f5685d6f4c2,American Dream
6989a4e910805f5685d6f4c3,Foreign Language Study
6989a4e910805f5685d6f4c3,Channeling (spiritualism)
6989a4e910805f5685d6f4c4,Fiction
6989a4e910805f5685d6f4c5,Alligators
6989a4e910805f5685d6f4c5,Motels
6989a4e910805f5685d6f4c6,Rock Music
6989a4e910805f5685d6f4c6,Act Assessment
6989a4e910805f5685d6f4c7,Alternative Lifestyles
6989a4e910805f5685d6f4c7,Blair Witch Project (motion Picture)
6989a4e910805f5685d6f4c8,Courtship
6989a4e910805f5685d6f4c8,Investments
6989a4e910805f5685d6f4c9,Business
6989a4e910805f5685d6f4c9,Adultery
6989a4e910805f5685d6f4ca,Florida
6989a4e910805f5685d6f4ca,Popular Literature
6989a4e910805f5685d6f4cb,General
6989a4e910805f5685d6f4cb,Fiction
6989a4e910805f5685d6f4cc,United States
6989a4e910805f5685d6f4cc,Bawdy Poetry
6989a4e910805f5685d6f4cd,Missing Persons
6989a4e910805f5685d6f4cd,Time Management
6989a4e910805f5685d6f4ce,Debates And Debating
6989a4e910805f5685d6f4ce,Customer Services
6989a4e910805f5685d6f4cf,Health
6989a4e910805f5685d6f4cf,General
6989a4e910805f5685d6f4d0,General
6989a4e910805f5685d6f4d0,Drama
6989a4e910805f5685d6f4d0,Fiction
6989a4e910805f5685d6f4d1,General
6989a4e910805f5685d6f4d2,Fiction
6989a4e910805f5685d6f4d3,Fiction
6989a4e910805f5685d6f4d3,Existential Psychotherapy
6989a4e910805f5685d6f4d3,Psychology
6989a4e910805f5685d6f4d4,Superintendent (fictitious Character)
6989a4e910805f5685d6f4d4,Sign Language
6989a4e910805f5685d6f4d5,Body
6989a4e910805f5685d6f4d5,Mind
6989a4e910805f5685d6f4d6,Press And Politics
6989a4e910805f5685d6f4d6,Aeronautics
6989a4e910805f5685d6f4d7,Fiction
6989a4e910805f5685d6f4d7,Games
6989a4e910805f5685d6f4d7,General
6989a4e910805f5685d6f4d8,Međugorje (bosnia And Hercegovina)
6989a4e910805f5685d6f4d8,Avarice
6989a4e910805f5685d6f4d9,Female Orgasm
6989a4e910805f5685d6f4d9,Securities
6989a4e910805f5685d6f4da,Fiction
6989a4e910805f5685d6f4da,Comic Fantasy
6989a4e910805f5685d6f4db,Fiction
6989a4e910805f5685d6f4db,American Fiction
6989a4e910805f5685d6f4db,General
6989a4e910805f5685d6f4dc,Christian Life
6989a4e910805f5685d6f4dc,Holiness
6989a4e910805f5685d6f4dd,Common Interest Ownership Communities
6989a4e910805f5685d6f4dd,Paperbacks
6989a4e910805f5685d6f4de,Self-help
6989a4e910805f5685d6f4de,General
6989a4e910805f5685d6f4df,1800-1815
6989a4e910805f5685d6f4df,Irish
6989a4e910805f5685d6f4e0,Fiction
6989a4e910805f5685d6f4e0,History
6989a4e910805f5685d6f4e0,General
6989a4e910805f5685d6f4e1,Fiction
6989a4e910805f5685d6f4e2,Ghost Stories
6989a4e910805f5685d6f4e2,American
6989a4e910805f5685d6f4e3,Bronté́
6989a4e910805f5685d6f4e3,Emily
6989a4e910805f5685d6f4e3,1818-1848
6989a4e910805f5685d6f4e4,Identity (psychology)
6989a4e910805f5685d6f4e4,Comics
6989a4e910805f5685d6f4e5,Soldiers
6989a4e910805f5685d6f4e5,Executive Departments
6989a4e910805f5685d6f4e6,Detective And Mystery Stories
6989a4e910805f5685d6f4e6,Arms Race
6989a4e910805f5685d6f4e7,Edinburgh (scotland)
6989a4e910805f5685d6f4e7,General
6989a4e910805f5685d6f4e7,Fiction
6989a4e910805f5685d6f4e8,Fiction
6989a4e910805f5685d6f4e8,General
6989a4e910805f5685d6f4e8,Young Adult Fiction
6989a4e910805f5685d6f4e9,Extrasensory Perception
6989a4e910805f5685d6f4e9,Aquarium Fishes
6989a4e910805f5685d6f4ea,Fiction
6989a4e910805f5685d6f4eb,Fiction
6989a4e910805f5685d6f4eb,History
6989a4e910805f5685d6f4eb,Juvenile Fiction
6989a4e910805f5685d6f4ec,Religion
6989a4e910805f5685d6f4ed,Fiction
6989a4e910805f5685d6f4ee,City And Town Life
6989a4e910805f5685d6f4ee,Wales
6989a4e910805f5685d6f4ef,Fiction
6989a4e910805f5685d6f4ef,Cooking
6989a4e910805f5685d6f4f0,Biography
6989a4e910805f5685d6f4f0,General
6989a4e910805f5685d6f4f0,Social Science
6989a4e910805f5685d6f4f1,Executive Power.
6989a4e910805f5685d6f4f1,Jury
6989a4e910805f5685d6f4f2,History
6989a4e910805f5685d6f4f2,Travel
6989a4e910805f5685d6f4f2,Fiction
6989a4e910805f5685d6f4f3,Fiction
6989a4e910805f5685d6f4f4,Microeconomics
6989a4e910805f5685d6f4f4,Fantastic Fiction.
6989a4e910805f5685d6f4f5,Fiction
6989a4e910805f5685d6f4f5,General
6989a4e910805f5685d6f4f5,England
6989a4e910805f5685d6f4f6,Voyages Around The World
6989a4e910805f5685d6f4f6,School Districts
6989a4e910805f5685d6f4f7,General
6989a4e910805f5685d6f4f8,Creative Ability
6989a4e910805f5685d6f4f8,Idaho
6989a4e910805f5685d6f4f9,Minicomputers
6989a4e910805f5685d6f4f9,Belgrade (serbia)
6989a4e910805f5685d6f4fa,American Fiction
6989a4e910805f5685d6f4fa,Fiction
6989a4e910805f5685d6f4fb,Marine Biology
6989a4e910805f5685d6f4fb,Jerusalem
6989a4e910805f5685d6f4fc,Performing Arts
6989a4e910805f5685d6f4fc,Bullets
6989a4e910805f5685d6f4fd,Crimes Without Victims
6989a4e910805f5685d6f4fd,Arts
6989a4e910805f5685d6f4fe,Fiction
6989a4e910805f5685d6f4fe,Administration Of Estates
6989a4e910805f5685d6f4fe,General
6989a4e910805f5685d6f4ff,Anglican Converts
6989a4e910805f5685d6f4ff,Short Stories
6989a4e910805f5685d6f500,Young Adult Fiction
6989a4e910805f5685d6f501,Sinclair Symposium
6989a4e910805f5685d6f501,Dakota Territory
6989a4e910805f5685d6f502,Fiction
6989a4e910805f5685d6f503,Fiction
6989a4e910805f5685d6f504,Engineers
6989a4e910805f5685d6f504,Body Marking
6989a4e910805f5685d6f505,International Organization
6989a4e910805f5685d6f505,Escort Services
6989a4e910805f5685d6f506,Art Thefts
6989a4e910805f5685d6f506,Saint Paul (minn.)
6989a4e910805f5685d6f507,Juvenile Fiction
6989a4e910805f5685d6f508,Body
6989a4e910805f5685d6f508,Mind
6989a4e910805f5685d6f509,Biography
6989a4e910805f5685d6f50a,Castles
6989a4e910805f5685d6f50a,Dhtml (document Markup Language)
6989a4e910805f5685d6f50b,Female Offenders
6989a4e910805f5685d6f50b,Divorce
6989a4e910805f5685d6f50c,Fiction
6989a4e910805f5685d6f50c,Biography
6989a4e910805f5685d6f50d,Carnivals
6989a4e910805f5685d6f50d,Opera
6989a4e910805f5685d6f50e,Cadfael
6989a4e910805f5685d6f50e,Hope
6989a4e910805f5685d6f50f,Blood Substitutes
6989a4e910805f5685d6f50f,Arkansas
6989a4e910805f5685d6f510,Fiction
6989a4e910805f5685d6f511,Adultery
6989a4e910805f5685d6f512,Fiction
6989a4e910805f5685d6f513,General
6989a4e910805f5685d6f514,General
6989a4e910805f5685d6f515,Juvenile Fiction
6989a4e910805f5685d6f516,Blizzards
6989a4e910805f5685d6f516,African American Baseball Players
6989a4e910805f5685d6f517,Fiction
6989a4e910805f5685d6f518,Soldiers
6989a4e910805f5685d6f518,Animal Rescue
6989a4e910805f5685d6f519,Antarctica
6989a4e910805f5685d6f519,Elves
6989a4e910805f5685d6f51a,Sex Instruction For Men
6989a4e910805f5685d6f51a,Authors And Publishers
6989a4e910805f5685d6f51b,Fiction
6989a4e910805f5685d6f51b,General
6989a4e910805f5685d6f51b,Excavations (archaeology)
6989a4e910805f5685d6f51c,Africans
6989a4e910805f5685d6f51c,Child Sexual Abuse
6989a4e910805f5685d6f51d,Juvenile Fiction
6989a4e910805f5685d6f51d,General
6989a4e910805f5685d6f51d,Religion
6989a4e910805f5685d6f51e,College Students
6989a4e910805f5685d6f51e,Humorous Stories
6989a4e910805f5685d6f51f,True Crime
6989a4e910805f5685d6f51f,Drama
6989a4e910805f5685d6f520,Alcoholics
6989a4e910805f5685d6f520,Netherlands
6989a4e910805f5685d6f521,Androids
6989a4e910805f5685d6f521,Fitness Walking
6989a4e910805f5685d6f522,Archaeology
6989a4e910805f5685d6f522,Behavior
6989a4e910805f5685d6f523,Role Playing
6989a4e910805f5685d6f523,Existential Psychotherapy
6989a4e910805f5685d6f524,Booksellers And Bookselling
6989a4e910805f5685d6f524,Corbett
6989a4e910805f5685d6f525,Fiction
6989a4e910805f5685d6f526,Cotswold Hills (england)
6989a4e910805f5685d6f526,Chile
6989a4e910805f5685d6f527,Adoption
6989a4e910805f5685d6f527,Christmas Decorations
6989a4e910805f5685d6f528,Women Astronauts
6989a4e910805f5685d6f528,Browne
6989a4e910805f5685d6f529,Fiction
6989a4e910805f5685d6f52a,Emotions
6989a4e910805f5685d6f52a,Eating Disorders
6989a4e910805f5685d6f52b,Brother (fictitious Character)
6989a4e910805f5685d6f52b,Frankenstein Films
6989a4e910805f5685d6f52c,Motion Pictures
6989a4e910805f5685d6f52c,Academic Achievement
6989a4e910805f5685d6f52d,Fiction
6989a4e910805f5685d6f52d,Science
6989a4e910805f5685d6f52d,General
6989a4e910805f5685d6f52e,General
6989a4e910805f5685d6f52e,Fiction
6989a4e910805f5685d6f52e,Colombia
6989a4e910805f5685d6f52f,Healing
6989a4e910805f5685d6f52f,Atheletes
6989a4e910805f5685d6f530,Manitoba
6989a4e910805f5685d6f530,British
6989a4e910805f5685d6f531,History
6989a4e910805f5685d6f532,Alhambra (granada
6989a4e910805f5685d6f532,Spain)
6989a4e910805f5685d6f533,Anti-apartheid Movements
6989a4e910805f5685d6f533,Va.)
6989a4e910805f5685d6f534,St. Albans (england)
6989a4e910805f5685d6f534,Criminal Procedure
6989a4e910805f5685d6f535,Diaries
6989a4e910805f5685d6f535,Adventure
6989a4e910805f5685d6f536,Family
6989a4e910805f5685d6f537,Indic Fiction (english)
6989a4e910805f5685d6f537,Soft Toy Making.
6989a4e910805f5685d6f538,Fiction
6989a4e910805f5685d6f538,General
6989a4e910805f5685d6f539,Serial Murderers
6989a4e910805f5685d6f539,Mass.)
6989a4e910805f5685d6f53a,Subject Catalogs
6989a4e910805f5685d6f53a,Psychology
6989a4e910805f5685d6f53b,Deaf
6989a4e910805f5685d6f53b,Literary Criticism
6989a4e910805f5685d6f53c,Business
6989a4e910805f5685d6f53d,General
6989a4e910805f5685d6f53e,Key West (fla.)
6989a4e910805f5685d6f53e,Homosexuality
6989a4e910805f5685d6f53f,Postpartum Depression
6989a4e910805f5685d6f53f,Depression
6989a4e910805f5685d6f540,Americanisms
6989a4e910805f5685d6f540,Beauty And The Beast (tale)
6989a4e910805f5685d6f541,General
6989a4e910805f5685d6f541,History
6989a4e910805f5685d6f541,Fiction
6989a4e910805f5685d6f542,Fiction
6989a4e910805f5685d6f542,Brooklyn (new York
6989a4e910805f5685d6f542,N.y.)
6989a4e910805f5685d6f543,Church And State
6989a4e910805f5685d6f544,Religion
6989a4e910805f5685d6f545,Geography
6989a4e910805f5685d6f545,Sir (fictitious Character)
6989a4e910805f5685d6f546,Midway
6989a4e910805f5685d6f546,Auschwitz (concentration Camp) -- History
6989a4e910805f5685d6f547,Poetry
6989a4e910805f5685d6f548,Nature
6989a4e910805f5685d6f549,Poetry
6989a4e910805f5685d6f549,Juvenile Fiction
6989a4e910805f5685d6f54a,American Sign Language
6989a4e910805f5685d6f54a,Reincarnation
6989a4e910805f5685d6f54b,African American Musicians
6989a4e910805f5685d6f54b,Frankenstein Films
6989a4e910805f5685d6f54c,General
6989a4e910805f5685d6f54c,Juvenile Fiction
6989a4e910805f5685d6f54c,Bibles
6989a4e910805f5685d6f54d,Humor
6989a4e910805f5685d6f54d,Fiction
6989a4e910805f5685d6f54e,Large Print Books
6989a4e910805f5685d6f54e,Photography
6989a4e910805f5685d6f54f,General
6989a4e910805f5685d6f550,Biography
6989a4e910805f5685d6f550,Sasquatch
6989a4e910805f5685d6f551,Fiction
6989a4e910805f5685d6f551,Religion
6989a4e910805f5685d6f551,General
6989a4e910805f5685d6f552,Juvenile Fiction
6989a4e910805f5685d6f552,Rock Musicians
6989a4e910805f5685d6f553,Fiction
6989a4e910805f5685d6f554,Beef
6989a4e910805f5685d6f554,Rome (italy)
6989a4e910805f5685d6f555,Fiction
6989a4e910805f5685d6f555,Education
6989a4e910805f5685d6f555,General
6989a4e910805f5685d6f556,Amish
6989a4e910805f5685d6f556,Abandoned Children
6989a4e910805f5685d6f557,Juvenile Fiction
6989a4e910805f5685d6f558,True Crime
6989a4e910805f5685d6f558,Biography
6989a4e910805f5685d6f558,Fiction
6989a4e910805f5685d6f559,Dragons
6989a4e910805f5685d6f55a,Calder Family (fictitious Characters)
6989a4e910805f5685d6f55a,Amnesiacs
6989a4e910805f5685d6f55b,Fiction
6989a4e910805f5685d6f55c,Young Adult Fiction
6989a4e910805f5685d6f55c,Fiction
6989a4e910805f5685d6f55d,Ghost Stories
6989a4e910805f5685d6f55d,American
6989a4e910805f5685d6f55e,Fiction
6989a4e910805f5685d6f55f,Fiction
6989a4e910805f5685d6f560,Forensic Scientists
6989a4e910805f5685d6f560,Military Art And Science
6989a4e910805f5685d6f561,Fiction
6989a4e910805f5685d6f562,Apache Indians
6989a4e910805f5685d6f562,Eminent Domain
6989a4e910805f5685d6f563,Women Comedians
6989a4e910805f5685d6f563,Authorship
6989a4e910805f5685d6f564,Connecticut
6989a4e910805f5685d6f564,Alleyn
6989a4e910805f5685d6f565,Dragons
6989a4e910805f5685d6f566,Soccer
6989a4e910805f5685d6f566,Quick And Easy Cooking
6989a4e910805f5685d6f567,Fiction
6989a4e910805f5685d6f567,Biography
6989a4e910805f5685d6f568,Fiction
6989a4e910805f5685d6f568,General
6989a4e910805f5685d6f568,Large Type Books
6989a4e910805f5685d6f569,Fiction
6989a4e910805f5685d6f569,Education
6989a4e910805f5685d6f56a,Fiction
6989a4e910805f5685d6f56a,Philosophy
6989a4e910805f5685d6f56a,General
6989a4e910805f5685d6f56b,Cooking
6989a4e910805f5685d6f56c,Fiction
6989a4e910805f5685d6f56c,General
6989a4e910805f5685d6f56d,Alcoholics
6989a4e910805f5685d6f56d,Dakota Territory
6989a4e910805f5685d6f56e,Italian American Families
6989a4e910805f5685d6f56e,Corporate Image
6989a4e910805f5685d6f56f,Eating Disorders
6989a4e910805f5685d6f56f,Jamestown (va.)
6989a4e910805f5685d6f570,Fiction
6989a4e910805f5685d6f571,Fiction
6989a4e910805f5685d6f572,Fiction
6989a4e910805f5685d6f572,Juvenile Fiction
6989a4e910805f5685d6f573,Best Books
6989a4e910805f5685d6f573,Japan
6989a4e910805f5685d6f574,Consumption (economics)
6989a4e910805f5685d6f575,Sex
6989a4e910805f5685d6f575,Frontier And Pioneer Life
6989a4e910805f5685d6f576,Autobiographical Fiction
6989a4e910805f5685d6f576,Conspiracies
6989a4e910805f5685d6f577,Fiction
6989a4e910805f5685d6f577,Performing Arts
6989a4e910805f5685d6f578,Fiction
6989a4e910805f5685d6f578,Drama
6989a4e910805f5685d6f579,Fiction
6989a4e910805f5685d6f57a,Italian Fiction
6989a4e910805f5685d6f57a,Algebra
6989a4e910805f5685d6f57b,Architects
6989a4e910805f5685d6f57b,History
6989a4e910805f5685d6f57b,General
6989a4e910805f5685d6f57c,Yachts
6989a4e910805f5685d6f57c,Intelligence Officers
6989a4e910805f5685d6f57d,Juvenile Nonfiction
6989a4e910805f5685d6f57e,Revolutions
6989a4e910805f5685d6f57e,Contaminated Sediments
6989a4e910805f5685d6f57f,Fiction
6989a4e910805f5685d6f57f,General
6989a4e910805f5685d6f580,Edible Landscaping
6989a4e910805f5685d6f580,Anarchism
6989a4e910805f5685d6f581,Fiction
6989a4e910805f5685d6f582,New Thought
6989a4e910805f5685d6f582,Squirrels
6989a4e910805f5685d6f583,Fiction
6989a4e910805f5685d6f584,General
6989a4e910805f5685d6f585,Cuba
6989a4e910805f5685d6f585,Russian Poetry
6989a4e910805f5685d6f586,Crime
6989a4e910805f5685d6f586,Administration Of Estates
6989a4e910805f5685d6f587,History
6989a4e910805f5685d6f588,Astrology.
6989a4e910805f5685d6f588,Belgium
6989a4e910805f5685d6f589,Furniture
6989a4e910805f5685d6f589,Bibles
6989a4e910805f5685d6f58a,Great Britain
6989a4e910805f5685d6f58a,Caldecott Medal
6989a4e910805f5685d6f58b,Foreign Language Study
6989a4e910805f5685d6f58c,Popular Music
6989a4e910805f5685d6f58c,Russia
6989a4e910805f5685d6f58d,Calculus
6989a4e910805f5685d6f58d,Eating Disorders
6989a4e910805f5685d6f58e,Biography
6989a4e910805f5685d6f58e,Juvenile Fiction
6989a4e910805f5685d6f58f,Fiction
6989a4e910805f5685d6f58f,Personnel Management
6989a4e910805f5685d6f58f,History
6989a4e910805f5685d6f590,Camping
6989a4e910805f5685d6f590,Horn Carving
6989a4e910805f5685d6f591,Marine Biology
6989a4e910805f5685d6f591,Commercial Crimes
6989a4e910805f5685d6f592,True Crime
6989a4e910805f5685d6f593,Bewitched (television Program)
6989a4e910805f5685d6f593,Marine Biology
6989a4e910805f5685d6f594,Beany (fictitious Character)
6989a4e910805f5685d6f594,American Drama
6989a4e910805f5685d6f595,Fiction
6989a4e910805f5685d6f596,Murder
6989a4e910805f5685d6f596,Session Laws
6989a4e910805f5685d6f597,Literary Criticism
6989a4e910805f5685d6f598,Austrian
6989a4e910805f5685d6f598,Church And Social Problems
6989a4e910805f5685d6f599,Fiction
6989a4e910805f5685d6f59a,Celtic
6989a4e910805f5685d6f59a,Oglala Indians
6989a4e910805f5685d6f59b,Fiction
6989a4e910805f5685d6f59b,General
6989a4e910805f5685d6f59b,History
6989a4e910805f5685d6f59c,Fiction
6989a4e910805f5685d6f59d,Consumer Goods
6989a4e910805f5685d6f59d,Leisure Class
6989a4e910805f5685d6f59e,General
6989a4e910805f5685d6f59f,Sasquatch
6989a4e910805f5685d6f59f,Self-help
6989a4e910805f5685d6f5a0,Fiction
6989a4e910805f5685d6f5a1,French Fiction
6989a4e910805f5685d6f5a1,Private Investigators
6989a4e910805f5685d6f5a2,Humanitarianism
6989a4e910805f5685d6f5a2,Alcoholics
6989a4e910805f5685d6f5a3,Children's Stories
6989a4e910805f5685d6f5a4,Cooking
6989a4e910805f5685d6f5a5,Poetry
6989a4e910805f5685d6f5a5,Life Cycle
6989a4e910805f5685d6f5a6,Antiquities.
6989a4e910805f5685d6f5a6,Bridegrooms
6989a4e910805f5685d6f5a7,Juvenile Nonfiction
6989a4e910805f5685d6f5a7,General
6989a4e910805f5685d6f5a8,Fathers And Daughters
6989a4e910805f5685d6f5a8,New Zealand
6989a4e910805f5685d6f5a9,Lesbians
6989a4e910805f5685d6f5a9,American
6989a4e910805f5685d6f5aa,Role Playing
6989a4e910805f5685d6f5aa,Child Development
6989a4e910805f5685d6f5ab,Cataloging
6989a4e910805f5685d6f5ab,English Wit And Humor
6989a4e910805f5685d6f5ac,Fiction
6989a4e910805f5685d6f5ac,History
6989a4e910805f5685d6f5ac,General
6989a4e910805f5685d6f5ad,Međugorje (bosnia And Hercegovina)
6989a4e910805f5685d6f5ad,1865
6989a4e910805f5685d6f5ae,Fiction
6989a4e910805f5685d6f5ae,Life On Other Planets
6989a4e910805f5685d6f5ae,True Crime
6989a4e910805f5685d6f5af,Vietnam War
6989a4e910805f5685d6f5af,Success
6989a4e910805f5685d6f5b0,General
6989a4e910805f5685d6f5b1,Frogs
6989a4e910805f5685d6f5b1,Defense Information
6989a4e910805f5685d6f5b2,General
6989a4e910805f5685d6f5b3,Eminent Domain
6989a4e910805f5685d6f5b3,Communism
6989a4e910805f5685d6f5b4,Condensed Books
6989a4e910805f5685d6f5b4,Arab Americans
6989a4e910805f5685d6f5b5,Artists
6989a4e910805f5685d6f5b5,Dakota Indians
6989a4e910805f5685d6f5b6,Kentucky
6989a4e910805f5685d6f5b6,Penis
6989a4e910805f5685d6f5b7,African Americans
6989a4e910805f5685d6f5b8,Crafts
6989a4e910805f5685d6f5b8,Education
6989a4e910805f5685d6f5b8,Fiction
6989a4e910805f5685d6f5b9,Fiction
6989a4e910805f5685d6f5b9,Cooking
6989a4e910805f5685d6f5ba,Etc
6989a4e910805f5685d6f5ba,Adventure Games
6989a4e910805f5685d6f5bb,Fiction
6989a4e910805f5685d6f5bb,General
6989a4e910805f5685d6f5bb,Country Life
6989a4e910805f5685d6f5bc,American Fiction
6989a4e910805f5685d6f5bc,Areproductive Health
6989a4e910805f5685d6f5bd,Costume
6989a4e910805f5685d6f5bd,Juvenile Nonfiction
6989a4e910805f5685d6f5be,Law Reports
6989a4e910805f5685d6f5be,Negotiation
6989a4e910805f5685d6f5bf,Fiction
6989a4e910805f5685d6f5bf,Juvenile Fiction
6989a4e910805f5685d6f5c0,Fiction
6989a4e910805f5685d6f5c1,Technology
6989a4e910805f5685d6f5c2,Greek
6989a4e910805f5685d6f5c2,French Drama
6989a4e910805f5685d6f5c3,Reading
6989a4e910805f5685d6f5c3,Bartholomew
6989a4e910805f5685d6f5c4,Fiction
6989a4e910805f5685d6f5c4,General
6989a4e910805f5685d6f5c4,Business
6989a4e910805f5685d6f5c5,Gynecology
6989a4e910805f5685d6f5c5,Board Books
6989a4e910805f5685d6f5c6,Brooklyn (new York
6989a4e910805f5685d6f5c6,Bridegrooms
6989a4e910805f5685d6f5c7,Anglican Converts
6989a4e910805f5685d6f5c7,Religion
6989a4e910805f5685d6f5c8,Travel
6989a4e910805f5685d6f5c8,Cadfael
6989a4e910805f5685d6f5c9,General
6989a4e910805f5685d6f5c9,Comics
6989a4e910805f5685d6f5ca,Fiction
6989a4e910805f5685d6f5ca,General
6989a4e910805f5685d6f5ca,Social Science
6989a4e910805f5685d6f5cb,Accidents
6989a4e910805f5685d6f5cb,Baseball Coaches
6989a4e910805f5685d6f5cc,Self-help
6989a4e910805f5685d6f5cd,English Literature
6989a4e910805f5685d6f5cd,German Literature
6989a4e910805f5685d6f5ce,Body
6989a4e910805f5685d6f5ce,Mind
6989a4e910805f5685d6f5cf,Inventions
6989a4e910805f5685d6f5cf,Lathes
6989a4e910805f5685d6f5d0,General
6989a4e910805f5685d6f5d0,Fiction
6989a4e910805f5685d6f5d1,Chemistry
6989a4e910805f5685d6f5d1,Leisure Class
6989a4e910805f5685d6f5d2,Romances
6989a4e910805f5685d6f5d2,Historical Romance
6989a4e910805f5685d6f5d3,Tristan (legend)
6989a4e910805f5685d6f5d3,Political Science
6989a4e910805f5685d6f5d4,Authors And Publishers
6989a4e910805f5685d6f5d4,Classified
6989a4e910805f5685d6f5d5,Blind Musicians
6989a4e910805f5685d6f5d5,Competition (psychology)
6989a4e910805f5685d6f5d6,Anthropology.
6989a4e910805f5685d6f5d6,Autism
6989a4e910805f5685d6f5d7,Fiction
6989a4e910805f5685d6f5d8,Amish
6989a4e910805f5685d6f5d8,Genetic Engineering
6989a4e910805f5685d6f5d9,Fiction
6989a4e910805f5685d6f5d9,General
6989a4e910805f5685d6f5d9,Battle
6989a4e910805f5685d6f5da,General
6989a4e910805f5685d6f5db,Hudson River Valley (n.y. And N.j.)
6989a4e910805f5685d6f5db,Labor Day
6989a4e910805f5685d6f5dc,General
6989a4e910805f5685d6f5dd,Fiction
6989a4e910805f5685d6f5de,Falstaff
6989a4e910805f5685d6f5de,Mystery
6989a4e910805f5685d6f5df,Fiction
6989a4e910805f5685d6f5e0,Napoleonic Wars
6989a4e910805f5685d6f5e0,American Wit And Humor
6989a4e910805f5685d6f5e1,Love Spell Historical Romance
6989a4e910805f5685d6f5e1,Međugorje (bosnia And Hercegovina)
6989a4e910805f5685d6f5e2,Furniture
6989a4e910805f5685d6f5e2,Rodents
6989a4e910805f5685d6f5e3,Business
6989a4e910805f5685d6f5e3,Social Science
6989a4e910805f5685d6f5e4,Imperialism
6989a4e910805f5685d6f5e4,Rug And Carpet Industry
6989a4e910805f5685d6f5e5,Agricultural Credit
6989a4e910805f5685d6f5e5,Magic
6989a4e910805f5685d6f5e6,Juvenile Fiction
6989a4e910805f5685d6f5e7,General
6989a4e910805f5685d6f5e8,Holiness
6989a4e910805f5685d6f5e8,Fantasy In Art
6989a4e910805f5685d6f5e9,Fourth Dimension
6989a4e910805f5685d6f5e9,Yachts
6989a4e910805f5685d6f5ea,Juvenile Fiction
6989a4e910805f5685d6f5eb,Back Bay (boston
6989a4e910805f5685d6f5eb,Honesty
6989a4e910805f5685d6f5ec,Science
6989a4e910805f5685d6f5ed,Tiger
6989a4e910805f5685d6f5ed,Antiques
6989a4e910805f5685d6f5ee,Total Quality Management
6989a4e910805f5685d6f5ee,Colombian
6989a4e910805f5685d6f5ef,Fiction
6989a4e910805f5685d6f5ef,Horror Tales
6989a4e910805f5685d6f5ef,Young Adult Fiction
6989a4e910805f5685d6f5f0,Juvenile Fiction
6989a4e910805f5685d6f5f1,Fantastic Literature
6989a4e910805f5685d6f5f1,Iguana (genus)
6989a4e910805f5685d6f5f2,Fiction
6989a4e910805f5685d6f5f2,Family
6989a4e910805f5685d6f5f3,Body
6989a4e910805f5685d6f5f3,Mind
6989a4e910805f5685d6f5f4,Criticism
6989a4e910805f5685d6f5f4,Ice Skaters.
6989a4e910805f5685d6f5f5,Fiction
6989a4e910805f5685d6f5f5,Psychology
6989a4e910805f5685d6f5f6,Bereavement
6989a4e910805f5685d6f5f6,Wizards-juvenile Fiction
6989a4e910805f5685d6f5f7,Actresses
6989a4e910805f5685d6f5f7,Auschwitz (concentration Camp) -- History
6989a4e910805f5685d6f5f8,Fiction
6989a4e910805f5685d6f5f8,United States
6989a4e910805f5685d6f5f8,Boys
6989a4e910805f5685d6f5f9,General
6989a4e910805f5685d6f5f9,Business
6989a4e910805f5685d6f5f9,Education
6989a4e910805f5685d6f5fa,Angels
6989a4e910805f5685d6f5fa,Comic Books
6989a4e910805f5685d6f5fb,Abolitionists
6989a4e910805f5685d6f5fb,Soldiers
6989a4e910805f5685d6f5fc,Hamptons (n.y.)
6989a4e910805f5685d6f5fc,Fourth Dimension
6989a4e910805f5685d6f5fd,Fiction
6989a4e910805f5685d6f5fd,General
6989a4e910805f5685d6f5fd,American Fiction
6989a4e910805f5685d6f5fe,Family
6989a4e910805f5685d6f5ff,Juvenile Fiction
6989a4e910805f5685d6f600,Nick (fictitious Character)
6989a4e910805f5685d6f600,Honesty
6989a4e910805f5685d6f601,Tennis
6989a4e910805f5685d6f601,Clouds
6989a4e910805f5685d6f602,Bands (music)
6989a4e910805f5685d6f602,Carbohydrates
6989a4e910805f5685d6f603,Performing Arts
6989a4e910805f5685d6f604,Female
6989a4e910805f5685d6f604,Young Adult Fiction
6989a4e910805f5685d6f605,Fiction
6989a4e910805f5685d6f606,African American Teenage Girls
6989a4e910805f5685d6f606,Leadership
6989a4e910805f5685d6f607,Family
6989a4e910805f5685d6f608,German Americans
6989a4e910805f5685d6f608,Northern Exposure (television Program)
6989a4e910805f5685d6f609,Biography
6989a4e910805f5685d6f60a,General
6989a4e910805f5685d6f60a,Juvenile Fiction
6989a4e910805f5685d6f60a,Fiction
6989a4e910805f5685d6f60b,Fiction
6989a4e910805f5685d6f60b,Cooking
6989a4e910805f5685d6f60b,Business
6989a4e910805f5685d6f60c,Ethnology
6989a4e910805f5685d6f60c,Album
6989a4e910805f5685d6f60d,General
6989a4e910805f5685d6f60e,Fiction
6989a4e910805f5685d6f60e,General
6989a4e910805f5685d6f60e,Biography
6989a4e910805f5685d6f60f,Juvenile Fiction
6989a4e910805f5685d6f610,Cerebral Dominance
6989a4e910805f5685d6f610,Crafts
6989a4e910805f5685d6f611,Inspiration
6989a4e910805f5685d6f611,Conspiracies
6989a4e910805f5685d6f612,Fiction
6989a4e910805f5685d6f612,General
6989a4e910805f5685d6f612,History
6989a4e910805f5685d6f613,Yachts
6989a4e910805f5685d6f613,Sub-saharan
6989a4e910805f5685d6f614,History
6989a4e910805f5685d6f615,Agricultural Colonies
6989a4e910805f5685d6f615,Edinburgh (scotland)
6989a4e910805f5685d6f616,Fiction
6989a4e910805f5685d6f617,Book Of The Dead
6989a4e910805f5685d6f618,Businessmen
6989a4e910805f5685d6f618,Anti-clericalism
6989a4e910805f5685d6f619,Costume
6989a4e910805f5685d6f619,Kissing
6989a4e910805f5685d6f61a,General
6989a4e910805f5685d6f61b,Diana (roman Deity)
6989a4e910805f5685d6f61b,Adventure And Adventurers
6989a4e910805f5685d6f61c,Horn Carving
6989a4e910805f5685d6f61c,Electrical Engineering
6989a4e910805f5685d6f61d,Juvenile Fiction
6989a4e910805f5685d6f61e,Fiction
6989a4e910805f5685d6f61f,Personnel Management
6989a4e910805f5685d6f61f,Sacred Space
6989a4e910805f5685d6f620,Gay Erotic Photography
6989a4e910805f5685d6f620,Juvenile Nonfiction
6989a4e910805f5685d6f621,Language Arts
6989a4e910805f5685d6f621,Landlord And Tenant
6989a4e910805f5685d6f622,Detective And Mystery Stories
6989a4e910805f5685d6f622,American
6989a4e910805f5685d6f622,General
6989a4e910805f5685d6f623,Social Science
6989a4e910805f5685d6f623,France
6989a4e910805f5685d6f623,History
6989a4e910805f5685d6f624,Black Beauty (fictitious Character)
6989a4e910805f5685d6f624,Surrealism
6989a4e910805f5685d6f625,Sports
6989a4e910805f5685d6f626,Photography
6989a4e910805f5685d6f626,Ireland
6989a4e910805f5685d6f627,Computers
6989a4e910805f5685d6f628,American Drama
6989a4e910805f5685d6f628,Anthropology.
6989a4e910805f5685d6f629,Technology
6989a4e910805f5685d6f62a,Fiction
6989a4e910805f5685d6f62a,Comics
6989a4e910805f5685d6f62a,Adultery
6989a4e910805f5685d6f62b,Indic Fiction (english)
6989a4e910805f5685d6f62b,German Americans
6989a4e910805f5685d6f62c,Literary Criticism
6989a4e910805f5685d6f62c,Fiction
6989a4e910805f5685d6f62d,Fiction
6989a4e910805f5685d6f62d,China
6989a4e910805f5685d6f62e,Juvenile Fiction
6989a4e910805f5685d6f62e,Fiction
6989a4e910805f5685d6f62e,General
6989a4e910805f5685d6f62f,Recreational Vehicle Living
6989a4e910805f5685d6f62f,Eccentrics And Eccentricities
6989a4e910805f5685d6f630,Police Reports
6989a4e910805f5685d6f630,Crops And Climate
6989a4e910805f5685d6f631,Alzheimer's Disease
6989a4e910805f5685d6f631,Bicycles
6989a4e910805f5685d6f632,Fiction
6989a4e910805f5685d6f632,Travel
6989a4e910805f5685d6f633,General
6989a4e910805f5685d6f633,Fiction
6989a4e910805f5685d6f633,Health
6989a4e910805f5685d6f634,Children's Stories
6989a4e910805f5685d6f634,Anthologies
6989a4e910805f5685d6f635,Fiction
6989a4e910805f5685d6f635,General
6989a4e910805f5685d6f635,English Language
6989a4e910805f5685d6f636,Private Investigators
6989a4e910805f5685d6f636,Fitness Walking
6989a4e910805f5685d6f637,Halloween
6989a4e910805f5685d6f637,Midsummer (festival)
6989a4e910805f5685d6f638,Body
6989a4e910805f5685d6f638,Mind
6989a4e910805f5685d6f638,General
6989a4e910805f5685d6f639,General
6989a4e910805f5685d6f639,Philosophy
6989a4e910805f5685d6f639,Psychology
6989a4e910805f5685d6f63a,African American Authors
6989a4e910805f5685d6f63a,Spanish
6989a4e910805f5685d6f63b,History
6989a4e910805f5685d6f63c,Northern Exposure (television Program)
6989a4e910805f5685d6f63c,Islam
6989a4e910805f5685d6f63d,Fiction
6989a4e910805f5685d6f63d,General
6989a4e910805f5685d6f63d,Travel
6989a4e910805f5685d6f63e,Fiction
6989a4e910805f5685d6f63f,Current Events
6989a4e910805f5685d6f63f,Bones
6989a4e910805f5685d6f640,College Students
6989a4e910805f5685d6f640,Antinuclear Movement
6989a4e910805f5685d6f641,Fiction
6989a4e910805f5685d6f641,Law
6989a4e910805f5685d6f641,Study Aids
6989a4e910805f5685d6f642,Fiction
6989a4e910805f5685d6f642,Colombia
6989a4e910805f5685d6f642,Juvenile Fiction
6989a4e910805f5685d6f643,Bibliography
6989a4e910805f5685d6f643,Wales
6989a4e910805f5685d6f644,Female
6989a4e910805f5685d6f644,Cavalry Pioneer Troops
6989a4e910805f5685d6f645,Literary Criticism
6989a4e910805f5685d6f646,Body
6989a4e910805f5685d6f646,Mind
6989a4e910805f5685d6f646,Fiction
6989a4e910805f5685d6f647,Babies
6989a4e910805f5685d6f647,Aged Men
6989a4e910805f5685d6f648,General
6989a4e910805f5685d6f648,Humor
6989a4e910805f5685d6f648,Fiction
6989a4e910805f5685d6f649,Fiction
6989a4e910805f5685d6f649,Adventure Stories
6989a4e910805f5685d6f649,General
6989a4e910805f5685d6f64a,Cemeteries
6989a4e910805f5685d6f64a,Tiger
6989a4e910805f5685d6f64b,General
6989a4e910805f5685d6f64c,General
6989a4e910805f5685d6f64c,Family
6989a4e910805f5685d6f64d,Horticulture
6989a4e910805f5685d6f64d,Classical Philology
6989a4e910805f5685d6f64e,Education
6989a4e910805f5685d6f64f,General
6989a4e910805f5685d6f64f,Fiction
6989a4e910805f5685d6f64f,Literary Criticism
6989a4e910805f5685d6f650,Novelists
6989a4e910805f5685d6f650,Agricultural Price Supports
6989a4e910805f5685d6f651,General
6989a4e910805f5685d6f651,Biography
6989a4e910805f5685d6f651,History
6989a4e910805f5685d6f652,Sermons
6989a4e910805f5685d6f652,Occupations
6989a4e910805f5685d6f653,General
6989a4e910805f5685d6f654,Biography
6989a4e910805f5685d6f654,Fiction
6989a4e910805f5685d6f655,Psychological Fiction
6989a4e910805f5685d6f655,Knowledge
6989a4e910805f5685d6f656,Fiction
6989a4e910805f5685d6f657,Self-help
6989a4e910805f5685d6f658,Body
6989a4e910805f5685d6f658,Mind
6989a4e910805f5685d6f659,General
6989a4e910805f5685d6f659,Children
6989a4e910805f5685d6f659,Biography
6989a4e910805f5685d6f65a,Fiction
6989a4e910805f5685d6f65a,Music
6989a4e910805f5685d6f65a,General
6989a4e910805f5685d6f65b,Genius
6989a4e910805f5685d6f65b,Rational Emotive Behavior Therapy
6989a4e910805f5685d6f65c,Western Stories
6989a4e910805f5685d6f65c,Atomic Bomb
6989a4e910805f5685d6f65d,Fiction
6989a4e910805f5685d6f65d,Juvenile Fiction
6989a4e910805f5685d6f65d,Murder
6989a4e910805f5685d6f65e,Fiction
6989a4e910805f5685d6f65f,Fiction
6989a4e910805f5685d6f65f,General
6989a4e910805f5685d6f65f,Biography
6989a4e910805f5685d6f660,West
6989a4e910805f5685d6f660,Aged Men
6989a4e910805f5685d6f661,General
6989a4e910805f5685d6f662,General
6989a4e910805f5685d6f663,History
6989a4e910805f5685d6f664,Biography
6989a4e910805f5685d6f665,2001
6989a4e910805f5685d6f665,Gays
6989a4e910805f5685d6f666,Biography
6989a4e910805f5685d6f667,Fiction
6989a4e910805f5685d6f667,General
6989a4e910805f5685d6f667,Predation (biology)
6989a4e910805f5685d6f668,Socialism
6989a4e910805f5685d6f668,North Atlantic Ocean
6989a4e910805f5685d6f669,Fiction
6989a4e910805f5685d6f669,Family
6989a4e910805f5685d6f66a,Adventure Stories
6989a4e910805f5685d6f66a,Fantasy In Art
6989a4e910805f5685d6f66b,Biography
6989a4e910805f5685d6f66b,Fiction
6989a4e910805f5685d6f66b,Social Science
6989a4e910805f5685d6f66c,History
6989a4e910805f5685d6f66d,Conspiracies
6989a4e910805f5685d6f66d,Friendship
6989a4e910805f5685d6f66e,Juvenile Fiction
6989a4e910805f5685d6f66f,Self-actualization (psychology)
6989a4e910805f5685d6f66f,Hatha Yoga
6989a4e910805f5685d6f670,Business
6989a4e910805f5685d6f671,Food Supply
6989a4e910805f5685d6f671,Humorous Stories
6989a4e910805f5685d6f672,History
6989a4e910805f5685d6f673,Psychology
6989a4e910805f5685d6f674,Religious Fiction
6989a4e910805f5685d6f674,Communication In Humanities
6989a4e910805f5685d6f675,Fell
6989a4e910805f5685d6f675,Africa
6989a4e910805f5685d6f676,Adultery
6989a4e910805f5685d6f676,Fiction
6989a4e910805f5685d6f676,Juvenile Fiction
6989a4e910805f5685d6f677,Comic Fantasy
6989a4e910805f5685d6f677,High Schools
6989a4e910805f5685d6f678,Manners And Customs
6989a4e910805f5685d6f678,Etc
6989a4e910805f5685d6f679,Battle Of
6989a4e910805f5685d6f679,Iraq War
6989a4e910805f5685d6f67a,Fiction
6989a4e910805f5685d6f67a,General
6989a4e910805f5685d6f67a,Cerebral Palsied Children
6989a4e910805f5685d6f67b,Christian Saints
6989a4e910805f5685d6f67b,Knowledge
6989a4e910805f5685d6f67c,Belgrade (serbia)
6989a4e910805f5685d6f67c,Cooking
6989a4e910805f5685d6f67d,Juvenile Fiction
6989a4e910805f5685d6f67e,Forensic Scientists
6989a4e910805f5685d6f67e,Québec (province)
6989a4e910805f5685d6f67f,Fourth Dimension
6989a4e910805f5685d6f67f,Reincarnation
6989a4e910805f5685d6f680,General
6989a4e910805f5685d6f681,Biography
6989a4e910805f5685d6f682,Juvenile Fiction
6989a4e910805f5685d6f683,Interpersonal Conflict
6989a4e910805f5685d6f683,Artists
6989a4e910805f5685d6f684,General
6989a4e910805f5685d6f684,Poetry
6989a4e910805f5685d6f684,England
6989a4e910805f5685d6f685,Pattern Perception
6989a4e910805f5685d6f686,Imaginary Wars And Battles
6989a4e910805f5685d6f686,Romance Fiction
6989a4e910805f5685d6f687,Fiction
6989a4e910805f5685d6f687,General
6989a4e910805f5685d6f687,Religion
6989a4e910805f5685d6f688,Drama
6989a4e910805f5685d6f688,2001
6989a4e910805f5685d6f689,Assassination
6989a4e910805f5685d6f689,Apparent
6989a4e910805f5685d6f68a,Fiction
6989a4e910805f5685d6f68b,Fiction
6989a4e910805f5685d6f68b,General
6989a4e910805f5685d6f68b,Bibliography
6989a4e910805f5685d6f68c,Oregon
6989a4e910805f5685d6f68c,Children Of Migrant Laborers
6989a4e910805f5685d6f68d,Women Authors
6989a4e910805f5685d6f68d,Sex Instruction For Men
6989a4e910805f5685d6f68e,Aged Men
6989a4e910805f5685d6f68e,Arthritis
6989a4e910805f5685d6f68f,Fiction
6989a4e910805f5685d6f690,North Carolina
6989a4e910805f5685d6f690,Wyatt
6989a4e910805f5685d6f691,Fiction
6989a4e910805f5685d6f692,Eccentrics And Eccentricities
6989a4e910805f5685d6f692,Digests
6989a4e910805f5685d6f693,Juvenile Fiction
6989a4e910805f5685d6f694,Juvenile Fiction
6989a4e910805f5685d6f695,General
6989a4e910805f5685d6f695,Fiction
6989a4e910805f5685d6f696,Animal Ark (imaginary Organization)
6989a4e910805f5685d6f696,Expatriation
6989a4e910805f5685d6f697,General
6989a4e910805f5685d6f698,Performing Arts
6989a4e910805f5685d6f699,General
6989a4e910805f5685d6f69a,Body
6989a4e910805f5685d6f69a,Mind
6989a4e910805f5685d6f69b,Mathematics
6989a4e910805f5685d6f69b,Adventure-juvenile Fiction
6989a4e910805f5685d6f69c,Fiction
6989a4e910805f5685d6f69c,Body
6989a4e910805f5685d6f69c,Mind
6989a4e910805f5685d6f69d,Libraries
6989a4e910805f5685d6f69d,Hypnotism
6989a4e910805f5685d6f69e,Adoption
6989a4e910805f5685d6f69e,Marine Pollution
6989a4e910805f5685d6f69f,Dakota Indians
6989a4e910805f5685d6f69f,Legends
6989a4e910805f5685d6f6a0,Juvenile Fiction
6989a4e910805f5685d6f6a1,Psychology
6989a4e910805f5685d6f6a1,Cosmetics Industry
6989a4e910805f5685d6f6a2,Cloning
6989a4e910805f5685d6f6a2,Kentucky
6989a4e910805f5685d6f6a3,Alternative Histories (fiction)
6989a4e910805f5685d6f6a3,Confucianism
6989a4e910805f5685d6f6a4,Child Psychology
6989a4e910805f5685d6f6a4,Violin
6989a4e910805f5685d6f6a5,True Crime
6989a4e910805f5685d6f6a6,General
6989a4e910805f5685d6f6a7,Citation Of Legal Authorities
6989a4e910805f5685d6f6a7,Navajo Indians
6989a4e910805f5685d6f6a8,General
6989a4e910805f5685d6f6a9,Adventure Stories
6989a4e910805f5685d6f6a9,Multiple Personality
6989a4e910805f5685d6f6aa,Family
6989a4e910805f5685d6f6ab,Fiction
6989a4e910805f5685d6f6ab,Adventure Stories
6989a4e910805f5685d6f6ac,Colombia
6989a4e910805f5685d6f6ad,Digriz
6989a4e910805f5685d6f6ad,Gays
6989a4e910805f5685d6f6ae,Humanity
6989a4e910805f5685d6f6ae,Electronic Books
6989a4e910805f5685d6f6af,African Americans
6989a4e910805f5685d6f6b0,Periodicals
6989a4e910805f5685d6f6b0,Shugak
6989a4e910805f5685d6f6b1,Juvenile Fiction
6989a4e910805f5685d6f6b2,Fiction
6989a4e910805f5685d6f6b3,Fiction
6989a4e910805f5685d6f6b3,General
6989a4e910805f5685d6f6b3,Opera
6989a4e910805f5685d6f6b4,Fiction
6989a4e910805f5685d6f6b4,History
6989a4e910805f5685d6f6b5,Cookies
6989a4e910805f5685d6f6b5,Wales
6989a4e910805f5685d6f6b6,Bellehaven (wash. : Imaginary Place)
6989a4e910805f5685d6f6b6,Comparative And General
6989a4e910805f5685d6f6b7,African American Baseball Players
6989a4e910805f5685d6f6b7,Behavior
6989a4e910805f5685d6f6b8,Families
6989a4e910805f5685d6f6b8,General
6989a4e910805f5685d6f6b9,Refined
6989a4e910805f5685d6f6b9,Diplomatic And Consular Service
6989a4e910805f5685d6f6ba,Endangered Species
6989a4e910805f5685d6f6ba,Christian Fiction
6989a4e910805f5685d6f6bb,General
6989a4e910805f5685d6f6bc,Behavior
6989a4e910805f5685d6f6bc,Alexandria (egypt)
6989a4e910805f5685d6f6bd,Ghost Stories
6989a4e910805f5685d6f6bd,Africans
6989a4e910805f5685d6f6be,Dragons
6989a4e910805f5685d6f6bf,2001
6989a4e910805f5685d6f6bf,Ambassadors
6989a4e910805f5685d6f6c0,Travel
6989a4e910805f5685d6f6c0,Biography
6989a4e910805f5685d6f6c0,Agriculture
6989a4e910805f5685d6f6c1,Ghosts
6989a4e910805f5685d6f6c1,Dawson's Creek (television Program)
6989a4e910805f5685d6f6c2,Body
6989a4e910805f5685d6f6c2,Mind
6989a4e910805f5685d6f6c2,Divorced People
6989a4e910805f5685d6f6c3,Interpersonal Relations
6989a4e910805f5685d6f6c3,Belden
6989a4e910805f5685d6f6c4,Fiction
6989a4e910805f5685d6f6c5,Rama (imaginary Space Vehicle)
6989a4e910805f5685d6f6c5,Strips
6989a4e910805f5685d6f6c6,History
6989a4e910805f5685d6f6c7,Fiction
6989a4e910805f5685d6f6c8,African American Teenage Girls
6989a4e910805f5685d6f6c8,Life Cycle
6989a4e910805f5685d6f6c9,General
6989a4e910805f5685d6f6c9,True Crime
6989a4e910805f5685d6f6c9,Family
6989a4e910805f5685d6f6ca,Colombian
6989a4e910805f5685d6f6ca,Opera
6989a4e910805f5685d6f6cb,Africa
6989a4e910805f5685d6f6cb,Fansler
6989a4e910805f5685d6f6cc,Agricultural Colonies
6989a4e910805f5685d6f6cc,Drug Abuse
6989a4e910805f5685d6f6cd,Ethnology
6989a4e910805f5685d6f6cd,Consciousness
6989a4e910805f5685d6f6ce,Fiction
6989a4e910805f5685d6f6cf,Literature And Society
6989a4e910805f5685d6f6cf,Eastern Question (far East)
6989a4e910805f5685d6f6d0,Act Assessment
6989a4e910805f5685d6f6d0,Burma
6989a4e910805f5685d6f6d1,Drama
6989a4e910805f5685d6f6d2,Blind
6989a4e910805f5685d6f6d2,Capitalism
6989a4e910805f5685d6f6d3,Aberystwyth (wales)
6989a4e910805f5685d6f6d3,Genealogy
6989a4e910805f5685d6f6d4,General
6989a4e910805f5685d6f6d4,Study Aids
6989a4e910805f5685d6f6d4,Fiction
6989a4e910805f5685d6f6d5,Authors
6989a4e910805f5685d6f6d5,Fiction
6989a4e910805f5685d6f6d6,Fiction
6989a4e910805f5685d6f6d7,Colorado
6989a4e910805f5685d6f6d7,Atheletes
6989a4e910805f5685d6f6d8,Fiction
6989a4e910805f5685d6f6d8,Juvenile Fiction
6989a4e910805f5685d6f6d8,General
6989a4e910805f5685d6f6d9,General
6989a4e910805f5685d6f6da,Juvenile Fiction
6989a4e910805f5685d6f6db,Fiction
6989a4e910805f5685d6f6db,General
6989a4e910805f5685d6f6dc,Billionaires
6989a4e910805f5685d6f6dc,Housing
6989a4e910805f5685d6f6dd,General
6989a4e910805f5685d6f6dd,Family
6989a4e910805f5685d6f6dd,Biography
6989a4e910805f5685d6f6de,General
6989a4e910805f5685d6f6de,Juvenile Fiction
6989a4e910805f5685d6f6de,Juvenile Nonfiction
6989a4e910805f5685d6f6df,Second Advent
6989a4e910805f5685d6f6df,Occultism
6989a4e910805f5685d6f6e0,General
6989a4e910805f5685d6f6e1,Fiction
6989a4e910805f5685d6f6e1,Juvenile Fiction
6989a4e910805f5685d6f6e1,Young Adult Fiction
6989a4e910805f5685d6f6e2,General
6989a4e910805f5685d6f6e2,Fiction
6989a4e910805f5685d6f6e2,Drama
6989a4e910805f5685d6f6e3,Business
6989a4e910805f5685d6f6e4,Billionaires
6989a4e910805f5685d6f6e4,Latin America
6989a4e910805f5685d6f6e5,Advertising
6989a4e910805f5685d6f6e5,Childbirth
6989a4e910805f5685d6f6e6,Abolitionists
6989a4e910805f5685d6f6e6,Adjustment Disorders
6989a4e910805f5685d6f6e7,Light
6989a4e910805f5685d6f6e7,Idaho
6989a4e910805f5685d6f6e8,Fiction
6989a4e910805f5685d6f6e8,General
6989a4e910805f5685d6f6e8,History
6989a4e910805f5685d6f6e9,Christian Ethics
6989a4e910805f5685d6f6e9,Mountaineering
6989a4e910805f5685d6f6ea,Back Bay (boston
6989a4e910805f5685d6f6ea,Cataloging
6989a4e910805f5685d6f6eb,Bullets
6989a4e910805f5685d6f6eb,Journalists
6989a4e910805f5685d6f6ec,Fiction
6989a4e910805f5685d6f6ec,Music
6989a4e910805f5685d6f6ed,General
6989a4e910805f5685d6f6ee,Fiction
6989a4e910805f5685d6f6ee,Business
6989a4e910805f5685d6f6ee,Self-help
6989a4e910805f5685d6f6ef,General
6989a4e910805f5685d6f6ef,Fiction
6989a4e910805f5685d6f6ef,Biography
6989a4e910805f5685d6f6f0,Religion
6989a4e910805f5685d6f6f1,Contaminated Sediments
6989a4e910805f5685d6f6f1,Child Psychology
6989a4e910805f5685d6f6f2,Automobile Travel / United States
6989a4e910805f5685d6f6f2,Fantasy In Art
6989a4e910805f5685d6f6f3,Refined
6989a4e910805f5685d6f6f3,Admirals
6989a4e910805f5685d6f6f4,Drama
6989a4e910805f5685d6f6f5,Political Science
6989a4e910805f5685d6f6f6,Demonology
6989a4e910805f5685d6f6f6,Community Policing
6989a4e910805f5685d6f6f7,Knights And Knighthood
6989a4e910805f5685d6f6f7,Holden (fictitious Character)
6989a4e910805f5685d6f6f8,Baking
6989a4e910805f5685d6f6f8,Artistic
6989a4e910805f5685d6f6f9,Emigration And Immigration
6989a4e910805f5685d6f6f9,Genius
6989a4e910805f5685d6f6fa,Dragons
6989a4e910805f5685d6f6fb,Manuscripts
6989a4e910805f5685d6f6fb,Hopalong (fictitious Character)
6989a4e910805f5685d6f6fc,Fiction
6989a4e910805f5685d6f6fd,Literary Collections
6989a4e910805f5685d6f6fe,Geography
6989a4e910805f5685d6f6fe,Antinuclear Movement
6989a4e910805f5685d6f6ff,Female Offenders
6989a4e910805f5685d6f6ff,Love Spell Historical Romance
6989a4e910805f5685d6f700,Fiction
6989a4e910805f5685d6f701,Interpersonal Relations
6989a4e910805f5685d6f701,Bed And Breakfast Accommodations
6989a4e910805f5685d6f702,Capitalism
6989a4e910805f5685d6f702,Cerebral Palsied Children
6989a4e910805f5685d6f703,Animal Behavior
6989a4e910805f5685d6f703,Diana (roman Deity)
6989a4e910805f5685d6f704,Microwave Cooking
6989a4e910805f5685d6f704,African American Families
6989a4e910805f5685d6f705,Back Bay (boston
6989a4e910805f5685d6f705,Horror Tales
6989a4e910805f5685d6f706,Fiction
6989a4e910805f5685d6f707,Mexican American Women
6989a4e910805f5685d6f707,Diary Fiction
6989a4e910805f5685d6f708,Bean
6989a4e910805f5685d6f708,Etc
6989a4e910805f5685d6f709,Breast
6989a4e910805f5685d6f709,1818-1848
6989a4e910805f5685d6f70a,Fiction
6989a4e910805f5685d6f70b,Human Ecology
6989a4e910805f5685d6f70b,Colorado
6989a4e910805f5685d6f70c,General
6989a4e910805f5685d6f70d,Handbooks
6989a4e910805f5685d6f70d,Counting
6989a4e910805f5685d6f70e,American Fiction
6989a4e910805f5685d6f70e,Fiction
6989a4e910805f5685d6f70f,General
6989a4e910805f5685d6f710,Biography
6989a4e910805f5685d6f710,Fiction
6989a4e910805f5685d6f710,History
6989a4e910805f5685d6f711,Fiction
6989a4e910805f5685d6f711,Robots
6989a4e910805f5685d6f712,Fiction
6989a4e910805f5685d6f712,Medical
6989a4e910805f5685d6f713,1861-1865 Fiction
6989a4e910805f5685d6f713,Ghost Stories
6989a4e910805f5685d6f714,Folklore
6989a4e910805f5685d6f714,Mindfulness (psychology)
6989a4e910805f5685d6f715,Hollywood (los Angeles
6989a4e910805f5685d6f715,Copenhagen (denmark)
6989a4e910805f5685d6f716,Family
6989a4e910805f5685d6f716,Self-help
6989a4e910805f5685d6f717,Fiction
6989a4e910805f5685d6f717,General
6989a4e910805f5685d6f718,Impressionism (art)
6989a4e910805f5685d6f718,Electrical Engineering
6989a4e910805f5685d6f719,Hebrew
6989a4e910805f5685d6f719,Life On Other Planets
6989a4e910805f5685d6f71a,Short Stories
6989a4e910805f5685d6f71a,Bed And Breakfast Accommodations
6989a4e910805f5685d6f71b,Nature
6989a4e910805f5685d6f71c,Intercountry Adoption
6989a4e910805f5685d6f71c,Mystery
6989a4e910805f5685d6f71d,English Language - Words
6989a4e910805f5685d6f71d,Ambassadors
6989a4e910805f5685d6f71e,Songs
6989a4e910805f5685d6f71e,Freemasonry
6989a4e910805f5685d6f71f,Upper Class
6989a4e910805f5685d6f71f,English Language
6989a4e910805f5685d6f720,Bambi (fictitious Character)
6989a4e910805f5685d6f720,Thailand
6989a4e910805f5685d6f721,Fiction
6989a4e910805f5685d6f721,General
6989a4e910805f5685d6f721,Amish
6989a4e910805f5685d6f722,Fiction
6989a4e910805f5685d6f723,Self-help
6989a4e910805f5685d6f724,General
6989a4e910805f5685d6f725,Religion
6989a4e910805f5685d6f726,Children
6989a4e910805f5685d6f726,Missionary Stories
6989a4e910805f5685d6f727,Biography
6989a4e910805f5685d6f728,Sinclair Symposium
6989a4e910805f5685d6f728,Refined
6989a4e910805f5685d6f729,Fiction
6989a4e910805f5685d6f729,General
6989a4e910805f5685d6f729,American Dream
6989a4e910805f5685d6f72a,Health
6989a4e910805f5685d6f72a,Hercules (roman Mythology)
6989a4e910805f5685d6f72b,Fiction
6989a4e910805f5685d6f72c,General
6989a4e910805f5685d6f72d,Atomic Bomb
6989a4e910805f5685d6f72d,Rodents
6989a4e910805f5685d6f72e,Classical Literature
6989a4e910805f5685d6f72e,Marquesas Islands (french Polynesia)
6989a4e910805f5685d6f72f,Celebrities
6989a4e910805f5685d6f72f,Quilts
6989a4e910805f5685d6f730,Total Quality Management
6989a4e910805f5685d6f730,Picture Puzzles
6989a4e910805f5685d6f731,General
6989a4e910805f5685d6f732,Fiction
6989a4e910805f5685d6f733,Fiction
6989a4e910805f5685d6f734,Baking
6989a4e910805f5685d6f734,Quick And Easy Cooking
6989a4e910805f5685d6f735,Editions
6989a4e910805f5685d6f735,Art Thefts
6989a4e910805f5685d6f736,Computer Adventure Games
6989a4e910805f5685d6f736,French Drama
6989a4e910805f5685d6f737,Fell
6989a4e910805f5685d6f737,Popular Music
6989a4e910805f5685d6f738,Biography
6989a4e910805f5685d6f738,Religion
6989a4e910805f5685d6f739,Digriz
6989a4e910805f5685d6f739,City And Town Life
6989a4e910805f5685d6f73a,Biography
6989a4e910805f5685d6f73a,Government Investigators
6989a4e910805f5685d6f73b,Fiction
6989a4e910805f5685d6f73c,General
6989a4e910805f5685d6f73c,Cotswold Hills (england)
6989a4e910805f5685d6f73d,Adoption
6989a4e910805f5685d6f73d,Emblems
6989a4e910805f5685d6f73e,Juvenile Fiction
6989a4e910805f5685d6f73e,Fiction
6989a4e910805f5685d6f73f,Epic Literature
6989a4e910805f5685d6f73f,German Literature
6989a4e910805f5685d6f740,Wales
6989a4e910805f5685d6f740,Drug Abuse And Crime
6989a4e910805f5685d6f741,Arizona
6989a4e910805f5685d6f741,Crossword Puzzle Makers
6989a4e910805f5685d6f742,Chemistry
6989a4e910805f5685d6f742,Colors
6989a4e910805f5685d6f743,Halloween
6989a4e910805f5685d6f743,Berlin (germany)
6989a4e910805f5685d6f744,Fiction
6989a4e910805f5685d6f745,Juvenile Fiction
6989a4e910805f5685d6f746,Performing Arts
6989a4e910805f5685d6f746,General
6989a4e910805f5685d6f747,Local Transit
6989a4e910805f5685d6f747,Reading
6989a4e910805f5685d6f748,Philosophy
6989a4e910805f5685d6f748,Relativity (physics)
6989a4e910805f5685d6f749,Drowning
6989a4e910805f5685d6f749,Horror Tales
6989a4e910805f5685d6f74a,Children
6989a4e910805f5685d6f74a,General
6989a4e910805f5685d6f74b,Fiction
6989a4e910805f5685d6f74b,Juvenile Fiction
6989a4e910805f5685d6f74b,General
6989a4e910805f5685d6f74c,England
6989a4e910805f5685d6f74d,Fiction
6989a4e910805f5685d6f74d,General
6989a4e910805f5685d6f74d,Business
6989a4e910805f5685d6f74e,Juvenile Fiction
6989a4e910805f5685d6f74f,Babies
6989a4e910805f5685d6f74f,Debates And Debating
6989a4e910805f5685d6f750,Fiction
6989a4e910805f5685d6f750,Social Science
6989a4e910805f5685d6f750,General
6989a4e910805f5685d6f751,Social Science
6989a4e910805f5685d6f751,Language Arts
6989a4e910805f5685d6f751,Business
6989a4e910805f5685d6f752,Bean
6989a4e910805f5685d6f752,Vade-mecums
6989a4e910805f5685d6f753,Religion
6989a4e910805f5685d6f754,Fiction
6989a4e910805f5685d6f754,General
6989a4e910805f5685d6f754,Audiobooks
6989a4e910805f5685d6f755,Spider-man (fictitious Character)
6989a4e910805f5685d6f755,Drama
6989a4e910805f5685d6f756,Spy Stories
6989a4e910805f5685d6f756,Africans
6989a4e910805f5685d6f757,Gothic Novels
6989a4e910805f5685d6f757,New Market
6989a4e910805f5685d6f758,Fiction
6989a4e910805f5685d6f758,Travel
6989a4e910805f5685d6f758,Performing Arts
6989a4e910805f5685d6f759,Fiction
6989a4e910805f5685d6f759,General
6989a4e910805f5685d6f759,Botswana
6989a4e910805f5685d6f75a,1846-1848
6989a4e910805f5685d6f75a,Etiquette
6989a4e910805f5685d6f75b,Fiction
6989a4e910805f5685d6f75b,History
6989a4e910805f5685d6f75c,American Wit And Humor
6989a4e910805f5685d6f75c,Nineteen Twenties
6989a4e910805f5685d6f75d,Color In Interior Decoration
6989a4e910805f5685d6f75d,Napoleonic Wars
6989a4e910805f5685d6f75e,Business
6989a4e910805f5685d6f75f,Multiple Personality
6989a4e910805f5685d6f75f,Betrayal
6989a4e910805f5685d6f760,Juvenile Fiction
6989a4e910805f5685d6f760,Fiction
6989a4e910805f5685d6f760,Fiction In English
6989a4e910805f5685d6f761,Home-based Businesses
6989a4e910805f5685d6f761,Contaminated Sediments
6989a4e910805f5685d6f762,General
6989a4e910805f5685d6f763,Fiction
6989a4e910805f5685d6f763,General
6989a4e910805f5685d6f764,Juvenile Fiction
6989a4e910805f5685d6f765,General
6989a4e910805f5685d6f766,Fiction
6989a4e910805f5685d6f767,Problem Children
6989a4e910805f5685d6f767,Feminists
6989a4e910805f5685d6f768,General
6989a4e910805f5685d6f768,Fiction
6989a4e910805f5685d6f768,Social Science
6989a4e910805f5685d6f769,Fiction
6989a4e910805f5685d6f76a,Fiction
6989a4e910805f5685d6f76b,Paranormal Romance Stories
6989a4e910805f5685d6f76b,Fiction
6989a4e910805f5685d6f76c,Executive Departments
6989a4e910805f5685d6f76c,History
6989a4e910805f5685d6f76d,Dragons
6989a4e910805f5685d6f76e,African Americans
6989a4e910805f5685d6f76f,Horsemanship
6989a4e910805f5685d6f76f,Auschwitz (concentration Camp) -- History
6989a4e910805f5685d6f770,Children's Stories
6989a4e910805f5685d6f770,Inventions
6989a4e910805f5685d6f771,Cape Cod (mass.)
6989a4e910805f5685d6f771,Kissing
6989a4e910805f5685d6f772,Religion
6989a4e910805f5685d6f773,Fiction
6989a4e910805f5685d6f774,Juvenile Fiction
6989a4e910805f5685d6f775,American Fiction
6989a4e910805f5685d6f775,Arizona
6989a4e910805f5685d6f776,History
6989a4e910805f5685d6f777,Fiction
6989a4e910805f5685d6f777,Children's Stories
6989a4e910805f5685d6f777,New Zealand
6989a4e910805f5685d6f778,Penny Dreadfuls
6989a4e910805f5685d6f778,Diana (roman Deity)
6989a4e910805f5685d6f779,Soups
6989a4e910805f5685d6f779,Criminal Snipers
6989a4e910805f5685d6f77a,Iguana (genus)
6989a4e910805f5685d6f77a,Mental
6989a4e910805f5685d6f77b,Music
6989a4e910805f5685d6f77c,Juvenile Nonfiction
6989a4e910805f5685d6f77c,General
6989a4e910805f5685d6f77c,Harlem (new York
6989a4e910805f5685d6f77d,Fiction
6989a4e910805f5685d6f77e,Grammar
6989a4e910805f5685d6f77e,Characters And Characteristics In Literature
6989a4e910805f5685d6f77f,Science Fiction.
6989a4e910805f5685d6f780,General
6989a4e910805f5685d6f780,Study Aids
6989a4e910805f5685d6f780,Religion
6989a4e910805f5685d6f781,Christian Women
6989a4e910805f5685d6f781,Jammu And Kashmir (india)
6989a4e910805f5685d6f782,Drama
6989a4e910805f5685d6f783,Securities Industry
6989a4e910805f5685d6f783,Album
6989a4e910805f5685d6f784,History
6989a4e910805f5685d6f785,Photography
6989a4e910805f5685d6f786,Assassination
6989a4e910805f5685d6f786,English Literature
6989a4e910805f5685d6f787,England
6989a4e910805f5685d6f787,Curiosities And Wonders
6989a4e910805f5685d6f788,Brazil
6989a4e910805f5685d6f788,Cartooning
6989a4e910805f5685d6f789,Fiction
6989a4e910805f5685d6f78a,Defense Information
6989a4e910805f5685d6f78a,Cerebral Dominance
6989a4e910805f5685d6f78b,Fiction
6989a4e910805f5685d6f78b,General
6989a4e910805f5685d6f78b,Americans
6989a4e910805f5685d6f78c,General
6989a4e910805f5685d6f78d,Radio Broadcasting
6989a4e910805f5685d6f78d,Western Stories
6989a4e910805f5685d6f78e,Fiction
6989a4e910805f5685d6f78e,General
6989a4e910805f5685d6f78f,Magic
6989a4e910805f5685d6f78f,Va.)
6989a4e910805f5685d6f790,Fiction
6989a4e910805f5685d6f790,General
6989a4e910805f5685d6f790,Popular Music
6989a4e910805f5685d6f791,1861-1865 Fiction
6989a4e910805f5685d6f791,Friendship
6989a4e910805f5685d6f792,Argentine Fiction
6989a4e910805f5685d6f792,Cookery
6989a4e910805f5685d6f793,Fiction
6989a4e910805f5685d6f794,Fiction
6989a4e910805f5685d6f794,General
6989a4e910805f5685d6f794,Religion
6989a4e910805f5685d6f795,Characters And Characteristics In Literature
6989a4e910805f5685d6f795,General
6989a4e910805f5685d6f795,Young Adult Fiction
6989a4e910805f5685d6f796,Guinea Pigs
6989a4e910805f5685d6f796,Romance Fiction
6989a4e910805f5685d6f797,Fiction
6989a4e910805f5685d6f797,General
6989a4e910805f5685d6f797,Literary Criticism
6989a4e910805f5685d6f798,Arizona
6989a4e910805f5685d6f798,Maternal.
6989a4e910805f5685d6f799,Captiva Island (fla.)
6989a4e910805f5685d6f799,Life Skills
6989a4e910805f5685d6f79a,Body
6989a4e910805f5685d6f79a,Mind
6989a4e910805f5685d6f79b,History
6989a4e910805f5685d6f79b,Business
6989a4e910805f5685d6f79b,Biography
6989a4e910805f5685d6f79c,Australian
6989a4e910805f5685d6f79c,Minicomputers
6989a4e910805f5685d6f79d,Household Ecology
6989a4e910805f5685d6f79d,Assisted Suicide
6989a4e910805f5685d6f79e,Arkansas
6989a4e910805f5685d6f79e,Animals In Art
6989a4e910805f5685d6f79f,Generative Organs
6989a4e910805f5685d6f79f,Poetry
6989a4e910805f5685d6f7a0,Bosch
6989a4e910805f5685d6f7a0,Adult Children
6989a4e910805f5685d6f7a1,Vade-mecums
6989a4e910805f5685d6f7a1,Pets
6989a4e910805f5685d6f7a2,Fiction
6989a4e910805f5685d6f7a3,Fiction
6989a4e910805f5685d6f7a4,General
6989a4e910805f5685d6f7a4,History
6989a4e910805f5685d6f7a4,Botswana
6989a4e910805f5685d6f7a5,Juvenile Fiction
6989a4e910805f5685d6f7a6,Accelerated Readers
6989a4e910805f5685d6f7a6,Aran Islands (ireland)
6989a4e910805f5685d6f7a7,Food
6989a4e910805f5685d6f7a7,English (old)
6989a4e910805f5685d6f7a8,Biography
6989a4e910805f5685d6f7a8,Performing Arts
6989a4e910805f5685d6f7a9,Rome (italy)
6989a4e910805f5685d6f7a9,Drummers (musicians)
6989a4e910805f5685d6f7aa,Dave (fictitious Character)
6989a4e910805f5685d6f7aa,Cerebral Palsied Children
6989a4e910805f5685d6f7ab,Dakota Indians
6989a4e910805f5685d6f7ab,Dream Interpretation
6989a4e910805f5685d6f7ac,Juvenile Fiction
6989a4e910805f5685d6f7ad,Popular Music
6989a4e910805f5685d6f7ad,Socialism
6989a4e910805f5685d6f7ae,Belgrade (serbia)
6989a4e910805f5685d6f7ae,Yugoslav War
6989a4e910805f5685d6f7af,Blizzards
6989a4e910805f5685d6f7af,Political Science
6989a4e910805f5685d6f7b0,General
6989a4e910805f5685d6f7b0,Fiction
6989a4e910805f5685d6f7b0,Computers
6989a4e910805f5685d6f7b1,Religion
6989a4e910805f5685d6f7b2,Masturbation
6989a4e910805f5685d6f7b2,Bibliography
6989a4e910805f5685d6f7b3,Electrical Engineering
6989a4e910805f5685d6f7b3,Merchant Marine
6989a4e910805f5685d6f7b4,General
6989a4e910805f5685d6f7b4,Fiction
6989a4e910805f5685d6f7b5,General
6989a4e910805f5685d6f7b6,Carbohydrates
6989a4e910805f5685d6f7b6,Horse Racing
6989a4e910805f5685d6f7b7,Fiction
6989a4e910805f5685d6f7b7,General
6989a4e910805f5685d6f7b7,Juvenile Fiction
6989a4e910805f5685d6f7b8,Social Science
6989a4e910805f5685d6f7b9,1. Short Stories-science Fiction
6989a4e910805f5685d6f7b9,Francis (fictitious Character)
6989a4e910805f5685d6f7ba,Cats
6989a4e910805f5685d6f7ba,Baby Bop (fictitious Character)
6989a4e910805f5685d6f7bb,Alphabet
6989a4e910805f5685d6f7bb,Christian Pilgrims And Pilgrimages
6989a4e910805f5685d6f7bc,Fiction
6989a4e910805f5685d6f7bc,General
6989a4e910805f5685d6f7bd,Union
6989a4e910805f5685d6f7bd,Heavy Metal (music)
6989a4e910805f5685d6f7be,Juvenile Fiction
6989a4e910805f5685d6f7bf,General
6989a4e910805f5685d6f7c0,Fiction
6989a4e910805f5685d6f7c1,Fiction
6989a4e910805f5685d6f7c2,Gothic Novels
6989a4e910805f5685d6f7c2,Western Stories
6989a4e910805f5685d6f7c3,Cameras
6989a4e910805f5685d6f7c3,Aged Men
6989a4e910805f5685d6f7c4,Political Science
6989a4e910805f5685d6f7c4,Psychology
6989a4e910805f5685d6f7c5,History
6989a4e910805f5685d6f7c5,Family
6989a4e910805f5685d6f7c5,General
6989a4e910805f5685d6f7c6,Fiction
6989a4e910805f5685d6f7c6,General
6989a4e910805f5685d6f7c7,Key West (fla.)
6989a4e910805f5685d6f7c7,Law
6989a4e910805f5685d6f7c8,Children's Libraries
6989a4e910805f5685d6f7c8,Dinosaurs
6989a4e910805f5685d6f7c9,Art
6989a4e910805f5685d6f7c9,General
6989a4e910805f5685d6f7ca,General
6989a4e910805f5685d6f7cb,Austrian
6989a4e910805f5685d6f7cb,Personal
6989a4e910805f5685d6f7cc,Propaganda
6989a4e910805f5685d6f7cc,Reincarnation
6989a4e910805f5685d6f7cd,History
6989a4e910805f5685d6f7ce,Planets
6989a4e910805f5685d6f7ce,Medicine
6989a4e910805f5685d6f7cf,Fiction
6989a4e910805f5685d6f7d0,Soft Drink Industry
6989a4e910805f5685d6f7d0,Eye
6989a4e910805f5685d6f7d1,Detective And Mystery Stories
6989a4e910805f5685d6f7d2,Soccer
6989a4e910805f5685d6f7d2,United States History Civil War
6989a4e910805f5685d6f7d3,Children
6989a4e910805f5685d6f7d3,Adobe Photoshop
6989a4e910805f5685d6f7d4,Household Ecology
6989a4e910805f5685d6f7d4,Autographs
6989a4e910805f5685d6f7d5,Violin
6989a4e910805f5685d6f7d5,Bridegrooms
6989a4e910805f5685d6f7d6,Women
6989a4e910805f5685d6f7d6,Fantastic Literature
6989a4e910805f5685d6f7d7,Belgium
6989a4e910805f5685d6f7d7,Food
6989a4e910805f5685d6f7d8,Child Development
6989a4e910805f5685d6f7d8,Sacred Space
6989a4e910805f5685d6f7d9,History
6989a4e910805f5685d6f7da,Fiction
6989a4e910805f5685d6f7da,Good And Evil
6989a4e910805f5685d6f7da,Family
6989a4e910805f5685d6f7db,Juvenile Fiction
6989a4e910805f5685d6f7dc,Fiction
6989a4e910805f5685d6f7dd,Dragons
6989a4e910805f5685d6f7de,Fiction
6989a4e910805f5685d6f7df,Literary Criticism
6989a4e910805f5685d6f7e0,English Language - Words
6989a4e910805f5685d6f7e0,Humanitarianism
6989a4e910805f5685d6f7e1,Fiction
6989a4e910805f5685d6f7e1,American Fiction
6989a4e910805f5685d6f7e2,Fiction
6989a4e910805f5685d6f7e3,Aardvark
6989a4e910805f5685d6f7e3,Survival
6989a4e910805f5685d6f7e4,Antisemitism
6989a4e910805f5685d6f7e4,Bed And Breakfast Accommodations
6989a4e910805f5685d6f7e5,Fiction
6989a4e910805f5685d6f7e5,General
6989a4e910805f5685d6f7e6,Nature
6989a4e910805f5685d6f7e6,Juvenile Fiction
6989a4e910805f5685d6f7e7,Fiction
6989a4e910805f5685d6f7e7,General
6989a4e910805f5685d6f7e8,Arts
6989a4e910805f5685d6f7e8,Applications For Positions
6989a4e910805f5685d6f7e9,Drama
6989a4e910805f5685d6f7e9,Fiction
6989a4e910805f5685d6f7ea,Fiction
6989a4e910805f5685d6f7ea,General
6989a4e910805f5685d6f7ea,Sports
6989a4e910805f5685d6f7eb,Brothers And Sisters
6989a4e910805f5685d6f7ec,Cooking
6989a4e910805f5685d6f7ed,Gays
6989a4e910805f5685d6f7ed,Wyatt
6989a4e910805f5685d6f7ee,Comic Fantasy
6989a4e910805f5685d6f7ee,Captiva Island (fla.)
6989a4e910805f5685d6f7ef,Austrian
6989a4e910805f5685d6f7ef,Actors
6989a4e910805f5685d6f7f0,Fiction
6989a4e910805f5685d6f7f0,General
6989a4e910805f5685d6f7f0,Language Arts
6989a4e910805f5685d6f7f1,Literary Criticism
6989a4e910805f5685d6f7f2,Ghost Stories
6989a4e910805f5685d6f7f2,Canadian Literature
6989a4e910805f5685d6f7f3,Knowledge
6989a4e910805f5685d6f7f3,Coastal Zone Management
6989a4e910805f5685d6f7f4,History
6989a4e910805f5685d6f7f5,Fiction
6989a4e910805f5685d6f7f6,Religion
6989a4e910805f5685d6f7f6,Fiction
6989a4e910805f5685d6f7f7,Biography
6989a4e910805f5685d6f7f7,General
6989a4e910805f5685d6f7f7,Religion
6989a4e910805f5685d6f7f8,Social Science
6989a4e910805f5685d6f7f8,Education
6989a4e910805f5685d6f7f9,Single Tax
6989a4e910805f5685d6f7f9,Gaia (fictitious Character)
6989a4e910805f5685d6f7fa,Fiction
6989a4e910805f5685d6f7fa,General
6989a4e910805f5685d6f7fa,Travel
6989a4e910805f5685d6f7fb,General
6989a4e910805f5685d6f7fc,Fiction
6989a4e910805f5685d6f7fd,General
6989a4e910805f5685d6f7fe,Sports
6989a4e910805f5685d6f7ff,Holden (fictitious Character)
6989a4e910805f5685d6f7ff,Motherhood
6989a4e910805f5685d6f800,Religion
6989a4e910805f5685d6f801,Business
6989a4e910805f5685d6f801,Cape Cod (mass.)
6989a4e910805f5685d6f802,Computers
6989a4e910805f5685d6f803,Felse
6989a4e910805f5685d6f803,Theory Of
6989a4e910805f5685d6f804,Drug Abuse
6989a4e910805f5685d6f804,Alaska
6989a4e910805f5685d6f805,Beauty
6989a4e910805f5685d6f805,Tugboats
6989a4e910805f5685d6f806,Fiction
6989a4e910805f5685d6f807,Dragons
6989a4e910805f5685d6f808,Communities
6989a4e910805f5685d6f808,Burma
6989a4e910805f5685d6f809,Biography
6989a4e910805f5685d6f809,Fiction
6989a4e910805f5685d6f809,Self-help
6989a4e910805f5685d6f80a,Fiction
6989a4e910805f5685d6f80a,General
6989a4e910805f5685d6f80a,Europe
6989a4e910805f5685d6f80b,Experience
6989a4e910805f5685d6f80b,Portrait Photography
6989a4e910805f5685d6f80c,General
6989a4e910805f5685d6f80d,History
6989a4e910805f5685d6f80e,Fiction
6989a4e910805f5685d6f80f,Guvernören (tanker)
6989a4e910805f5685d6f80f,American
6989a4e910805f5685d6f810,Periodicals
6989a4e910805f5685d6f810,Rock Music
6989a4e910805f5685d6f811,Fiction
6989a4e910805f5685d6f811,Excavations (archaeology)
6989a4e910805f5685d6f811,General
6989a4e910805f5685d6f812,Radio Broadcasting
6989a4e910805f5685d6f812,Subject Catalogs
6989a4e910805f5685d6f813,Fiction
6989a4e910805f5685d6f813,General
6989a4e910805f5685d6f813,History
6989a4e910805f5685d6f814,Christmas Stories
6989a4e910805f5685d6f814,Anarchists
6989a4e910805f5685d6f815,Architects
6989a4e910805f5685d6f815,Comics
6989a4e910805f5685d6f816,Intercountry Adoption
6989a4e910805f5685d6f816,Botswana
6989a4e910805f5685d6f817,Spanish Language
6989a4e910805f5685d6f817,Yachts
6989a4e910805f5685d6f818,Generals
6989a4e910805f5685d6f818,Antiques
6989a4e910805f5685d6f819,John
6989a4e910805f5685d6f819,Cannibalism
6989a4e910805f5685d6f81a,Family
6989a4e910805f5685d6f81b,English Drama
6989a4e910805f5685d6f81b,Assisi (italy)
6989a4e910805f5685d6f81c,General
6989a4e910805f5685d6f81d,Fiction
6989a4e910805f5685d6f81e,Fiction
6989a4e910805f5685d6f81e,Congresses And Conventions
6989a4e910805f5685d6f81f,Survival
6989a4e910805f5685d6f81f,Buffy The Vampire Slayer (fictitious Character)
6989a4e910805f5685d6f820,Fiction
6989a4e910805f5685d6f821,Fiction
6989a4e910805f5685d6f822,Dragons
6989a4e910805f5685d6f823,Fiction
6989a4e910805f5685d6f824,Fiction
6989a4e910805f5685d6f824,General
6989a4e910805f5685d6f824,Authors
6989a4e910805f5685d6f825,Fiction
6989a4e910805f5685d6f825,Animal Behavior
6989a4e910805f5685d6f826,Communication In Marriage
6989a4e910805f5685d6f826,German Literature
6989a4e910805f5685d6f827,General
6989a4e910805f5685d6f827,Detective And Mystery Stories
6989a4e910805f5685d6f827,English
6989a4e910805f5685d6f828,Historians
6989a4e910805f5685d6f828,Midway
6989a4e910805f5685d6f829,Drivers' Licenses
6989a4e910805f5685d6f829,Rome
6989a4e910805f5685d6f82a,Spiritual Life
6989a4e910805f5685d6f82a,Christian Life
6989a4e910805f5685d6f82b,Stream Measurements
6989a4e910805f5685d6f82b,Conversation Analysis
6989a4e910805f5685d6f82c,Biography
6989a4e910805f5685d6f82d,General
6989a4e910805f5685d6f82d,Fiction
6989a4e910805f5685d6f82d,Animals
6989a4e910805f5685d6f82e,Technology
6989a4e910805f5685d6f82e,Admirals
6989a4e910805f5685d6f82f,Fiction
6989a4e910805f5685d6f82f,Business
6989a4e910805f5685d6f82f,Social Science
6989a4e910805f5685d6f830,School Districts
6989a4e910805f5685d6f830,Opera
6989a4e910805f5685d6f831,Aphrodisiacs
6989a4e910805f5685d6f831,Marine Biology
6989a4e910805f5685d6f832,Poetry
6989a4e910805f5685d6f832,Railroads
6989a4e910805f5685d6f833,Baptists
6989a4e910805f5685d6f833,Ship Registers
6989a4e910805f5685d6f834,Ireland
6989a4e910805f5685d6f834,Sisters
6989a4e910805f5685d6f835,Juvenile Fiction
6989a4e910805f5685d6f835,Social Science
6989a4e910805f5685d6f836,Architecture
6989a4e910805f5685d6f836,Magic
6989a4e910805f5685d6f837,Children's Plays
6989a4e910805f5685d6f837,Marine Biology
6989a4e910805f5685d6f838,Self-help
6989a4e910805f5685d6f839,Arts
6989a4e910805f5685d6f839,Raccoon
6989a4e910805f5685d6f83a,Body Language
6989a4e910805f5685d6f83a,Soccer
6989a4e910805f5685d6f83b,Coal Miners
6989a4e910805f5685d6f83b,Discworld (imaginary Place)
6989a4e910805f5685d6f83c,Foreign Language Study
6989a4e910805f5685d6f83d,African American Teenage Girls
6989a4e910805f5685d6f83d,Consumption (economics)
6989a4e910805f5685d6f83e,Acid Rain
6989a4e910805f5685d6f83e,Karate
6989a4e910805f5685d6f83f,Body
6989a4e910805f5685d6f83f,Mind
6989a4e910805f5685d6f83f,General
6989a4e910805f5685d6f840,Hamptons (n.y.)
6989a4e910805f5685d6f840,Entertainers
6989a4e910805f5685d6f841,Fiction
6989a4e910805f5685d6f841,Juvenile Fiction
6989a4e910805f5685d6f841,Political Science
6989a4e910805f5685d6f842,Cerebral Palsied Children
6989a4e910805f5685d6f842,Enlightenment
6989a4e910805f5685d6f843,Fiction
6989a4e910805f5685d6f843,General
6989a4e910805f5685d6f844,Juvenile Fiction
6989a4e910805f5685d6f845,Audiotapes
6989a4e910805f5685d6f845,College Students
6989a4e910805f5685d6f846,Child Sexual Abuse
6989a4e910805f5685d6f847,General
6989a4e910805f5685d6f848,Fiction
6989a4e910805f5685d6f848,General
6989a4e910805f5685d6f848,Brothers
6989a4e910805f5685d6f849,General
6989a4e910805f5685d6f849,Foreign Language Study
6989a4e910805f5685d6f849,Performing Arts
6989a4e910805f5685d6f84a,Fiction
6989a4e910805f5685d6f84a,General
6989a4e910805f5685d6f84a,History
6989a4e910805f5685d6f84b,Fiction
6989a4e910805f5685d6f84b,General
6989a4e910805f5685d6f84b,Young Adult Fiction
6989a4e910805f5685d6f84c,General
6989a4e910805f5685d6f84c,Fiction
6989a4e910805f5685d6f84d,Sonnets
6989a4e910805f5685d6f84d,Star Trek Films
6989a4e910805f5685d6f84e,Fiction
6989a4e910805f5685d6f84f,General
6989a4e910805f5685d6f850,North Atlantic Ocean
6989a4e910805f5685d6f850,Autism
6989a4e910805f5685d6f851,Fiction
6989a4e910805f5685d6f852,Fiction
6989a4e910805f5685d6f853,Fiction
6989a4e910805f5685d6f853,Juvenile Fiction
6989a4e910805f5685d6f854,Fiction
6989a4e910805f5685d6f855,Dakota Indians
6989a4e910805f5685d6f855,Child Abuse
6989a4e910805f5685d6f856,Children's Dreams
6989a4e910805f5685d6f856,Azerbaijan
6989a4e910805f5685d6f857,Nobility
6989a4e910805f5685d6f857,Aardvark
6989a4e910805f5685d6f858,College Sports
6989a4e910805f5685d6f858,Color In Interior Decoration
6989a4e910805f5685d6f859,Arthritis
6989a4e910805f5685d6f859,Indic Fiction (english)
6989a4e910805f5685d6f85a,Adventure Games
6989a4e910805f5685d6f85a,Self-actualization (psychology)
6989a4e910805f5685d6f85b,Arapaho Indians
6989a4e910805f5685d6f85b,German Language
6989a4e910805f5685d6f85c,History
6989a4e910805f5685d6f85d,Fiction
6989a4e910805f5685d6f85d,Biography
6989a4e910805f5685d6f85d,Campion
6989a4e910805f5685d6f85e,Gardening
6989a4e910805f5685d6f85f,Forest Ecology
6989a4e910805f5685d6f85f,Cannes (france)
6989a4e910805f5685d6f860,Belgium
6989a4e910805f5685d6f860,Cotswold Hills (england)
6989a4e910805f5685d6f861,Fiction
6989a4e910805f5685d6f861,General
6989a4e910805f5685d6f861,Literary Criticism
6989a4e910805f5685d6f862,Calculus
6989a4e910805f5685d6f862,Blood Substitutes
6989a4e910805f5685d6f863,Humor
6989a4e910805f5685d6f864,General
6989a4e910805f5685d6f865,Women Astronauts
6989a4e910805f5685d6f865,Educartion-parents-participation--united States
6989a4e910805f5685d6f866,Young Adult Fiction
6989a4e910805f5685d6f867,Ants
6989a4e910805f5685d6f867,Adolescence
6989a4e910805f5685d6f868,Religion
6989a4e910805f5685d6f869,Business
6989a4e910805f5685d6f86a,Fiction
6989a4e910805f5685d6f86b,General
6989a4e910805f5685d6f86c,College Sports
6989a4e910805f5685d6f86c,Diaries
6989a4e910805f5685d6f86d,Animal Rescue
6989a4e910805f5685d6f86d,Private Investigation
6989a4e910805f5685d6f86e,Philosophy
6989a4e910805f5685d6f86f,Marple
6989a4e910805f5685d6f86f,Alzheimer's Disease
6989a4e910805f5685d6f870,General
6989a4e910805f5685d6f871,Historic Buildings
6989a4e910805f5685d6f871,September 11 Terrorist Attacks
6989a4e910805f5685d6f872,Business
6989a4e910805f5685d6f872,Fiction
6989a4e910805f5685d6f873,Nobility
6989a4e910805f5685d6f873,Military Funerals
6989a4e910805f5685d6f874,Control (psychology)
6989a4e910805f5685d6f874,Pilgrims (new Plymouth Colony)
6989a4e910805f5685d6f875,Fiction
6989a4e910805f5685d6f876,General
6989a4e910805f5685d6f876,Rama (imaginary Space Vehicle)
6989a4e910805f5685d6f877,Netherlands
6989a4e910805f5685d6f878,General
6989a4e910805f5685d6f878,Biography
6989a4e910805f5685d6f879,Young Adult Fiction
6989a4e910805f5685d6f87a,American Literature
6989a4e910805f5685d6f87a,Anti-apartheid Movements
6989a4e910805f5685d6f87b,Brain
6989a4e910805f5685d6f87b,Numerology
6989a4e910805f5685d6f87c,General
6989a4e910805f5685d6f87d,Handbooks
6989a4e910805f5685d6f87d,Government
6989a4e910805f5685d6f87e,Fiction
6989a4e910805f5685d6f87f,General
6989a4e910805f5685d6f87f,Fiction
6989a4e910805f5685d6f87f,Juvenile Fiction
6989a4e910805f5685d6f880,Curiosities And Wonders
6989a4e910805f5685d6f880,Businesswomen
6989a4e910805f5685d6f881,Fiction
6989a4e910805f5685d6f881,General
6989a4e910805f5685d6f881,Juvenile Fiction
6989a4e910805f5685d6f882,Agricultural Colonies
6989a4e910805f5685d6f882,Government
6989a4e910805f5685d6f883,Crawford
6989a4e910805f5685d6f883,Francis (fictitious Character)
6989a4e910805f5685d6f884,Mack (fictitious Character)
6989a4e910805f5685d6f884,Holden (fictitious Character)
6989a4e910805f5685d6f885,Americans
6989a4e910805f5685d6f886,Atlanta (ga.)
6989a4e910805f5685d6f886,Diners (restaurants)
6989a4e910805f5685d6f887,Microeconomics
6989a4e910805f5685d6f887,Entertainers
6989a4e910805f5685d6f888,History
6989a4e910805f5685d6f888,Young Adult Fiction
6989a4e910805f5685d6f888,General
6989a4e910805f5685d6f889,Fiction
6989a4e910805f5685d6f88a,Fiction
6989a4e910805f5685d6f88b,N.y.)
6989a4e910805f5685d6f88b,Total Quality Management
6989a4e910805f5685d6f88c,Decoration And Ornament
6989a4e910805f5685d6f88c,Permaculture
6989a4e910805f5685d6f88d,Great Britain
6989a4e910805f5685d6f88e,Children Of Celebrities
6989a4e910805f5685d6f88e,Beef
6989a4e910805f5685d6f88f,General
6989a4e910805f5685d6f890,Opera
6989a4e910805f5685d6f890,Poodles
6989a4e910805f5685d6f891,Compost
6989a4e910805f5685d6f891,American.
6989a4e910805f5685d6f892,Animal Behavior
6989a4e910805f5685d6f892,Juvenile Fiction
6989a4e910805f5685d6f893,Juvenile Fiction
6989a4e910805f5685d6f893,Fiction
6989a4e910805f5685d6f893,General
6989a4e910805f5685d6f894,Fiction
6989a4e910805f5685d6f894,Juvenile Fiction
6989a4e910805f5685d6f895,Children's Poetry
6989a4e910805f5685d6f895,Publishers' Catalogs
6989a4e910805f5685d6f896,Oregon
6989a4e910805f5685d6f896,Political Participation
6989a4e910805f5685d6f897,Birthmothers
6989a4e910805f5685d6f897,Rome (italy)
6989a4e910805f5685d6f898,Management
6989a4e910805f5685d6f898,Bartholomew
6989a4e910805f5685d6f899,Bible And Evolution
6989a4e910805f5685d6f89a,Dog Attacks
6989a4e910805f5685d6f89a,Belgians
6989a4e910805f5685d6f89b,Graphic Novels
6989a4e910805f5685d6f89b,Harlem (new York
6989a4e910805f5685d6f89c,Applications For Positions
6989a4e910805f5685d6f89c,Time Management
6989a4e910805f5685d6f89d,Expatriation
6989a4e910805f5685d6f89d,Change (psychology)
6989a4e910805f5685d6f89e,General
6989a4e910805f5685d6f89f,Fiction
6989a4e910805f5685d6f89f,Social Science
6989a4e910805f5685d6f89f,Juvenile Fiction
6989a4e910805f5685d6f8a0,Fiction
6989a4e910805f5685d6f8a0,General
6989a4e910805f5685d6f8a1,Publishers' Catalogs
6989a4e910805f5685d6f8a2,Video Games
6989a4e910805f5685d6f8a2,Canadian Periodicals
6989a4e910805f5685d6f8a3,John Thomas (fictitious Character)
6989a4e910805f5685d6f8a3,Memory
6989a4e910805f5685d6f8a4,Babysitters
6989a4e910805f5685d6f8a4,Executive Departments
6989a4e910805f5685d6f8a5,Breast
6989a4e910805f5685d6f8a5,Customer Services
6989a4e910805f5685d6f8a6,Fiction
6989a4e910805f5685d6f8a7,Biography
6989a4e910805f5685d6f8a7,Fiction
6989a4e910805f5685d6f8a7,Botswana
6989a4e910805f5685d6f8a8,Juvenile Fiction
6989a4e910805f5685d6f8a9,Fiction
6989a4e910805f5685d6f8aa,Cooking
6989a4e910805f5685d6f8ab,Businesswomen
6989a4e910805f5685d6f8ab,Developing Countries
6989a4e910805f5685d6f8ac,Audiotapes
6989a4e910805f5685d6f8ac,Motion Picture Industry
6989a4e910805f5685d6f8ad,Fiction
6989a4e910805f5685d6f8ad,Bondage (sexual Behavior)
6989a4e910805f5685d6f8ae,Sacred Space
6989a4e910805f5685d6f8ae,Freemasonry
6989a4e910805f5685d6f8af,Scotland
6989a4e910805f5685d6f8af,House
6989a4e910805f5685d6f8b0,Rama (imaginary Space Vehicle)
6989a4e910805f5685d6f8b0,Hypnotism
6989a4e910805f5685d6f8b1,Fiction
6989a4e910805f5685d6f8b1,Travel
6989a4e910805f5685d6f8b2,Fiction
6989a4e910805f5685d6f8b2,Travel
6989a4e910805f5685d6f8b3,Excavations (archaeology)
6989a4e910805f5685d6f8b3,Horror Stories.
6989a4e910805f5685d6f8b4,Juvenile Fiction
6989a4e910805f5685d6f8b4,Family
6989a4e910805f5685d6f8b5,Fiction
6989a4e910805f5685d6f8b6,Fiction
6989a4e910805f5685d6f8b6,General
6989a4e910805f5685d6f8b6,Business
6989a4e910805f5685d6f8b7,Child Prostitution
6989a4e910805f5685d6f8b7,Sisters
6989a4e910805f5685d6f8b8,Juvenile Fiction
6989a4e910805f5685d6f8b8,Foreign Language Study
6989a4e910805f5685d6f8b8,Cooking
6989a4e910805f5685d6f8b9,Fiction
6989a4e910805f5685d6f8b9,Juvenile Fiction
6989a4e910805f5685d6f8b9,Philosophy
6989a4e910805f5685d6f8ba,Food Service
6989a4e910805f5685d6f8ba,God
6989a4e910805f5685d6f8bb,Single People
6989a4e910805f5685d6f8bb,Self-acceptance
6989a4e910805f5685d6f8bc,Performing Arts
6989a4e910805f5685d6f8bc,Fiction
6989a4e910805f5685d6f8bc,Juvenile Fiction
6989a4e910805f5685d6f8bd,England
6989a4e910805f5685d6f8bd,General
6989a4e910805f5685d6f8be,Family
6989a4e910805f5685d6f8bf,Frankenstein Films
6989a4e910805f5685d6f8c0,Fiction
6989a4e910805f5685d6f8c0,Human-computer Interaction
6989a4e910805f5685d6f8c0,Comics
6989a4e910805f5685d6f8c1,Crafts
6989a4e910805f5685d6f8c1,Executive Power.
6989a4e910805f5685d6f8c2,Napoleonic Wars
6989a4e910805f5685d6f8c2,English Imprints
6989a4e910805f5685d6f8c3,General
6989a4e910805f5685d6f8c4,Science
6989a4e910805f5685d6f8c4,General
6989a4e910805f5685d6f8c5,General
6989a4e910805f5685d6f8c6,Fiction
6989a4e910805f5685d6f8c6,Labor Leaders
6989a4e910805f5685d6f8c7,General
6989a4e910805f5685d6f8c7,Electronic Books
6989a4e910805f5685d6f8c8,Fiction
6989a4e910805f5685d6f8c9,African Americans
6989a4e910805f5685d6f8c9,General
6989a4e910805f5685d6f8ca,Mythology
6989a4e910805f5685d6f8ca,Eye
6989a4e910805f5685d6f8cb,General
6989a4e910805f5685d6f8cc,Pool (game)
6989a4e910805f5685d6f8cc,Horse Trainers
6989a4e910805f5685d6f8cd,Fiction
6989a4e910805f5685d6f8cd,Murder
6989a4e910805f5685d6f8cd,Literary Criticism
6989a4e910805f5685d6f8ce,Rome (italy)
6989a4e910805f5685d6f8ce,Frankenstein Films
6989a4e910805f5685d6f8cf,Sex
6989a4e910805f5685d6f8cf,Orphans
6989a4e910805f5685d6f8d0,General
6989a4e910805f5685d6f8d0,Juvenile Fiction
6989a4e910805f5685d6f8d1,Fiction
6989a4e910805f5685d6f8d2,Rome (italy)
6989a4e910805f5685d6f8d2,Economic Confusion
6989a4e910805f5685d6f8d3,Games
6989a4e910805f5685d6f8d4,Biography
6989a4e910805f5685d6f8d5,Charles
6989a4e910805f5685d6f8d5,Devotional Literature
6989a4e910805f5685d6f8d6,Self-help
6989a4e910805f5685d6f8d7,Fiction
6989a4e910805f5685d6f8d7,General
6989a4e910805f5685d6f8d7,Juvenile Fiction
6989a4e910805f5685d6f8d8,Fiction
6989a4e910805f5685d6f8d8,Young Adult Fiction
6989a4e910805f5685d6f8d8,Bronté́
6989a4e910805f5685d6f8d9,Theory Of
6989a4e910805f5685d6f8d9,Berlin Wall
6989a4e910805f5685d6f8da,Photography
6989a4e910805f5685d6f8da,History
6989a4e910805f5685d6f8db,Prehistoric Peoples
6989a4e910805f5685d6f8db,Antique Dealers
6989a4e910805f5685d6f8dc,Church And State
6989a4e910805f5685d6f8dc,Children's Plays
6989a4e910805f5685d6f8dd,Antisemitism
6989a4e910805f5685d6f8dd,Card Games
6989a4e910805f5685d6f8de,Jewish Fiction
6989a4e910805f5685d6f8de,Statistics
6989a4e910805f5685d6f8df,Juvenile Fiction
6989a4e910805f5685d6f8e0,Frankenstein Films
6989a4e910805f5685d6f8e0,Agnes (fictitious Character)
6989a4e910805f5685d6f8e1,Expatriation
6989a4e910805f5685d6f8e1,Justice In Art
6989a4e910805f5685d6f8e2,Actresses
6989a4e910805f5685d6f8e2,Nature
6989a4e910805f5685d6f8e3,Railroads
6989a4e910805f5685d6f8e3,Feminists
6989a4e910805f5685d6f8e4,Interpersonal Relations.
6989a4e910805f5685d6f8e4,Cologne (germany)
6989a4e910805f5685d6f8e5,Expatriation
6989a4e910805f5685d6f8e5,Canadian
6989a4e910805f5685d6f8e6,Light
6989a4e910805f5685d6f8e6,Conjoined Twins
6989a4e910805f5685d6f8e7,Bodyguards
6989a4e910805f5685d6f8e7,Holiness
6989a4e910805f5685d6f8e8,Literary Criticism
6989a4e910805f5685d6f8e8,Boats And Boating
6989a4e910805f5685d6f8e9,Juvenile Fiction
6989a4e910805f5685d6f8e9,Fiction
6989a4e910805f5685d6f8ea,General
6989a4e910805f5685d6f8ea,Fiction
6989a4e910805f5685d6f8eb,History
6989a4e910805f5685d6f8ec,Fell
6989a4e910805f5685d6f8ec,Self-realization
6989a4e910805f5685d6f8ed,Body
6989a4e910805f5685d6f8ed,Mind
6989a4e910805f5685d6f8ee,Self-help
6989a4e910805f5685d6f8ef,General
6989a4e910805f5685d6f8ef,Fiction
6989a4e910805f5685d6f8ef,Juvenile Fiction
6989a4e910805f5685d6f8f0,History
6989a4e910805f5685d6f8f1,Child Development
6989a4e910805f5685d6f8f1,Communication In Organizations
6989a4e910805f5685d6f8f2,Competition (psychology)
6989a4e910805f5685d6f8f2,St. Albans (england)
6989a4e910805f5685d6f8f3,Sex Instruction For Men
6989a4e910805f5685d6f8f3,Star Trek Films
6989a4e910805f5685d6f8f4,Fiction
6989a4e910805f5685d6f8f4,General
6989a4e910805f5685d6f8f4,Adoptees
6989a4e910805f5685d6f8f5,Fiction
6989a4e910805f5685d6f8f5,Psychology
6989a4e910805f5685d6f8f6,Business
6989a4e910805f5685d6f8f7,Horses
6989a4e910805f5685d6f8f7,Spain)
6989a4e910805f5685d6f8f8,General
6989a4e910805f5685d6f8f9,Gay Men
6989a4e910805f5685d6f8f9,Epic Literature
6989a4e910805f5685d6f8fa,Biography
6989a4e910805f5685d6f8fb,Adolescence
6989a4e910805f5685d6f8fc,Fiction
6989a4e910805f5685d6f8fd,Assassination
6989a4e910805f5685d6f8fd,Apache Indians
6989a4e910805f5685d6f8fd,Fiction
6989a4e910805f5685d6f8fe,General
6989a4e910805f5685d6f8ff,Fiction
6989a4e910805f5685d6f8ff,General
6989a4e910805f5685d6f8ff,Young Adult Fiction
6989a4e910805f5685d6f900,Chicago (ill.)
6989a4e910805f5685d6f900,Spanish Drama (comedy)
6989a4e910805f5685d6f901,Upper Class
6989a4e910805f5685d6f902,Mathematics
6989a4e910805f5685d6f902,Law
6989a4e910805f5685d6f903,Spider-man (fictitious Character)
6989a4e910805f5685d6f903,Beauty
6989a4e910805f5685d6f904,Book Of The Dead
6989a4e910805f5685d6f904,Recycling
6989a4e910805f5685d6f905,Social Science
6989a4e910805f5685d6f906,Jackrabbits
6989a4e910805f5685d6f906,Marquesas Islands (french Polynesia)
6989a4e910805f5685d6f907,Soft Drink Industry
6989a4e910805f5685d6f907,Erotic Stories
6989a4e910805f5685d6f908,Fiction
6989a4e910805f5685d6f909,Assassins
6989a4e910805f5685d6f909,Adjustment (psychology)
6989a4e910805f5685d6f90a,Juvenile Fiction
6989a4e910805f5685d6f90b,Psychology
6989a4e910805f5685d6f90b,Children's Stories
6989a4e910805f5685d6f90b,Technology
6989a4e910805f5685d6f90c,Fiction
6989a4e910805f5685d6f90c,General
6989a4e910805f5685d6f90c,Games
6989a4e910805f5685d6f90d,Espaliers
6989a4e910805f5685d6f90d,Maternal.
6989a4e910805f5685d6f90e,Fiction
6989a4e910805f5685d6f90e,Biography
6989a4e910805f5685d6f90e,General
6989a4e910805f5685d6f90f,Humor
6989a4e910805f5685d6f910,Fiction
6989a4e910805f5685d6f911,Presidents
6989a4e910805f5685d6f911,Press And Politics
6989a4e910805f5685d6f912,Carter
6989a4e910805f5685d6f912,Social Science
6989a4e910805f5685d6f913,General
6989a4e910805f5685d6f913,Fiction
6989a4e910805f5685d6f914,Juvenile Fiction
6989a4e910805f5685d6f915,Fiction
6989a4e910805f5685d6f916,General
6989a4e910805f5685d6f917,Astrology
6989a4e910805f5685d6f917,African American Families
6989a4e910805f5685d6f918,Fiction
6989a4e910805f5685d6f919,General
6989a4e910805f5685d6f919,Fiction
6989a4e910805f5685d6f919,Drama
6989a4e910805f5685d6f91a,Securities Industry
6989a4e910805f5685d6f91a,Home-based Businesses
6989a4e910805f5685d6f91b,General
6989a4e910805f5685d6f91c,General
6989a4e910805f5685d6f91c,Fiction
6989a4e910805f5685d6f91d,General
6989a4e910805f5685d6f91d,Fiction
6989a4e910805f5685d6f91d,Young Adult Fiction
6989a4e910805f5685d6f91e,Self-acceptance
6989a4e910805f5685d6f91e,African American Women Artists
6989a4e910805f5685d6f91f,General
6989a4e910805f5685d6f920,Readers
6989a4e910805f5685d6f920,Consumer Goods
6989a4e910805f5685d6f921,Police Reports
6989a4e910805f5685d6f921,Consumer Goods
6989a4e910805f5685d6f922,General
6989a4e910805f5685d6f923,Authorship
6989a4e910805f5685d6f923,Recycling
6989a4e910805f5685d6f924,Humor
6989a4e910805f5685d6f925,Cataloging
6989a4e910805f5685d6f925,Customer Services
6989a4e910805f5685d6f926,Fiction
6989a4e910805f5685d6f926,American Fiction
6989a4e910805f5685d6f927,Body
6989a4e910805f5685d6f927,Mind
6989a4e910805f5685d6f927,Biography
6989a4e910805f5685d6f928,Anarchism
6989a4e910805f5685d6f928,Drug Abuse And Crime
6989a4e910805f5685d6f929,Sonnets
6989a4e910805f5685d6f929,Business
6989a4e910805f5685d6f92a,Biography
6989a4e910805f5685d6f92b,African American Women
6989a4e910805f5685d6f92b,Expatriation
6989a4e910805f5685d6f92c,Christian Fiction
6989a4e910805f5685d6f92c,Love Stories
6989a4e910805f5685d6f92d,Juvenile Fiction
6989a4e910805f5685d6f92e,Families
6989a4e910805f5685d6f92f,General
6989a4e910805f5685d6f930,Biography
6989a4e910805f5685d6f931,African American Women Artists
6989a4e910805f5685d6f931,Conversation
6989a4e910805f5685d6f932,Family
6989a4e910805f5685d6f932,Fiction
6989a4e910805f5685d6f933,Detective And Mystery Stories
6989a4e910805f5685d6f933,General
6989a4e910805f5685d6f933,Comics
6989a4e910805f5685d6f934,Lewis And Clark Expedition
6989a4e910805f5685d6f934,Pilgrims (new Plymouth Colony)
6989a4e910805f5685d6f935,Antiques
6989a4e910805f5685d6f935,Berlin
6989a4e910805f5685d6f936,House
6989a4e910805f5685d6f937,Horsemanship
6989a4e910805f5685d6f937,Relativity (physics)
6989a4e910805f5685d6f938,Motion Pictures
6989a4e910805f5685d6f938,Class Actions (civil Procedure)
6989a4e910805f5685d6f939,Caricatures And Cartoons
6989a4e910805f5685d6f939,Communities
6989a4e910805f5685d6f93a,Housing
6989a4e910805f5685d6f93a,Management
6989a4e910805f5685d6f93b,Problem Children
6989a4e910805f5685d6f93b,Love Stories
6989a4e910805f5685d6f93c,Communication In Organizations
6989a4e910805f5685d6f93c,Ghosts
6989a4e910805f5685d6f93d,Australian Fiction
6989a4e910805f5685d6f93d,African American Women
6989a4e910805f5685d6f93e,Fiction
6989a4e910805f5685d6f93e,General
6989a4e910805f5685d6f93e,History
6989a4e910805f5685d6f93f,Québec (province)
6989a4e910805f5685d6f93f,Carbohydrates
6989a4e910805f5685d6f940,Family
6989a4e910805f5685d6f941,Pets
6989a4e910805f5685d6f942,Fiction
6989a4e910805f5685d6f943,Humor
6989a4e910805f5685d6f944,Intelligence Officers
6989a4e910805f5685d6f944,Jammu And Kashmir (india)
6989a4e910805f5685d6f945,Corrections
6989a4e910805f5685d6f945,Pool (game)
6989a4e910805f5685d6f946,Spiritual Life
6989a4e910805f5685d6f946,Recycling
6989a4e910805f5685d6f947,Fiction
6989a4e910805f5685d6f947,Bibles
6989a4e910805f5685d6f948,Fiction
6989a4e910805f5685d6f949,Back Bay (boston
6989a4e910805f5685d6f949,Tiger
6989a4e910805f5685d6f94a,Fiction
6989a4e910805f5685d6f94b,Applications For Positions
6989a4e910805f5685d6f94b,Academic Achievement
6989a4e910805f5685d6f94c,Nobility
6989a4e910805f5685d6f94c,Casinos
6989a4e910805f5685d6f94d,Reference
6989a4e910805f5685d6f94d,Cosmetics Industry
6989a4e910805f5685d6f94e,Session Laws
6989a4e910805f5685d6f94f,Fiction
6989a4e910805f5685d6f94f,General
6989a4e910805f5685d6f94f,Juvenile Fiction
6989a4e910805f5685d6f950,Arab-israeli Conflict
6989a4e910805f5685d6f950,Cartooning
6989a4e910805f5685d6f951,1846-1848
6989a4e910805f5685d6f951,Motion Pictures
6989a4e910805f5685d6f952,Fiction
6989a4e910805f5685d6f953,Kate (fictitious Character)
6989a4e910805f5685d6f953,Chile
6989a4e910805f5685d6f954,Fiction
6989a4e910805f5685d6f954,General
6989a4e910805f5685d6f954,History
6989a4e910805f5685d6f955,Management
6989a4e910805f5685d6f955,Card Games
6989a4e910805f5685d6f956,American Fiction
6989a4e910805f5685d6f956,Fiction
6989a4e910805f5685d6f957,Fiction
6989a4e910805f5685d6f957,Drama
6989a4e910805f5685d6f957,Literary Criticism
6989a4e910805f5685d6f958,Fiction
6989a4e910805f5685d6f959,Business
6989a4e910805f5685d6f959,General
6989a4e910805f5685d6f959,Fiction
6989a4e910805f5685d6f95a,Juvenile Fiction
6989a4e910805f5685d6f95a,General
6989a4e910805f5685d6f95a,History
6989a4e910805f5685d6f95b,Women Comedians
6989a4e910805f5685d6f95b,Act Assessment
6989a4e910805f5685d6f95c,West
6989a4e910805f5685d6f95c,Child Development
6989a4e910805f5685d6f95d,Arts
6989a4e910805f5685d6f95d,Criminal Procedure
6989a4e910805f5685d6f95e,Fiction
6989a4e910805f5685d6f95f,Detective And Mystery Stories
6989a4e910805f5685d6f95f,Microeconomics
6989a4e910805f5685d6f960,North Carolina
6989a4e910805f5685d6f960,Contests
6989a4e910805f5685d6f961,Fiction
6989a4e910805f5685d6f962,Fiction
6989a4e910805f5685d6f963,Business
6989a4e910805f5685d6f964,Study Aids
6989a4e910805f5685d6f964,Poetry
6989a4e910805f5685d6f964,General
6989a4e910805f5685d6f965,Breast
6989a4e910805f5685d6f965,Dinosaurs
6989a4e910805f5685d6f966,Anglais (langue) - Histoire
6989a4e910805f5685d6f966,Card Games
6989a4e910805f5685d6f967,Women Authors
6989a4e910805f5685d6f967,Commercial Art
6989a4e910805f5685d6f968,Literary Criticism
6989a4e910805f5685d6f968,General
6989a4e910805f5685d6f968,Body
6989a4e910805f5685d6f969,General
6989a4e910805f5685d6f96a,Excavations (archaeology)
6989a4e910805f5685d6f96a,Corruption
6989a4e910805f5685d6f96b,Nigeria
6989a4e910805f5685d6f96b,Historical Romance
6989a4e910805f5685d6f96c,Body
6989a4e910805f5685d6f96c,Mind
6989a4e910805f5685d6f96d,Fiction
6989a4e910805f5685d6f96d,Juvenile Fiction
6989a4e910805f5685d6f96d,General
6989a4e910805f5685d6f96e,Browne
6989a4e910805f5685d6f96e,John
6989a4e910805f5685d6f96f,Christian Women
6989a4e910805f5685d6f96f,Hudson River Valley (n.y. And N.j.)
6989a4e910805f5685d6f970,Ranchers
6989a4e910805f5685d6f970,Men
6989a4e910805f5685d6f971,Pool (game)
6989a4e910805f5685d6f971,Autographs
6989a4e910805f5685d6f972,Juvenile Fiction
6989a4e910805f5685d6f973,Fiction
6989a4e910805f5685d6f974,Carnivals
6989a4e910805f5685d6f974,Scotland
6989a4e910805f5685d6f975,New York (n.y.)
6989a4e910805f5685d6f975,Revolutions
6989a4e910805f5685d6f976,Business
6989a4e910805f5685d6f976,Religion
6989a4e910805f5685d6f976,Health
6989a4e910805f5685d6f977,Fiction
6989a4e910805f5685d6f977,General
6989a4e910805f5685d6f977,Juvenile Fiction
6989a4e910805f5685d6f978,Fiction
6989a4e910805f5685d6f978,True Crime
6989a4e910805f5685d6f978,Women Astronauts
6989a4e910805f5685d6f979,Religion
6989a4e910805f5685d6f97a,Frankenstein Films
6989a4e910805f5685d6f97a,Erotic
6989a4e910805f5685d6f97b,Netherlands
6989a4e910805f5685d6f97c,Fantasy
6989a4e910805f5685d6f97c,Rabbits
6989a4e910805f5685d6f97d,Discernment Of Spirits
6989a4e910805f5685d6f97d,Local Transit
6989a4e910805f5685d6f97e,Brain
6989a4e910805f5685d6f97e,Dwellings
6989a4e910805f5685d6f97f,Fiction
6989a4e910805f5685d6f97f,True Crime
6989a4e910805f5685d6f97f,General
6989a4e910805f5685d6f980,Aardvark
6989a4e910805f5685d6f980,Session Laws
6989a4e910805f5685d6f981,General
6989a4e910805f5685d6f982,Dragons
6989a4e910805f5685d6f982,Rabbits
6989a4e910805f5685d6f983,Predation (biology)
6989a4e910805f5685d6f983,Fiction
6989a4e910805f5685d6f984,Alzheimer's Disease
6989a4e910805f5685d6f984,Berlin Wall
6989a4e910805f5685d6f985,Fiction
6989a4e910805f5685d6f986,General
6989a4e910805f5685d6f987,Music
6989a4e910805f5685d6f987,Boys
6989a4e910805f5685d6f988,Arab-israeli Conflict
6989a4e910805f5685d6f988,Periodicals
6989a4e910805f5685d6f989,Self-help
6989a4e910805f5685d6f98a,Fiction
6989a4e910805f5685d6f98b,Religion
6989a4e910805f5685d6f98c,Handicraft
6989a4e910805f5685d6f98c,Corruption
6989a4e910805f5685d6f98d,Spanish
6989a4e910805f5685d6f98d,Northern Exposure (television Program)
6989a4e910805f5685d6f98e,Juvenile Fiction
6989a4e910805f5685d6f98e,General
6989a4e910805f5685d6f98e,Fiction
6989a4e910805f5685d6f98f,Philosophy
6989a4e910805f5685d6f98f,Social Science
6989a4e910805f5685d6f990,History
6989a4e910805f5685d6f991,Biography
6989a4e910805f5685d6f992,Money-making Projects For Children
6989a4e910805f5685d6f992,Pattern Perception
6989a4e910805f5685d6f993,Religion
6989a4e910805f5685d6f994,Italian
6989a4e910805f5685d6f994,Academic Writing
6989a4e910805f5685d6f995,Upper Class
6989a4e910805f5685d6f995,Animals
6989a4e910805f5685d6f996,General
6989a4e910805f5685d6f997,History
6989a4e910805f5685d6f997,Biography
6989a4e910805f5685d6f998,Algebra
6989a4e910805f5685d6f998,Netherlands
6989a4e910805f5685d6f999,Self-preservation
6989a4e910805f5685d6f999,Mindfulness (psychology)
6989a4e910805f5685d6f99a,Study Aids
6989a4e910805f5685d6f99b,Games
6989a4e910805f5685d6f99b,Drowning
6989a4e910805f5685d6f99c,Karate
6989a4e910805f5685d6f99c,Reference
6989a4e910805f5685d6f99c,General
6989a4e910805f5685d6f99d,Periodicals
6989a4e910805f5685d6f99d,Cannibalism
6989a4e910805f5685d6f99e,Juvenile Fiction
6989a4e910805f5685d6f99f,Drama
6989a4e910805f5685d6f9a0,General
6989a4e910805f5685d6f9a0,Fiction
6989a4e910805f5685d6f9a0,Adventure And Adventurers
6989a4e910805f5685d6f9a1,English Drama
6989a4e910805f5685d6f9a1,Sexual Fantasies
6989a4e910805f5685d6f9a2,General
6989a4e910805f5685d6f9a3,Discernment Of Spirits
6989a4e910805f5685d6f9a3,Italian
6989a4e910805f5685d6f9a4,Fiction
6989a4e910805f5685d6f9a4,Juvenile Fiction
6989a4e910805f5685d6f9a4,Botswana
6989a4e910805f5685d6f9a5,English Fiction
6989a4e910805f5685d6f9a6,Collective Memory
6989a4e910805f5685d6f9a6,Women Painters
6989a4e910805f5685d6f9a7,Fiction
6989a4e910805f5685d6f9a8,History
6989a4e910805f5685d6f9a9,Midsummer (festival)
6989a4e910805f5685d6f9a9,Greek
6989a4e910805f5685d6f9aa,Self-acceptance
6989a4e910805f5685d6f9aa,Occupations
6989a4e910805f5685d6f9ab,Diplomatic And Consular Service
6989a4e910805f5685d6f9ac,Fiction
6989a4e910805f5685d6f9ad,Biography
6989a4e910805f5685d6f9ad,General
6989a4e910805f5685d6f9ae,Literary Criticism
6989a4e910805f5685d6f9ae,Fiction
6989a4e910805f5685d6f9ae,Fantasy
6989a4e910805f5685d6f9af,Fiction
6989a4e910805f5685d6f9af,General
6989a4e910805f5685d6f9af,Fiction In English
6989a4e910805f5685d6f9b0,Fiction
6989a4e910805f5685d6f9b1,Adultery
6989a4e910805f5685d6f9b1,Fiction
6989a4e910805f5685d6f9b1,Antisemitism
6989a4e910805f5685d6f9b2,Education
6989a4e910805f5685d6f9b3,Fiction
6989a4e910805f5685d6f9b3,Nursery Schools
6989a4e910805f5685d6f9b3,General
6989a4e910805f5685d6f9b4,Art
6989a4e910805f5685d6f9b5,Ship Registers
6989a4e910805f5685d6f9b5,Epic Poetry
6989a4e910805f5685d6f9b6,Family
6989a4e910805f5685d6f9b7,Fiction
6989a4e910805f5685d6f9b7,General
6989a4e910805f5685d6f9b8,Superintendent (fictitious Character)
6989a4e910805f5685d6f9b8,Gardening
6989a4e910805f5685d6f9b9,Identity (psychology)
6989a4e910805f5685d6f9b9,Conversation
6989a4e910805f5685d6f9ba,St. Albans (england)
6989a4e910805f5685d6f9ba,Video Games
6989a4e910805f5685d6f9bb,Voyages Around The World
6989a4e910805f5685d6f9bb,Historic Buildings
6989a4e910805f5685d6f9bc,Science
6989a4e910805f5685d6f9bc,Relativity (physics)
6989a4e910805f5685d6f9bd,Propaganda
6989a4e910805f5685d6f9bd,Arizona
6989a4e910805f5685d6f9be,Jewelers
6989a4e910805f5685d6f9be,Sailing
6989a4e910805f5685d6f9bf,Fiction
6989a4e910805f5685d6f9c0,Literary Collections
6989a4e910805f5685d6f9c0,Autobiographical Fiction
6989a4e910805f5685d6f9c1,Adult Children Of Alcoholics
6989a4e910805f5685d6f9c1,Chemistry
6989a4e910805f5685d6f9c2,Art
6989a4e910805f5685d6f9c2,General
6989a4e910805f5685d6f9c2,Humor
6989a4e910805f5685d6f9c3,Stream Measurements
6989a4e910805f5685d6f9c4,Animal Heroes
6989a4e910805f5685d6f9c4,Arabs
6989a4e910805f5685d6f9c5,Business
6989a4e910805f5685d6f9c5,General
6989a4e910805f5685d6f9c6,Fiction
6989a4e910805f5685d6f9c7,Amber (imaginary Place)
6989a4e910805f5685d6f9c7,High Schools
6989a4e910805f5685d6f9c8,Juvenile Fiction
6989a4e910805f5685d6f9c8,Religion
6989a4e910805f5685d6f9c8,Fiction
6989a4e910805f5685d6f9c9,Bands (music)
6989a4e910805f5685d6f9c9,Holden (fictitious Character)
6989a4e910805f5685d6f9ca,Humor
6989a4e910805f5685d6f9ca,Fiction
6989a4e910805f5685d6f9ca,General
6989a4e910805f5685d6f9cb,Business Ethics
6989a4e910805f5685d6f9cb,Birth Control
6989a4e910805f5685d6f9cc,Corruption
6989a4e910805f5685d6f9cc,Generative Organs
6989a4e910805f5685d6f9cd,Fantastic Fiction
6989a4e910805f5685d6f9cd,St. Albans (england)
6989a4e910805f5685d6f9ce,General
6989a4e910805f5685d6f9ce,Dakota Territory
6989a4e910805f5685d6f9cf,Fiction
6989a4e910805f5685d6f9cf,General
6989a4e910805f5685d6f9cf,Biography
6989a4e910805f5685d6f9d0,English Poetry
6989a4e910805f5685d6f9d1,Christian Life
6989a4e910805f5685d6f9d1,Rome (italy)
6989a4e910805f5685d6f9d2,Biography
6989a4e910805f5685d6f9d2,Religion
6989a4e910805f5685d6f9d2,Juvenile Fiction
6989a4e910805f5685d6f9d3,True Crime
6989a4e910805f5685d6f9d4,Fantasy Games
6989a4e910805f5685d6f9d4,Drug Abuse
6989a4e910805f5685d6f9d5,True Crime
6989a4e910805f5685d6f9d6,General
6989a4e910805f5685d6f9d7,Second Advent
6989a4e910805f5685d6f9d7,1861-1865 Fiction
6989a4e910805f5685d6f9d8,Fiction
6989a4e910805f5685d6f9d8,Crusades
6989a4e910805f5685d6f9d9,Dungeons And Dragons (game)
6989a4e910805f5685d6f9d9,Maternal.
6989a4e910805f5685d6f9da,Fiction
6989a4e910805f5685d6f9da,General
6989a4e910805f5685d6f9da,Cooking
6989a4e910805f5685d6f9db,Peter (fictitious Character)
6989a4e910805f5685d6f9db,Common Interest Ownership Communities
6989a4e910805f5685d6f9dc,Fiction
6989a4e910805f5685d6f9dc,General
6989a4e910805f5685d6f9dc,Philosophy
6989a4e910805f5685d6f9dd,General
6989a4e910805f5685d6f9dd,Foreign Language Study
6989a4e910805f5685d6f9de,Fiction
6989a4e910805f5685d6f9de,General
6989a4e910805f5685d6f9de,History
6989a4e910805f5685d6f9df,Science Fiction In Art
6989a4e910805f5685d6f9df,Gardening
6989a4e910805f5685d6f9e0,Antiques
6989a4e910805f5685d6f9e0,American Literature
6989a4e910805f5685d6f9e1,Personnel Management
6989a4e910805f5685d6f9e1,Flags
6989a4e910805f5685d6f9e2,Body
6989a4e910805f5685d6f9e2,Mind
6989a4e910805f5685d6f9e3,Fiction
6989a4e910805f5685d6f9e3,History
6989a4e910805f5685d6f9e3,General
6989a4e910805f5685d6f9e4,General
6989a4e910805f5685d6f9e5,Religion
6989a4e910805f5685d6f9e5,Bolan
6989a4e910805f5685d6f9e6,Performing Arts
6989a4e910805f5685d6f9e6,Horror
6989a4e910805f5685d6f9e7,Diary Fiction
6989a4e910805f5685d6f9e7,English
6989a4e910805f5685d6f9e8,Mental
6989a4e910805f5685d6f9e8,Soccer
6989a4e910805f5685d6f9e9,Fiction
6989a4e910805f5685d6f9e9,General
6989a4e910805f5685d6f9ea,Cannes (france)
6989a4e910805f5685d6f9ea,Fairy Tales
6989a4e910805f5685d6f9eb,Antinuclear Movement
6989a4e910805f5685d6f9eb,Jerusalem
6989a4e910805f5685d6f9ec,Murder
6989a4e910805f5685d6f9ec,Glass Craft
6989a4e910805f5685d6f9ed,Electronic Books
6989a4e910805f5685d6f9ed,Science Fiction Comic Books
6989a4e910805f5685d6f9ee,Acid Rain
6989a4e910805f5685d6f9ee,Architects
6989a4e910805f5685d6f9ef,American Dream
6989a4e910805f5685d6f9ef,Escort Automobile
6989a4e910805f5685d6f9f0,History
6989a4e910805f5685d6f9f1,Philosophy
6989a4e910805f5685d6f9f2,Hatha Yoga
6989a4e910805f5685d6f9f2,Emily
6989a4e910805f5685d6f9f3,Fiction
6989a4e910805f5685d6f9f4,1991-
6989a4e910805f5685d6f9f4,Behavior
6989a4e910805f5685d6f9f5,General
6989a4e910805f5685d6f9f5,True Crime
6989a4e910805f5685d6f9f6,Juvenile Fiction
6989a4e910805f5685d6f9f7,General
6989a4e910805f5685d6f9f7,Fiction
6989a4e910805f5685d6f9f8,Fell
6989a4e910805f5685d6f9f8,Current Events
6989a4e910805f5685d6f9f9,Adolescence
6989a4e910805f5685d6f9f9,Popular Music
6989a4e910805f5685d6f9fa,Fiction
6989a4e910805f5685d6f9fa,General
6989a4e910805f5685d6f9fa,Drama
6989a4e910805f5685d6f9fb,Communication In Marriage
6989a4e910805f5685d6f9fb,Lutheran Church
6989a4e910805f5685d6f9fc,American Wit And Humor.
6989a4e910805f5685d6f9fc,Aquarium Fishes
6989a4e910805f5685d6f9fd,Science Fiction Comic Books
6989a4e910805f5685d6f9fd,Antinuclear Movement
6989a4e910805f5685d6f9fe,Religion
6989a4e910805f5685d6f9fe,General
6989a4e910805f5685d6f9ff,Country Musicians
6989a4e910805f5685d6f9ff,Dysfunctional Families
6989a4e910805f5685d6fa00,Eastern Question (far East)
6989a4e910805f5685d6fa00,Aged Men
6989a4e910805f5685d6fa01,Bibles
6989a4e910805f5685d6fa01,Birds
6989a4e910805f5685d6fa02,Fiction
6989a4e910805f5685d6fa02,General
6989a4e910805f5685d6fa03,Juvenile Fiction
6989a4e910805f5685d6fa03,Alligators
6989a4e910805f5685d6fa03,Fiction
6989a4e910805f5685d6fa04,Fiction
6989a4e910805f5685d6fa04,Literary Criticism
6989a4e910805f5685d6fa04,Travel
6989a4e910805f5685d6fa05,Political Science
6989a4e910805f5685d6fa05,History
6989a4e910805f5685d6fa06,Flags
6989a4e910805f5685d6fa06,Free Enterprise
6989a4e910805f5685d6fa07,General
6989a4e910805f5685d6fa07,Fiction
6989a4e910805f5685d6fa07,Study Aids
6989a4e910805f5685d6fa08,Bereavement
6989a4e910805f5685d6fa08,Life
6989a4e910805f5685d6fa09,Cerebral Palsy
6989a4e910805f5685d6fa09,Actresses
6989a4e910805f5685d6fa0a,Fiction
6989a4e910805f5685d6fa0b,Wales
6989a4e910805f5685d6fa0b,Canadian
6989a4e910805f5685d6fa0c,General
6989a4e910805f5685d6fa0c,Juvenile Fiction
6989a4e910805f5685d6fa0c,Fiction
6989a4e910805f5685d6fa0d,Drowning
6989a4e910805f5685d6fa0d,Self-acceptance
6989a4e910805f5685d6fa0e,Photography
6989a4e910805f5685d6fa0f,Austria
6989a4e910805f5685d6fa0f,Business
6989a4e910805f5685d6fa10,Romance Fiction
6989a4e910805f5685d6fa10,Calder Family (fictitious Characters)
6989a4e910805f5685d6fa11,Key West (fla.)
6989a4e910805f5685d6fa11,Tugboats
6989a4e910805f5685d6fa12,Key West (fla.)
6989a4e910805f5685d6fa12,Characters And Characteristics In Literature
6989a4e910805f5685d6fa13,N.y.)
6989a4e910805f5685d6fa13,Horsemanship
6989a4e910805f5685d6fa14,Lisbon (portugal)
6989a4e910805f5685d6fa14,Bible Stories
6989a4e910805f5685d6fa15,Bands (music)
6989a4e910805f5685d6fa15,Midway
6989a4e910805f5685d6fa16,Study Aids
6989a4e910805f5685d6fa16,General
6989a4e910805f5685d6fa16,Predation (biology)
6989a4e910805f5685d6fa17,Age Groups
6989a4e910805f5685d6fa17,Japanese Americans
6989a4e910805f5685d6fa18,History
6989a4e910805f5685d6fa19,Fiction
6989a4e910805f5685d6fa19,History
6989a4e910805f5685d6fa19,General
6989a4e910805f5685d6fa1a,Picture Puzzles
6989a4e910805f5685d6fa1a,Biology
6989a4e910805f5685d6fa1b,Bartholomew
6989a4e910805f5685d6fa1b,Fables
6989a4e910805f5685d6fa1c,Juvenile Fiction
6989a4e910805f5685d6fa1c,Fiction
6989a4e910805f5685d6fa1c,Social Science
6989a4e910805f5685d6fa1d,Sports
6989a4e910805f5685d6fa1e,Fiction
6989a4e910805f5685d6fa1f,Fiction
6989a4e910805f5685d6fa1f,Biography
6989a4e910805f5685d6fa1f,Crimes Without Victims
6989a4e910805f5685d6fa20,Experimental Fiction
6989a4e910805f5685d6fa20,Manners And Customs
6989a4e910805f5685d6fa21,Audiobooks
6989a4e910805f5685d6fa21,Australian Fiction
6989a4e910805f5685d6fa22,Juvenile Fiction
6989a4e910805f5685d6fa23,Fiction
6989a4e910805f5685d6fa23,General
6989a4e910805f5685d6fa24,Taiwan
6989a4e910805f5685d6fa24,Public Health
6989a4e910805f5685d6fa25,Stamp Collecting
6989a4e910805f5685d6fa25,Aged Men
6989a4e910805f5685d6fa26,Fiction
6989a4e910805f5685d6fa26,Biography
6989a4e910805f5685d6fa26,History
6989a4e910805f5685d6fa27,Homosexuality
6989a4e910805f5685d6fa27,Dysfunctional Families
6989a4e910805f5685d6fa28,Self-realization
6989a4e910805f5685d6fa28,Celtic Church
6989a4e910805f5685d6fa29,Motels
6989a4e910805f5685d6fa29,Conspiracies
6989a4e910805f5685d6fa2a,Literary Criticism
6989a4e910805f5685d6fa2b,Fiction
6989a4e910805f5685d6fa2b,General
6989a4e910805f5685d6fa2b,Biography
6989a4e910805f5685d6fa2c,Medieval
6989a4e910805f5685d6fa2c,Bildungsromans
6989a4e910805f5685d6fa2d,English Imprints
6989a4e910805f5685d6fa2d,Death
6989a4e910805f5685d6fa2e,Arizona
6989a4e910805f5685d6fa2e,Conversation
6989a4e910805f5685d6fa2f,Music
6989a4e910805f5685d6fa30,Madeline (fictitious Character)
6989a4e910805f5685d6fa30,Erotic Stories
6989a4e910805f5685d6fa31,Rational Emotive Behavior Therapy
6989a4e910805f5685d6fa31,Christian Biography
6989a4e910805f5685d6fa32,Justice In Art
6989a4e910805f5685d6fa32,Animals In Art
6989a4e910805f5685d6fa33,Devotional Literature
6989a4e910805f5685d6fa33,Indians
6989a4e910805f5685d6fa34,Yoga
6989a4e910805f5685d6fa34,Courtship
6989a4e910805f5685d6fa35,Juvenile Fiction
6989a4e910805f5685d6fa36,Fiction
6989a4e910805f5685d6fa36,General
6989a4e910805f5685d6fa36,Juvenile Fiction
6989a4e910805f5685d6fa37,Aristocracy (social Class)
6989a4e910805f5685d6fa37,Dog Breeders
6989a4e910805f5685d6fa38,College Sports
6989a4e910805f5685d6fa38,Felse
6989a4e910805f5685d6fa39,Discernment Of Spirits
6989a4e910805f5685d6fa39,Arthurian Romances
6989a4e910805f5685d6fa3a,General
6989a4e910805f5685d6fa3b,Biography
6989a4e910805f5685d6fa3b,Religion
6989a4e910805f5685d6fa3c,Religion
6989a4e910805f5685d6fa3d,Fiction
6989a4e910805f5685d6fa3d,Young Adult Fiction
6989a4e910805f5685d6fa3e,General
6989a4e910805f5685d6fa3f,Fiction
6989a4e910805f5685d6fa3f,General
6989a4e910805f5685d6fa3f,United States
6989a4e910805f5685d6fa40,Fiction
6989a4e910805f5685d6fa41,Biography
6989a4e910805f5685d6fa42,Fiction
6989a4e910805f5685d6fa43,Fiction
6989a4e910805f5685d6fa43,General
6989a4e910805f5685d6fa43,Juvenile Fiction
6989a4e910805f5685d6fa44,Fiction
6989a4e910805f5685d6fa44,Literary Criticism
6989a4e910805f5685d6fa45,Commercial Statistics
6989a4e910805f5685d6fa45,Horror Stories.
6989a4e910805f5685d6fa46,Comics
6989a4e910805f5685d6fa47,Frankenstein Films
6989a4e910805f5685d6fa47,Extrasensory Perception
6989a4e910805f5685d6fa48,Fiction
6989a4e910805f5685d6fa48,Science
6989a4e910805f5685d6fa48,Biography
6989a4e910805f5685d6fa49,Poetry
6989a4e910805f5685d6fa49,General
6989a4e910805f5685d6fa4a,General
6989a4e910805f5685d6fa4a,Zen Buddhism
6989a4e910805f5685d6fa4a,Inheritance And Succession
6989a4e910805f5685d6fa4b,Foreign Language Study
6989a4e910805f5685d6fa4c,Black Mountain (n.c.)
6989a4e910805f5685d6fa4c,Greek
6989a4e910805f5685d6fa4d,General
6989a4e910805f5685d6fa4e,Hellenism
6989a4e910805f5685d6fa4e,Battle Of
6989a4e910805f5685d6fa4f,Buddha (the Concept)
6989a4e910805f5685d6fa4f,Connecticut
6989a4e910805f5685d6fa50,Baseball Coaches
6989a4e910805f5685d6fa50,Compost
6989a4e910805f5685d6fa51,Fiction
6989a4e910805f5685d6fa52,Microeconomics
6989a4e910805f5685d6fa52,Bibles
6989a4e910805f5685d6fa53,General
6989a4e910805f5685d6fa53,Fiction In English
6989a4e910805f5685d6fa53,Detective And Mystery Stories
6989a4e910805f5685d6fa54,Bible And Evolution
6989a4e910805f5685d6fa55,Fiction
6989a4e910805f5685d6fa55,General
6989a4e910805f5685d6fa55,Computers
6989a4e910805f5685d6fa56,Atlanta (ga.)
6989a4e910805f5685d6fa57,Gynecologists
6989a4e910805f5685d6fa57,Bones
6989a4e910805f5685d6fa58,Mathematics
6989a4e910805f5685d6fa59,General
6989a4e910805f5685d6fa59,Fiction
6989a4e910805f5685d6fa5a,Europe
6989a4e910805f5685d6fa5a,Astrology
6989a4e910805f5685d6fa5b,Crossword Puzzle Makers
6989a4e910805f5685d6fa5b,Chile
6989a4e910805f5685d6fa5c,Baking
6989a4e910805f5685d6fa5c,African American Musicians
6989a4e910805f5685d6fa5d,Science
6989a4e910805f5685d6fa5e,Indic Poetry (english)
6989a4e910805f5685d6fa5e,Anti-apartheid Movements
6989a4e910805f5685d6fa5f,French Drama
6989a4e910805f5685d6fa5f,Emigration And Immigration
6989a4e910805f5685d6fa60,Decoration And Ornament
6989a4e910805f5685d6fa60,Girls' Clothing
6989a4e910805f5685d6fa61,Netherlands
6989a4e910805f5685d6fa62,Refined
6989a4e910805f5685d6fa62,Dungeons And Dragons (game)
6989a4e910805f5685d6fa63,Artistic
6989a4e910805f5685d6fa63,Autobiographical Fiction
6989a4e910805f5685d6fa64,Biography
6989a4e910805f5685d6fa65,Fiction
6989a4e910805f5685d6fa65,Imperialism
6989a4e910805f5685d6fa65,Body
6989a4e910805f5685d6fa66,General
6989a4e910805f5685d6fa66,Juvenile Fiction
6989a4e910805f5685d6fa67,General
6989a4e910805f5685d6fa67,Fiction
6989a4e910805f5685d6fa67,Murder
6989a4e910805f5685d6fa68,Foreign Language Study
6989a4e910805f5685d6fa68,History
6989a4e910805f5685d6fa69,Pilgrims (new Plymouth Colony)
6989a4e910805f5685d6fa69,Upper Class
6989a4e910805f5685d6fa6a,Biography
6989a4e910805f5685d6fa6a,General
6989a4e910805f5685d6fa6b,Children's Literature
6989a4e910805f5685d6fa6b,Inventions
6989a4e910805f5685d6fa6c,Derelicts
6989a4e910805f5685d6fa6c,James Bolivar (fictitious Character)
6989a4e910805f5685d6fa6d,Juvenile Fiction
6989a4e910805f5685d6fa6e,Fiction
6989a4e910805f5685d6fa6e,General
6989a4e910805f5685d6fa6e,Juvenile Fiction
6989a4e910805f5685d6fa6f,Avarice
6989a4e910805f5685d6fa6f,Captiva Island (fla.)
6989a4e910805f5685d6fa70,Dreams
6989a4e910805f5685d6fa70,Famines
6989a4e910805f5685d6fa71,Fantasy
6989a4e910805f5685d6fa71,Labor Day
6989a4e910805f5685d6fa72,Fiction
6989a4e910805f5685d6fa73,Famines
6989a4e910805f5685d6fa73,Cosmogony
6989a4e910805f5685d6fa74,Juvenile Nonfiction
6989a4e910805f5685d6fa75,Cataloging
6989a4e910805f5685d6fa75,Prehistoric Peoples
6989a4e910805f5685d6fa76,Jane (fictitious Character)
6989a4e910805f5685d6fa76,Sonnets
6989a4e910805f5685d6fa77,General
6989a4e910805f5685d6fa78,Cataloging
6989a4e910805f5685d6fa78,Herb Gardening
6989a4e910805f5685d6fa79,Amerikaanse Fiksie
6989a4e910805f5685d6fa79,Diana (roman Deity)
6989a4e910805f5685d6fa7a,1861-1865 Fiction
6989a4e910805f5685d6fa7a,Eastern Question (far East)
6989a4e910805f5685d6fa7b,Medieval
6989a4e910805f5685d6fa7b,Carnivals
6989a4e910805f5685d6fa7c,Fermi's Paradox
6989a4e910805f5685d6fa7c,Planets
6989a4e910805f5685d6fa7d,Fiction
6989a4e910805f5685d6fa7e,Fiction
6989a4e910805f5685d6fa7f,Fiction
6989a4e910805f5685d6fa7f,General
6989a4e910805f5685d6fa80,Anti-apartheid Movements
6989a4e910805f5685d6fa80,Mind
6989a4e910805f5685d6fa81,Biography
6989a4e910805f5685d6fa82,Beagle Expedition
6989a4e910805f5685d6fa82,Bereavement
6989a4e910805f5685d6fa83,Adventure Stories
6989a4e910805f5685d6fa83,Entertainers
6989a4e910805f5685d6fa84,Criminal Snipers
6989a4e910805f5685d6fa84,Spider-man (fictitious Character)
6989a4e910805f5685d6fa85,Body Marking
6989a4e910805f5685d6fa85,Music
6989a4e910805f5685d6fa86,Fiction
6989a4e910805f5685d6fa87,Fiction
6989a4e910805f5685d6fa88,2003-
6989a4e910805f5685d6fa88,Artistic
6989a4e910805f5685d6fa89,Fiction
6989a4e910805f5685d6fa89,Botswana
6989a4e910805f5685d6fa89,General
6989a4e910805f5685d6fa8a,Caulfield
6989a4e910805f5685d6fa8a,Single People
6989a4e910805f5685d6fa8b,1991-
6989a4e910805f5685d6fa8b,Insects
6989a4e910805f5685d6fa8c,Chile
6989a4e910805f5685d6fa8c,Schools
6989a4e910805f5685d6fa8d,Bible And Evolution
6989a4e910805f5685d6fa8d,Fiction
6989a4e910805f5685d6fa8e,Health
6989a4e910805f5685d6fa8f,Fiction
6989a4e910805f5685d6fa8f,Literary Criticism
6989a4e910805f5685d6fa8f,Business
6989a4e910805f5685d6fa90,Fiction
6989a4e910805f5685d6fa90,Cadfael
6989a4e910805f5685d6fa90,Brother (fictitious Character)
6989a4e910805f5685d6fa91,Biography
6989a4e910805f5685d6fa92,Pets
6989a4e910805f5685d6fa93,Juvenile Fiction
6989a4e910805f5685d6fa94,Auschwitz (concentration Camp) -- History
6989a4e910805f5685d6fa94,Families In Art
6989a4e910805f5685d6fa95,Guvernören (tanker)
6989a4e910805f5685d6fa95,Mythology
6989a4e910805f5685d6fa96,Philosophy
6989a4e910805f5685d6fa96,General
6989a4e910805f5685d6fa96,Fiction
6989a4e910805f5685d6fa97,General
6989a4e910805f5685d6fa98,Juvenile Fiction
6989a4e910805f5685d6fa99,Juvenile Fiction
6989a4e910805f5685d6fa99,Art
6989a4e910805f5685d6fa99,General
6989a4e910805f5685d6fa9a,Fiction
6989a4e910805f5685d6fa9b,Sailing
6989a4e910805f5685d6fa9b,Erotic Literature
6989a4e910805f5685d6fa9c,Juvenile Fiction
6989a4e910805f5685d6fa9d,Fiction
6989a4e910805f5685d6fa9d,General
6989a4e910805f5685d6fa9d,Juvenile Fiction
6989a4e910805f5685d6fa9e,General
6989a4e910805f5685d6fa9f,Design
6989a4e910805f5685d6fa9f,Romances
6989a4e910805f5685d6faa0,General
6989a4e910805f5685d6faa0,Fiction
6989a4e910805f5685d6faa0,Biography
6989a4e910805f5685d6faa1,Admirals
6989a4e910805f5685d6faa1,Forensic Scientists
6989a4e910805f5685d6faa2,Transportation
6989a4e910805f5685d6faa2,Drug Abuse
6989a4e910805f5685d6faa3,Fiction
6989a4e910805f5685d6faa3,General
6989a4e910805f5685d6faa3,Juvenile Fiction
6989a4e910805f5685d6faa4,Christian Fiction
6989a4e910805f5685d6faa4,Famines
6989a4e910805f5685d6faa5,Biography
6989a4e910805f5685d6faa5,Fiction
6989a4e910805f5685d6faa5,American Literature
6989a4e910805f5685d6faa6,General
6989a4e910805f5685d6faa6,Fiction
6989a4e910805f5685d6faa7,Sir (fictitious Character)
6989a4e910805f5685d6faa7,Marquesas Islands (french Polynesia)
6989a4e910805f5685d6faa8,Međugorje (bosnia And Hercegovina)
6989a4e910805f5685d6faa8,Handicraft
6989a4e910805f5685d6faa9,Dysfunctional Families
6989a4e910805f5685d6faa9,Cats
6989a4e910805f5685d6faaa,Dragons
6989a4e910805f5685d6faab,Fantasy In Art
6989a4e910805f5685d6faab,Key West (fla.)
6989a4e910805f5685d6faac,Commercial Crimes
6989a4e910805f5685d6faac,Paperbacks
6989a4e910805f5685d6faad,Business Ethics
6989a4e910805f5685d6faad,Painting
6989a4e910805f5685d6faae,Biography
6989a4e910805f5685d6faaf,Agnes (fictitious Character)
6989a4e910805f5685d6faaf,Labor Day
6989a4e910805f5685d6fab0,2001
6989a4e910805f5685d6fab0,Ghost Stories
6989a4e910805f5685d6fab1,Propaganda
6989a4e910805f5685d6fab1,Dragons In Literature
6989a4e910805f5685d6fab2,Eccentrics And Eccentricities
6989a4e910805f5685d6fab2,Resistance To
6989a4e910805f5685d6fab3,Discworld (imaginary Place)
6989a4e910805f5685d6fab3,Kate (fictitious Character)
6989a4e910805f5685d6fab4,Amber (imaginary Place)
6989a4e910805f5685d6fab4,Crafts
6989a4e910805f5685d6fab5,Bible Stories
6989a4e910805f5685d6fab5,Classical Literature
6989a4e910805f5685d6fab6,Beef
6989a4e910805f5685d6fab6,Jerusalem
6989a4e910805f5685d6fab7,Fiction
6989a4e910805f5685d6fab7,General
6989a4e910805f5685d6fab7,Literary Criticism
6989a4e910805f5685d6fab8,Adult Children
6989a4e910805f5685d6fab8,Drowning
6989a4e910805f5685d6fab9,Predation (biology)
6989a4e910805f5685d6faba,Juvenile Fiction
6989a4e910805f5685d6faba,Contaminated Sediments
6989a4e910805f5685d6fabb,Fiction
6989a4e910805f5685d6fabb,Foreign Language Study
6989a4e910805f5685d6fabc,Manners And Customs
6989a4e910805f5685d6fabc,Fathers And Daughters
6989a4e910805f5685d6fabd,Latin America
6989a4e910805f5685d6fabd,Black Mountain (n.c.)
6989a4e910805f5685d6fabe,Fiction
6989a4e910805f5685d6fabe,General
6989a4e910805f5685d6fabf,Fiction
6989a4e910805f5685d6fac0,Study Aids
6989a4e910805f5685d6fac1,Fiction
6989a4e910805f5685d6fac1,General
6989a4e910805f5685d6fac2,Women
6989a4e910805f5685d6fac2,Chess
6989a4e910805f5685d6fac3,Orphans
6989a4e910805f5685d6fac3,Bullies
6989a4e910805f5685d6fac4,Creative Ability
6989a4e910805f5685d6fac4,American Drama
6989a4e910805f5685d6fac5,Flags
6989a4e910805f5685d6fac5,Intelligence Officers
6989a4e910805f5685d6fac6,Eskimos
6989a4e910805f5685d6fac6,New Market
6989a4e910805f5685d6fac7,Juvenile Fiction
6989a4e910805f5685d6fac7,History
6989a4e910805f5685d6fac7,Biography
6989a4e910805f5685d6fac8,Travel
6989a4e910805f5685d6fac9,Fiction
6989a4e910805f5685d6fac9,Literary Criticism
6989a4e910805f5685d6fac9,Drama
6989a4e910805f5685d6faca,History
6989a4e910805f5685d6faca,Fiction
6989a4e910805f5685d6facb,Music
6989a4e910805f5685d6facc,Fiction
6989a4e910805f5685d6facd,Russia
6989a4e910805f5685d6facd,Antiques
6989a4e910805f5685d6face,Cerebral Dominance
6989a4e910805f5685d6face,Aids (disease)
6989a4e910805f5685d6facf,Government
6989a4e910805f5685d6facf,Single People
6989a4e910805f5685d6fad0,Marple
6989a4e910805f5685d6fad0,Success
6989a4e910805f5685d6fad1,Reincarnation
6989a4e910805f5685d6fad1,Flower Gardening
6989a4e910805f5685d6fad2,Cavalry Pioneer Troops
6989a4e910805f5685d6fad2,Motels
6989a4e910805f5685d6fad3,Adultery
6989a4e910805f5685d6fad3,Endangered Species
6989a4e910805f5685d6fad4,General
6989a4e910805f5685d6fad5,Aardvark
6989a4e910805f5685d6fad5,Mice
6989a4e910805f5685d6fad6,Science
6989a4e910805f5685d6fad7,Study Aids
6989a4e910805f5685d6fad8,History
6989a4e910805f5685d6fad9,Humanitarianism
6989a4e910805f5685d6fad9,Friendship
6989a4e910805f5685d6fada,Black Beauty (fictitious Character)
6989a4e910805f5685d6fada,American Wit And Humor.
6989a4e910805f5685d6fadb,Fiction
6989a4e910805f5685d6fadb,General
6989a4e910805f5685d6fadc,Fiction
6989a4e910805f5685d6fadc,General
6989a4e910805f5685d6fadc,Diary Fiction
6989a4e910805f5685d6fadd,Fiction
6989a4e910805f5685d6fadd,Health
6989a4e910805f5685d6fade,Bibliography
6989a4e910805f5685d6fade,Multiple Personality
6989a4e910805f5685d6fadf,High School Students
6989a4e910805f5685d6fadf,Content Area Reading
6989a4e910805f5685d6fae0,Beef
6989a4e910805f5685d6fae0,Mack (fictitious Character)
6989a4e910805f5685d6fae1,Nature
6989a4e910805f5685d6fae1,Child Psychology
6989a4e910805f5685d6fae2,Fiction
6989a4e910805f5685d6fae2,Political Science
6989a4e910805f5685d6fae2,Education
6989a4e910805f5685d6fae3,Juvenile Fiction
6989a4e910805f5685d6fae4,Fiction
6989a4e910805f5685d6fae4,General
6989a4e910805f5685d6fae4,Automobile Travel / United States
6989a4e910805f5685d6fae5,Fermi's Paradox
6989a4e910805f5685d6fae5,Life Skills
6989a4e910805f5685d6fae6,Socialism
6989a4e910805f5685d6fae6,Africans
6989a4e910805f5685d6fae7,Business
6989a4e910805f5685d6fae8,Fiction
6989a4e910805f5685d6fae8,General
6989a4e910805f5685d6fae9,Family
6989a4e910805f5685d6faea,Dhtml (document Markup Language)
6989a4e910805f5685d6faea,Political Science
6989a4e910805f5685d6faeb,African American Authors
6989a4e910805f5685d6faeb,Robots
6989a4e910805f5685d6faec,Bereavement
6989a4e910805f5685d6faec,Domestic Fiction
6989a4e910805f5685d6faed,Beef
6989a4e910805f5685d6faed,Labor Day
6989a4e910805f5685d6faee,General
6989a4e910805f5685d6faee,Children
6989a4e910805f5685d6faef,General
6989a4e910805f5685d6faef,Fiction
6989a4e910805f5685d6faef,Drama
6989a4e910805f5685d6faf0,Juvenile Fiction
6989a4e910805f5685d6faf1,Fiction
6989a4e910805f5685d6faf2,Honesty
6989a4e910805f5685d6faf2,Epic Poetry
6989a4e910805f5685d6faf3,Female
6989a4e910805f5685d6faf3,Comedy
6989a4e910805f5685d6faf4,Consumption (economics)
6989a4e910805f5685d6faf4,Casinos
6989a4e910805f5685d6faf5,Income Distribution
6989a4e910805f5685d6faf5,Political Participation
6989a4e910805f5685d6faf6,Juvenile Fiction
6989a4e910805f5685d6faf6,Young Adult Fiction
6989a4e910805f5685d6faf6,General
6989a4e910805f5685d6faf7,Ethics
6989a4e910805f5685d6faf7,National Characteristics
6989a4e910805f5685d6faf8,Mormons
6989a4e910805f5685d6faf8,Literatura Contemporánea
6989a4e910805f5685d6faf9,Time Management
6989a4e910805f5685d6faf9,Lewis And Clark Expedition
6989a4e910805f5685d6fafa,Adult Children
6989a4e910805f5685d6fafa,Netherlands
6989a4e910805f5685d6fafb,Hugh (fictitious Character)
6989a4e910805f5685d6fafb,Meditations
6989a4e910805f5685d6fafc,Juvenile Fiction
6989a4e910805f5685d6fafd,Consumption (economics)
6989a4e910805f5685d6fafd,Business Enterprises
6989a4e910805f5685d6fafe,Business
6989a4e910805f5685d6fafe,Fiction
6989a4e910805f5685d6fafe,Juvenile Fiction
6989a4e910805f5685d6faff,Humor
6989a4e910805f5685d6fb00,Fiction
6989a4e910805f5685d6fb00,Juvenile Fiction
6989a4e910805f5685d6fb01,Business Ethics
6989a4e910805f5685d6fb01,Study Aids
6989a4e910805f5685d6fb02,Southern States
6989a4e910805f5685d6fb02,Electrical Engineering
6989a4e910805f5685d6fb03,Adult Children Of Alcoholics
6989a4e910805f5685d6fb03,Great Britain
6989a4e910805f5685d6fb04,Union Catalogs
6989a4e910805f5685d6fb04,Vietnam War
6989a4e910805f5685d6fb05,American Fiction
6989a4e910805f5685d6fb05,Fiction
6989a4e910805f5685d6fb06,Fiction
6989a4e910805f5685d6fb07,Developing Countries
6989a4e910805f5685d6fb07,Hopalong (fictitious Character)
6989a4e910805f5685d6fb08,Fiction
6989a4e910805f5685d6fb09,General
6989a4e910805f5685d6fb09,Design
6989a4e910805f5685d6fb0a,History
6989a4e910805f5685d6fb0b,Characters And Characteristics In Literature
6989a4e910805f5685d6fb0b,Religion
6989a4e910805f5685d6fb0c,Sisters
6989a4e910805f5685d6fb0c,Young Adult Fiction
6989a4e910805f5685d6fb0d,English (old)
6989a4e910805f5685d6fb0d,Stamp Collecting
6989a4e910805f5685d6fb0e,Humor
6989a4e910805f5685d6fb0e,Self-help
6989a4e910805f5685d6fb0f,Leisure Class
6989a4e910805f5685d6fb0f,Radio
6989a4e910805f5685d6fb10,Biography
6989a4e910805f5685d6fb11,History
6989a4e910805f5685d6fb12,Hinduism
6989a4e910805f5685d6fb12,Accident Victims
6989a4e910805f5685d6fb13,General
6989a4e910805f5685d6fb14,Juvenile Fiction
6989a4e910805f5685d6fb14,Family
6989a4e910805f5685d6fb15,Wrestlers
6989a4e910805f5685d6fb15,Generals
6989a4e910805f5685d6fb16,Fiction
6989a4e910805f5685d6fb16,General
6989a4e910805f5685d6fb17,Horn Carving
6989a4e910805f5685d6fb17,American Wit And Humor.
6989a4e910805f5685d6fb18,General
6989a4e910805f5685d6fb19,Fiction
6989a4e910805f5685d6fb19,Young Adult Fiction
6989a4e910805f5685d6fb19,Social Science
6989a4e910805f5685d6fb1a,Midway
6989a4e910805f5685d6fb1a,Stamp Collecting
6989a4e910805f5685d6fb1b,Health
6989a4e910805f5685d6fb1c,Christian Pilgrims And Pilgrimages
6989a4e910805f5685d6fb1c,Kidnapping
6989a4e910805f5685d6fb1d,Dutch
6989a4e910805f5685d6fb1d,Discernment Of Spirits
6989a4e910805f5685d6fb1e,Menopause
6989a4e910805f5685d6fb1e,Star Trek Films
6989a4e910805f5685d6fb1f,Juvenile Fiction
6989a4e910805f5685d6fb20,Men
6989a4e910805f5685d6fb20,Generative Organs
6989a4e910805f5685d6fb21,Music
6989a4e910805f5685d6fb22,Baseball
6989a4e910805f5685d6fb22,Endangered Species
6989a4e910805f5685d6fb23,History
6989a4e910805f5685d6fb24,General
6989a4e910805f5685d6fb25,Upper Class
6989a4e910805f5685d6fb25,Indians Of North America
6989a4e910805f5685d6fb26,General
6989a4e910805f5685d6fb27,Fiction
6989a4e910805f5685d6fb27,Biography
6989a4e910805f5685d6fb27,Hollywood (los Angeles
6989a4e910805f5685d6fb28,Detective And Mystery Stories
6989a4e910805f5685d6fb28,American
6989a4e910805f5685d6fb29,Crafts
6989a4e910805f5685d6fb2a,Fiction
6989a4e910805f5685d6fb2a,General
6989a4e910805f5685d6fb2b,Merchant Marine
6989a4e910805f5685d6fb2b,Leadership
6989a4e910805f5685d6fb2c,Spain)
6989a4e910805f5685d6fb2c,Folklore
6989a4e910805f5685d6fb2d,Women Authors
6989a4e910805f5685d6fb2d,Picture Puzzles
6989a4e910805f5685d6fb2e,English Literature
6989a4e910805f5685d6fb2e,Black Holes (astronomy)
6989a4e910805f5685d6fb2f,Poetry
6989a4e910805f5685d6fb2f,General
6989a4e910805f5685d6fb30,General
6989a4e910805f5685d6fb30,Fiction
6989a4e910805f5685d6fb31,Body
6989a4e910805f5685d6fb31,Mind
6989a4e910805f5685d6fb32,General
6989a4e910805f5685d6fb33,Seashore
6989a4e910805f5685d6fb33,Heavy Metal (music)
6989a4e910805f5685d6fb34,Personal
6989a4e910805f5685d6fb34,Architects
6989a4e910805f5685d6fb35,Vade-mecums
6989a4e910805f5685d6fb35,French Drama
6989a4e910805f5685d6fb36,Baptists
6989a4e910805f5685d6fb36,Famines
6989a4e910805f5685d6fb37,Fiction
6989a4e910805f5685d6fb37,Reference
6989a4e910805f5685d6fb37,Juvenile Fiction
6989a4e910805f5685d6fb38,Fiction
6989a4e910805f5685d6fb39,Juvenile Fiction
6989a4e910805f5685d6fb3a,Fiction
6989a4e910805f5685d6fb3a,General
6989a4e910805f5685d6fb3a,History
6989a4e910805f5685d6fb3b,Fiction
6989a4e910805f5685d6fb3c,General
6989a4e910805f5685d6fb3d,General
6989a4e910805f5685d6fb3e,Fiction
6989a4e910805f5685d6fb3f,General
6989a4e910805f5685d6fb40,England
6989a4e910805f5685d6fb40,English Language
6989a4e910805f5685d6fb41,Brothers
6989a4e910805f5685d6fb41,Periodicals
6989a4e910805f5685d6fb42,Expatriation
6989a4e910805f5685d6fb42,Psychosomatic
6989a4e910805f5685d6fb43,Drawing
6989a4e910805f5685d6fb43,Punjab (india)
6989a4e910805f5685d6fb44,Astronomy
6989a4e910805f5685d6fb44,Nineteen Twenties
6989a4e910805f5685d6fb45,History
6989a4e910805f5685d6fb46,Popular Music
6989a4e910805f5685d6fb46,Cassidy
6989a4e910805f5685d6fb47,Crusades
6989a4e910805f5685d6fb47,Cookery
6989a4e910805f5685d6fb48,Feminism And Music
6989a4e910805f5685d6fb48,Berlin Wall
6989a4e910805f5685d6fb49,Courtship
6989a4e910805f5685d6fb49,Clouds
6989a4e910805f5685d6fb4a,Union Catalogs
6989a4e910805f5685d6fb4a,Spiritual Life
6989a4e910805f5685d6fb4b,Death
6989a4e910805f5685d6fb4b,Church Work With Alcoholics
6989a4e910805f5685d6fb4c,Commercial Statistics
6989a4e910805f5685d6fb4c,Genetic Engineering
6989a4e910805f5685d6fb4d,Biography
6989a4e910805f5685d6fb4d,Juvenile Fiction
6989a4e910805f5685d6fb4e,Hugh (fictitious Character)
6989a4e910805f5685d6fb4e,American Dream
6989a4e910805f5685d6fb4f,Love Stories
6989a4e910805f5685d6fb4f,International
6989a4e910805f5685d6fb50,Bullies
6989a4e910805f5685d6fb50,High Interest-low Vocabulary Books
6989a4e910805f5685d6fb51,Lutheran Church
6989a4e910805f5685d6fb51,Monographic Series
6989a4e910805f5685d6fb52,Personal
6989a4e910805f5685d6fb52,Attorneys General
6989a4e910805f5685d6fb53,Deaf
6989a4e910805f5685d6fb53,Normandy (france)
6989a4e910805f5685d6fb54,Fiction
6989a4e910805f5685d6fb55,Fiction
6989a4e910805f5685d6fb56,Fiction
6989a4e910805f5685d6fb57,History
6989a4e910805f5685d6fb58,Dave (fictitious Character)
6989a4e910805f5685d6fb58,Science Fiction.
6989a4e910805f5685d6fb59,Juvenile Nonfiction
6989a4e910805f5685d6fb5a,Africa
6989a4e910805f5685d6fb5a,Color In Interior Decoration
6989a4e910805f5685d6fb5b,Brain
6989a4e910805f5685d6fb5b,American Wit And Humor.
6989a4e910805f5685d6fb5c,Art
6989a4e910805f5685d6fb5c,Biography
6989a4e910805f5685d6fb5d,Belgium
6989a4e910805f5685d6fb5d,Eccentrics And Eccentricities
6989a4e910805f5685d6fb5e,Fiction
6989a4e910805f5685d6fb5f,Fiction
6989a4e910805f5685d6fb5f,General
6989a4e910805f5685d6fb5f,Identity (psychology)
6989a4e910805f5685d6fb60,Fiction
6989a4e910805f5685d6fb61,Fiction
6989a4e910805f5685d6fb61,Young Adult Fiction
6989a4e910805f5685d6fb61,Biography
6989a4e910805f5685d6fb62,Fiction
6989a4e910805f5685d6fb62,General
6989a4e910805f5685d6fb63,Fishes
6989a4e910805f5685d6fb63,Alcoholics
6989a4e910805f5685d6fb64,Arctic Regions
6989a4e910805f5685d6fb64,Japan
6989a4e910805f5685d6fb65,Romance Fiction
6989a4e910805f5685d6fb65,Periodicals
6989a4e910805f5685d6fb66,Juvenile Fiction
6989a4e910805f5685d6fb66,General
6989a4e910805f5685d6fb66,Fiction
6989a4e910805f5685d6fb67,2003-
6989a4e910805f5685d6fb67,Single Mothres
6989a4e910805f5685d6fb68,Fiction
6989a4e910805f5685d6fb68,General
6989a4e910805f5685d6fb69,General
6989a4e910805f5685d6fb69,Young Adult Fiction
6989a4e910805f5685d6fb69,Fiction
6989a4e910805f5685d6fb6a,Marple
6989a4e910805f5685d6fb6a,Government
6989a4e910805f5685d6fb6b,Cassidy
6989a4e910805f5685d6fb6b,Jeunesse - Usage Des Drogues - Californie
6989a4e910805f5685d6fb6c,Fiction
6989a4e910805f5685d6fb6c,General
6989a4e910805f5685d6fb6c,History
6989a4e910805f5685d6fb6d,Fiction
6989a4e910805f5685d6fb6e,Social Science
6989a4e910805f5685d6fb6f,General
6989a4e910805f5685d6fb70,Fiction
6989a4e910805f5685d6fb71,Music
6989a4e910805f5685d6fb72,Fiction
6989a4e910805f5685d6fb72,Juvenile Fiction
6989a4e910805f5685d6fb72,General
6989a4e910805f5685d6fb73,Audiobooks
6989a4e910805f5685d6fb73,Dakota Indians
6989a4e910805f5685d6fb74,Best Books
6989a4e910805f5685d6fb74,Evangelistic Work
6989a4e910805f5685d6fb75,Abolitionists
6989a4e910805f5685d6fb75,Clowns
6989a4e910805f5685d6fb76,Belgium
6989a4e910805f5685d6fb76,Iwo Jima
6989a4e910805f5685d6fb77,Mexican American Tales
6989a4e910805f5685d6fb77,Antiques
6989a4e910805f5685d6fb78,Fiction
6989a4e910805f5685d6fb79,Philosophy
6989a4e910805f5685d6fb7a,Homosexuality
6989a4e910805f5685d6fb7a,Tennis
6989a4e910805f5685d6fb7b,Fiction
6989a4e910805f5685d6fb7b,General
6989a4e910805f5685d6fb7b,Commercial Crimes
6989a4e910805f5685d6fb7c,International
6989a4e910805f5685d6fb7c,Epic Literature
6989a4e910805f5685d6fb7d,Fiction
6989a4e910805f5685d6fb7d,General
6989a4e910805f5685d6fb7e,General
6989a4e910805f5685d6fb7e,Biography
6989a4e910805f5685d6fb7e,Detective And Mystery Stories
6989a4e910805f5685d6fb7f,Cuba
6989a4e910805f5685d6fb7f,Travel
6989a4e910805f5685d6fb80,Labor Day
6989a4e910805f5685d6fb81,Austria
6989a4e910805f5685d6fb81,Counted Thread Embroidery
6989a4e910805f5685d6fb82,French Drama
6989a4e910805f5685d6fb82,Debates And Debating
6989a4e910805f5685d6fb83,Voyages Around The World
6989a4e910805f5685d6fb83,Romance Fiction
6989a4e910805f5685d6fb84,Juvenile Fiction
6989a4e910805f5685d6fb84,Fiction
6989a4e910805f5685d6fb85,Sermons
6989a4e910805f5685d6fb85,Fantasy Literature
6989a4e910805f5685d6fb86,Fiction
6989a4e910805f5685d6fb87,Women Authors
6989a4e910805f5685d6fb87,Harry (fictitious Character)
6989a4e910805f5685d6fb88,Fell
6989a4e910805f5685d6fb88,Theory Of
6989a4e910805f5685d6fb89,Fiction
6989a4e910805f5685d6fb89,General
6989a4e910805f5685d6fb8a,Fiction
6989a4e910805f5685d6fb8a,General
6989a4e910805f5685d6fb8a,Frankenstein Films
6989a4e910805f5685d6fb8b,Carnivals
6989a4e910805f5685d6fb8b,Transportation
6989a4e910805f5685d6fb8c,Personal
6989a4e910805f5685d6fb8c,Periodicals
6989a4e910805f5685d6fb8d,Cattle
6989a4e910805f5685d6fb8d,Christian Pilgrims And Pilgrimages
6989a4e910805f5685d6fb8e,Fiction
6989a4e910805f5685d6fb8f,Fiction
6989a4e910805f5685d6fb90,Happiness
6989a4e910805f5685d6fb90,Marquesas Islands (french Polynesia)
6989a4e910805f5685d6fb91,Fiction
6989a4e910805f5685d6fb91,Religion
6989a4e910805f5685d6fb91,History
6989a4e910805f5685d6fb92,Family
6989a4e910805f5685d6fb92,Cerebral Dominance
6989a4e910805f5685d6fb93,Colombia
6989a4e910805f5685d6fb93,General
6989a4e910805f5685d6fb94,Fiction
6989a4e910805f5685d6fb95,Language Experience Approach In Education
6989a4e910805f5685d6fb95,Serial Murders
6989a4e910805f5685d6fb96,Fiction
6989a4e910805f5685d6fb97,Genetic Engineering
6989a4e910805f5685d6fb97,Hindu Sects
6989a4e910805f5685d6fb98,Self-acceptance
6989a4e910805f5685d6fb98,Mental
6989a4e910805f5685d6fb99,Health
6989a4e910805f5685d6fb9a,Cuba
6989a4e910805f5685d6fb9a,Alcoholism
6989a4e910805f5685d6fb9b,General
6989a4e910805f5685d6fb9c,Fiction
6989a4e910805f5685d6fb9d,Lisbon (portugal)
6989a4e910805f5685d6fb9d,Communication
6989a4e910805f5685d6fb9e,Fiction
6989a4e910805f5685d6fb9e,Political Science
6989a4e910805f5685d6fb9f,Fiction
6989a4e910805f5685d6fba0,George (fictitious Character)
6989a4e910805f5685d6fba0,Animal Communication
6989a4e910805f5685d6fba1,Interpersonal Relations
6989a4e910805f5685d6fba1,Black Holes (astronomy)
6989a4e910805f5685d6fba2,Fiction
6989a4e910805f5685d6fba3,Dragons
6989a4e910805f5685d6fba4,Academic Writing
6989a4e910805f5685d6fba4,Jewelers
6989a4e910805f5685d6fba5,African American Women
6989a4e910805f5685d6fba5,Devotional Calendars.
6989a4e910805f5685d6fba6,Bolan
6989a4e910805f5685d6fba6,English
6989a4e910805f5685d6fba7,Juvenile Fiction
6989a4e910805f5685d6fba8,Biography
6989a4e910805f5685d6fba9,History
6989a4e910805f5685d6fbaa,Fiction
6989a4e910805f5685d6fbaa,Young Adult Fiction
6989a4e910805f5685d6fbaa,Bronté́
6989a4e910805f5685d6fbab,Basketball For Women
6989a4e910805f5685d6fbac,Microeconomics
6989a4e910805f5685d6fbac,Negotiation
6989a4e910805f5685d6fbad,Fiction
6989a4e910805f5685d6fbae,Fiction
6989a4e910805f5685d6fbaf,Intelligence Service
6989a4e910805f5685d6fbaf,Housing
6989a4e910805f5685d6fbb0,Fairy Tales
6989a4e910805f5685d6fbb0,Resistance To
6989a4e910805f5685d6fbb1,Communities
6989a4e910805f5685d6fbb1,Birthdays
6989a4e910805f5685d6fbb2,Microwave Cooking
6989a4e910805f5685d6fbb2,Canvas Embroidery
6989a4e910805f5685d6fbb3,Music
6989a4e910805f5685d6fbb4,Famines
6989a4e910805f5685d6fbb4,Roderick (fictitious Character)
6989a4e910805f5685d6fbb5,Atlanta (ga.)
6989a4e910805f5685d6fbb5,Babysitters
6989a4e910805f5685d6fbb6,Body
6989a4e910805f5685d6fbb6,Mind
6989a4e910805f5685d6fbb7,General
6989a4e910805f5685d6fbb7,Fiction
6989a4e910805f5685d6fbb8,Blood Substitutes
6989a4e910805f5685d6fbb8,Literary Criticism
6989a4e910805f5685d6fbb9,Deaf Gay Men
6989a4e910805f5685d6fbb9,Women Painters
6989a4e910805f5685d6fbba,Fiction
6989a4e910805f5685d6fbba,Humor
6989a4e910805f5685d6fbbb,German
6989a4e910805f5685d6fbbb,Plants
6989a4e910805f5685d6fbbc,Fiction
6989a4e910805f5685d6fbbc,General
6989a4e910805f5685d6fbbc,Calculus
6989a4e910805f5685d6fbbd,History
6989a4e910805f5685d6fbbd,Biography
6989a4e910805f5685d6fbbe,London (england)
6989a4e910805f5685d6fbbe,Family
6989a4e910805f5685d6fbbf,School Districts
6989a4e910805f5685d6fbbf,Characters And Characteristics In Literature
6989a4e910805f5685d6fbc0,Executive Power.
6989a4e910805f5685d6fbc0,Blind
6989a4e910805f5685d6fbc1,Fiction
6989a4e910805f5685d6fbc1,Religion
6989a4e910805f5685d6fbc2,Botany
6989a4e910805f5685d6fbc2,Pilgrims (new Plymouth Colony)
6989a4e910805f5685d6fbc3,American Fiction
6989a4e910805f5685d6fbc3,Fiction
6989a4e910805f5685d6fbc3,Health
6989a4e910805f5685d6fbc4,Baseball Stories
6989a4e910805f5685d6fbc4,Knowledge
6989a4e910805f5685d6fbc5,History
6989a4e910805f5685d6fbc5,Literary Criticism
6989a4e910805f5685d6fbc6,Fiction
6989a4e910805f5685d6fbc7,Psychoanalysis
6989a4e910805f5685d6fbc7,High Schools
6989a4e910805f5685d6fbc8,Political Participation
6989a4e910805f5685d6fbc8,Imperialism
6989a4e910805f5685d6fbc9,Women Authors
6989a4e910805f5685d6fbc9,United States
6989a4e910805f5685d6fbca,Fiction
6989a4e910805f5685d6fbcb,Biography
6989a4e910805f5685d6fbcc,Birds
6989a4e910805f5685d6fbcc,Drawing
6989a4e910805f5685d6fbcd,Antarctica
6989a4e910805f5685d6fbcd,Religion
6989a4e910805f5685d6fbce,Beagle Expedition
6989a4e910805f5685d6fbce,Aardvark
6989a4e910805f5685d6fbcf,Channeling (spiritualism)
6989a4e910805f5685d6fbcf,Sacred Space
6989a4e910805f5685d6fbd0,Baking
6989a4e910805f5685d6fbd0,Artist Couples
6989a4e910805f5685d6fbd1,Adultery
6989a4e910805f5685d6fbd2,Industrial Management
6989a4e910805f5685d6fbd2,People With Disabilities
6989a4e910805f5685d6fbd3,Self-acceptance
6989a4e910805f5685d6fbd3,Booksellers And Bookselling
6989a4e910805f5685d6fbd4,History
6989a4e910805f5685d6fbd5,Fiction
6989a4e910805f5685d6fbd6,Children's Literature.
6989a4e910805f5685d6fbd6,Cosmetics Industry
6989a4e910805f5685d6fbd7,Basketball For Women
6989a4e910805f5685d6fbd7,Vade-mecums
6989a4e910805f5685d6fbd8,Second Advent
6989a4e910805f5685d6fbd8,Food Service
6989a4e910805f5685d6fbd9,Australian Fiction
6989a4e910805f5685d6fbd9,Brothers And Sisters
6989a4e910805f5685d6fbda,Congresses And Conventions
6989a4e910805f5685d6fbda,Bones (musical Instrument)
6989a4e910805f5685d6fbdb,Fiction
6989a4e910805f5685d6fbdc,General
6989a4e910805f5685d6fbdd,Education
6989a4e910805f5685d6fbde,Nova Scotia
6989a4e910805f5685d6fbde,Atheletes
6989a4e910805f5685d6fbdf,Fiction
6989a4e910805f5685d6fbe0,Insurgency
6989a4e910805f5685d6fbe0,Bones (musical Instrument)
6989a4e910805f5685d6fbe1,Japanese Americans
6989a4e910805f5685d6fbe1,Experimental Fiction
6989a4e910805f5685d6fbe2,Fiction
6989a4e910805f5685d6fbe3,Courage
6989a4e910805f5685d6fbe3,Birds
6989a4e910805f5685d6fbe4,Fiction
6989a4e910805f5685d6fbe5,Vietnam War
6989a4e910805f5685d6fbe5,Horn Carving
6989a4e910805f5685d6fbe6,General
6989a4e910805f5685d6fbe6,Fiction
6989a4e910805f5685d6fbe7,Fiction
6989a4e910805f5685d6fbe7,Biography
6989a4e910805f5685d6fbe7,Juvenile Fiction
6989a4e910805f5685d6fbe8,Nova Scotia
6989a4e910805f5685d6fbe8,Angels
6989a4e910805f5685d6fbe9,American Literature
6989a4e910805f5685d6fbea,Adultery
6989a4e910805f5685d6fbeb,Detective And Mystery Stories
6989a4e910805f5685d6fbeb,Librarians
6989a4e910805f5685d6fbec,Nineteen Twenties
6989a4e910805f5685d6fbec,Antiquities.
6989a4e910805f5685d6fbed,Fiction
6989a4e910805f5685d6fbed,True Crime
6989a4e910805f5685d6fbee,Copenhagen (denmark)
6989a4e910805f5685d6fbee,Tristan (legend)
6989a4e910805f5685d6fbef,Fiction
6989a4e910805f5685d6fbf0,Consciousness
6989a4e910805f5685d6fbf0,Age Groups
6989a4e910805f5685d6fbf1,Law Reports
6989a4e910805f5685d6fbf1,Surrealism
6989a4e910805f5685d6fbf2,Fiction
6989a4e910805f5685d6fbf3,General
6989a4e910805f5685d6fbf3,Juvenile Fiction
6989a4e910805f5685d6fbf3,Education
6989a4e910805f5685d6fbf4,Adoption
6989a4e910805f5685d6fbf4,Courts And Courtiers
6989a4e910805f5685d6fbf5,Science
6989a4e910805f5685d6fbf6,Bodyguards
6989a4e910805f5685d6fbf6,Personal
6989a4e910805f5685d6fbf7,Hannay
6989a4e910805f5685d6fbf7,Church And State
6989a4e910805f5685d6fbf8,Reading
6989a4e910805f5685d6fbf8,Augustine
6989a4e910805f5685d6fbf9,Fiction
6989a4e910805f5685d6fbf9,General
6989a4e910805f5685d6fbf9,Body
6989a4e910805f5685d6fbfa,Anthologies
6989a4e910805f5685d6fbfb,Fiction
6989a4e910805f5685d6fbfb,General
6989a4e910805f5685d6fbfb,Biography
6989a4e910805f5685d6fbfc,Owls
6989a4e910805f5685d6fbfc,Anthologies
6989a4e910805f5685d6fbfd,Adventure-juvenile Fiction
6989a4e910805f5685d6fbfd,Richard (fictitious Character)
6989a4e910805f5685d6fbfe,New Mexico
6989a4e910805f5685d6fbfe,Gardening
6989a4e910805f5685d6fbff,Fiction
6989a4e910805f5685d6fc00,Death
6989a4e910805f5685d6fc00,Cerebral Palsy
6989a4e910805f5685d6fc01,Science
6989a4e910805f5685d6fc02,True Crime
6989a4e910805f5685d6fc03,General
6989a4e910805f5685d6fc04,Medicine
6989a4e910805f5685d6fc04,Admirals
6989a4e910805f5685d6fc05,Beagle Expedition
6989a4e910805f5685d6fc06,Soccer
6989a4e910805f5685d6fc06,Romance Fiction
6989a4e910805f5685d6fc07,Handicraft
6989a4e910805f5685d6fc07,Interpersonal Relations
6989a4e910805f5685d6fc08,Heavy Metal (music)
6989a4e910805f5685d6fc08,Diplomatic And Consular Service
6989a4e910805f5685d6fc09,Fiction
6989a4e910805f5685d6fc09,General
6989a4e910805f5685d6fc09,Young Adult Fiction
6989a4e910805f5685d6fc0a,Ranches
6989a4e910805f5685d6fc0b,Leisure Class
6989a4e910805f5685d6fc0b,Los Angeles (calif.)
6989a4e910805f5685d6fc0c,Business
6989a4e910805f5685d6fc0c,Body
6989a4e910805f5685d6fc0c,Mind
6989a4e910805f5685d6fc0d,Human
6989a4e910805f5685d6fc0d,Missing Persons
6989a4e910805f5685d6fc0e,Canadian Literature
6989a4e910805f5685d6fc0e,Gift Books
6989a4e910805f5685d6fc0f,General
6989a4e910805f5685d6fc10,Lathes
6989a4e910805f5685d6fc10,Great Britain
6989a4e910805f5685d6fc11,Aberystwyth (wales)
6989a4e910805f5685d6fc11,Bible And Evolution
6989a4e910805f5685d6fc12,General
6989a4e910805f5685d6fc13,Self-preservation
6989a4e910805f5685d6fc13,Seashore
6989a4e910805f5685d6fc14,Hinduism
6989a4e910805f5685d6fc14,Sex Instruction For Men
6989a4e910805f5685d6fc15,Social Science
6989a4e910805f5685d6fc16,Cosmetics Industry
6989a4e910805f5685d6fc16,1991-
6989a4e910805f5685d6fc17,Fitness Walking
6989a4e910805f5685d6fc17,Video Games
6989a4e910805f5685d6fc18,Juvenile Fiction
6989a4e910805f5685d6fc19,Fiction
6989a4e910805f5685d6fc19,General
6989a4e910805f5685d6fc1a,Monographic Series
6989a4e910805f5685d6fc1a,Consciousness
6989a4e910805f5685d6fc1b,Women And Religion
6989a4e910805f5685d6fc1b,Memory
6989a4e910805f5685d6fc1c,Berlin Wall
6989a4e910805f5685d6fc1c,Rock Musicians
6989a4e910805f5685d6fc1d,Birthmothers
6989a4e910805f5685d6fc1d,Christian Fiction
6989a4e910805f5685d6fc1e,General
6989a4e910805f5685d6fc1f,General
6989a4e910805f5685d6fc20,Captiva Island (fla.)
6989a4e910805f5685d6fc20,Caricatures And Cartoons
6989a4e910805f5685d6fc21,General
6989a4e910805f5685d6fc21,Fiction
6989a4e910805f5685d6fc21,Business
6989a4e910805f5685d6fc22,African American Women
6989a4e910805f5685d6fc22,Boys
6989a4e910805f5685d6fc23,Classical Philology
6989a4e910805f5685d6fc23,Chicago (ill.)
6989a4e910805f5685d6fc24,Connecticut
6989a4e910805f5685d6fc24,French Drama
6989a4e910805f5685d6fc25,Horror Stories.
6989a4e910805f5685d6fc25,Greek
6989a4e910805f5685d6fc26,Blair Witch Project (motion Picture)
6989a4e910805f5685d6fc26,Christmas
6989a4e910805f5685d6fc27,Science
6989a4e910805f5685d6fc27,Relativity (physics)
6989a4e910805f5685d6fc28,Families In Art
6989a4e910805f5685d6fc28,Digests
6989a4e910805f5685d6fc29,Education
6989a4e910805f5685d6fc29,Psychology
6989a4e910805f5685d6fc29,American Literature
6989a4e910805f5685d6fc2a,Fiction
6989a4e910805f5685d6fc2a,Good And Evil
6989a4e910805f5685d6fc2a,History
6989a4e910805f5685d6fc2b,Fiction
6989a4e910805f5685d6fc2b,General
6989a4e910805f5685d6fc2c,Hannay
6989a4e910805f5685d6fc2c,Extrasensory Perception
6989a4e910805f5685d6fc2d,Science
6989a4e910805f5685d6fc2e,Irish
6989a4e910805f5685d6fc2e,Mountaineering
6989a4e910805f5685d6fc2f,Psychological Fiction
6989a4e910805f5685d6fc2f,Chile
6989a4e910805f5685d6fc30,Film Novelizations
6989a4e910805f5685d6fc30,College Students
6989a4e910805f5685d6fc31,Radio
6989a4e910805f5685d6fc31,Selling
6989a4e910805f5685d6fc32,Audiotapes
6989a4e910805f5685d6fc32,John Thomas (fictitious Character)
6989a4e910805f5685d6fc33,Southern States
6989a4e910805f5685d6fc33,1818-1848
6989a4e910805f5685d6fc34,Fiction
6989a4e910805f5685d6fc34,General
6989a4e910805f5685d6fc34,Juvenile Fiction
6989a4e910805f5685d6fc35,English Language
6989a4e910805f5685d6fc35,Fermi's Paradox
6989a4e910805f5685d6fc36,Fiction
6989a4e910805f5685d6fc37,Fiction
6989a4e910805f5685d6fc38,Fiction
6989a4e910805f5685d6fc39,Herbs
6989a4e910805f5685d6fc39,Attempted Murder
6989a4e910805f5685d6fc3a,Gothic Novels
6989a4e910805f5685d6fc3a,Domestic Fiction
6989a4e910805f5685d6fc3b,Bibles
6989a4e910805f5685d6fc3b,American Fiction
6989a4e910805f5685d6fc3c,General
6989a4e910805f5685d6fc3c,Landscapes
6989a4e910805f5685d6fc3d,Nature
6989a4e910805f5685d6fc3e,Comics
6989a4e910805f5685d6fc3f,Fiction
6989a4e910805f5685d6fc3f,Africa
6989a4e910805f5685d6fc3f,General
6989a4e910805f5685d6fc40,Creative Writing
6989a4e910805f5685d6fc40,Children's Plays
6989a4e910805f5685d6fc41,Literary Criticism
6989a4e910805f5685d6fc42,German Americans
6989a4e910805f5685d6fc42,Western Stories
6989a4e910805f5685d6fc43,Peter (fictitious Character)
6989a4e910805f5685d6fc43,Sign Language
6989a4e910805f5685d6fc44,Fiction
6989a4e910805f5685d6fc45,Vegetarian Cooking
6989a4e910805f5685d6fc45,Cassidy
6989a4e910805f5685d6fc46,African American Musicians
6989a4e910805f5685d6fc46,Self-acceptance
6989a4e910805f5685d6fc47,Humor
6989a4e910805f5685d6fc48,Health
6989a4e910805f5685d6fc48,Fiction
6989a4e910805f5685d6fc49,Sub-saharan
6989a4e910805f5685d6fc49,Country Life
6989a4e910805f5685d6fc4a,Deverry (imaginary Place)
6989a4e910805f5685d6fc4a,Gift Books
6989a4e910805f5685d6fc4b,Logic
6989a4e910805f5685d6fc4b,Developing Countries
6989a4e910805f5685d6fc4c,Spiritual Life
6989a4e910805f5685d6fc4c,Wizards-juvenile Fiction
6989a4e910805f5685d6fc4d,General
6989a4e910805f5685d6fc4d,True Crime
6989a4e910805f5685d6fc4e,Auschwitz (concentration Camp) -- History
6989a4e910805f5685d6fc4e,Self-preservation
6989a4e910805f5685d6fc4f,African American Women
6989a4e910805f5685d6fc4f,Arab-israeli Conflict
6989a4e910805f5685d6fc50,Escort Services
6989a4e910805f5685d6fc50,Normandy (france)
6989a4e910805f5685d6fc51,Crawford
6989a4e910805f5685d6fc51,Bondage (sexual Behavior)
6989a4e910805f5685d6fc52,Imperialism
6989a4e910805f5685d6fc52,Household Ecology
6989a4e910805f5685d6fc53,Fiction
6989a4e910805f5685d6fc54,Science Fiction In Art
6989a4e910805f5685d6fc54,Saint Paul (minn.)
6989a4e910805f5685d6fc55,Psychology
6989a4e910805f5685d6fc56,Fiction
6989a4e910805f5685d6fc57,Biographical Fiction
6989a4e910805f5685d6fc57,Horror Films
6989a4e910805f5685d6fc58,History
6989a4e910805f5685d6fc58,Social Science
6989a4e910805f5685d6fc59,Sexual Fantasies
6989a4e910805f5685d6fc59,Drug Abuse
6989a4e910805f5685d6fc5a,Caulfield
6989a4e910805f5685d6fc5a,Czech Americans
6989a4e910805f5685d6fc5b,Hannay
6989a4e910805f5685d6fc5b,Strips
6989a4e910805f5685d6fc5c,Self-help
6989a4e910805f5685d6fc5c,Geography
6989a4e910805f5685d6fc5d,Fiction
6989a4e910805f5685d6fc5e,Self-realization
6989a4e910805f5685d6fc5e,Sailing
6989a4e910805f5685d6fc5f,Fiction
6989a4e910805f5685d6fc60,Fiction
6989a4e910805f5685d6fc61,Congresses And Conventions
6989a4e910805f5685d6fc61,Fell
6989a4e910805f5685d6fc62,Fiction
6989a4e910805f5685d6fc62,General
6989a4e910805f5685d6fc62,Children's Plays
6989a4e910805f5685d6fc63,Camping
6989a4e910805f5685d6fc63,Problem Children
6989a4e910805f5685d6fc64,Church And Social Problems
6989a4e910805f5685d6fc64,Authors
6989a4e910805f5685d6fc65,Games
6989a4e910805f5685d6fc65,Fiction
6989a4e910805f5685d6fc66,Holiness
6989a4e910805f5685d6fc66,Farm Life
6989a4e910805f5685d6fc67,Fiction
6989a4e910805f5685d6fc67,Juvenile Fiction
6989a4e910805f5685d6fc68,Marine Biology
6989a4e910805f5685d6fc68,Thailand
6989a4e910805f5685d6fc69,Compulsive Behavior
6989a4e910805f5685d6fc69,Apparent
6989a4e910805f5685d6fc6a,Dog Attacks
6989a4e910805f5685d6fc6a,Experience
6989a4e910805f5685d6fc6b,General
6989a4e910805f5685d6fc6b,Cooking
6989a4e910805f5685d6fc6c,Rock Musicians
6989a4e910805f5685d6fc6c,Musical Fiction
6989a4e910805f5685d6fc6d,General
6989a4e910805f5685d6fc6d,Botswana
6989a4e910805f5685d6fc6d,Biography
6989a4e910805f5685d6fc6e,Antinuclear Movement
6989a4e910805f5685d6fc6e,Divorced People
6989a4e910805f5685d6fc6f,Actors
6989a4e910805f5685d6fc6f,Travelers
6989a4e910805f5685d6fc70,Fiction
6989a4e910805f5685d6fc71,Postpartum Depression
6989a4e910805f5685d6fc71,Man-woman Relationships
6989a4e910805f5685d6fc72,Caulfield
6989a4e910805f5685d6fc72,Capitalism
6989a4e910805f5685d6fc73,Farm Life
6989a4e910805f5685d6fc73,Landscapes
6989a4e910805f5685d6fc74,Fiction
6989a4e910805f5685d6fc74,General
6989a4e910805f5685d6fc74,Atlanta (ga.)
6989a4e910805f5685d6fc75,General
6989a4e910805f5685d6fc75,Business
6989a4e910805f5685d6fc75,Science
6989a4e910805f5685d6fc76,Chile
6989a4e910805f5685d6fc76,Coastal Zone Management
6989a4e910805f5685d6fc77,Carnivals
6989a4e910805f5685d6fc77,Animal Behavior
6989a4e910805f5685d6fc78,Cowboys
6989a4e910805f5685d6fc78,Group Reading
6989a4e910805f5685d6fc79,Resistance To
6989a4e910805f5685d6fc79,Japanese Americans
6989a4e910805f5685d6fc7a,Mind
6989a4e910805f5685d6fc7a,Criticism
6989a4e910805f5685d6fc7b,Dwellings
6989a4e910805f5685d6fc7b,Alaska
6989a4e910805f5685d6fc7c,Cotswold Hills (england)
6989a4e910805f5685d6fc7c,Creative Ability
6989a4e910805f5685d6fc7d,Fiction
6989a4e910805f5685d6fc7e,Fiction
6989a4e910805f5685d6fc7e,History
6989a4e910805f5685d6fc7f,Christmas
6989a4e910805f5685d6fc7f,Furniture
6989a4e910805f5685d6fc80,Fiction
6989a4e910805f5685d6fc81,Juvenile Fiction
6989a4e910805f5685d6fc82,Fiction
6989a4e910805f5685d6fc82,History
6989a4e910805f5685d6fc82,General
6989a4e910805f5685d6fc83,Philosophy
6989a4e910805f5685d6fc84,Education
6989a4e910805f5685d6fc84,General
6989a4e910805f5685d6fc85,Intercountry Adoption
6989a4e910805f5685d6fc85,France
6989a4e910805f5685d6fc86,Napoleonic Wars
6989a4e910805f5685d6fc86,Television
6989a4e910805f5685d6fc87,Drugs
6989a4e910805f5685d6fc87,Chivalry
6989a4e910805f5685d6fc88,Religion
6989a4e910805f5685d6fc89,Confucianism
6989a4e910805f5685d6fc89,Assisted Suicide
6989a4e910805f5685d6fc8a,General
6989a4e910805f5685d6fc8a,Fiction
6989a4e910805f5685d6fc8a,History
6989a4e910805f5685d6fc8b,Fiction
6989a4e910805f5685d6fc8b,General
6989a4e910805f5685d6fc8b,Upper Class
6989a4e910805f5685d6fc8c,Fiction
6989a4e910805f5685d6fc8c,Art
6989a4e910805f5685d6fc8c,Rodents
6989a4e910805f5685d6fc8d,Life
6989a4e910805f5685d6fc8d,Behavior Therapy
6989a4e910805f5685d6fc8e,Death
6989a4e910805f5685d6fc8e,Hygiene
6989a4e910805f5685d6fc8f,Fiction
6989a4e910805f5685d6fc90,Jewish Fiction
6989a4e910805f5685d6fc90,World War
6989a4e910805f5685d6fc91,September 11 Terrorist Attacks
6989a4e910805f5685d6fc91,Mass.)
6989a4e910805f5685d6fc92,Humor
6989a4e910805f5685d6fc93,Emotions
6989a4e910805f5685d6fc93,Private Investigators
6989a4e910805f5685d6fc94,Amerikaanse Fiksie
6989a4e910805f5685d6fc94,Romances
6989a4e910805f5685d6fc95,Billionaires
6989a4e910805f5685d6fc95,Cerebral Palsy
6989a4e910805f5685d6fc96,Creative Writing
6989a4e910805f5685d6fc96,Singers
6989a4e910805f5685d6fc97,Holiness
6989a4e910805f5685d6fc97,Basketball For Women
6989a4e910805f5685d6fc98,Cooking
6989a4e910805f5685d6fc99,Carter
6989a4e910805f5685d6fc99,Journalism
6989a4e910805f5685d6fc9a,Self-help
6989a4e910805f5685d6fc9b,Fiction
6989a4e910805f5685d6fc9b,Marine Pollution
6989a4e910805f5685d6fc9b,Performing Arts
6989a4e910805f5685d6fc9c,Marine Biology
6989a4e910805f5685d6fc9c,Baseball
6989a4e910805f5685d6fc9d,Christian Saints
6989a4e910805f5685d6fc9d,Extortion
6989a4e910805f5685d6fc9e,Religion
6989a4e910805f5685d6fc9f,Geography
6989a4e910805f5685d6fc9f,Video Games
6989a4e910805f5685d6fca0,General
6989a4e910805f5685d6fca0,Fiction
6989a4e910805f5685d6fca0,Love Stories
6989a4e910805f5685d6fca1,Drama
6989a4e910805f5685d6fca2,General
6989a4e910805f5685d6fca2,Juvenile Fiction
6989a4e910805f5685d6fca2,Comics
6989a4e910805f5685d6fca3,Fiction
6989a4e910805f5685d6fca3,Biography
6989a4e910805f5685d6fca4,Businesswomen
6989a4e910805f5685d6fca4,Colorado
6989a4e910805f5685d6fca5,Dating (social Customs)
6989a4e910805f5685d6fca6,Vietnam War
6989a4e910805f5685d6fca6,Spanish Drama (comedy)
6989a4e910805f5685d6fca7,Bolan
6989a4e910805f5685d6fca7,Horn Carving
6989a4e910805f5685d6fca8,General
6989a4e910805f5685d6fca8,Body
6989a4e910805f5685d6fca8,Mind
6989a4e910805f5685d6fca9,Boys
6989a4e910805f5685d6fca9,Biography
6989a4e910805f5685d6fcaa,Conjoined Twins
6989a4e910805f5685d6fcaa,1. Short Stories-science Fiction
6989a4e910805f5685d6fcab,Railroad Stories
6989a4e910805f5685d6fcab,1846-1848
6989a4e910805f5685d6fcac,Aeronautics
6989a4e910805f5685d6fcac,Rocks
6989a4e910805f5685d6fcad,Western Stories
6989a4e910805f5685d6fcad,Painting
6989a4e910805f5685d6fcae,Biography
6989a4e910805f5685d6fcaf,Fiction
6989a4e910805f5685d6fcb0,Bones
6989a4e910805f5685d6fcb0,Acculturation
6989a4e910805f5685d6fcb1,Engineers
6989a4e910805f5685d6fcb1,Natural History
6989a4e910805f5685d6fcb2,Brothers
6989a4e910805f5685d6fcb2,Cats
6989a4e910805f5685d6fcb3,Fiction
6989a4e910805f5685d6fcb3,History
6989a4e910805f5685d6fcb3,General
6989a4e910805f5685d6fcb4,Pattern Perception
6989a4e910805f5685d6fcb4,Stamp Collecting
6989a4e910805f5685d6fcb5,General
6989a4e910805f5685d6fcb5,Fiction
6989a4e910805f5685d6fcb6,Communism
6989a4e910805f5685d6fcb6,Bullies
6989a4e910805f5685d6fcb7,Antinuclear Movement
6989a4e910805f5685d6fcb7,Digriz
6989a4e910805f5685d6fcb8,Rama (imaginary Space Vehicle)
6989a4e910805f5685d6fcb9,General
6989a4e910805f5685d6fcba,Physical Sciences
6989a4e910805f5685d6fcba,Online Dating
6989a4e910805f5685d6fcbb,Fiction
6989a4e910805f5685d6fcbc,Study Aids
6989a4e910805f5685d6fcbc,Literary Criticism
6989a4e910805f5685d6fcbc,Philosophy
6989a4e910805f5685d6fcbd,Criticism
6989a4e910805f5685d6fcbd,Man-woman Relationships
6989a4e910805f5685d6fcbe,Normandy (france)
6989a4e910805f5685d6fcbe,Investments
6989a4e910805f5685d6fcbf,General
6989a4e910805f5685d6fcc0,New Thought
6989a4e910805f5685d6fcc0,Literary Collections
6989a4e910805f5685d6fcc1,Juvenile Fiction
6989a4e910805f5685d6fcc1,Fiction
6989a4e910805f5685d6fcc2,Juvenile Fiction
6989a4e910805f5685d6fcc3,Fiction
6989a4e910805f5685d6fcc3,General
6989a4e910805f5685d6fcc3,Juvenile Fiction
6989a4e910805f5685d6fcc4,General
6989a4e910805f5685d6fcc4,American Dream
6989a4e910805f5685d6fcc4,Fiction
6989a4e910805f5685d6fcc5,Fiction
6989a4e910805f5685d6fcc5,General
6989a4e910805f5685d6fcc5,Juvenile Fiction
6989a4e910805f5685d6fcc6,Eye
6989a4e910805f5685d6fcc6,Brain
6989a4e910805f5685d6fcc7,Handbooks
6989a4e910805f5685d6fcc7,Theology
6989a4e910805f5685d6fcc8,Americanisms
6989a4e910805f5685d6fcc8,Egypt
6989a4e910805f5685d6fcc9,Fiction
6989a4e910805f5685d6fcca,Nature
6989a4e910805f5685d6fcca,Comics
6989a4e910805f5685d6fccb,Psychological Fiction
6989a4e910805f5685d6fccb,Political Science
6989a4e910805f5685d6fccc,Albert (fictitious Character)
6989a4e910805f5685d6fccc,Dakota Territory
6989a4e910805f5685d6fccd,Computer Science
6989a4e910805f5685d6fccd,Physicians
6989a4e910805f5685d6fcce,Southern
6989a4e910805f5685d6fcce,Cologne (germany)
6989a4e910805f5685d6fccf,Honesty
6989a4e910805f5685d6fccf,Natural History
6989a4e910805f5685d6fcd0,Fiction
6989a4e910805f5685d6fcd1,Fiction
6989a4e910805f5685d6fcd1,General
6989a4e910805f5685d6fcd1,Audiobooks
6989a4e910805f5685d6fcd2,Church And Social Problems
6989a4e910805f5685d6fcd2,Territorial Waters
6989a4e910805f5685d6fcd3,General
6989a4e910805f5685d6fcd3,Reference
6989a4e910805f5685d6fcd4,Fiction
6989a4e910805f5685d6fcd4,Juvenile Fiction
6989a4e910805f5685d6fcd4,True Crime
6989a4e910805f5685d6fcd5,General
6989a4e910805f5685d6fcd5,Fiction
6989a4e910805f5685d6fcd6,Fiction In English
6989a4e910805f5685d6fcd6,Mountaineering
6989a4e910805f5685d6fcd7,Propaganda
6989a4e910805f5685d6fcd8,Punjab (india)
6989a4e910805f5685d6fcd8,Africa
6989a4e910805f5685d6fcd9,Fiction
6989a4e910805f5685d6fcd9,True Crime
6989a4e910805f5685d6fcda,African American Women
6989a4e910805f5685d6fcda,Captain Underpants (fictitious Character)
6989a4e910805f5685d6fcdb,Cerebral Dominance
6989a4e910805f5685d6fcdb,Rug And Carpet Industry
6989a4e910805f5685d6fcdc,Fiction
6989a4e910805f5685d6fcdc,History
6989a4e910805f5685d6fcdc,Reference
6989a4e910805f5685d6fcdd,Nvivo
6989a4e910805f5685d6fcdd,Drug Abuse
6989a4e910805f5685d6fcde,Biography
6989a4e910805f5685d6fcde,Fiction
6989a4e910805f5685d6fcdf,Biography
6989a4e910805f5685d6fcdf,General
6989a4e910805f5685d6fce0,Harlem (new York
6989a4e910805f5685d6fce0,Augustine
6989a4e910805f5685d6fce1,Fiction
6989a4e910805f5685d6fce2,Minicomputers
6989a4e910805f5685d6fce2,Women Comedians
6989a4e910805f5685d6fce3,Fiction
6989a4e910805f5685d6fce4,Juvenile Fiction
6989a4e910805f5685d6fce5,General
6989a4e910805f5685d6fce6,Biography
6989a4e910805f5685d6fce7,Hate Groups
6989a4e910805f5685d6fce7,Wales
6989a4e910805f5685d6fce8,Social Science
6989a4e910805f5685d6fce8,Comics
6989a4e910805f5685d6fce8,Bronté́
6989a4e910805f5685d6fce9,2001
6989a4e910805f5685d6fce9,Identity (psychology)
6989a4e910805f5685d6fcea,Juvenile Fiction
6989a4e910805f5685d6fcea,Fiction
6989a4e910805f5685d6fcea,General
6989a4e910805f5685d6fceb,Fiction
6989a4e910805f5685d6fceb,General
6989a4e910805f5685d6fcec,Astronomy
6989a4e910805f5685d6fcec,Economic Confusion
6989a4e910805f5685d6fced,Fiction
6989a4e910805f5685d6fced,Evangelistic Work
6989a4e910805f5685d6fced,True Crime
6989a4e910805f5685d6fcee,Jeunesse - Usage Des Drogues - Californie
6989a4e910805f5685d6fcee,Experience
6989a4e910805f5685d6fcef,Ghost Stories
6989a4e910805f5685d6fcef,Hannay
6989a4e910805f5685d6fcf0,Arizona
6989a4e910805f5685d6fcf0,Romances
6989a4e910805f5685d6fcf1,Adultery
6989a4e910805f5685d6fcf1,General
6989a4e910805f5685d6fcf2,Russia
6989a4e910805f5685d6fcf2,Diazepam
6989a4e910805f5685d6fcf3,Manners And Customs
6989a4e910805f5685d6fcf3,Diners (restaurants)
6989a4e910805f5685d6fcf4,Botswana
6989a4e910805f5685d6fcf5,Juvenile Fiction
6989a4e910805f5685d6fcf6,Publishers' Catalogs
6989a4e910805f5685d6fcf7,General
6989a4e910805f5685d6fcf8,Czech Americans
6989a4e910805f5685d6fcf8,Travelers
6989a4e910805f5685d6fcf9,Fiction
6989a4e910805f5685d6fcf9,General
6989a4e910805f5685d6fcf9,Government Investigators
6989a4e910805f5685d6fcfa,Falstaff
6989a4e910805f5685d6fcfa,National Characteristics
6989a4e910805f5685d6fcfb,Grease (motion Picture)
6989a4e910805f5685d6fcfb,Psychological Fiction
6989a4e910805f5685d6fcfc,High Interest-low Vocabulary Books
6989a4e910805f5685d6fcfc,History
6989a4e910805f5685d6fcfc,Children's Stories
6989a4e910805f5685d6fcfd,Wales
6989a4e910805f5685d6fcfd,Cartooning
6989a4e910805f5685d6fcfe,Psychology
6989a4e910805f5685d6fcff,Anthropology.
6989a4e910805f5685d6fcff,Dog Breeders
6989a4e910805f5685d6fd00,Political Participation
6989a4e910805f5685d6fd00,Diana (roman Deity)
6989a4e910805f5685d6fd01,Aquarium Fishes
6989a4e910805f5685d6fd01,Life On Other Planets
6989a4e910805f5685d6fd02,Dragons
6989a4e910805f5685d6fd02,Quick And Easy Cooking
6989a4e910805f5685d6fd03,General
6989a4e910805f5685d6fd04,Music
6989a4e910805f5685d6fd04,Bronté́
6989a4e910805f5685d6fd04,Emily
6989a4e910805f5685d6fd05,Revolutions
6989a4e910805f5685d6fd05,Nature
6989a4e910805f5685d6fd06,Cooking
6989a4e910805f5685d6fd06,Health
6989a4e910805f5685d6fd06,Religion
6989a4e910805f5685d6fd07,Colombian
6989a4e910805f5685d6fd07,Japanese Americans
6989a4e910805f5685d6fd08,Second Advent
6989a4e910805f5685d6fd08,Leisure Class
6989a4e910805f5685d6fd09,Fiction
6989a4e910805f5685d6fd0a,Bedtime
6989a4e910805f5685d6fd0a,Jewish Fiction
6989a4e910805f5685d6fd0b,Christmas Stories
6989a4e910805f5685d6fd0b,Computer Adventure Games
6989a4e910805f5685d6fd0c,Large Type Books
6989a4e910805f5685d6fd0c,Frogs
6989a4e910805f5685d6fd0d,Poetry
6989a4e910805f5685d6fd0e,Necklaces
6989a4e910805f5685d6fd0e,Biology
6989a4e910805f5685d6fd0f,Sex (psychology)
6989a4e910805f5685d6fd0f,Selling
6989a4e910805f5685d6fd10,Fiction
6989a4e910805f5685d6fd11,Fiction
6989a4e910805f5685d6fd11,Highlands (scotland)
6989a4e910805f5685d6fd11,Drama
6989a4e910805f5685d6fd12,Love Spell Historical Romance
6989a4e910805f5685d6fd12,Amber (imaginary Place)
6989a4e910805f5685d6fd13,Painting
6989a4e910805f5685d6fd13,Recreational Vehicle Living
6989a4e910805f5685d6fd14,Tibet (china)
6989a4e910805f5685d6fd14,Hunting Stories
6989a4e910805f5685d6fd15,Civilization
6989a4e910805f5685d6fd15,Computer Science
6989a4e910805f5685d6fd16,Fiction
6989a4e910805f5685d6fd17,Drug Abuse
6989a4e910805f5685d6fd17,Bartholomew
6989a4e910805f5685d6fd18,Fiction
6989a4e910805f5685d6fd18,General
6989a4e910805f5685d6fd18,Humor
6989a4e910805f5685d6fd19,African Wild Dog
6989a4e910805f5685d6fd19,Belgrade (serbia)
6989a4e910805f5685d6fd1a,Central
6989a4e910805f5685d6fd1a,Insects
6989a4e910805f5685d6fd1b,Survival
6989a4e910805f5685d6fd1b,Lesbians
6989a4e910805f5685d6fd1c,Fantasy Games
6989a4e910805f5685d6fd1c,Securities
6989a4e910805f5685d6fd1d,True Crime
6989a4e910805f5685d6fd1e,Fiction
6989a4e910805f5685d6fd1f,Anglican Converts
6989a4e910805f5685d6fd1f,Reading Comprehension
6989a4e910805f5685d6fd20,Poetry
6989a4e910805f5685d6fd20,General
6989a4e910805f5685d6fd21,General
6989a4e910805f5685d6fd22,Brother (fictitious Character)
6989a4e910805f5685d6fd22,Iguana (genus)
6989a4e910805f5685d6fd23,Music
6989a4e910805f5685d6fd24,Fiction
6989a4e910805f5685d6fd25,Juvenile Fiction
6989a4e910805f5685d6fd25,Music
6989a4e910805f5685d6fd25,Fantasy
6989a4e910805f5685d6fd26,Religion
6989a4e910805f5685d6fd27,Fiction
6989a4e910805f5685d6fd27,Religion
6989a4e910805f5685d6fd28,Black Humor
6989a4e910805f5685d6fd28,Political Science
6989a4e910805f5685d6fd29,Rabbits
6989a4e910805f5685d6fd29,Canada Imprints
6989a4e910805f5685d6fd2a,Fiction
6989a4e910805f5685d6fd2b,Animals In Art
6989a4e910805f5685d6fd2b,Kentucky
6989a4e910805f5685d6fd2c,History
6989a4e910805f5685d6fd2c,General
6989a4e910805f5685d6fd2c,Fiction
6989a4e910805f5685d6fd2d,Colonial Williamsburg (williamsburg
6989a4e910805f5685d6fd2d,Life Skills
6989a4e910805f5685d6fd2e,History
6989a4e910805f5685d6fd2e,Games
6989a4e910805f5685d6fd2e,Sports
6989a4e910805f5685d6fd2f,General
6989a4e910805f5685d6fd30,Man-woman Relationships
6989a4e910805f5685d6fd30,Comic Fantasy
6989a4e910805f5685d6fd31,Business
6989a4e910805f5685d6fd32,Fiction
6989a4e910805f5685d6fd33,Police
6989a4e910805f5685d6fd33,American Wit And Humor.
6989a4e910805f5685d6fd34,General
6989a4e910805f5685d6fd34,Fiction
6989a4e910805f5685d6fd34,Self-help
6989a4e910805f5685d6fd35,Texas
6989a4e910805f5685d6fd35,Fansler
6989a4e910805f5685d6fd36,Appomattox Campaign
6989a4e910805f5685d6fd36,Literary Criticism
6989a4e910805f5685d6fd37,Socialism
6989a4e910805f5685d6fd37,Educartion-parents-participation--united States
6989a4e910805f5685d6fd38,Fiction
6989a4e910805f5685d6fd38,General
6989a4e910805f5685d6fd38,History
6989a4e910805f5685d6fd39,Beauty
6989a4e910805f5685d6fd39,Diners (restaurants)
6989a4e910805f5685d6fd3a,France
6989a4e910805f5685d6fd3a,Mind
6989a4e910805f5685d6fd3b,General
6989a4e910805f5685d6fd3b,Travel
6989a4e910805f5685d6fd3b,Humor
6989a4e910805f5685d6fd3c,Psychology
6989a4e910805f5685d6fd3c,History
6989a4e910805f5685d6fd3d,Fiction
6989a4e910805f5685d6fd3e,Canadian
6989a4e910805f5685d6fd3e,Flags
6989a4e910805f5685d6fd3f,General
6989a4e910805f5685d6fd3f,Fiction
6989a4e910805f5685d6fd3f,Art
6989a4e910805f5685d6fd40,Business
6989a4e910805f5685d6fd41,Beagle Expedition
6989a4e910805f5685d6fd41,Belgium
6989a4e910805f5685d6fd42,Fiction
6989a4e910805f5685d6fd43,Fiction
6989a4e910805f5685d6fd43,Automobiles
6989a4e910805f5685d6fd44,Highway Planning
6989a4e910805f5685d6fd44,Interpersonal Conflict
6989a4e910805f5685d6fd45,Spiritual Life
6989a4e910805f5685d6fd45,Iguana (genus)
6989a4e910805f5685d6fd46,Bears
6989a4e910805f5685d6fd46,Hellenism
6989a4e910805f5685d6fd47,Fiction
6989a4e910805f5685d6fd48,Holiness
6989a4e910805f5685d6fd48,Dysfunctional Families
6989a4e910805f5685d6fd49,College Students
6989a4e910805f5685d6fd49,Study Aids
6989a4e910805f5685d6fd4a,Breast
6989a4e910805f5685d6fd4a,Drivers' Licenses
6989a4e910805f5685d6fd4b,Health
6989a4e910805f5685d6fd4b,General
6989a4e910805f5685d6fd4b,Self-help
6989a4e910805f5685d6fd4c,Fiction
6989a4e910805f5685d6fd4d,Fiction
6989a4e910805f5685d6fd4d,Adoptees
6989a4e910805f5685d6fd4d,General
6989a4e910805f5685d6fd4e,Fiction
6989a4e910805f5685d6fd4e,General
6989a4e910805f5685d6fd4e,Political Science
6989a4e910805f5685d6fd4f,Fiction
6989a4e910805f5685d6fd50,Feminism
6989a4e910805f5685d6fd50,Statistics.
6989a4e910805f5685d6fd51,Fiction
6989a4e910805f5685d6fd51,General
6989a4e910805f5685d6fd51,Juvenile Fiction
6989a4e910805f5685d6fd52,History
6989a4e910805f5685d6fd53,Juvenile Fiction
6989a4e910805f5685d6fd54,2001
6989a4e910805f5685d6fd54,Artist Couples
6989a4e910805f5685d6fd55,Belden
6989a4e910805f5685d6fd55,Government Investigators
6989a4e910805f5685d6fd56,Assassins
6989a4e910805f5685d6fd56,Class Actions (civil Procedure)
6989a4e910805f5685d6fd57,Madeline (fictitious Character)
6989a4e910805f5685d6fd57,Seasons
6989a4e910805f5685d6fd58,Intimacy (psychology)
6989a4e910805f5685d6fd58,Food
6989a4e910805f5685d6fd59,Czech Fiction
6989a4e910805f5685d6fd59,Psychology
6989a4e910805f5685d6fd5a,Business
6989a4e910805f5685d6fd5b,Fiction
6989a4e910805f5685d6fd5b,Electronic Books
6989a4e910805f5685d6fd5c,Admirals
6989a4e910805f5685d6fd5c,Self-acceptance
6989a4e910805f5685d6fd5d,Pets
6989a4e910805f5685d6fd5e,Alcoholism
6989a4e910805f5685d6fd5e,Military Funerals
6989a4e910805f5685d6fd5f,Extortion
6989a4e910805f5685d6fd5f,Dakota Territory
6989a4e910805f5685d6fd60,General
6989a4e910805f5685d6fd61,Self-help
6989a4e910805f5685d6fd61,General
6989a4e910805f5685d6fd62,Fiction
6989a4e910805f5685d6fd63,African American Families
6989a4e910805f5685d6fd63,Applications For Positions
6989a4e910805f5685d6fd64,Angels
6989a4e910805f5685d6fd64,Eating Disorders
6989a4e910805f5685d6fd65,True Crime
6989a4e910805f5685d6fd65,Biography
6989a4e910805f5685d6fd65,Photography
6989a4e910805f5685d6fd66,Business
6989a4e910805f5685d6fd67,Fiction
6989a4e910805f5685d6fd67,Science
6989a4e910805f5685d6fd68,Scotland
6989a4e910805f5685d6fd68,Glass Craft
6989a4e910805f5685d6fd69,General
6989a4e910805f5685d6fd6a,Detective And Mystery Stories
6989a4e910805f5685d6fd6a,Future Life
6989a4e910805f5685d6fd6b,Biography
6989a4e910805f5685d6fd6b,Fitness Walking
6989a4e910805f5685d6fd6c,Fiction
6989a4e910805f5685d6fd6d,Baseball Stories
6989a4e910805f5685d6fd6d,Conversation
6989a4e910805f5685d6fd6e,Netherlands
6989a4e910805f5685d6fd6f,Bawdy Poetry
6989a4e910805f5685d6fd6f,Mission Of The Church
6989a4e910805f5685d6fd70,Raccoon
6989a4e910805f5685d6fd70,Castles
6989a4e910805f5685d6fd71,General
6989a4e910805f5685d6fd71,Fiction
6989a4e910805f5685d6fd71,Humor
6989a4e910805f5685d6fd72,History
6989a4e910805f5685d6fd72,Foreign Language Study
6989a4e910805f5685d6fd73,Self-actualization (psychology)
6989a4e910805f5685d6fd73,English Drama (comedy)
6989a4e910805f5685d6fd74,Surrealism
6989a4e910805f5685d6fd74,Nick (fictitious Character)
6989a4e910805f5685d6fd75,True Crime
6989a4e910805f5685d6fd75,Fathers And Sons
6989a4e910805f5685d6fd76,Espionage
6989a4e910805f5685d6fd76,Compost
6989a4e910805f5685d6fd77,Cameras
6989a4e910805f5685d6fd77,Excavations (archaeology)
6989a4e910805f5685d6fd78,Fiction
6989a4e910805f5685d6fd78,Social Science
6989a4e910805f5685d6fd78,General
6989a4e910805f5685d6fd79,General
6989a4e910805f5685d6fd7a,Nature
6989a4e910805f5685d6fd7a,Illegitimate Children
6989a4e910805f5685d6fd7b,Fiction
6989a4e910805f5685d6fd7b,Juvenile Fiction
6989a4e910805f5685d6fd7c,Photography
6989a4e910805f5685d6fd7d,Fiction
6989a4e910805f5685d6fd7e,Fiction
6989a4e910805f5685d6fd7f,General
6989a4e910805f5685d6fd80,General
6989a4e910805f5685d6fd81,Dragons
6989a4e910805f5685d6fd82,Fiction
6989a4e910805f5685d6fd82,General
6989a4e910805f5685d6fd82,Alienation (social Psychology)
6989a4e910805f5685d6fd83,Botswana
6989a4e910805f5685d6fd83,General
6989a4e910805f5685d6fd84,Family
6989a4e910805f5685d6fd84,Fiction
6989a4e910805f5685d6fd84,Photography
6989a4e910805f5685d6fd85,Fantasy
6989a4e910805f5685d6fd86,Biography
6989a4e910805f5685d6fd87,Poetry
6989a4e910805f5685d6fd87,Grammar
6989a4e910805f5685d6fd88,Fiction
6989a4e910805f5685d6fd88,English Fiction
6989a4e910805f5685d6fd89,1865
6989a4e910805f5685d6fd89,Spirit Writings
6989a4e910805f5685d6fd8a,Donahue (television Program)
6989a4e910805f5685d6fd8a,Bands (music)
6989a4e910805f5685d6fd8b,Spy Stories
6989a4e910805f5685d6fd8b,Single People
6989a4e910805f5685d6fd8c,Families
6989a4e910805f5685d6fd8c,Juvenile Fiction
6989a4e910805f5685d6fd8d,Transportation
6989a4e910805f5685d6fd8d,Earp
6989a4e910805f5685d6fd8e,Fiction
6989a4e910805f5685d6fd8e,General
6989a4e910805f5685d6fd8e,Biography
6989a4e910805f5685d6fd8f,Illegitimate Children
6989a4e910805f5685d6fd8f,Territorial Waters
6989a4e910805f5685d6fd90,Developing Countries
6989a4e910805f5685d6fd90,Campion
6989a4e910805f5685d6fd91,General
6989a4e910805f5685d6fd92,Satanism
6989a4e910805f5685d6fd92,Child Development
6989a4e910805f5685d6fd93,Fiction
6989a4e910805f5685d6fd93,General
6989a4e910805f5685d6fd93,Juvenile Fiction
6989a4e910805f5685d6fd94,Arthritis
6989a4e910805f5685d6fd94,Health
6989a4e910805f5685d6fd95,Excavations (archaeology)
6989a4e910805f5685d6fd95,Accidents
6989a4e910805f5685d6fd96,General
6989a4e910805f5685d6fd97,Fiction
6989a4e910805f5685d6fd98,Baseball Stories
6989a4e910805f5685d6fd98,Astrology
6989a4e910805f5685d6fd99,Adultery
6989a4e910805f5685d6fd9a,Fiction
6989a4e910805f5685d6fd9a,Humor
6989a4e910805f5685d6fd9a,General
6989a4e910805f5685d6fd9b,Horror Tales
6989a4e910805f5685d6fd9b,Evangelistic Work
6989a4e910805f5685d6fd9c,General
6989a4e910805f5685d6fd9c,Fiction
6989a4e910805f5685d6fd9c,Juvenile Fiction
6989a4e910805f5685d6fd9d,Fiction
6989a4e910805f5685d6fd9d,Predation (biology)
6989a4e910805f5685d6fd9d,College Sports
6989a4e910805f5685d6fd9e,Fiction
6989a4e910805f5685d6fd9e,History
6989a4e910805f5685d6fd9e,Biography
6989a4e910805f5685d6fd9f,America
6989a4e910805f5685d6fd9f,In The Bleak Midwinter (motion Picture)
6989a4e910805f5685d6fda0,Young Adult Fiction
6989a4e910805f5685d6fda0,Computers
6989a4e910805f5685d6fda1,General
6989a4e910805f5685d6fda1,Fiction
6989a4e910805f5685d6fda1,Humor
6989a4e910805f5685d6fda2,American Fiction
6989a4e910805f5685d6fda2,Bicycles
6989a4e910805f5685d6fda3,Juvenile Fiction
6989a4e910805f5685d6fda4,Trixie (fictitious Character)
6989a4e910805f5685d6fda4,Insurgency
6989a4e910805f5685d6fda5,Design
6989a4e910805f5685d6fda5,Iwo Jima
6989a4e910805f5685d6fda6,Poodles
6989a4e910805f5685d6fda6,Admirals
6989a4e910805f5685d6fda7,Fansler
6989a4e910805f5685d6fda7,Assassination
6989a4e910805f5685d6fda8,Dysfunctional Families
6989a4e910805f5685d6fda8,Squirrels
6989a4e910805f5685d6fda9,Christian Pilgrims And Pilgrimages
6989a4e910805f5685d6fda9,Gaia (fictitious Character)
6989a4e910805f5685d6fdaa,Educartion-parents-participation--united States
6989a4e910805f5685d6fdaa,Classical Literature
6989a4e910805f5685d6fdab,Body
6989a4e910805f5685d6fdab,Mind
6989a4e910805f5685d6fdac,Numerology
6989a4e910805f5685d6fdac,Canadian Periodicals
6989a4e910805f5685d6fdad,Literary Criticism
6989a4e910805f5685d6fdae,Birthmothers
6989a4e910805f5685d6fdae,Entertainers
6989a4e910805f5685d6fdaf,Akenfield (england)
6989a4e910805f5685d6fdaf,Government
6989a4e910805f5685d6fdb0,Androids
6989a4e910805f5685d6fdb0,Arts
6989a4e910805f5685d6fdb1,Comics
6989a4e910805f5685d6fdb2,Fiction
6989a4e910805f5685d6fdb2,Juvenile Fiction
6989a4e910805f5685d6fdb2,Humor
6989a4e910805f5685d6fdb3,Bambi (fictitious Character)
6989a4e910805f5685d6fdb3,Soups
6989a4e910805f5685d6fdb4,Behavior Therapy
6989a4e910805f5685d6fdb4,Condensed Books
6989a4e910805f5685d6fdb5,Clergy
6989a4e910805f5685d6fdb5,Names
6989a4e910805f5685d6fdb6,Painting
6989a4e910805f5685d6fdb6,Home-based Businesses
6989a4e910805f5685d6fdb7,Selling
6989a4e910805f5685d6fdb7,Microwave Cooking
6989a4e910805f5685d6fdb8,Children's Libraries
6989a4e910805f5685d6fdb8,Soft Toy Making.
6989a4e910805f5685d6fdb9,Brother (fictitious Character)
6989a4e910805f5685d6fdb9,Eating Disorders
6989a4e910805f5685d6fdba,Reference
6989a4e910805f5685d6fdba,Science
6989a4e910805f5685d6fdbb,Gardening
6989a4e910805f5685d6fdbc,Fiction
6989a4e910805f5685d6fdbc,Biography
6989a4e910805f5685d6fdbc,Self-help
6989a4e910805f5685d6fdbd,Gay Erotic Photography
6989a4e910805f5685d6fdbd,Autographs
6989a4e910805f5685d6fdbe,Group Reading
6989a4e910805f5685d6fdbe,Czech Fiction
6989a4e910805f5685d6fdbf,Hannay
6989a4e910805f5685d6fdbf,Fire-departments
6989a4e910805f5685d6fdc0,Fiction
6989a4e910805f5685d6fdc1,Fiction
6989a4e910805f5685d6fdc2,Honor
6989a4e910805f5685d6fdc2,Alternative Histories (fiction)
6989a4e910805f5685d6fdc3,Business Ethics
6989a4e910805f5685d6fdc3,Botany
6989a4e910805f5685d6fdc4,Lutheran Church
6989a4e910805f5685d6fdc4,Astrology
6989a4e910805f5685d6fdc5,Biography
6989a4e910805f5685d6fdc5,General
6989a4e910805f5685d6fdc6,Fiction
6989a4e910805f5685d6fdc6,General
6989a4e910805f5685d6fdc7,Gardening
6989a4e910805f5685d6fdc8,General
6989a4e910805f5685d6fdc8,Juvenile Nonfiction
6989a4e910805f5685d6fdc9,General
6989a4e910805f5685d6fdc9,Fiction
6989a4e910805f5685d6fdc9,Language Arts
6989a4e910805f5685d6fdca,General
6989a4e910805f5685d6fdcb,African Americans
6989a4e910805f5685d6fdcb,Russian Poetry
6989a4e910805f5685d6fdcc,Gay Erotic Photography
6989a4e910805f5685d6fdcc,Nick (fictitious Character)
6989a4e910805f5685d6fdcd,Autographs
6989a4e910805f5685d6fdcd,Governesses
6989a4e910805f5685d6fdce,Fiction
6989a4e910805f5685d6fdce,General
6989a4e910805f5685d6fdcf,Fiction
6989a4e910805f5685d6fdcf,General
6989a4e910805f5685d6fdcf,Humor
6989a4e910805f5685d6fdd0,Clergy
6989a4e910805f5685d6fdd0,Chivalry
6989a4e910805f5685d6fdd1,Atomic Bomb
6989a4e910805f5685d6fdd1,Brazil
6989a4e910805f5685d6fdd2,Horror Tales
6989a4e910805f5685d6fdd2,Life
6989a4e910805f5685d6fdd3,General
6989a4e910805f5685d6fdd4,Children's Libraries
6989a4e910805f5685d6fdd4,Kidnapping
6989a4e910805f5685d6fdd5,Nursery Schools
6989a4e910805f5685d6fdd5,1. Short Stories-science Fiction
6989a4e910805f5685d6fdd6,Railroads
6989a4e910805f5685d6fdd6,Children's Stories
6989a4e910805f5685d6fdd7,Fiction
6989a4e910805f5685d6fdd8,General
6989a4e910805f5685d6fdd8,Fiction
6989a4e910805f5685d6fdd8,Biography
6989a4e910805f5685d6fdd9,Children's Stories
6989a4e910805f5685d6fdd9,Design
6989a4e910805f5685d6fdda,Sniping (military Science)
6989a4e910805f5685d6fdda,Penal Colonies
6989a4e910805f5685d6fddb,Classical Philology
6989a4e910805f5685d6fddb,French Literature
6989a4e910805f5685d6fddc,Germany
6989a4e910805f5685d6fddd,Tennis
6989a4e910805f5685d6fddd,American Dream
6989a4e910805f5685d6fdde,Business
6989a4e910805f5685d6fdde,Body
6989a4e910805f5685d6fdde,Mind
6989a4e910805f5685d6fddf,Fiction
6989a4e910805f5685d6fddf,Juvenile Fiction
6989a4e910805f5685d6fddf,Literary Criticism
6989a4e910805f5685d6fde0,Campion
6989a4e910805f5685d6fde0,Holiness
6989a4e910805f5685d6fde1,Animal Rescue
6989a4e910805f5685d6fde1,Western Stories
6989a4e910805f5685d6fde2,General
6989a4e910805f5685d6fde3,Business
6989a4e910805f5685d6fde4,Fiction
6989a4e910805f5685d6fde4,General
6989a4e910805f5685d6fde4,Biography
6989a4e910805f5685d6fde5,Compost
6989a4e910805f5685d6fde5,Businesswomen
6989a4e910805f5685d6fde6,Indic Fiction (english)
6989a4e910805f5685d6fde6,Crimes Without Victims
6989a4e910805f5685d6fde7,Bears
6989a4e910805f5685d6fde7,Navajo Indians
6989a4e910805f5685d6fde8,Science
6989a4e910805f5685d6fde9,Feminists
6989a4e910805f5685d6fde9,Spanish Language
6989a4e910805f5685d6fdea,Communication In Organizations
6989a4e910805f5685d6fdea,African American Women
6989a4e910805f5685d6fdeb,Magic
6989a4e910805f5685d6fdeb,English.
6989a4e910805f5685d6fdec,Cassidy
6989a4e910805f5685d6fdec,Acculturation
6989a4e910805f5685d6fded,Religion
6989a4e910805f5685d6fded,Performing Arts
6989a4e910805f5685d6fded,Juvenile Fiction
6989a4e910805f5685d6fdee,Guinea Pigs
6989a4e910805f5685d6fdee,Deaf Gay Men
6989a4e910805f5685d6fdef,Monographic Series
6989a4e910805f5685d6fdef,Ireland
6989a4e910805f5685d6fdf0,Journalism
6989a4e910805f5685d6fdf0,Arab-israeli Conflict
6989a4e910805f5685d6fdf1,Fiction
6989a4e910805f5685d6fdf2,General
6989a4e910805f5685d6fdf3,Intelligence Service
6989a4e910805f5685d6fdf3,Antique Dealers
6989a4e910805f5685d6fdf4,Father And Child
6989a4e910805f5685d6fdf4,Colorado
6989a4e910805f5685d6fdf5,Juvenile Nonfiction
6989a4e910805f5685d6fdf6,American Literature
6989a4e910805f5685d6fdf7,Fiction
6989a4e910805f5685d6fdf8,General
6989a4e910805f5685d6fdf9,Humor
6989a4e910805f5685d6fdfa,Act Assessment
6989a4e910805f5685d6fdfa,Historical Fiction
6989a4e910805f5685d6fdfb,Conduct Of Life
6989a4e910805f5685d6fdfb,Southern States
6989a4e910805f5685d6fdfc,Juvenile Fiction
6989a4e910805f5685d6fdfd,English Drama
6989a4e910805f5685d6fdfd,Jewish (1939-1945)
6989a4e910805f5685d6fdfe,Tristan (legend)
6989a4e910805f5685d6fdfe,Academic Writing
6989a4e910805f5685d6fdff,Fiction
6989a4e910805f5685d6fdff,History
6989a4e910805f5685d6fdff,Biography
6989a4e910805f5685d6fe00,Salvage
6989a4e910805f5685d6fe00,Genealogy
6989a4e910805f5685d6fe01,Fiction
6989a4e910805f5685d6fe02,Međugorje (bosnia And Hercegovina)
6989a4e910805f5685d6fe02,1865
6989a4e910805f5685d6fe03,Fiction
6989a4e910805f5685d6fe04,General
6989a4e910805f5685d6fe04,Business
6989a4e910805f5685d6fe04,Fiction
6989a4e910805f5685d6fe05,Berlin Wall
6989a4e910805f5685d6fe05,Lizards
6989a4e910805f5685d6fe06,Fiction
6989a4e910805f5685d6fe07,Arthritis
6989a4e910805f5685d6fe07,Comics
6989a4e910805f5685d6fe08,Quick And Easy Cooking
6989a4e910805f5685d6fe08,Life Skills
6989a4e910805f5685d6fe09,Juvenile Fiction
6989a4e910805f5685d6fe09,Fiction
6989a4e910805f5685d6fe09,Games
6989a4e910805f5685d6fe0a,Yugoslav War
6989a4e910805f5685d6fe0a,Weight Lifting
6989a4e910805f5685d6fe0b,Belgrade (serbia)
6989a4e910805f5685d6fe0b,Body
6989a4e910805f5685d6fe0c,Fiction
6989a4e910805f5685d6fe0d,Fiction
6989a4e910805f5685d6fe0e,Education
6989a4e910805f5685d6fe0e,History
6989a4e910805f5685d6fe0f,Juvenile Fiction
6989a4e910805f5685d6fe0f,Cats
6989a4e910805f5685d6fe0f,Detective And Mystery Stories
6989a4e910805f5685d6fe10,Business
6989a4e910805f5685d6fe10,History
6989a4e910805f5685d6fe11,Fiction
6989a4e910805f5685d6fe12,Horses
6989a4e910805f5685d6fe12,Indic Fiction (english)
6989a4e910805f5685d6fe13,Education
6989a4e910805f5685d6fe14,Fiction
6989a4e910805f5685d6fe14,General
6989a4e910805f5685d6fe14,Biography
6989a4e910805f5685d6fe15,Fiction
6989a4e910805f5685d6fe15,General
6989a4e910805f5685d6fe15,Religion
6989a4e910805f5685d6fe16,Private Investigators
6989a4e910805f5685d6fe16,Performing Arts
6989a4e910805f5685d6fe17,Arms Race
6989a4e910805f5685d6fe17,Cassidy
6989a4e910805f5685d6fe18,Medicine
6989a4e910805f5685d6fe18,Gaia (fictitious Character)
6989a4e910805f5685d6fe19,Horror Stories.
6989a4e910805f5685d6fe19,Theology
6989a4e910805f5685d6fe1a,Biography
6989a4e910805f5685d6fe1a,Fiction
6989a4e910805f5685d6fe1a,General
6989a4e910805f5685d6fe1b,Fiction
6989a4e910805f5685d6fe1c,Bible And Evolution
6989a4e910805f5685d6fe1d,Fiction
6989a4e910805f5685d6fe1e,Games
6989a4e910805f5685d6fe1f,Arabs
6989a4e910805f5685d6fe1f,Juvenile Nonfiction
6989a4e910805f5685d6fe20,Fiction
6989a4e910805f5685d6fe21,History
6989a4e910805f5685d6fe22,Asia
6989a4e910805f5685d6fe23,American Drama
6989a4e910805f5685d6fe23,Acculturation
6989a4e910805f5685d6fe24,Body
6989a4e910805f5685d6fe24,Mind
6989a4e910805f5685d6fe25,Fiction
6989a4e910805f5685d6fe26,French
6989a4e910805f5685d6fe26,Amerikaanse Fiksie
6989a4e910805f5685d6fe27,Women Astronauts
6989a4e910805f5685d6fe27,Wrestlers
6989a4e910805f5685d6fe28,General
6989a4e910805f5685d6fe28,Dragons
6989a4e910805f5685d6fe29,Young Adult Fiction
6989a4e910805f5685d6fe2a,Fiction
6989a4e910805f5685d6fe2b,Young Adult Fiction
6989a4e910805f5685d6fe2c,Menopause
6989a4e910805f5685d6fe2c,Frontier And Pioneer Life
6989a4e910805f5685d6fe2d,Mental
6989a4e910805f5685d6fe2d,Azerbaijan
6989a4e910805f5685d6fe2e,Fiction
6989a4e910805f5685d6fe2f,George (fictitious Character)
6989a4e910805f5685d6fe2f,Astral Projection
6989a4e910805f5685d6fe30,Examination Of Witnesses
6989a4e910805f5685d6fe30,Role Playing
6989a4e910805f5685d6fe31,Religion
6989a4e910805f5685d6fe32,Detective And Mystery Stories
6989a4e910805f5685d6fe33,Fiction
6989a4e910805f5685d6fe34,Voyages Around The World
6989a4e910805f5685d6fe34,Executive Departments
6989a4e910805f5685d6fe35,Science Fiction
6989a4e910805f5685d6fe35,Campion
6989a4e910805f5685d6fe36,Charles
6989a4e910805f5685d6fe36,Forensic Scientists
6989a4e910805f5685d6fe37,Fiction
6989a4e910805f5685d6fe38,Religion
6989a4e910805f5685d6fe39,Feminists
6989a4e910805f5685d6fe39,Predation (biology)
6989a4e910805f5685d6fe3a,Fiction
6989a4e910805f5685d6fe3b,Fiction
6989a4e910805f5685d6fe3b,General
6989a4e910805f5685d6fe3b,Sports
6989a4e910805f5685d6fe3c,Arctic Regions
6989a4e910805f5685d6fe3d,Juvenile Nonfiction
6989a4e910805f5685d6fe3e,Science
6989a4e910805f5685d6fe3e,Biography
6989a4e910805f5685d6fe3e,Computers
6989a4e910805f5685d6fe3f,Irish
6989a4e910805f5685d6fe3f,Accidents
6989a4e910805f5685d6fe40,Fiction
6989a4e910805f5685d6fe40,General
6989a4e910805f5685d6fe41,General
6989a4e910805f5685d6fe41,Fiction
6989a4e910805f5685d6fe42,Body
6989a4e910805f5685d6fe42,Mind
6989a4e910805f5685d6fe43,History
6989a4e910805f5685d6fe44,Yugoslav War
6989a4e910805f5685d6fe44,Families
6989a4e910805f5685d6fe45,Philosophy
6989a4e910805f5685d6fe45,Fiction
6989a4e910805f5685d6fe45,Juvenile Fiction
6989a4e910805f5685d6fe46,New Mexico
6989a4e910805f5685d6fe46,Christian Women
6989a4e910805f5685d6fe47,Authorship
6989a4e910805f5685d6fe47,Mission Of The Church
6989a4e910805f5685d6fe48,Pets
6989a4e910805f5685d6fe49,City And Town Life
6989a4e910805f5685d6fe49,Canadian Periodicals
6989a4e910805f5685d6fe4a,Fiction
6989a4e910805f5685d6fe4a,Travel
6989a4e910805f5685d6fe4b,Fiction
6989a4e910805f5685d6fe4c,Hay Fever
6989a4e910805f5685d6fe4c,Magic
6989a4e910805f5685d6fe4d,Wyatt
6989a4e910805f5685d6fe4d,Motion Pictures
6989a4e910805f5685d6fe4e,Amusements
6989a4e910805f5685d6fe4e,Crafts
6989a4e910805f5685d6fe4f,Fiction
6989a4e910805f5685d6fe4f,General
6989a4e910805f5685d6fe4f,Political Science
6989a4e910805f5685d6fe50,General
6989a4e910805f5685d6fe51,Mysticism
6989a4e910805f5685d6fe51,Owls
6989a4e910805f5685d6fe52,Fiction
6989a4e910805f5685d6fe52,General
6989a4e910805f5685d6fe53,John
6989a4e910805f5685d6fe53,Dakota Territory
6989a4e910805f5685d6fe54,Fiction
6989a4e910805f5685d6fe54,General
6989a4e910805f5685d6fe54,Performing Arts
6989a4e910805f5685d6fe55,General
6989a4e910805f5685d6fe56,Fiction
6989a4e910805f5685d6fe56,Paranormal Romance Stories
6989a4e910805f5685d6fe57,Survival
6989a4e910805f5685d6fe57,1800-1815
6989a4e910805f5685d6fe58,Emily
6989a4e910805f5685d6fe58,Genius
6989a4e910805f5685d6fe59,Self-help
6989a4e910805f5685d6fe5a,Biography
6989a4e910805f5685d6fe5a,General
6989a4e910805f5685d6fe5b,General
6989a4e910805f5685d6fe5c,Foreign Language Study
6989a4e910805f5685d6fe5d,Fiction
6989a4e910805f5685d6fe5d,Political Science
6989a4e910805f5685d6fe5d,True Crime
6989a4e910805f5685d6fe5e,Folklore
6989a4e910805f5685d6fe5e,Literary Collections
6989a4e910805f5685d6fe5f,Family
6989a4e910805f5685d6fe60,Courage
6989a4e910805f5685d6fe60,Radio Broadcasting
6989a4e910805f5685d6fe61,Religion
6989a4e910805f5685d6fe61,Fiction
6989a4e910805f5685d6fe62,Self-help
6989a4e910805f5685d6fe63,Fiction
6989a4e910805f5685d6fe64,Great Britain
6989a4e910805f5685d6fe64,Fiction
6989a4e910805f5685d6fe65,Aberystwyth (wales)
6989a4e910805f5685d6fe65,Calculus
6989a4e910805f5685d6fe66,Juvenile Fiction
6989a4e910805f5685d6fe66,Science
6989a4e910805f5685d6fe67,Fiction
6989a4e910805f5685d6fe68,Dating (social Customs)
6989a4e910805f5685d6fe68,Guvernören (tanker)
6989a4e910805f5685d6fe69,Poetry
6989a4e910805f5685d6fe69,Attempted Murder
6989a4e910805f5685d6fe6a,Ranchers
6989a4e910805f5685d6fe6a,Knowledge
6989a4e910805f5685d6fe6b,Christianity
6989a4e910805f5685d6fe6b,Accident Victims
6989a4e910805f5685d6fe6c,Political Science
6989a4e910805f5685d6fe6d,Buffy The Vampire Slayer (fictitious Character)
6989a4e910805f5685d6fe6d,Aardvark
6989a4e910805f5685d6fe6e,Self-help
6989a4e910805f5685d6fe6f,Household Ecology
6989a4e910805f5685d6fe6f,Boats And Boating
6989a4e910805f5685d6fe70,Human Anatomy
6989a4e910805f5685d6fe70,Jamestown (va.)
6989a4e910805f5685d6fe71,Historical Romance
6989a4e910805f5685d6fe71,Crossword Puzzle Makers
6989a4e910805f5685d6fe72,Fiction
6989a4e910805f5685d6fe72,General
6989a4e910805f5685d6fe73,Discoveries In Geography
6989a4e910805f5685d6fe73,Zen Buddhism
6989a4e910805f5685d6fe74,Religion
6989a4e910805f5685d6fe74,Fiction
6989a4e910805f5685d6fe74,Biography
6989a4e910805f5685d6fe75,Juvenile Fiction
6989a4e910805f5685d6fe75,Fiction
6989a4e910805f5685d6fe76,Juvenile Fiction
6989a4e910805f5685d6fe77,Costume
6989a4e910805f5685d6fe77,Diaries
6989a4e910805f5685d6fe78,Fiction
6989a4e910805f5685d6fe78,True Crime
6989a4e910805f5685d6fe79,General
6989a4e910805f5685d6fe79,Fiction
6989a4e910805f5685d6fe7a,General
6989a4e910805f5685d6fe7a,Biography
6989a4e910805f5685d6fe7a,Juvenile Nonfiction
6989a4e910805f5685d6fe7b,General
6989a4e910805f5685d6fe7c,Women Astronauts
6989a4e910805f5685d6fe7c,Rocks
6989a4e910805f5685d6fe7d,Foreign Language Study
6989a4e910805f5685d6fe7e,Literary Collections
6989a4e910805f5685d6fe7f,Characters And Characteristics In Literature
6989a4e910805f5685d6fe80,Hunting Stories
6989a4e910805f5685d6fe80,Capitalism
6989a4e910805f5685d6fe81,Penal Colonies
6989a4e910805f5685d6fe81,Dragons
6989a4e910805f5685d6fe82,True Crime
6989a4e910805f5685d6fe83,Fiction
6989a4e910805f5685d6fe83,Language Arts
6989a4e910805f5685d6fe84,Fiction
6989a4e910805f5685d6fe84,Botswana
6989a4e910805f5685d6fe84,Computers
6989a4e910805f5685d6fe85,Music
6989a4e910805f5685d6fe85,General
6989a4e910805f5685d6fe85,Adventure Stories
6989a4e910805f5685d6fe86,Fiction
6989a4e910805f5685d6fe87,General
6989a4e910805f5685d6fe87,Children's Stories
6989a4e910805f5685d6fe87,Fiction
6989a4e910805f5685d6fe88,Fiction
6989a4e910805f5685d6fe89,General
6989a4e910805f5685d6fe8a,Escapes
6989a4e910805f5685d6fe8a,Female Orgasm
6989a4e910805f5685d6fe8b,General
6989a4e910805f5685d6fe8b,Business
6989a4e910805f5685d6fe8b,Fiction
6989a4e910805f5685d6fe8c,Cowboys
6989a4e910805f5685d6fe8c,Sculptors
6989a4e910805f5685d6fe8d,Fiction
6989a4e910805f5685d6fe8d,General
6989a4e910805f5685d6fe8d,Audiobooks
6989a4e910805f5685d6fe8e,Albert (fictitious Character)
6989a4e910805f5685d6fe8e,Food Service
6989a4e910805f5685d6fe8f,Mission Of The Church
6989a4e910805f5685d6fe8f,Soccer
6989a4e910805f5685d6fe90,Blair Witch Project (motion Picture)
6989a4e910805f5685d6fe90,Country Life
6989a4e910805f5685d6fe91,Emblems
6989a4e910805f5685d6fe91,American Dream
6989a4e910805f5685d6fe92,General
6989a4e910805f5685d6fe93,Biography
6989a4e910805f5685d6fe93,Authors
6989a4e910805f5685d6fe93,American
6989a4e910805f5685d6fe94,Political Science
6989a4e910805f5685d6fe94,Fiction
6989a4e910805f5685d6fe94,Women And Religion
6989a4e910805f5685d6fe95,History
6989a4e910805f5685d6fe95,Automobile Travel / United States
6989a4e910805f5685d6fe96,Discipline Of Children
6989a4e910805f5685d6fe96,Bomber Pilots
6989a4e910805f5685d6fe97,Performing Arts
6989a4e910805f5685d6fe98,History
6989a4e910805f5685d6fe98,Psychology
6989a4e910805f5685d6fe99,Finance
6989a4e910805f5685d6fe99,Construction Workers
6989a4e910805f5685d6fe9a,Content Area Reading
6989a4e910805f5685d6fe9a,Cattle
6989a4e910805f5685d6fe9b,General
6989a4e910805f5685d6fe9b,Juvenile Fiction
6989a4e910805f5685d6fe9c,Los Angeles (calif.)
6989a4e910805f5685d6fe9c,Abandoned Children
6989a4e910805f5685d6fe9d,Language Arts
6989a4e910805f5685d6fe9d,General
6989a4e910805f5685d6fe9e,Fiction
6989a4e910805f5685d6fe9e,General
6989a4e910805f5685d6fe9f,Health
6989a4e910805f5685d6fe9f,Fiction
6989a4e910805f5685d6fea0,Games
6989a4e910805f5685d6fea0,Communication In Marriage
6989a4e910805f5685d6fea1,Art
6989a4e910805f5685d6fea1,Literary Criticism
6989a4e910805f5685d6fea1,Biography
6989a4e910805f5685d6fea2,General
6989a4e910805f5685d6fea2,Literary Criticism
6989a4e910805f5685d6fea2,Fiction
6989a4e910805f5685d6fea3,Human-computer Interaction
6989a4e910805f5685d6fea3,Blind
6989a4e910805f5685d6fea4,Southern
6989a4e910805f5685d6fea4,Baby Roo (fictitious Character)
6989a4e910805f5685d6fea5,Music
6989a4e910805f5685d6fea6,Mutiney
6989a4e910805f5685d6fea6,Antique Dealers
6989a4e910805f5685d6fea7,General
6989a4e910805f5685d6fea7,Architecture
6989a4e910805f5685d6fea7,Biography
6989a4e910805f5685d6fea8,Families In Art
6989a4e910805f5685d6fea8,Africans
6989a4e910805f5685d6fea9,True Crime
6989a4e910805f5685d6fea9,Fiction
6989a4e910805f5685d6fea9,General
6989a4e910805f5685d6feaa,Brandstetter
6989a4e910805f5685d6feaa,Ranchers
6989a4e910805f5685d6feab,Carbohydrates
6989a4e910805f5685d6feab,Inspiration
6989a4e910805f5685d6feac,Business
6989a4e910805f5685d6feac,Biography
6989a4e910805f5685d6feac,Religion
6989a4e910805f5685d6fead,History
6989a4e910805f5685d6feae,General
6989a4e910805f5685d6feae,Fiction
6989a4e910805f5685d6feae,Social Science
6989a4e910805f5685d6feaf,English Language
6989a4e910805f5685d6feaf,Mind
6989a4e910805f5685d6feb0,Lewis And Clark Expedition
6989a4e910805f5685d6feb0,Mutiney
6989a4e910805f5685d6feb1,Gay Men
6989a4e910805f5685d6feb1,Thailand
6989a4e910805f5685d6feb2,Pictorial
6989a4e910805f5685d6feb2,Human
6989a4e910805f5685d6feb3,Bible Stories
6989a4e910805f5685d6feb3,Discernment Of Spirits
6989a4e910805f5685d6feb4,Sniping (military Science)
6989a4e910805f5685d6feb4,Agricultural Credit
6989a4e910805f5685d6feb5,African American Women
6989a4e910805f5685d6feb5,Italian
6989a4e910805f5685d6feb6,Discworld (imaginary Place)
6989a4e910805f5685d6feb6,Country Musicians
6989a4e910805f5685d6feb7,Fiction
6989a4e910805f5685d6feb8,Documentary Photography
6989a4e910805f5685d6feb8,Best Books
6989a4e910805f5685d6feb9,Felse
6989a4e910805f5685d6feb9,Animal Welfare
6989a4e910805f5685d6feba,General
6989a4e910805f5685d6feba,Bartholomew
6989a4e910805f5685d6febb,Women
6989a4e910805f5685d6febb,Planets
6989a4e910805f5685d6febc,Physicians
6989a4e910805f5685d6febc,Domestic Fiction
6989a4e910805f5685d6febd,Dreams
6989a4e910805f5685d6febd,Kate (fictitious Character)
6989a4e910805f5685d6febe,Buddha (the Concept)
6989a4e910805f5685d6febe,West
6989a4e910805f5685d6febf,Bookbinding
6989a4e910805f5685d6febf,Cosmogony
6989a4e910805f5685d6fec0,Consumer Goods
6989a4e910805f5685d6fec0,Knights And Knighthood
6989a4e910805f5685d6fec1,Fiction
6989a4e910805f5685d6fec1,General
6989a4e910805f5685d6fec2,Business
6989a4e910805f5685d6fec3,Juvenile Fiction
6989a4e910805f5685d6fec3,English Literature
6989a4e910805f5685d6fec3,General
6989a4e910805f5685d6fec4,Religion
6989a4e910805f5685d6fec4,General
6989a4e910805f5685d6fec4,Fiction
6989a4e910805f5685d6fec5,Islam
6989a4e910805f5685d6fec5,New Zealand
6989a4e910805f5685d6fec6,Dream Interpretation
6989a4e910805f5685d6fec6,Cowboys
6989a4e910805f5685d6fec7,History
6989a4e910805f5685d6fec8,Appleby
6989a4e910805f5685d6fec8,Men
6989a4e910805f5685d6fec9,North Carolina
6989a4e910805f5685d6fec9,Book Of Mormon
6989a4e910805f5685d6feca,True Crime
6989a4e910805f5685d6fecb,Juvenile Fiction
6989a4e910805f5685d6fecb,Humor
6989a4e910805f5685d6fecc,Herbs
6989a4e910805f5685d6fecc,Fansler
6989a4e910805f5685d6fecd,Fiction
6989a4e910805f5685d6fecd,Jewish Fiction
6989a4e910805f5685d6fece,Business
6989a4e910805f5685d6fece,General
6989a4e910805f5685d6fece,Social Science
6989a4e910805f5685d6fecf,Fiction
6989a4e910805f5685d6fed0,Abused Children
6989a4e910805f5685d6fed0,Capitalism
6989a4e910805f5685d6fed1,Fiction
6989a4e910805f5685d6fed1,General
6989a4e910805f5685d6fed1,Murder
6989a4e910805f5685d6fed2,Electrical Engineering
6989a4e910805f5685d6fed2,Entomologists
6989a4e910805f5685d6fed3,Postpartum Depression
6989a4e910805f5685d6fed3,Blind Musicians
6989a4e910805f5685d6fed4,Chance
6989a4e910805f5685d6fed4,Opera
6989a4e910805f5685d6fed5,Art
6989a4e910805f5685d6fed6,Child Sexual Abuse
6989a4e910805f5685d6fed7,Horse Trainers
6989a4e910805f5685d6fed7,Interpersonal Conflict
6989a4e910805f5685d6fed8,Biography
6989a4e910805f5685d6fed8,Literary Criticism
6989a4e910805f5685d6fed9,Fiction
6989a4e910805f5685d6feda,General
6989a4e910805f5685d6feda,Nature
6989a4e910805f5685d6fedb,Divorce
6989a4e910805f5685d6fedb,Promptbooks
6989a4e910805f5685d6fedc,Biography
6989a4e910805f5685d6fedd,Dogs
6989a4e910805f5685d6fedd,Father And Child
6989a4e910805f5685d6fede,Fiction
6989a4e910805f5685d6fedf,General
6989a4e910805f5685d6fee0,Adult Children
6989a4e910805f5685d6fee0,Discworld (imaginary Place)
6989a4e910805f5685d6fee1,Foreign Language Study
6989a4e910805f5685d6fee1,History
6989a4e910805f5685d6fee2,Fiction
6989a4e910805f5685d6fee3,General
6989a4e910805f5685d6fee3,Children's Stories
6989a4e910805f5685d6fee3,Escapes
6989a4e910805f5685d6fee4,Fiction
6989a4e910805f5685d6fee4,Characters And Characteristics In Literature
6989a4e910805f5685d6fee4,Reference
6989a4e910805f5685d6fee5,Nuns
6989a4e910805f5685d6fee5,Alcoholics
6989a4e910805f5685d6fee6,Spanish
6989a4e910805f5685d6fee6,Strips
6989a4e910805f5685d6fee7,Religion
6989a4e910805f5685d6fee8,Sub-saharan
6989a4e910805f5685d6fee8,Italian American Families
6989a4e910805f5685d6fee9,Fiction
6989a4e910805f5685d6fee9,Murder
6989a4e910805f5685d6fee9,Juvenile Fiction
6989a4e910805f5685d6feea,Channeling (spiritualism)
6989a4e910805f5685d6feea,Light
6989a4e910805f5685d6feeb,Fiction
6989a4e910805f5685d6feec,Fiction
6989a4e910805f5685d6feec,General
6989a4e910805f5685d6feec,Biography
6989a4e910805f5685d6feed,Religion
6989a4e910805f5685d6feee,Americans
6989a4e910805f5685d6feee,Intercountry Adoption
6989a4e910805f5685d6feef,Eye
6989a4e910805f5685d6feef,Cooking
6989a4e910805f5685d6feef,Menopause
6989a4e910805f5685d6fef0,Christian Life
6989a4e910805f5685d6fef0,Colombo (sri Lanka)
6989a4e910805f5685d6fef1,General
6989a4e910805f5685d6fef2,General
6989a4e910805f5685d6fef2,Fiction
6989a4e910805f5685d6fef3,Fiction
6989a4e910805f5685d6fef3,Biography
6989a4e910805f5685d6fef4,Holocaust
6989a4e910805f5685d6fef4,Insurgency
6989a4e910805f5685d6fef5,Fiction
6989a4e910805f5685d6fef5,General
6989a4e910805f5685d6fef6,General
6989a4e910805f5685d6fef7,Punjab (india)
6989a4e910805f5685d6fef7,Crime
6989a4e910805f5685d6fef8,Fiction
6989a4e910805f5685d6fef8,History
6989a4e910805f5685d6fef8,Young Adult Fiction
6989a4e910805f5685d6fef9,Science Fiction.
6989a4e910805f5685d6fef9,Spanish Drama (comedy)
6989a4e910805f5685d6fefa,Fiction
6989a4e910805f5685d6fefb,Sports
6989a4e910805f5685d6fefb,Nature
6989a4e910805f5685d6fefb,Fiction
6989a4e910805f5685d6fefc,Examination Of Witnesses
6989a4e910805f5685d6fefc,Japanese Fiction
6989a4e910805f5685d6fefd,Guinea Pigs
6989a4e910805f5685d6fefd,1800-1815
6989a4e910805f5685d6fefe,Accelerated Readers
6989a4e910805f5685d6fefe,Feminism
6989a4e910805f5685d6feff,General
6989a4e910805f5685d6feff,Fiction
6989a4e910805f5685d6ff00,Fiction
6989a4e910805f5685d6ff00,Books
6989a4e910805f5685d6ff00,Literary Collections
6989a4e910805f5685d6ff01,Angels
6989a4e910805f5685d6ff01,Christian Fiction
6989a4e910805f5685d6ff02,Foreign Language Study
6989a4e910805f5685d6ff02,Anglais (langue) - Histoire
6989a4e910805f5685d6ff03,Fiction
6989a4e910805f5685d6ff04,Fiction
6989a4e910805f5685d6ff04,General
6989a4e910805f5685d6ff04,History
6989a4e910805f5685d6ff05,General
6989a4e910805f5685d6ff06,Commercial Art
6989a4e910805f5685d6ff06,Erotic Literature
6989a4e910805f5685d6ff07,Fiction
6989a4e910805f5685d6ff08,Government
6989a4e910805f5685d6ff08,Adoptees
6989a4e910805f5685d6ff09,History
6989a4e910805f5685d6ff09,Political Science
6989a4e910805f5685d6ff09,Large Type Books
6989a4e910805f5685d6ff0a,Poetry
6989a4e910805f5685d6ff0a,General
6989a4e910805f5685d6ff0a,Europe
6989a4e910805f5685d6ff0b,West
6989a4e910805f5685d6ff0b,America
6989a4e910805f5685d6ff0c,Hamptons (n.y.)
6989a4e910805f5685d6ff0c,Beauty And The Beast (tale)
6989a4e910805f5685d6ff0d,Counting
6989a4e910805f5685d6ff0d,Veterinarians
6989a4e910805f5685d6ff0e,Fiction
6989a4e910805f5685d6ff0f,Famines
6989a4e910805f5685d6ff0f,Adventure-juvenile Fiction
6989a4e910805f5685d6ff10,Religion
6989a4e910805f5685d6ff11,Lewis And Clark Expedition
6989a4e910805f5685d6ff11,Human Ecology
6989a4e910805f5685d6ff12,Gay Men
6989a4e910805f5685d6ff12,Hopalong (fictitious Character)
6989a4e910805f5685d6ff13,Psychology
6989a4e910805f5685d6ff13,Self-help
6989a4e910805f5685d6ff14,Fiction
6989a4e910805f5685d6ff14,Biography
6989a4e910805f5685d6ff15,Fiction
6989a4e910805f5685d6ff16,Crime And Criminals
6989a4e910805f5685d6ff16,Kissing
6989a4e910805f5685d6ff17,Fiction
6989a4e910805f5685d6ff17,Literary Collections
6989a4e910805f5685d6ff17,Foreign Language Study
6989a4e910805f5685d6ff18,Fiction
6989a4e910805f5685d6ff18,Education
6989a4e910805f5685d6ff19,General
6989a4e910805f5685d6ff19,Fiction
6989a4e910805f5685d6ff1a,Drama
6989a4e910805f5685d6ff1b,Islam
6989a4e910805f5685d6ff1b,Jackrabbits
6989a4e910805f5685d6ff1c,Astronomy
6989a4e910805f5685d6ff1c,African Americans
6989a4e910805f5685d6ff1d,Expatriation
6989a4e910805f5685d6ff1d,Games
6989a4e910805f5685d6ff1e,Technology
6989a4e910805f5685d6ff1f,Business
6989a4e910805f5685d6ff20,Fiction
6989a4e910805f5685d6ff20,Juvenile Fiction
6989a4e910805f5685d6ff20,General
6989a4e910805f5685d6ff21,Body
6989a4e910805f5685d6ff21,Mind
6989a4e910805f5685d6ff22,Young Adult Fiction
6989a4e910805f5685d6ff23,Fiction
6989a4e910805f5685d6ff23,General
6989a4e910805f5685d6ff23,Self-help
6989a4e910805f5685d6ff24,Insurgency
6989a4e910805f5685d6ff24,Acid Rain
6989a4e910805f5685d6ff25,Fiction
6989a4e910805f5685d6ff25,Ghost Stories
6989a4e910805f5685d6ff25,American
6989a4e910805f5685d6ff26,Acculturation
6989a4e910805f5685d6ff26,Birthmothers
6989a4e910805f5685d6ff27,Monographic Series
6989a4e910805f5685d6ff27,Authorship
6989a4e910805f5685d6ff28,General
6989a4e910805f5685d6ff28,Fiction
6989a4e910805f5685d6ff29,Fiction
6989a4e910805f5685d6ff2a,Juvenile Fiction
6989a4e910805f5685d6ff2a,Literary Criticism
6989a4e910805f5685d6ff2b,Fiction
6989a4e910805f5685d6ff2b,General
6989a4e910805f5685d6ff2c,Detective And Mystery Stories
6989a4e910805f5685d6ff2c,Drummers (musicians)
6989a4e910805f5685d6ff2d,Corbett
6989a4e910805f5685d6ff2d,Light
6989a4e910805f5685d6ff2e,Consumption (economics)
6989a4e910805f5685d6ff2f,Humor
6989a4e910805f5685d6ff30,Language Arts
6989a4e910805f5685d6ff31,Literary Criticism
6989a4e910805f5685d6ff31,Fiction
6989a4e910805f5685d6ff32,Biography
6989a4e910805f5685d6ff33,Fiction
6989a4e910805f5685d6ff33,General
6989a4e910805f5685d6ff33,Juvenile Fiction
6989a4e910805f5685d6ff34,Housing
6989a4e910805f5685d6ff34,Etc
6989a4e910805f5685d6ff35,Aunts
6989a4e910805f5685d6ff35,Kentucky
6989a4e910805f5685d6ff36,Biography
6989a4e910805f5685d6ff36,General
6989a4e910805f5685d6ff37,Animal Behavior
6989a4e910805f5685d6ff38,Accident Victims
6989a4e910805f5685d6ff38,Christian Ethics
6989a4e910805f5685d6ff39,Fiction
6989a4e910805f5685d6ff3a,Fiction
6989a4e910805f5685d6ff3a,Juvenile Fiction
6989a4e910805f5685d6ff3b,Capacity And Disability
6989a4e910805f5685d6ff3b,Sir (fictitious Character)
6989a4e910805f5685d6ff3c,Bones (musical Instrument)
6989a4e910805f5685d6ff3c,African American Teenage Girls
6989a4e910805f5685d6ff3d,Children
6989a4e910805f5685d6ff3d,Serial Murders
6989a4e910805f5685d6ff3e,Ghost Stories
6989a4e910805f5685d6ff3e,American
6989a4e910805f5685d6ff3f,True Crime
6989a4e910805f5685d6ff40,Croatia
6989a4e910805f5685d6ff40,Guvernören (tanker)
6989a4e910805f5685d6ff41,Spain)
6989a4e910805f5685d6ff41,Arthurian Romances
6989a4e910805f5685d6ff42,Fiction
6989a4e910805f5685d6ff43,Fiction
6989a4e910805f5685d6ff43,History
6989a4e910805f5685d6ff44,Fiction
6989a4e910805f5685d6ff44,American Literature
6989a4e910805f5685d6ff44,Horror Tales
6989a4e910805f5685d6ff45,Fiction
6989a4e910805f5685d6ff45,Philosophy
6989a4e910805f5685d6ff46,Gift Books
6989a4e910805f5685d6ff46,Hope
6989a4e910805f5685d6ff47,Criticism
6989a4e910805f5685d6ff47,Bookbinding
6989a4e910805f5685d6ff48,Libraries
6989a4e910805f5685d6ff48,Statues
6989a4e910805f5685d6ff49,Chicago (ill.)
6989a4e910805f5685d6ff49,Belgium
6989a4e910805f5685d6ff4a,Jackrabbits
6989a4e910805f5685d6ff4a,Cotswold Hills (england)
6989a4e910805f5685d6ff4b,General
6989a4e910805f5685d6ff4c,British
6989a4e910805f5685d6ff4c,Browne
6989a4e910805f5685d6ff4d,American.
6989a4e910805f5685d6ff4d,Spiritual Life
6989a4e910805f5685d6ff4e,Industrial Management
6989a4e910805f5685d6ff4e,Mutiney
6989a4e910805f5685d6ff4f,History
6989a4e910805f5685d6ff50,Fiction
6989a4e910805f5685d6ff51,Demonology
6989a4e910805f5685d6ff51,Costume
6989a4e910805f5685d6ff52,Geography
6989a4e910805f5685d6ff52,World War
6989a4e910805f5685d6ff53,Social Science
6989a4e910805f5685d6ff54,Fiction
6989a4e910805f5685d6ff55,Statues
6989a4e910805f5685d6ff55,Consumer Goods
6989a4e910805f5685d6ff56,General
6989a4e910805f5685d6ff56,Juvenile Fiction
6989a4e910805f5685d6ff56,Animals
6989a4e910805f5685d6ff57,Business
6989a4e910805f5685d6ff58,Beagle Expedition
6989a4e910805f5685d6ff58,Geography
6989a4e910805f5685d6ff59,Romantic Suspense Fiction
6989a4e910805f5685d6ff59,Animal Welfare
6989a4e910805f5685d6ff5a,Female Orgasm
6989a4e910805f5685d6ff5a,Jackrabbits
6989a4e910805f5685d6ff5b,Religion
6989a4e910805f5685d6ff5c,Shugak
6989a4e910805f5685d6ff5c,Kate (fictitious Character)
6989a4e910805f5685d6ff5d,Fiction
6989a4e910805f5685d6ff5d,Crawford
6989a4e910805f5685d6ff5d,Francis (fictitious Character)
6989a4e910805f5685d6ff5e,Fiction
6989a4e910805f5685d6ff5e,Biography
6989a4e910805f5685d6ff5e,General
6989a4e910805f5685d6ff5f,Dinosaurs
6989a4e910805f5685d6ff5f,Czech Fiction
6989a4e910805f5685d6ff60,Belgium
6989a4e910805f5685d6ff60,Merchant Marine
6989a4e910805f5685d6ff61,Body
6989a4e910805f5685d6ff61,Mind
6989a4e910805f5685d6ff61,Fiction
6989a4e910805f5685d6ff62,Business
6989a4e910805f5685d6ff62,Health
6989a4e910805f5685d6ff62,General
6989a4e910805f5685d6ff63,Police Reports
6989a4e910805f5685d6ff63,Soft Drink Industry
6989a4e910805f5685d6ff64,General
6989a4e910805f5685d6ff64,Fiction
6989a4e910805f5685d6ff64,Humor
6989a4e910805f5685d6ff65,Raccoon
6989a4e910805f5685d6ff65,Country Life
6989a4e910805f5685d6ff66,Fiction
6989a4e910805f5685d6ff66,General
6989a4e910805f5685d6ff67,Ho Chi Minh City (vietnam)
6989a4e910805f5685d6ff67,Wizards-juvenile Fiction
6989a4e910805f5685d6ff68,St. Albans (england)
6989a4e910805f5685d6ff68,Language Experience Approach In Education
6989a4e910805f5685d6ff69,Computers
6989a4e910805f5685d6ff6a,Fiction
6989a4e910805f5685d6ff6a,Juvenile Fiction
6989a4e910805f5685d6ff6a,Electronic Books
6989a4e910805f5685d6ff6b,Personal
6989a4e910805f5685d6ff6b,Nvivo
6989a4e910805f5685d6ff6c,Aids (disease)
6989a4e910805f5685d6ff6c,Gideon (fictitious Character)
6989a4e910805f5685d6ff6d,Automobile Travel
6989a4e910805f5685d6ff6d,Autobiographical Fiction
6989a4e910805f5685d6ff6e,Motels
6989a4e910805f5685d6ff6e,Arapaho Indians
6989a4e910805f5685d6ff6f,Rug And Carpet Industry
6989a4e910805f5685d6ff6f,Black Beauty (fictitious Character)
6989a4e910805f5685d6ff70,Cooking
6989a4e910805f5685d6ff71,Central
6989a4e910805f5685d6ff71,Escort Automobile
6989a4e910805f5685d6ff72,Fiction
6989a4e910805f5685d6ff72,General
6989a4e910805f5685d6ff72,Humor
6989a4e910805f5685d6ff73,Anthropology.
6989a4e910805f5685d6ff73,Ghosts
6989a4e910805f5685d6ff74,Labor Day
6989a4e910805f5685d6ff74,Veterinarians
6989a4e910805f5685d6ff75,Fiction
6989a4e910805f5685d6ff76,Fiction
6989a4e910805f5685d6ff76,General
6989a4e910805f5685d6ff76,Predation (biology)
6989a4e910805f5685d6ff77,Religion
6989a4e910805f5685d6ff78,Arthritis
6989a4e910805f5685d6ff78,Adoptees
6989a4e910805f5685d6ff79,Fiction
6989a4e910805f5685d6ff79,Body
6989a4e910805f5685d6ff79,Mind
6989a4e910805f5685d6ff7a,Courage
6989a4e910805f5685d6ff7a,Knitting
6989a4e910805f5685d6ff7b,Computer Science
6989a4e910805f5685d6ff7b,Dog Adoption
6989a4e910805f5685d6ff7c,Content Area Reading
6989a4e910805f5685d6ff7c,Adventure Stories
6989a4e910805f5685d6ff7d,Courage
6989a4e910805f5685d6ff7d,Military Funerals
6989a4e910805f5685d6ff7e,Periodicals
6989a4e910805f5685d6ff7e,Nobility
6989a4e910805f5685d6ff7f,Language Arts
6989a4e910805f5685d6ff7f,Education
6989a4e910805f5685d6ff80,Fiction
6989a4e910805f5685d6ff81,Interpersonal Relations
6989a4e910805f5685d6ff81,Catalogs
6989a4e910805f5685d6ff82,Human
6989a4e910805f5685d6ff82,Cloning
6989a4e910805f5685d6ff83,General
6989a4e910805f5685d6ff83,Businesswomen
6989a4e910805f5685d6ff84,Fiction
6989a4e910805f5685d6ff85,Jewish (1939-1945)
6989a4e910805f5685d6ff85,Computer Adventure Games
6989a4e910805f5685d6ff86,Fiction
6989a4e910805f5685d6ff86,Psychology
6989a4e910805f5685d6ff87,General
6989a4e910805f5685d6ff88,Education
6989a4e910805f5685d6ff89,Jane (fictitious Character)
6989a4e910805f5685d6ff89,Total Quality Management
6989a4e910805f5685d6ff8a,Self-help
6989a4e910805f5685d6ff8b,Juvenile Fiction
6989a4e910805f5685d6ff8c,Socialism
6989a4e910805f5685d6ff8d,General
6989a4e910805f5685d6ff8e,Furniture
6989a4e910805f5685d6ff8e,Bicycles
6989a4e910805f5685d6ff8f,Fiction
6989a4e910805f5685d6ff8f,General
6989a4e910805f5685d6ff8f,Juvenile Fiction
6989a4e910805f5685d6ff90,Fiction
6989a4e910805f5685d6ff90,Juvenile Nonfiction
6989a4e910805f5685d6ff91,Literary Criticism
6989a4e910805f5685d6ff92,Fiction
6989a4e910805f5685d6ff93,Business
6989a4e910805f5685d6ff94,Fiction
6989a4e910805f5685d6ff95,Act Assessment
6989a4e910805f5685d6ff96,Adjustment (psychology)
6989a4e910805f5685d6ff96,Lewis And Clark Expedition
6989a4e910805f5685d6ff97,Body
6989a4e910805f5685d6ff97,Mind
6989a4e910805f5685d6ff97,Health
6989a4e910805f5685d6ff98,Fiction
6989a4e910805f5685d6ff98,General
6989a4e910805f5685d6ff98,Religion
6989a4e910805f5685d6ff99,Union Catalogs
6989a4e910805f5685d6ff99,Robots
6989a4e910805f5685d6ff9a,Fiction
6989a4e910805f5685d6ff9b,Fiction
6989a4e910805f5685d6ff9b,General
6989a4e910805f5685d6ff9b,True Crime
6989a4e910805f5685d6ff9c,Science
6989a4e910805f5685d6ff9d,Revolutions
6989a4e910805f5685d6ff9d,Voyages Around The World
6989a4e910805f5685d6ff9e,Painting
6989a4e910805f5685d6ff9e,Booksellers And Bookselling
6989a4e910805f5685d6ff9f,Juvenile Nonfiction
6989a4e910805f5685d6ff9f,Performing Arts
6989a4e910805f5685d6ffa0,History
6989a4e910805f5685d6ffa1,Jackrabbits
6989a4e910805f5685d6ffa1,Executive Departments
6989a4e910805f5685d6ffa2,Betrayal
6989a4e910805f5685d6ffa2,Battle Of
6989a4e910805f5685d6ffa3,Children's Libraries
6989a4e910805f5685d6ffa3,English Imprints
6989a4e910805f5685d6ffa4,Love Spell Historical Romance
6989a4e910805f5685d6ffa4,Marriage
6989a4e910805f5685d6ffa5,Canada Imprints
6989a4e910805f5685d6ffa5,Endangered Species
6989a4e910805f5685d6ffa6,Soft Drink Industry
6989a4e910805f5685d6ffa6,Readers (adult)
6989a4e910805f5685d6ffa7,September 11 Terrorist Attacks
6989a4e910805f5685d6ffa7,Australia
6989a4e910805f5685d6ffa8,Architects
6989a4e910805f5685d6ffa8,Business
6989a4e910805f5685d6ffa8,Psychology
6989a4e910805f5685d6ffa9,Personal
6989a4e910805f5685d6ffa9,Intercountry Adoption
6989a4e910805f5685d6ffaa,Juvenile Fiction
6989a4e910805f5685d6ffab,Factories
6989a4e910805f5685d6ffab,Voyages Around The World
6989a4e910805f5685d6ffac,Fiction
6989a4e910805f5685d6ffac,General
6989a4e910805f5685d6ffad,Fiction
6989a4e910805f5685d6ffad,Biography
6989a4e910805f5685d6ffae,Fiction
6989a4e910805f5685d6ffaf,Consumption (economics)
6989a4e910805f5685d6ffaf,Atheletes
6989a4e910805f5685d6ffb0,Science
6989a4e910805f5685d6ffb0,Mutiney
6989a4e910805f5685d6ffb1,Rabbits
6989a4e910805f5685d6ffb1,Motion Picture Actors And Actresses
6989a4e910805f5685d6ffb2,Rodents
6989a4e910805f5685d6ffb2,General
6989a4e910805f5685d6ffb3,Fiction
6989a4e910805f5685d6ffb4,Fiction
6989a4e910805f5685d6ffb4,History
6989a4e910805f5685d6ffb4,General
6989a4e910805f5685d6ffb5,Evangelistic Work
6989a4e910805f5685d6ffb5,Berlin
6989a4e910805f5685d6ffb6,Theory Of
6989a4e910805f5685d6ffb6,Horror
6989a4e910805f5685d6ffb7,Religion
6989a4e910805f5685d6ffb8,First Loves
6989a4e910805f5685d6ffb8,Black Holes (astronomy)
6989a4e910805f5685d6ffb9,Comics
6989a4e910805f5685d6ffba,General
6989a4e910805f5685d6ffba,Business
6989a4e910805f5685d6ffba,Biography
6989a4e910805f5685d6ffbb,Fiction
6989a4e910805f5685d6ffbb,General
6989a4e910805f5685d6ffbc,Juvenile Fiction
6989a4e910805f5685d6ffbc,General
6989a4e910805f5685d6ffbd,General
6989a4e910805f5685d6ffbd,Fiction
6989a4e910805f5685d6ffbe,Black Mountain (n.c.)
6989a4e910805f5685d6ffbe,Hercules (roman Mythology)
6989a4e910805f5685d6ffbf,Cattle
6989a4e910805f5685d6ffbf,Landlord And Tenant
6989a4e910805f5685d6ffc0,Fiction
6989a4e910805f5685d6ffc1,Fiction
6989a4e910805f5685d6ffc1,History
6989a4e910805f5685d6ffc1,Discworld (imaginary Place)
6989a4e910805f5685d6ffc2,Kissing
6989a4e910805f5685d6ffc2,Hellenism
6989a4e910805f5685d6ffc3,Kidnapping
6989a4e910805f5685d6ffc3,Dyslexic Children
6989a4e910805f5685d6ffc4,Children's Dreams
6989a4e910805f5685d6ffc4,Landscape
6989a4e910805f5685d6ffc5,Canada Imprints
6989a4e910805f5685d6ffc5,Women And Religion
6989a4e910805f5685d6ffc6,Historic Buildings
6989a4e910805f5685d6ffc6,Relativity (physics)
6989a4e910805f5685d6ffc7,Fiction
6989a4e910805f5685d6ffc8,Biography
6989a4e910805f5685d6ffc9,Rodents
6989a4e910805f5685d6ffc9,Rama (imaginary Space Vehicle)
6989a4e910805f5685d6ffca,Fiction
6989a4e910805f5685d6ffcb,Menopause
6989a4e910805f5685d6ffcb,Generative Organs
6989a4e910805f5685d6ffcc,Chess
6989a4e910805f5685d6ffcc,Picaresque Literature
6989a4e910805f5685d6ffcd,General
6989a4e910805f5685d6ffcd,Humor
6989a4e910805f5685d6ffce,Biography
6989a4e910805f5685d6ffcf,Fiction
6989a4e910805f5685d6ffd0,Fiction
6989a4e910805f5685d6ffd0,Science
6989a4e910805f5685d6ffd0,Literary Criticism
6989a4e910805f5685d6ffd1,General
6989a4e910805f5685d6ffd1,Self-help
6989a4e910805f5685d6ffd2,Devil
6989a4e910805f5685d6ffd2,Criminal Snipers
6989a4e910805f5685d6ffd3,Fiction
6989a4e910805f5685d6ffd4,Humor
6989a4e910805f5685d6ffd5,Nigeria
6989a4e910805f5685d6ffd5,Discipline Of Children
6989a4e910805f5685d6ffd6,Ship Registers
6989a4e910805f5685d6ffd6,Tugboats
6989a4e910805f5685d6ffd7,Baseball Players
6989a4e910805f5685d6ffd7,Animal Communication
6989a4e910805f5685d6ffd8,Fiction
6989a4e910805f5685d6ffd8,General
6989a4e910805f5685d6ffd8,Business
6989a4e910805f5685d6ffd9,Aunts
6989a4e910805f5685d6ffd9,Monographic Series
6989a4e910805f5685d6ffda,Fiction
6989a4e910805f5685d6ffda,Juvenile Fiction
6989a4e910805f5685d6ffda,Comics
6989a4e910805f5685d6ffdb,Fiction
6989a4e910805f5685d6ffdb,General
6989a4e910805f5685d6ffdb,Juvenile Fiction
6989a4e910805f5685d6ffdc,General
6989a4e910805f5685d6ffdd,Finance
6989a4e910805f5685d6ffdd,Commercial Statistics
6989a4e910805f5685d6ffde,Emigration And Immigration
6989a4e910805f5685d6ffde,Readers (adult)
6989a4e910805f5685d6ffdf,General
6989a4e910805f5685d6ffe0,Fiction
6989a4e910805f5685d6ffe1,Cowboys
6989a4e910805f5685d6ffe1,Antitrust Law
6989a4e910805f5685d6ffe2,Young Adult Fiction
6989a4e910805f5685d6ffe2,General
6989a4e910805f5685d6ffe3,Deverry (imaginary Place)
6989a4e910805f5685d6ffe3,Citation Of Legal Authorities
6989a4e910805f5685d6ffe4,Fiction
6989a4e910805f5685d6ffe4,Music
6989a4e910805f5685d6ffe5,Computers
6989a4e910805f5685d6ffe5,Rodents
6989a4e910805f5685d6ffe6,Body Language
6989a4e910805f5685d6ffe6,Abusive Men
6989a4e910805f5685d6ffe7,Motion Picture Plays
6989a4e910805f5685d6ffe7,Dhtml (document Markup Language)
6989a4e910805f5685d6ffe8,Fiction
6989a4e910805f5685d6ffe8,General
6989a4e910805f5685d6ffe8,Performing Arts
6989a4e910805f5685d6ffe9,General
6989a4e910805f5685d6ffe9,Fiction
6989a4e910805f5685d6ffea,Fiction
6989a4e910805f5685d6ffea,General
6989a4e910805f5685d6ffea,Body
6989a4e910805f5685d6ffeb,Fiction
6989a4e910805f5685d6ffeb,General
6989a4e910805f5685d6ffeb,Juvenile Fiction
6989a4e910805f5685d6ffec,Fiction
6989a4e910805f5685d6ffec,Dakota Territory
6989a4e910805f5685d6ffed,General
6989a4e910805f5685d6ffee,Adult Children Of Alcoholics
6989a4e910805f5685d6ffee,Household Ecology
6989a4e910805f5685d6ffef,General
6989a4e910805f5685d6ffef,Sports
6989a4e910805f5685d6ffef,History
6989a4e910805f5685d6fff0,Health
6989a4e910805f5685d6fff1,Dreams
6989a4e910805f5685d6fff1,Alternative Lifestyles
6989a4e910805f5685d6fff2,Fiction
6989a4e910805f5685d6fff2,Music
6989a4e910805f5685d6fff2,Biography
6989a4e910805f5685d6fff3,Hate Groups
6989a4e910805f5685d6fff3,Lathes
6989a4e910805f5685d6fff4,Digriz
6989a4e910805f5685d6fff4,Natural History
6989a4e910805f5685d6fff5,General
6989a4e910805f5685d6fff6,History
6989a4e910805f5685d6fff6,Fiction
6989a4e910805f5685d6fff6,Juvenile Nonfiction
6989a4e910805f5685d6fff7,Fiction
6989a4e910805f5685d6fff8,Religion
6989a4e910805f5685d6fff9,Fiction
6989a4e910805f5685d6fff9,General
6989a4e910805f5685d6fff9,Biography
6989a4e910805f5685d6fffa,Fiction
6989a4e910805f5685d6fffa,General
6989a4e910805f5685d6fffa,Psychology
6989a4e910805f5685d6fffb,Children's Stories
6989a4e910805f5685d6fffb,Religion
6989a4e910805f5685d6fffb,Biography
6989a4e910805f5685d6fffc,James Bolivar (fictitious Character)
6989a4e910805f5685d6fffc,Missionary Stories
6989a4e910805f5685d6fffd,Fiction
6989a4e910805f5685d6fffe,Florida
6989a4e910805f5685d6fffe,Inventions
6989a4e910805f5685d6ffff,Biography
6989a4e910805f5685d70000,Young Adult Nonfiction
6989a4e910805f5685d70000,Indian Art
6989a4e910805f5685d70001,Japanese Americans
6989a4e910805f5685d70001,Australian
6989a4e910805f5685d70002,Comedy
6989a4e910805f5685d70002,Literatura Contemporánea
6989a4e910805f5685d70003,Great Britain
6989a4e910805f5685d70003,Short Stories
6989a4e910805f5685d70004,Juvenile Fiction
6989a4e910805f5685d70005,Fiction
6989a4e910805f5685d70006,Mission Of The Church
6989a4e910805f5685d70006,Alphabet
6989a4e910805f5685d70007,Fiction
6989a4e910805f5685d70008,Lizards
6989a4e910805f5685d70008,Control (psychology)
6989a4e910805f5685d70009,Tristan (legend)
6989a4e910805f5685d70009,Amerikaanse Fiksie
6989a4e910805f5685d7000a,General
6989a4e910805f5685d7000a,Picaresque Literature
6989a4e910805f5685d7000a,Mexican American Tales
6989a4e910805f5685d7000b,Fiction
6989a4e910805f5685d7000c,Government
6989a4e910805f5685d7000c,Bomber Pilots
6989a4e910805f5685d7000d,Fiction
6989a4e910805f5685d7000d,Body
6989a4e910805f5685d7000d,Mind
6989a4e910805f5685d7000e,Međugorje (bosnia And Hercegovina)
6989a4e910805f5685d7000e,Arizona
6989a4e910805f5685d7000f,Fiction
6989a4e910805f5685d70010,Creative Writing
6989a4e910805f5685d70010,Graphic Novels
6989a4e910805f5685d70011,General
6989a4e910805f5685d70011,Fiction
6989a4e910805f5685d70012,Geography
6989a4e910805f5685d70012,Congresses And Conventions
6989a4e910805f5685d70013,Clergy
6989a4e910805f5685d70013,Celts
6989a4e910805f5685d70014,Fiction
6989a4e910805f5685d70014,General
6989a4e910805f5685d70015,Italian Fiction
6989a4e910805f5685d70016,Fiction
6989a4e910805f5685d70016,Literary Criticism
6989a4e910805f5685d70017,Juvenile Fiction
6989a4e910805f5685d70018,Snakes
6989a4e910805f5685d70018,Connecticut
6989a4e910805f5685d70019,Science
6989a4e910805f5685d7001a,Fiction
6989a4e910805f5685d7001a,Juvenile Fiction
6989a4e910805f5685d7001a,Predation (biology)
6989a4e910805f5685d7001b,Fiction
6989a4e910805f5685d7001c,Fiction
6989a4e910805f5685d7001c,Business
6989a4e910805f5685d7001c,General
6989a4e910805f5685d7001d,Life On Other Planets
6989a4e910805f5685d7001e,Wyatt
6989a4e910805f5685d7001e,Nova Scotia
6989a4e910805f5685d7001f,Trials (murder)
6989a4e910805f5685d7001f,Book Of The Dead
6989a4e910805f5685d70020,Communication In Humanities
6989a4e910805f5685d70020,Second Advent
6989a4e910805f5685d70021,Arab-israeli Conflict
6989a4e910805f5685d70021,Erotic
6989a4e910805f5685d70022,Weight Lifting
6989a4e910805f5685d70022,Readers (elementary)
6989a4e910805f5685d70023,Fiction
6989a4e910805f5685d70023,Characters And Characteristics In Literature
6989a4e910805f5685d70024,Fiction
6989a4e910805f5685d70024,Comics
6989a4e910805f5685d70025,Music
6989a4e910805f5685d70026,Confucianism
6989a4e910805f5685d70026,Bible And Evolution
6989a4e910805f5685d70027,Felse
6989a4e910805f5685d70027,Appleby
6989a4e910805f5685d70028,Social Science
6989a4e910805f5685d70028,Juvenile Fiction
6989a4e910805f5685d70029,Interpersonal Communication
6989a4e910805f5685d70029,Sniping (military Science)
6989a4e910805f5685d7002a,Readers
6989a4e910805f5685d7002a,Catalogs
6989a4e910805f5685d7002b,Fiction
6989a4e910805f5685d7002c,Fiction
6989a4e910805f5685d7002d,History
6989a4e910805f5685d7002e,Epic Literature
6989a4e910805f5685d7002e,Attempted Murder
6989a4e910805f5685d7002f,Consciousness
6989a4e910805f5685d7002f,Sex (psychology)
6989a4e910805f5685d70030,Audiobooks
6989a4e910805f5685d70031,Knitting
6989a4e910805f5685d70031,Arthritis
6989a4e910805f5685d70032,General
6989a4e910805f5685d70032,Fiction
6989a4e910805f5685d70033,Reference
6989a4e910805f5685d70033,General
6989a4e910805f5685d70033,Children's Stories
6989a4e910805f5685d70034,Executive Power.
6989a4e910805f5685d70034,Picture Puzzles
6989a4e910805f5685d70035,Fiction
6989a4e910805f5685d70035,General
6989a4e910805f5685d70036,Colombo (sri Lanka)
6989a4e910805f5685d70036,Penal Colonies
6989a4e910805f5685d70037,Crossword Puzzle Makers
6989a4e910805f5685d70037,Homosexuality
6989a4e910805f5685d70038,Squirrels
6989a4e910805f5685d70038,Painting
6989a4e910805f5685d70039,Adventure And Adventurers
6989a4e910805f5685d70039,Good And Evil
6989a4e910805f5685d7003a,General
6989a4e910805f5685d7003b,Artists
6989a4e910805f5685d7003b,Creative Writing
6989a4e910805f5685d7003c,Fiction
6989a4e910805f5685d7003c,General
6989a4e910805f5685d7003c,Self-help
6989a4e910805f5685d7003d,Botany
6989a4e910805f5685d7003d,St. Albans (england)
6989a4e910805f5685d7003e,Fiction
6989a4e910805f5685d7003e,General
6989a4e910805f5685d7003e,Romantic Suspense Fiction
6989a4e910805f5685d7003f,Fiction
6989a4e910805f5685d7003f,General
6989a4e910805f5685d70040,Travelers
6989a4e910805f5685d70040,Trixie (fictitious Character)
6989a4e910805f5685d70041,Fiction
6989a4e910805f5685d70041,General
6989a4e910805f5685d70042,General
6989a4e910805f5685d70042,History
6989a4e910805f5685d70042,Fiction In English
6989a4e910805f5685d70043,Fiction
6989a4e910805f5685d70044,Interpersonal Communication
6989a4e910805f5685d70045,Adventure Stories
6989a4e910805f5685d70045,Experience
6989a4e910805f5685d70046,Fiction
6989a4e910805f5685d70047,Industrial Management
6989a4e910805f5685d70047,Anarchists
6989a4e910805f5685d70048,Sinclair Symposium
6989a4e910805f5685d70048,Female Friendship
6989a4e910805f5685d70049,House
6989a4e910805f5685d7004a,History
6989a4e910805f5685d7004a,Biography
6989a4e910805f5685d7004a,Social Science
6989a4e910805f5685d7004b,Aunts
6989a4e910805f5685d7004b,Trixie (fictitious Character)
6989a4e910805f5685d7004c,History
6989a4e910805f5685d7004c,General
6989a4e910805f5685d7004c,Fiction
6989a4e910805f5685d7004d,War Stories
6989a4e910805f5685d7004d,Texas
6989a4e910805f5685d7004e,Belgians
6989a4e910805f5685d7004e,Detective And Mystery Stories
6989a4e910805f5685d7004f,Success
6989a4e910805f5685d7004f,Dinosaurs
6989a4e910805f5685d70050,Diana (roman Deity)
6989a4e910805f5685d70050,Juvenile Fiction
6989a4e910805f5685d70051,History
6989a4e910805f5685d70052,Communication In Marriage
6989a4e910805f5685d70052,Humorous Stories
6989a4e910805f5685d70053,Fiction
6989a4e910805f5685d70054,Festivals
6989a4e910805f5685d70054,Cerebral Palsy
6989a4e910805f5685d70055,Biography
6989a4e910805f5685d70056,Psychology
6989a4e910805f5685d70057,Humanitarianism
6989a4e910805f5685d70057,Halloween
6989a4e910805f5685d70058,Body
6989a4e910805f5685d70058,Mind
6989a4e910805f5685d70059,Autographs
6989a4e910805f5685d70059,Tiger
6989a4e910805f5685d7005a,Fiction
6989a4e910805f5685d7005b,Foreign Language Study
6989a4e910805f5685d7005c,Fiction
6989a4e910805f5685d7005d,Extrasensory Perception
6989a4e910805f5685d7005d,Jet Lag
6989a4e910805f5685d7005e,Low-carbohydrate Diet
6989a4e910805f5685d7005e,Donahue (television Program)
6989a4e910805f5685d7005f,Feminism
6989a4e910805f5685d7005f,Battle
6989a4e910805f5685d70060,Government
6989a4e910805f5685d70060,Science Fiction
6989a4e910805f5685d70061,Statistics.
6989a4e910805f5685d70062,Sasquatch
6989a4e910805f5685d70062,Fairy Tales
6989a4e910805f5685d70063,Fiction
6989a4e910805f5685d70063,Biography
6989a4e910805f5685d70063,Reference
6989a4e910805f5685d70064,Antique Dealers
6989a4e910805f5685d70064,National Characteristics
6989a4e910805f5685d70065,Fiction
6989a4e910805f5685d70065,Computers
6989a4e910805f5685d70065,American Fiction
6989a4e910805f5685d70066,Juvenile Fiction
6989a4e910805f5685d70067,Amish
6989a4e910805f5685d70068,Fiction
6989a4e910805f5685d70068,General
6989a4e910805f5685d70069,Juvenile Fiction
6989a4e910805f5685d7006a,Family
6989a4e910805f5685d7006b,Church And State
6989a4e910805f5685d7006b,Cuba
6989a4e910805f5685d7006c,Continental Drift
6989a4e910805f5685d7006c,Household Ecology
6989a4e910805f5685d7006d,Cassidy
6989a4e910805f5685d7006d,English (old)
6989a4e910805f5685d7006e,Fiction
6989a4e910805f5685d7006e,Young Adult Fiction
6989a4e910805f5685d7006e,History
6989a4e910805f5685d7006f,Reading
6989a4e910805f5685d7006f,Marriage Proposals
6989a4e910805f5685d70070,Mice
6989a4e910805f5685d70070,Relativity (physics)
6989a4e910805f5685d70071,Handicraft
6989a4e910805f5685d70071,Marine Pollution
6989a4e910805f5685d70072,Adjustment Disorders
6989a4e910805f5685d70072,Group Reading
6989a4e910805f5685d70073,Trials (murder)
6989a4e910805f5685d70073,Rama (imaginary Space Vehicle)
6989a4e910805f5685d70074,Fiction
6989a4e910805f5685d70074,Business
6989a4e910805f5685d70074,History
6989a4e910805f5685d70075,Fiction
6989a4e910805f5685d70076,Fiction
6989a4e910805f5685d70076,General
6989a4e910805f5685d70076,Domestic Fiction
6989a4e910805f5685d70077,Aids (disease)
6989a4e910805f5685d70077,Baptists
6989a4e910805f5685d70078,Fiction
6989a4e910805f5685d70079,Foreign Language Study
6989a4e910805f5685d7007a,American Fiction
6989a4e910805f5685d7007b,Los Angeles (calif.)
6989a4e910805f5685d7007b,Literary Collections
6989a4e910805f5685d7007c,Fiction
6989a4e910805f5685d7007d,General
6989a4e910805f5685d7007d,Fiction
6989a4e910805f5685d7007d,Juvenile Fiction
6989a4e910805f5685d7007e,Black Beauty (fictitious Character)
6989a4e910805f5685d7007e,Feminism And Music
6989a4e910805f5685d7007f,Children's Dreams
6989a4e910805f5685d7007f,American
6989a4e910805f5685d70080,Austria
6989a4e910805f5685d70080,Indonesia
6989a4e910805f5685d70081,General
6989a4e910805f5685d70082,Cameras
6989a4e910805f5685d70082,Tristan (legend)
6989a4e910805f5685d70083,Body
6989a4e910805f5685d70083,Mind
6989a4e910805f5685d70084,Eating Disorders
6989a4e910805f5685d70084,Current Events
6989a4e910805f5685d70085,Black Holes (astronomy)
6989a4e910805f5685d70085,Alienation (social Psychology)
6989a4e910805f5685d70086,Fiction
6989a4e910805f5685d70086,Social Science
6989a4e910805f5685d70086,Young Adult Fiction
6989a4e910805f5685d70087,Abusive Men
6989a4e910805f5685d70087,Atheletes
6989a4e910805f5685d70088,General
6989a4e910805f5685d70089,Ambassadors
6989a4e910805f5685d70089,Czech Americans
6989a4e910805f5685d7008a,General
6989a4e910805f5685d7008b,Botany
6989a4e910805f5685d7008b,Management
6989a4e910805f5685d7008c,Religion
6989a4e910805f5685d7008d,African American Teenage Girls
6989a4e910805f5685d7008d,Hockey Stories
6989a4e910805f5685d7008e,Fiction
6989a4e910805f5685d7008e,General
6989a4e910805f5685d7008f,History
6989a4e910805f5685d70090,Arizona
6989a4e910805f5685d70090,Nobility
6989a4e910805f5685d70091,Bed And Breakfast Accommodations
6989a4e910805f5685d70091,Sermons
6989a4e910805f5685d70092,Art Thefts
6989a4e910805f5685d70092,Physical Sciences
6989a4e910805f5685d70093,Fiction
6989a4e910805f5685d70093,General
6989a4e910805f5685d70093,Study Aids
6989a4e910805f5685d70094,Executive Departments
6989a4e910805f5685d70094,Comedy
6989a4e910805f5685d70095,Fiction
6989a4e910805f5685d70096,Agriculture
6989a4e910805f5685d70096,Child Prostitution
6989a4e910805f5685d70097,Brothers
6989a4e910805f5685d70097,Napoleonic Wars
6989a4e910805f5685d70098,Continental Drift
6989a4e910805f5685d70098,Colombia
6989a4e910805f5685d70099,Soft Toy Making.
6989a4e910805f5685d70099,Baseball Players
6989a4e910805f5685d7009a,Corruption
6989a4e910805f5685d7009a,Ranchers
6989a4e910805f5685d7009b,Fiction
6989a4e910805f5685d7009b,General
6989a4e910805f5685d7009b,History
6989a4e910805f5685d7009c,Group Reading
6989a4e910805f5685d7009c,Canvas Embroidery
6989a4e910805f5685d7009d,Body
6989a4e910805f5685d7009d,Mind
6989a4e910805f5685d7009e,German Literature
6989a4e910805f5685d7009e,Refined
6989a4e910805f5685d7009f,Fiction
6989a4e910805f5685d7009f,General
6989a4e910805f5685d7009f,Statues
6989a4e910805f5685d700a0,Construction Workers
6989a4e910805f5685d700a0,Midsummer (festival)
6989a4e910805f5685d700a1,Fiction
6989a4e910805f5685d700a1,General
6989a4e910805f5685d700a1,Religion
6989a4e910805f5685d700a2,American Wit And Humor.
6989a4e910805f5685d700a2,Canvas Embroidery
6989a4e910805f5685d700a3,Cartooning
6989a4e910805f5685d700a3,Farm Life
6989a4e910805f5685d700a4,Fiction
6989a4e910805f5685d700a5,Religion
6989a4e910805f5685d700a6,Catalogs
6989a4e910805f5685d700a6,Investments
6989a4e910805f5685d700a7,Business
6989a4e910805f5685d700a8,General
6989a4e910805f5685d700a9,Flags
6989a4e910805f5685d700a9,Vampires
6989a4e910805f5685d700aa,Conjoined Twins
6989a4e910805f5685d700aa,Juvenile Nonfiction
6989a4e910805f5685d700ab,Juvenile Fiction
6989a4e910805f5685d700ac,Gynecologists
6989a4e910805f5685d700ac,Mysticism
6989a4e910805f5685d700ad,Biography
6989a4e910805f5685d700ad,General
6989a4e910805f5685d700ae,Germany
6989a4e910805f5685d700ae,Divorced People
6989a4e910805f5685d700af,General
6989a4e910805f5685d700b0,Animal Welfare
6989a4e910805f5685d700b0,Adultery
6989a4e910805f5685d700b1,Fiction
6989a4e910805f5685d700b1,Health
6989a4e910805f5685d700b2,Books And Reading
6989a4e910805f5685d700b2,Existential Psychotherapy
6989a4e910805f5685d700b3,Americans
6989a4e910805f5685d700b3,Continental Drift
6989a4e910805f5685d700b4,Foreign Language Study
6989a4e910805f5685d700b5,General
6989a4e910805f5685d700b5,Religion
6989a4e910805f5685d700b5,Business
6989a4e910805f5685d700b6,Fiction
6989a4e910805f5685d700b6,Music
6989a4e910805f5685d700b6,General
6989a4e910805f5685d700b7,Fiction
6989a4e910805f5685d700b7,Business
6989a4e910805f5685d700b7,General
6989a4e910805f5685d700b8,Fiction
6989a4e910805f5685d700b8,History
6989a4e910805f5685d700b9,Bartholomew
6989a4e910805f5685d700b9,Aunts
6989a4e910805f5685d700ba,Art
6989a4e910805f5685d700bb,Fiction
6989a4e910805f5685d700bb,Juvenile Fiction
6989a4e910805f5685d700bb,General
6989a4e910805f5685d700bc,Fiction
6989a4e910805f5685d700bc,General
6989a4e910805f5685d700bc,Juvenile Fiction
6989a4e910805f5685d700bd,Press And Politics
6989a4e910805f5685d700bd,Prayer
6989a4e910805f5685d700be,Arthritis
6989a4e910805f5685d700bf,Educartion-parents-participation--united States
6989a4e910805f5685d700bf,Anglican Converts
6989a4e910805f5685d700c0,General
6989a4e910805f5685d700c1,Social Science
6989a4e910805f5685d700c1,Drugs
6989a4e910805f5685d700c2,Chicago (ill.)
6989a4e910805f5685d700c2,Agnes (fictitious Character)
6989a4e910805f5685d700c3,Juvenile Fiction
6989a4e910805f5685d700c4,Ghosts
6989a4e910805f5685d700c4,Jackrabbits
6989a4e910805f5685d700c5,True Crime
6989a4e910805f5685d700c5,Social Science
6989a4e910805f5685d700c5,Biography
6989a4e910805f5685d700c6,Child Sexual Abuse
6989a4e910805f5685d700c7,Fiction
6989a4e910805f5685d700c7,General
6989a4e910805f5685d700c8,Biography
6989a4e910805f5685d700c9,German Literature
6989a4e910805f5685d700c9,Missing Persons
6989a4e910805f5685d700ca,Fiction
6989a4e910805f5685d700ca,General
6989a4e910805f5685d700cb,Securities
6989a4e910805f5685d700cb,Espaliers
6989a4e910805f5685d700cc,General
6989a4e910805f5685d700cd,Fiction
6989a4e910805f5685d700ce,Forensic Scientists
6989a4e910805f5685d700ce,Irish
6989a4e910805f5685d700cf,Design
6989a4e910805f5685d700cf,Diana (roman Deity)
6989a4e910805f5685d700d0,Humor
6989a4e910805f5685d700d1,Government Investigators
6989a4e910805f5685d700d1,Great Plains
6989a4e910805f5685d700d2,Competition (psychology)
6989a4e910805f5685d700d2,Dyslexic Children
6989a4e910805f5685d700d3,Dreams
6989a4e910805f5685d700d3,Rocks
6989a4e910805f5685d700d4,Fiction
6989a4e910805f5685d700d5,Fiction
6989a4e910805f5685d700d5,Cooking
6989a4e910805f5685d700d6,Occultism
6989a4e910805f5685d700d6,Commercial Crimes
6989a4e910805f5685d700d7,General
6989a4e910805f5685d700d7,Fiction
6989a4e910805f5685d700d7,Biography
6989a4e910805f5685d700d8,General
6989a4e910805f5685d700d9,Juvenile Nonfiction
6989a4e910805f5685d700d9,Technology
6989a4e910805f5685d700da,Drama
6989a4e910805f5685d700da,Science
6989a4e910805f5685d700db,Clouds
6989a4e910805f5685d700db,Masturbation
6989a4e910805f5685d700dc,Mass.)
6989a4e910805f5685d700dc,Artist Couples
6989a4e910805f5685d700dd,Bashfulness
6989a4e910805f5685d700dd,Artists
6989a4e910805f5685d700de,Astrology.
6989a4e910805f5685d700de,Law Reports
6989a4e910805f5685d700df,Defense Information
6989a4e910805f5685d700df,Australian
6989a4e910805f5685d700e0,Child Sexual Abuse
6989a4e910805f5685d700e0,Body
6989a4e910805f5685d700e0,Mind
6989a4e910805f5685d700e1,Characters And Characteristics In Literature
6989a4e910805f5685d700e2,History
6989a4e910805f5685d700e3,Fiction
6989a4e910805f5685d700e4,Evangelistic Sermons
6989a4e910805f5685d700e4,Snakes
6989a4e910805f5685d700e5,Fiction
6989a4e910805f5685d700e5,General
6989a4e910805f5685d700e5,Juvenile Fiction
6989a4e910805f5685d700e6,Interpersonal Relations.
6989a4e910805f5685d700e6,Star Trek Films
6989a4e910805f5685d700e7,General
6989a4e910805f5685d700e7,Business
6989a4e910805f5685d700e8,Fiction
6989a4e910805f5685d700e9,Fiction
6989a4e910805f5685d700ea,North Carolina
6989a4e910805f5685d700ea,Oregon
6989a4e910805f5685d700eb,Christian Life
6989a4e910805f5685d700eb,Self-help
6989a4e910805f5685d700ec,General
6989a4e910805f5685d700ed,Battle Of
6989a4e910805f5685d700ed,Baby Roo (fictitious Character)
6989a4e910805f5685d700ee,Snakes
6989a4e910805f5685d700ee,Gynecologists
6989a4e910805f5685d700ef,Fiction
6989a4e910805f5685d700f0,Behavior
6989a4e910805f5685d700f0,Medical
6989a4e910805f5685d700f1,Identity (psychology)
6989a4e910805f5685d700f1,Artistic
6989a4e910805f5685d700f2,Wizards-juvenile Fiction
6989a4e910805f5685d700f2,Women Comedians
6989a4e910805f5685d700f3,Behavior Modification
6989a4e910805f5685d700f3,Money-making Projects For Children
6989a4e910805f5685d700f4,Juvenile Fiction
6989a4e910805f5685d700f5,Archaeology
6989a4e910805f5685d700f5,Cultivated
6989a4e910805f5685d700f6,Fiction
6989a4e910805f5685d700f6,General
6989a4e910805f5685d700f7,Fiction
6989a4e910805f5685d700f7,Adultery
6989a4e910805f5685d700f8,Fiction
6989a4e910805f5685d700f8,General
6989a4e910805f5685d700f8,Social Science
6989a4e910805f5685d700f9,Key West (fla.)
6989a4e910805f5685d700f9,Literature And Society
6989a4e910805f5685d700fa,General
6989a4e910805f5685d700fb,Historic Buildings
6989a4e910805f5685d700fb,Horse Racing
6989a4e910805f5685d700fc,Fiction
6989a4e910805f5685d700fc,General
6989a4e910805f5685d700fc,Juvenile Fiction
6989a4e910805f5685d700fd,Dog Attacks
6989a4e910805f5685d700fd,Motion Pictures
6989a4e910805f5685d700fe,Punjab (india)
6989a4e910805f5685d700fe,Love
6989a4e910805f5685d700ff,Atheletes
6989a4e910805f5685d700ff,Father And Child
6989a4e910805f5685d70100,Executive Power.
6989a4e910805f5685d70100,Cataloging
6989a4e910805f5685d70101,Copenhagen (denmark)
6989a4e910805f5685d70101,Refined
6989a4e910805f5685d70102,Negotiation
6989a4e910805f5685d70102,Soft Toy Making.
6989a4e910805f5685d70103,Abused Children
6989a4e910805f5685d70103,Presidents
6989a4e910805f5685d70104,Children's Dreams
6989a4e910805f5685d70104,Interpersonal Relations.
6989a4e910805f5685d70105,Political Science
6989a4e910805f5685d70105,Cadfael
6989a4e910805f5685d70106,Fiction
6989a4e910805f5685d70106,Music
6989a4e910805f5685d70107,Fiction
6989a4e910805f5685d70108,Fiction
6989a4e910805f5685d70109,Fiction
6989a4e910805f5685d70109,Literary Criticism
6989a4e910805f5685d70109,General
6989a4e910805f5685d7010a,Large Print Books
6989a4e910805f5685d7010a,Cuba
6989a4e910805f5685d7010b,Cuban
6989a4e910805f5685d7010b,Biographers
6989a4e910805f5685d7010c,Applications For Positions
6989a4e910805f5685d7010c,Self-preservation
6989a4e910805f5685d7010d,Children Of Migrant Laborers
6989a4e910805f5685d7010d,Human-alien Encounters
6989a4e910805f5685d7010e,Fantasy Literature
6989a4e910805f5685d7010e,Success
6989a4e910805f5685d7010f,American Literature
6989a4e910805f5685d70110,Executive Departments
6989a4e910805f5685d70110,American Wit And Humor.
6989a4e910805f5685d70111,Predation (biology)
6989a4e910805f5685d70111,Corbett
6989a4e910805f5685d70112,Comics
6989a4e910805f5685d70113,Horse Trainers
6989a4e910805f5685d70113,Furniture
6989a4e910805f5685d70114,Fiction
6989a4e910805f5685d70115,General
6989a4e910805f5685d70116,Fiction
6989a4e910805f5685d70116,Juvenile Nonfiction
6989a4e910805f5685d70116,General
6989a4e910805f5685d70117,Nature
6989a4e910805f5685d70118,Fiction
6989a4e910805f5685d70119,Discernment Of Spirits
6989a4e910805f5685d70119,American Wit And Humor
6989a4e910805f5685d7011a,Language Arts
6989a4e910805f5685d7011b,Courage
6989a4e910805f5685d7011b,Divorce
6989a4e910805f5685d7011c,Families
6989a4e910805f5685d7011c,Humor
6989a4e910805f5685d7011c,Juvenile Fiction
6989a4e910805f5685d7011d,Juvenile Fiction
6989a4e910805f5685d7011e,America
6989a4e910805f5685d7011e,American Dream
6989a4e910805f5685d7011f,Love Spell Historical Romance
6989a4e910805f5685d7011f,Antisemitism
6989a4e910805f5685d70120,Expatriation
6989a4e910805f5685d70120,Single Mothres
6989a4e910805f5685d70121,Juvenile Nonfiction
6989a4e910805f5685d70122,Sports
6989a4e910805f5685d70122,Biography
6989a4e910805f5685d70123,American Literature
6989a4e910805f5685d70124,Congresses And Conventions
6989a4e910805f5685d70124,Frankenstein Films
6989a4e910805f5685d70125,Biography
6989a4e910805f5685d70126,Alleyn
6989a4e910805f5685d70126,Authors And Publishers
6989a4e910805f5685d70127,History
6989a4e910805f5685d70128,Horror Tales
6989a4e910805f5685d70128,Medieval
6989a4e910805f5685d70129,Gothic Novels
6989a4e910805f5685d70129,Time Management
6989a4e910805f5685d7012a,Fiction
6989a4e910805f5685d7012b,Women Astronauts
6989a4e910805f5685d7012b,Betrayal
6989a4e910805f5685d7012c,True Crime
6989a4e910805f5685d7012d,Hate Groups
6989a4e910805f5685d7012d,Self-help
6989a4e910805f5685d7012e,Body Language
6989a4e910805f5685d7012e,Psychoanalysis
6989a4e910805f5685d7012f,Fiction
6989a4e910805f5685d70130,Body
6989a4e910805f5685d70130,Mind
6989a4e910805f5685d70131,Recycling
6989a4e910805f5685d70131,Beagle Expedition
6989a4e910805f5685d70132,History
6989a4e910805f5685d70133,General
6989a4e910805f5685d70134,Admirals
6989a4e910805f5685d70134,Television
6989a4e910805f5685d70135,African Americans
6989a4e910805f5685d70136,General
6989a4e910805f5685d70137,Fiction
6989a4e910805f5685d70138,Dwellings
6989a4e910805f5685d70138,Historians
6989a4e910805f5685d70139,Health
6989a4e910805f5685d7013a,Father And Child
6989a4e910805f5685d7013a,Theology
6989a4e910805f5685d7013b,Berlin
6989a4e910805f5685d7013b,Food Service
6989a4e910805f5685d7013c,Aeronautics
6989a4e910805f5685d7013c,Motherhood
6989a4e910805f5685d7013d,Biography
6989a4e910805f5685d7013d,Fiction
6989a4e910805f5685d7013e,Women Astronauts
6989a4e910805f5685d7013e,Creative Thinking
6989a4e910805f5685d7013f,Study Aids
6989a4e910805f5685d7013f,General
6989a4e910805f5685d70140,Interpersonal Relations.
6989a4e910805f5685d70140,Dakota Indians
6989a4e910805f5685d70141,English Poetry
6989a4e910805f5685d70141,Moore
6989a4e910805f5685d70142,Poetry
6989a4e910805f5685d70142,Education
6989a4e910805f5685d70142,Juvenile Fiction
6989a4e910805f5685d70143,Local Transit
6989a4e910805f5685d70143,Peter (fictitious Character)
6989a4e910805f5685d70144,Child Sexual Abuse
6989a4e910805f5685d70144,General
6989a4e910805f5685d70145,Feminism And Music
6989a4e910805f5685d70145,Birth Control
6989a4e910805f5685d70146,Dream Interpretation
6989a4e910805f5685d70146,Aged Men
6989a4e910805f5685d70147,Fiction
6989a4e910805f5685d70148,Fiction
6989a4e910805f5685d70148,History
6989a4e910805f5685d70149,Sex Instruction For Men
6989a4e910805f5685d70149,Ranchers
6989a4e910805f5685d7014a,Sex (psychology)
6989a4e910805f5685d7014a,Indic Fiction (english)
6989a4e910805f5685d7014b,Međugorje (bosnia And Hercegovina)
6989a4e910805f5685d7014b,Dreams
6989a4e910805f5685d7014c,Fiction
6989a4e910805f5685d7014d,Dakota Territory
6989a4e910805f5685d7014d,Africa
6989a4e910805f5685d7014e,Fiction
6989a4e910805f5685d7014e,General
6989a4e910805f5685d7014f,Education
6989a4e910805f5685d70150,Sniping (military Science)
6989a4e910805f5685d70150,Painting
6989a4e910805f5685d70151,Fiction
6989a4e910805f5685d70151,General
6989a4e910805f5685d70151,Juvenile Fiction
6989a4e910805f5685d70152,Pool (game)
6989a4e910805f5685d70152,Finance
6989a4e910805f5685d70153,Forest Ecology
6989a4e910805f5685d70153,1865
6989a4e910805f5685d70154,Fiction
6989a4e910805f5685d70155,Fiction
6989a4e910805f5685d70155,General
6989a4e910805f5685d70156,Business
6989a4e910805f5685d70156,Biography
6989a4e910805f5685d70156,Political Science
6989a4e910805f5685d70157,General
6989a4e910805f5685d70157,Fiction
6989a4e910805f5685d70157,Business
6989a4e910805f5685d70158,Science
6989a4e910805f5685d70158,General
6989a4e910805f5685d70159,Fiction
6989a4e910805f5685d70159,General
6989a4e910805f5685d70159,Love Stories
6989a4e910805f5685d7015a,Body
6989a4e910805f5685d7015a,Mind
6989a4e910805f5685d7015b,Fiction
6989a4e910805f5685d7015c,English Fiction
6989a4e910805f5685d7015c,Travel
6989a4e910805f5685d7015c,Fiction
6989a4e910805f5685d7015d,Industrial Management
6989a4e910805f5685d7015d,Genius
6989a4e910805f5685d7015e,Fiction
6989a4e910805f5685d7015e,Games
6989a4e910805f5685d7015f,Brothers
6989a4e910805f5685d7015f,Radio
6989a4e910805f5685d70160,Man-woman Relationships
6989a4e910805f5685d70160,Northern Exposure (television Program)
6989a4e910805f5685d70161,History
6989a4e910805f5685d70162,Fiction
6989a4e910805f5685d70163,Australia
6989a4e910805f5685d70163,Color In Interior Decoration
6989a4e910805f5685d70164,Biography
6989a4e910805f5685d70165,Names
6989a4e910805f5685d70165,Burma
6989a4e910805f5685d70166,Child Rearing
6989a4e910805f5685d70166,John Thomas (fictitious Character)
6989a4e910805f5685d70167,Mission Of The Church
6989a4e910805f5685d70167,Study Aids
6989a4e910805f5685d70168,Literary Collections
6989a4e910805f5685d70169,American Fiction
6989a4e910805f5685d70169,Fiction
6989a4e910805f5685d7016a,Gays
6989a4e910805f5685d7016a,Chicago (ill.)
6989a4e910805f5685d7016b,Amish
6989a4e910805f5685d7016b,Calder Family (fictitious Characters)
6989a4e910805f5685d7016c,Self-help
6989a4e910805f5685d7016d,Adultery
6989a4e910805f5685d7016d,Deaf
6989a4e910805f5685d7016e,Fiction
6989a4e910805f5685d7016e,Juvenile Fiction
6989a4e910805f5685d7016f,Fiction
6989a4e910805f5685d70170,Social Science
6989a4e910805f5685d70171,Autographs
6989a4e910805f5685d70171,Motherhood
6989a4e910805f5685d70172,Fiction
6989a4e910805f5685d70172,General
6989a4e910805f5685d70173,Body
6989a4e910805f5685d70173,Mind
6989a4e910805f5685d70174,Fiction
6989a4e910805f5685d70174,General
6989a4e910805f5685d70174,Juvenile Fiction
6989a4e910805f5685d70175,Religion
6989a4e910805f5685d70176,General
6989a4e910805f5685d70177,Assertiveness (psychology)
6989a4e910805f5685d70177,Greek
6989a4e910805f5685d70178,Gift Books
6989a4e910805f5685d70178,Motherhood
6989a4e910805f5685d70179,General
6989a4e910805f5685d7017a,Questions And Answers
6989a4e910805f5685d7017a,Gynecologists
6989a4e910805f5685d7017b,1861-1865 Fiction
6989a4e910805f5685d7017b,Beauty
6989a4e910805f5685d7017c,Second Advent
6989a4e910805f5685d7017c,Abusive Men
6989a4e910805f5685d7017d,Theology
6989a4e910805f5685d7017d,Guinea Pigs
6989a4e910805f5685d7017e,Horror Films
6989a4e910805f5685d7017e,Theology
6989a4e910805f5685d7017f,Devil
6989a4e910805f5685d7017f,Children's Libraries
6989a4e910805f5685d70180,Nature
6989a4e910805f5685d70181,Body
6989a4e910805f5685d70181,Mind
6989a4e910805f5685d70182,Booksellers And Bookselling
6989a4e910805f5685d70182,Fantasy Fiction
6989a4e910805f5685d70183,Netherlands
6989a4e910805f5685d70183,Fiction
6989a4e910805f5685d70183,Alienation (social Psychology)
6989a4e910805f5685d70184,Forensic Scientists
6989a4e910805f5685d70184,Ship Registers
6989a4e910805f5685d70185,Cassidy
6989a4e910805f5685d70185,Celebrities
6989a4e910805f5685d70186,General
6989a4e910805f5685d70187,Architecture
6989a4e910805f5685d70187,Boston (mass.)
6989a4e910805f5685d70188,Fiction
6989a4e910805f5685d70188,Foreign Language Study
6989a4e910805f5685d70189,Escort Automobile
6989a4e910805f5685d70189,Survival
6989a4e910805f5685d7018a,Fiction
6989a4e910805f5685d7018b,General
6989a4e910805f5685d7018b,Audiobooks
6989a4e910805f5685d7018b,Fiction
6989a4e910805f5685d7018c,Juvenile Fiction
6989a4e910805f5685d7018c,Health
6989a4e910805f5685d7018c,Business
6989a4e910805f5685d7018d,General
6989a4e910805f5685d7018e,Discernment Of Spirits
6989a4e910805f5685d7018e,Scotland
6989a4e910805f5685d7018f,Predation (biology)
6989a4e910805f5685d7018f,Fiction
6989a4e910805f5685d70190,Fiction
6989a4e910805f5685d70191,Mack (fictitious Character)
6989a4e910805f5685d70191,Nuns
6989a4e910805f5685d70192,Juvenile Fiction
6989a4e910805f5685d70193,True Crime
6989a4e910805f5685d70193,Health
6989a4e910805f5685d70193,Biography
6989a4e910805f5685d70194,Fiction
6989a4e910805f5685d70194,Children's Literature
6989a4e910805f5685d70194,General
6989a4e910805f5685d70195,Caricatures And Cartoons
6989a4e910805f5685d70195,Cameras
6989a4e910805f5685d70196,American Literature
6989a4e910805f5685d70197,General
6989a4e910805f5685d70198,Territorial Waters
6989a4e910805f5685d70198,Biology
6989a4e910805f5685d70199,African Americans
6989a4e910805f5685d7019a,Fiction
6989a4e910805f5685d7019a,Young Adult Fiction
6989a4e910805f5685d7019b,General
6989a4e910805f5685d7019b,Biography
6989a4e910805f5685d7019b,Juvenile Fiction
6989a4e910805f5685d7019c,Renaissance
6989a4e910805f5685d7019c,Cultivated
6989a4e910805f5685d7019d,Fiction
6989a4e910805f5685d7019d,General
6989a4e910805f5685d7019d,Social Science
6989a4e910805f5685d7019e,Insurgency
6989a4e910805f5685d7019e,Bedtime
6989a4e910805f5685d7019f,Eminent Domain
6989a4e910805f5685d7019f,China
6989a4e910805f5685d701a0,Fiction
6989a4e910805f5685d701a1,Fiction
6989a4e910805f5685d701a1,Literary Criticism
6989a4e910805f5685d701a1,General
6989a4e910805f5685d701a2,General
6989a4e910805f5685d701a2,Europe
6989a4e910805f5685d701a2,Health
6989a4e910805f5685d701a3,True Crime
6989a4e910805f5685d701a4,Pool (game)
6989a4e910805f5685d701a4,Malone
6989a4e910805f5685d701a5,Body
6989a4e910805f5685d701a5,Mind
6989a4e910805f5685d701a6,Literary Criticism
6989a4e910805f5685d701a7,Voyages Around The World
6989a4e910805f5685d701a7,2003-
6989a4e910805f5685d701a8,Autobiographical Fiction
6989a4e910805f5685d701a8,Međugorje (bosnia And Hercegovina)
6989a4e910805f5685d701a9,Baseball Stories
6989a4e910805f5685d701a9,Commercial Crimes
6989a4e910805f5685d701aa,Jewelers
6989a4e910805f5685d701aa,Families
6989a4e910805f5685d701ab,Fiction
6989a4e910805f5685d701ab,General
6989a4e910805f5685d701ac,Fiction
6989a4e910805f5685d701ac,History
6989a4e910805f5685d701ad,Body
6989a4e910805f5685d701ad,Mind
6989a4e910805f5685d701ae,Alzheimer's Disease
6989a4e910805f5685d701ae,Gardening
6989a4e910805f5685d701af,Biography
6989a4e910805f5685d701b0,Strips
6989a4e910805f5685d701b0,Honor
6989a4e910805f5685d701b1,Fantasy Games
6989a4e910805f5685d701b1,New Market
6989a4e910805f5685d701b2,Southern States
6989a4e910805f5685d701b2,Talking Books
6989a4e910805f5685d701b3,Children's Plays
6989a4e910805f5685d701b3,Promptbooks
6989a4e910805f5685d701b4,American Wit And Humor
6989a4e910805f5685d701b4,Amnesiacs
6989a4e910805f5685d701b5,Grammar
6989a4e910805f5685d701b5,Akenfield (england)
6989a4e910805f5685d701b6,Fiction
6989a4e910805f5685d701b7,Self-actualization (psychology)
6989a4e910805f5685d701b7,Fishes
6989a4e910805f5685d701b8,African American Women
6989a4e910805f5685d701b8,Digests
6989a4e910805f5685d701b9,Human-computer Interaction
6989a4e910805f5685d701b9,Art Thefts
6989a4e910805f5685d701ba,Fiction
6989a4e910805f5685d701ba,Body
6989a4e910805f5685d701ba,Mind
6989a4e910805f5685d701bb,Devil
6989a4e910805f5685d701bb,Nature
6989a4e910805f5685d701bc,Comics
6989a4e910805f5685d701bd,Islam
6989a4e910805f5685d701bd,Fiction
6989a4e910805f5685d701be,Sermons
6989a4e910805f5685d701be,African-american Soldiers
6989a4e910805f5685d701bf,Christian Fiction
6989a4e910805f5685d701bf,Buffy The Vampire Slayer (fictitious Character)
6989a4e910805f5685d701c0,Battle Of
6989a4e910805f5685d701c0,West
6989a4e910805f5685d701c1,Fiction
6989a4e910805f5685d701c1,Medical
6989a4e910805f5685d701c1,Literary Criticism
6989a4e910805f5685d701c2,Browne
6989a4e910805f5685d701c2,Marine Biology
6989a4e910805f5685d701c3,Self-realization In Women
6989a4e910805f5685d701c3,Juvenile Fiction
6989a4e910805f5685d701c4,Fiction
6989a4e910805f5685d701c4,General
6989a4e910805f5685d701c5,Fiction
6989a4e910805f5685d701c6,Argentine Fiction
6989a4e910805f5685d701c6,Sculpture
6989a4e910805f5685d701c7,General
6989a4e910805f5685d701c8,General
6989a4e910805f5685d701c9,Psychoanalysis
6989a4e910805f5685d701c9,Antiquities.
6989a4e910805f5685d701ca,Glass Craft
6989a4e910805f5685d701ca,N.y.)
6989a4e910805f5685d701cb,Applications For Positions
6989a4e910805f5685d701cb,Continental Drift
6989a4e910805f5685d701cc,Motels
6989a4e910805f5685d701cc,Church And Social Problems
6989a4e910805f5685d701cd,Business
6989a4e910805f5685d701cd,Leisure Class
6989a4e910805f5685d701cd,Fiction
6989a4e910805f5685d701ce,Fiction
6989a4e910805f5685d701cf,Acrobats
6989a4e910805f5685d701cf,Augustine
6989a4e910805f5685d701d0,Dentists
6989a4e910805f5685d701d0,Labor Day
6989a4e910805f5685d701d1,Bartholomew
6989a4e910805f5685d701d1,Captiva Island (fla.)
6989a4e910805f5685d701d2,Fiction
6989a4e910805f5685d701d2,Juvenile Fiction
6989a4e910805f5685d701d2,General
6989a4e910805f5685d701d3,Biography
6989a4e910805f5685d701d3,Anti-clericalism
6989a4e910805f5685d701d3,General
6989a4e910805f5685d701d4,Survival
6989a4e910805f5685d701d4,Beany (fictitious Character)
6989a4e910805f5685d701d5,Fiction
6989a4e910805f5685d701d5,General
6989a4e910805f5685d701d6,Biography
6989a4e910805f5685d701d6,Bibles
6989a4e910805f5685d701d6,Fiction
6989a4e910805f5685d701d7,Spanish
6989a4e910805f5685d701d7,1800-1815
6989a4e910805f5685d701d8,Electronic Books
6989a4e910805f5685d701d8,Engineers
6989a4e910805f5685d701d9,Juvenile Fiction
6989a4e910805f5685d701da,Fiction
6989a4e910805f5685d701db,Fiction
6989a4e910805f5685d701db,Adultery
6989a4e910805f5685d701db,Amish
6989a4e910805f5685d701dc,China
6989a4e910805f5685d701dc,Drummers (musicians)
6989a4e910805f5685d701dd,Engineers
6989a4e910805f5685d701dd,Amber (imaginary Place)
6989a4e910805f5685d701de,Cooking
6989a4e910805f5685d701df,Horror Tales
6989a4e910805f5685d701df,Kentucky
6989a4e910805f5685d701e0,African-american Soldiers
6989a4e910805f5685d701e0,Basketball For Women
6989a4e910805f5685d701e1,Fiction
6989a4e910805f5685d701e2,Fiction
6989a4e910805f5685d701e2,General
6989a4e910805f5685d701e3,Fiction
6989a4e910805f5685d701e4,Acculturation
6989a4e910805f5685d701e4,Gift Books
6989a4e910805f5685d701e5,Audiobooks
6989a4e910805f5685d701e5,Honesty
6989a4e910805f5685d701e6,African American Musicians
6989a4e910805f5685d701e6,Young Adult Nonfiction
6989a4e910805f5685d701e7,Fiction
6989a4e910805f5685d701e8,Fiction
6989a4e910805f5685d701e8,Juvenile Fiction
6989a4e910805f5685d701e8,English Fiction
6989a4e910805f5685d701e9,Vampires
6989a4e910805f5685d701e9,Missionary Stories
6989a4e910805f5685d701ea,Sports
6989a4e910805f5685d701ea,Nature
6989a4e910805f5685d701eb,Body
6989a4e910805f5685d701eb,Mind
6989a4e910805f5685d701eb,Literary Collections
6989a4e910805f5685d701ec,Fiction
6989a4e910805f5685d701ec,General
6989a4e910805f5685d701ec,Back Bay (boston
6989a4e910805f5685d701ed,Dyslexic Children
6989a4e910805f5685d701ed,Consumption (economics)
6989a4e910805f5685d701ee,Literary Criticism
6989a4e910805f5685d701ef,Adventure
6989a4e910805f5685d701ef,Female
6989a4e910805f5685d701f0,Child Development
6989a4e910805f5685d701f0,Tiger
6989a4e910805f5685d701f1,Fiction
6989a4e910805f5685d701f1,General
6989a4e910805f5685d701f1,Juvenile Fiction
6989a4e910805f5685d701f2,Greek
6989a4e910805f5685d701f2,Iguana (genus)
6989a4e910805f5685d701f3,Religion
6989a4e910805f5685d701f3,Apologetics
6989a4e910805f5685d701f3,Juvenile Nonfiction
6989a4e910805f5685d701f4,Generals
6989a4e910805f5685d701f4,Gay Men
6989a4e910805f5685d701f5,Families
6989a4e910805f5685d701f5,Iwo Jima
6989a4e910805f5685d701f6,General
6989a4e910805f5685d701f6,Body
6989a4e910805f5685d701f6,Mind
6989a4e910805f5685d701f7,Fiction
6989a4e910805f5685d701f7,General
6989a4e910805f5685d701f7,Young Adult Fiction
6989a4e910805f5685d701f8,Fiction
6989a4e910805f5685d701f8,General
6989a4e910805f5685d701f8,History
6989a4e910805f5685d701f9,Enlightenment
6989a4e910805f5685d701f9,Canvas Embroidery
6989a4e910805f5685d701fa,Aging
6989a4e910805f5685d701fa,Bonsai
6989a4e910805f5685d701fb,Best Books
6989a4e910805f5685d701fb,Food
6989a4e910805f5685d701fc,Biology
6989a4e910805f5685d701fc,Carter
6989a4e910805f5685d701fd,Science
6989a4e910805f5685d701fe,Juvenile Fiction
6989a4e910805f5685d701ff,Biography
6989a4e910805f5685d70200,Recycling
6989a4e910805f5685d70200,Gay Erotic Photography
6989a4e910805f5685d70201,Biography
6989a4e910805f5685d70201,General
6989a4e910805f5685d70202,Board Books
6989a4e910805f5685d70202,Belgium
6989a4e910805f5685d70203,Body
6989a4e910805f5685d70203,Mind
6989a4e910805f5685d70204,Fiction
6989a4e910805f5685d70205,Fiction
6989a4e910805f5685d70206,Content Area Reading
6989a4e910805f5685d70206,Baby Roo (fictitious Character)
6989a4e910805f5685d70207,Escort Automobile
6989a4e910805f5685d70207,Paranormal Romance Stories
6989a4e910805f5685d70208,Curiosities And Wonders
6989a4e910805f5685d70208,Body Language
6989a4e910805f5685d70209,Fiction
6989a4e910805f5685d7020a,Menopause
6989a4e910805f5685d7020a,Mongolia
6989a4e910805f5685d7020b,Adult Children Of Alcoholics
6989a4e910805f5685d7020b,Celtic Church
6989a4e910805f5685d7020c,History
6989a4e910805f5685d7020d,Drugs
6989a4e910805f5685d7020d,Self-preservation
6989a4e910805f5685d7020e,Body
6989a4e910805f5685d7020e,Mind
6989a4e910805f5685d7020f,Fiction
6989a4e910805f5685d70210,Cemeteries
6989a4e910805f5685d70210,Good And Evil
6989a4e910805f5685d70211,Cooking
6989a4e910805f5685d70212,Arab-israeli Conflict
6989a4e910805f5685d70212,Captiva Island (fla.)
6989a4e910805f5685d70213,Fantasy Fiction
6989a4e910805f5685d70213,Anti-clericalism
6989a4e910805f5685d70214,Fiction
6989a4e910805f5685d70214,American Literature
6989a4e910805f5685d70214,Literary Collections
6989a4e910805f5685d70215,Colombia
6989a4e910805f5685d70216,In The Bleak Midwinter (motion Picture)
6989a4e910805f5685d70216,Etiquette
6989a4e910805f5685d70217,Soft Drink Industry
6989a4e910805f5685d70217,Discernment Of Spirits
6989a4e910805f5685d70218,Fiction
6989a4e910805f5685d70218,General
6989a4e910805f5685d70219,Talking Books
6989a4e910805f5685d70219,Amerikaanse Fiksie
6989a4e910805f5685d7021a,Fiction
6989a4e910805f5685d7021a,General
6989a4e910805f5685d7021a,Inheritance And Succession
6989a4e910805f5685d7021b,General
6989a4e910805f5685d7021b,Fiction
6989a4e910805f5685d7021c,Nursery Schools
6989a4e910805f5685d7021c,Amnesiacs
6989a4e910805f5685d7021d,American Wit And Humor
6989a4e910805f5685d7021e,Man-woman Relationships
6989a4e910805f5685d7021e,Session Laws
6989a4e910805f5685d7021f,Drama
6989a4e910805f5685d70220,Fiction
6989a4e910805f5685d70220,General
6989a4e910805f5685d70220,Travel
6989a4e910805f5685d70221,Christian Women
6989a4e910805f5685d70221,Devotional Calendars.
6989a4e910805f5685d70222,Fiction
6989a4e910805f5685d70223,Fiction
6989a4e910805f5685d70223,General
6989a4e910805f5685d70224,Fiction
6989a4e910805f5685d70224,General
6989a4e910805f5685d70224,Pets
6989a4e910805f5685d70225,Genius
6989a4e910805f5685d70225,Baby Roo (fictitious Character)
6989a4e910805f5685d70226,Fiction
6989a4e910805f5685d70226,General
6989a4e910805f5685d70226,Juvenile Fiction
6989a4e910805f5685d70227,Juvenile Fiction
6989a4e910805f5685d70228,Czech Americans
6989a4e910805f5685d70228,Bashfulness
6989a4e910805f5685d70229,American Drama
6989a4e910805f5685d70229,Investments
6989a4e910805f5685d7022a,Self-help
6989a4e910805f5685d7022a,Body
6989a4e910805f5685d7022a,Mind
6989a4e910805f5685d7022b,Fiction
6989a4e910805f5685d7022b,Literary Criticism
6989a4e910805f5685d7022c,General
6989a4e910805f5685d7022d,Fiction
6989a4e910805f5685d7022e,Bones
6989a4e910805f5685d7022e,Science
6989a4e910805f5685d7022f,Drama
6989a4e910805f5685d70230,Healing
6989a4e910805f5685d70230,Hay Fever
6989a4e910805f5685d70231,General
6989a4e910805f5685d70231,Fiction
6989a4e910805f5685d70231,Juvenile Fiction
6989a4e910805f5685d70232,Juvenile Fiction
6989a4e910805f5685d70233,Cooking
6989a4e910805f5685d70234,Health
6989a4e910805f5685d70234,Humor
6989a4e910805f5685d70235,Fiction
6989a4e910805f5685d70235,General
6989a4e910805f5685d70235,History
6989a4e910805f5685d70236,Attempted Murder
6989a4e910805f5685d70236,Bereavement
6989a4e910805f5685d70237,Autobiographical Fiction
6989a4e910805f5685d70237,Nobility
6989a4e910805f5685d70238,Current Events
6989a4e910805f5685d70238,Amber (imaginary Place)
6989a4e910805f5685d70239,Man-woman Relationships
6989a4e910805f5685d70239,Flags
6989a4e910805f5685d7023a,Fiction
6989a4e910805f5685d7023a,Voyages Around The World
6989a4e910805f5685d7023b,Colombo (sri Lanka)
6989a4e910805f5685d7023b,Holiness
6989a4e910805f5685d7023c,Fiction
6989a4e910805f5685d7023d,True Crime
6989a4e910805f5685d7023e,Manitoba
6989a4e910805f5685d7023e,Alleyn
6989a4e910805f5685d7023f,General
6989a4e910805f5685d70240,Life
6989a4e910805f5685d70240,Graphic Novels
6989a4e910805f5685d70241,Jeunesse - Usage Des Drogues - Californie
6989a4e910805f5685d70241,Free Enterprise
6989a4e910805f5685d70242,Fiction
6989a4e910805f5685d70243,Diazepam
6989a4e910805f5685d70243,Rama (imaginary Space Vehicle)
6989a4e910805f5685d70244,Publishers' Catalogs
6989a4e910805f5685d70245,Fiction
6989a4e910805f5685d70245,Psychology
6989a4e910805f5685d70245,Arctic Regions
6989a4e910805f5685d70246,American Periodicals
6989a4e910805f5685d70246,Dreams
6989a4e910805f5685d70247,Foreign Language Study
6989a4e910805f5685d70247,Literary Criticism
6989a4e910805f5685d70248,Compulsive Behavior
6989a4e910805f5685d70248,Language Experience Approach In Education
6989a4e910805f5685d70249,Ghost Stories
6989a4e910805f5685d70249,American
6989a4e910805f5685d7024a,Self-help
6989a4e910805f5685d7024b,China
6989a4e910805f5685d7024b,Dating (social Customs)
6989a4e910805f5685d7024c,True Crime
6989a4e910805f5685d7024d,Fiction
6989a4e910805f5685d7024d,History
6989a4e910805f5685d7024d,Juvenile Fiction
6989a4e910805f5685d7024e,Brothers And Sisters
6989a4e910805f5685d7024e,Identity (psychology)
6989a4e910805f5685d7024f,Religion
6989a4e910805f5685d7024f,Business
6989a4e910805f5685d70250,Juvenile Fiction
6989a4e910805f5685d70251,Horn Carving
6989a4e910805f5685d70251,Brooklyn (new York
6989a4e910805f5685d70252,Astral Projection
6989a4e910805f5685d70252,Household Ecology
6989a4e910805f5685d70253,Healing
6989a4e910805f5685d70253,Fires
6989a4e910805f5685d70254,Adoption
6989a4e910805f5685d70254,Aunts
6989a4e910805f5685d70255,General
6989a4e910805f5685d70256,Radio Broadcasting
6989a4e910805f5685d70256,Texas
6989a4e910805f5685d70257,Power (social Sciences)
6989a4e910805f5685d70257,Class Actions (civil Procedure)
6989a4e910805f5685d70258,General
6989a4e910805f5685d70259,Fiction
6989a4e910805f5685d70259,General
6989a4e910805f5685d7025a,Fiction
6989a4e910805f5685d7025a,Psychology
6989a4e910805f5685d7025b,Negotiation
6989a4e910805f5685d7025b,Horn Carving
6989a4e910805f5685d7025c,Reading
6989a4e910805f5685d7025c,Colombo (sri Lanka)
6989a4e910805f5685d7025d,Fiction
6989a4e910805f5685d7025e,Hope
6989a4e910805f5685d7025e,Classical Literature
6989a4e910805f5685d7025f,Aardvark
6989a4e910805f5685d7025f,Amusements
6989a4e910805f5685d70260,Physicians
6989a4e910805f5685d70260,Ethics
6989a4e910805f5685d70261,Paperbacks
6989a4e910805f5685d70261,Animal Ark (imaginary Organization)
6989a4e910805f5685d70262,Fiction
6989a4e910805f5685d70262,General
6989a4e910805f5685d70263,Fiction
6989a4e910805f5685d70264,Atheletes
6989a4e910805f5685d70264,Adobe Photoshop
6989a4e910805f5685d70265,Architecture
6989a4e910805f5685d70265,Vendetta
6989a4e910805f5685d70266,History
6989a4e910805f5685d70267,Fiction
6989a4e910805f5685d70268,Science Fiction.
6989a4e910805f5685d70268,Fantastic Literature
6989a4e910805f5685d70269,Women Authors
6989a4e910805f5685d70269,Divorce
6989a4e910805f5685d7026a,Crossword Puzzle Makers
6989a4e910805f5685d7026a,Japanese Americans
6989a4e910805f5685d7026b,Calculus
6989a4e910805f5685d7026b,Children's Plays
6989a4e910805f5685d7026c,Copyright
6989a4e910805f5685d7026c,Canvas Embroidery
6989a4e910805f5685d7026d,Antinuclear Movement
6989a4e910805f5685d7026d,Violin
6989a4e910805f5685d7026e,Antitrust Law
6989a4e910805f5685d7026e,Sex Instruction
6989a4e910805f5685d7026f,Casinos
6989a4e910805f5685d7026f,Arthritis
6989a4e910805f5685d70270,Fiction
6989a4e910805f5685d70270,General
6989a4e910805f5685d70271,Labor Day
6989a4e910805f5685d70271,French Fiction
6989a4e910805f5685d70272,General
6989a4e910805f5685d70272,Fiction
6989a4e910805f5685d70273,Agriculture
6989a4e910805f5685d70273,Sub-saharan
6989a4e910805f5685d70274,Canadian Periodicals
6989a4e910805f5685d70274,Western Stories
6989a4e910805f5685d70275,Fiction
6989a4e910805f5685d70276,Comics
6989a4e910805f5685d70277,Business
6989a4e910805f5685d70277,General
6989a4e910805f5685d70277,Detective And Mystery Stories
6989a4e910805f5685d70278,Fiction
6989a4e910805f5685d70279,Popular Literature
6989a4e910805f5685d70279,1865
6989a4e910805f5685d7027a,Ethics
6989a4e910805f5685d7027a,Halloween
6989a4e910805f5685d7027b,Astral Projection
6989a4e910805f5685d7027b,Acid Rain
6989a4e910805f5685d7027c,Biography
6989a4e910805f5685d7027c,Nature
6989a4e910805f5685d7027c,General
6989a4e910805f5685d7027d,Juvenile Fiction
6989a4e910805f5685d7027e,Fiction
6989a4e910805f5685d7027e,General
6989a4e910805f5685d7027f,Personnel Management
6989a4e910805f5685d7027f,Aran Islands (ireland)
6989a4e910805f5685d70280,Poetry
6989a4e910805f5685d70280,Fiction
6989a4e910805f5685d70281,Fiction
6989a4e910805f5685d70282,Cooking
6989a4e910805f5685d70282,Rational Emotive Behavior Therapy
6989a4e910805f5685d70283,American Dream
6989a4e910805f5685d70283,Foreign Language Study
6989a4e910805f5685d70283,Fiction
6989a4e910805f5685d70284,General
6989a4e910805f5685d70285,Fiction
6989a4e910805f5685d70286,General
6989a4e910805f5685d70287,Historical Fiction
6989a4e910805f5685d70288,Assassination
6989a4e910805f5685d70288,United States
6989a4e910805f5685d70289,Moore
6989a4e910805f5685d70289,Blair Witch Project (motion Picture)
6989a4e910805f5685d7028a,Fiction
6989a4e910805f5685d7028a,General
6989a4e910805f5685d7028b,Economics
6989a4e910805f5685d7028b,Arctic Regions
6989a4e910805f5685d7028c,Fiction
6989a4e910805f5685d7028d,Fiction
6989a4e910805f5685d7028d,Tibet (china)
6989a4e910805f5685d7028e,Animal Behavior
6989a4e910805f5685d7028e,Appomattox Campaign
6989a4e910805f5685d7028f,Marriage Proposals
6989a4e910805f5685d7028f,Commercial Crimes
6989a4e910805f5685d70290,Biography
6989a4e910805f5685d70290,Sports
6989a4e910805f5685d70291,Fiction
6989a4e910805f5685d70292,English Fiction
6989a4e910805f5685d70292,Fiction
6989a4e910805f5685d70292,General
6989a4e910805f5685d70293,Self-realization
6989a4e910805f5685d70293,Antinuclear Movement
6989a4e910805f5685d70294,Fiction
6989a4e910805f5685d70294,General
6989a4e910805f5685d70294,Education
6989a4e910805f5685d70295,Business Ethics
6989a4e910805f5685d70295,Florida
6989a4e910805f5685d70296,Fiction
6989a4e910805f5685d70297,Business
6989a4e910805f5685d70297,Atomic Bomb
6989a4e910805f5685d70298,Fiction
6989a4e910805f5685d70298,General
6989a4e910805f5685d70298,Religion
6989a4e910805f5685d70299,Travel
6989a4e910805f5685d70299,Criticism
6989a4e910805f5685d7029a,Fiction
6989a4e910805f5685d7029a,Science Fiction
6989a4e910805f5685d7029a,British
6989a4e910805f5685d7029b,Best Books
6989a4e910805f5685d7029b,Children's Literature
6989a4e910805f5685d7029c,Education
6989a4e910805f5685d7029d,Fiction
6989a4e910805f5685d7029e,Education
6989a4e910805f5685d7029e,History
6989a4e910805f5685d7029f,History
6989a4e910805f5685d7029f,Juvenile Fiction
6989a4e910805f5685d702a0,Family
6989a4e910805f5685d702a1,Heavy Metal (music)
6989a4e910805f5685d702a1,Castro (san Francisco
6989a4e910805f5685d702a2,Fiction
6989a4e910805f5685d702a3,Fiction
6989a4e910805f5685d702a3,General
6989a4e910805f5685d702a3,Biography
6989a4e910805f5685d702a4,Epic Poetry
6989a4e910805f5685d702a4,Colorado
6989a4e910805f5685d702a5,Fantastic Fiction.
6989a4e910805f5685d702a5,Time Management
6989a4e910805f5685d702a6,Statues
6989a4e910805f5685d702a6,Hinduism
6989a4e910805f5685d702a7,True Crime
6989a4e910805f5685d702a8,Ranches
6989a4e910805f5685d702a8,Life Cycle
6989a4e910805f5685d702a9,Children's Plays
6989a4e910805f5685d702a9,Christmas
6989a4e910805f5685d702aa,Fiction
6989a4e910805f5685d702aa,General
6989a4e910805f5685d702ab,Québec (province)
6989a4e910805f5685d702ac,Juvenile Fiction
6989a4e910805f5685d702ac,High School Students
6989a4e910805f5685d702ad,Fiction
6989a4e910805f5685d702ad,General
6989a4e910805f5685d702ad,Travel
6989a4e910805f5685d702ae,Abandoned Children
6989a4e910805f5685d702ae,Animal Communication
6989a4e910805f5685d702af,Dragons
6989a4e910805f5685d702b0,London (england)
6989a4e910805f5685d702b0,Pictorial
6989a4e910805f5685d702b1,Fiction
6989a4e910805f5685d702b2,Music
6989a4e910805f5685d702b3,Adultery
6989a4e910805f5685d702b4,Dating (social Customs)
6989a4e910805f5685d702b4,Frontier And Pioneer Life
6989a4e910805f5685d702b5,Sermons
6989a4e910805f5685d702b5,Automobile Travel
6989a4e910805f5685d702b6,Literary Criticism
6989a4e910805f5685d702b6,Biography
6989a4e910805f5685d702b7,Deaf Gay Men
6989a4e910805f5685d702b7,Literatura Contemporánea
6989a4e910805f5685d702b8,Alleyn
6989a4e910805f5685d702b8,Nigeria
6989a4e910805f5685d702b9,General
6989a4e910805f5685d702ba,Fiction
6989a4e910805f5685d702ba,Music
6989a4e910805f5685d702ba,Body
6989a4e910805f5685d702bb,Baseball
6989a4e910805f5685d702bb,Dream Interpretation
6989a4e910805f5685d702bc,Fiction
6989a4e910805f5685d702bc,Juvenile Fiction
6989a4e910805f5685d702bc,General
6989a4e910805f5685d702bd,Earp
6989a4e910805f5685d702bd,Dating (social Customs)
6989a4e910805f5685d702be,Country Life
6989a4e910805f5685d702be,Islam
6989a4e910805f5685d702bf,Fiction
6989a4e910805f5685d702bf,General
6989a4e910805f5685d702bf,Literary Collections
6989a4e910805f5685d702c0,Law Reports
6989a4e910805f5685d702c0,Jackrabbits
6989a4e910805f5685d702c1,Yoga
6989a4e910805f5685d702c1,Women Painters
6989a4e910805f5685d702c2,Fiction
6989a4e910805f5685d702c2,History
6989a4e910805f5685d702c2,True Crime
6989a4e910805f5685d702c3,Human-computer Interaction
6989a4e910805f5685d702c3,Juvenile Fiction
6989a4e910805f5685d702c4,Bars (drinking Establishments)
6989a4e910805f5685d702c4,Iraq War
6989a4e910805f5685d702c5,Fiction
6989a4e910805f5685d702c5,General
6989a4e910805f5685d702c5,Bronté́
6989a4e910805f5685d702c6,Fiction
6989a4e910805f5685d702c7,Upper Class
6989a4e910805f5685d702c7,Beagle Expedition
6989a4e910805f5685d702c8,Erotic Literature
6989a4e910805f5685d702c8,Arab-israeli Conflict
6989a4e910805f5685d702c9,General
6989a4e910805f5685d702ca,Fiction
6989a4e910805f5685d702cb,Adoption
6989a4e910805f5685d702cb,Heavy Metal (music)
6989a4e910805f5685d702cc,Opera
6989a4e910805f5685d702cc,Film Novelizations
6989a4e910805f5685d702cd,Performing Arts
6989a4e910805f5685d702ce,Business Ethics
6989a4e910805f5685d702ce,Comic Fantasy
6989a4e910805f5685d702cf,Fiction
6989a4e910805f5685d702cf,General
6989a4e910805f5685d702d0,History
6989a4e910805f5685d702d0,Fiction
6989a4e910805f5685d702d1,Fiction
6989a4e910805f5685d702d1,General
6989a4e910805f5685d702d1,True Crime
6989a4e910805f5685d702d2,Crossword Puzzles
6989a4e910805f5685d702d2,Science
6989a4e910805f5685d702d3,Diazepam
6989a4e910805f5685d702d3,Jammu And Kashmir (india)
6989a4e910805f5685d702d4,Comics
6989a4e910805f5685d702d4,Biography
6989a4e910805f5685d702d4,Science
6989a4e910805f5685d702d5,Fiction
6989a4e910805f5685d702d5,General
6989a4e910805f5685d702d6,Change (psychology)
6989a4e910805f5685d702d6,Knowledge
6989a4e910805f5685d702d7,Tiger
6989a4e910805f5685d702d7,Games
6989a4e910805f5685d702d8,Angels
6989a4e910805f5685d702d8,Motherhood
6989a4e910805f5685d702d9,Poetry
6989a4e910805f5685d702d9,General
6989a4e910805f5685d702da,Light
6989a4e910805f5685d702da,Power (social Sciences)
6989a4e910805f5685d702db,French
6989a4e910805f5685d702db,Fantasy Games
6989a4e910805f5685d702dc,Biographers
6989a4e910805f5685d702dc,Rabbits
6989a4e910805f5685d702dd,Competition
6989a4e910805f5685d702dd,Quick And Easy Cooking
6989a4e910805f5685d702de,Religion
6989a4e910805f5685d702df,Fiction
6989a4e910805f5685d702df,General
6989a4e910805f5685d702df,Self-help
6989a4e910805f5685d702e0,Wyatt
6989a4e910805f5685d702e0,Women And Religion
6989a4e910805f5685d702e1,Fiction
6989a4e910805f5685d702e2,Canadian Periodicals
6989a4e910805f5685d702e2,Maternal.
6989a4e910805f5685d702e3,Spirit Writings
6989a4e910805f5685d702e3,Karate
6989a4e910805f5685d702e4,Berlin (germany)
6989a4e910805f5685d702e4,Birds
6989a4e910805f5685d702e5,Bartholomew
6989a4e910805f5685d702e5,Deaf
6989a4e910805f5685d702e6,Fiction
6989a4e910805f5685d702e6,General
6989a4e910805f5685d702e6,Animal Behavior
6989a4e910805f5685d702e7,Diabetes
6989a4e910805f5685d702e7,Soldiers
6989a4e910805f5685d702e8,Bridegrooms
6989a4e910805f5685d702e8,Narnia (imaginary Place)
6989a4e910805f5685d702e9,Behavior Modification
6989a4e910805f5685d702e9,Captain Underpants (fictitious Character)
6989a4e910805f5685d702ea,Reading Comprehension
6989a4e910805f5685d702ea,Criminal Procedure
6989a4e910805f5685d702eb,General
6989a4e910805f5685d702ec,Music
6989a4e910805f5685d702ec,Biography
6989a4e910805f5685d702ec,Juvenile Nonfiction
6989a4e910805f5685d702ed,Psychology
6989a4e910805f5685d702ed,Geography
6989a4e910805f5685d702ee,Bible
6989a4e910805f5685d702ee,Indians
6989a4e910805f5685d702ef,Fiction
6989a4e910805f5685d702ef,Humor
6989a4e910805f5685d702f0,High Schools
6989a4e910805f5685d702f0,Curiosities And Wonders
6989a4e910805f5685d702f1,Carter
6989a4e910805f5685d702f1,Soups
6989a4e910805f5685d702f2,Psychology
6989a4e910805f5685d702f2,Nature
6989a4e910805f5685d702f2,Philosophy
6989a4e910805f5685d702f3,Voyages Around The World
6989a4e910805f5685d702f3,1. Short Stories-science Fiction
6989a4e910805f5685d702f4,Songs
6989a4e910805f5685d702f4,Interpersonal Relations
6989a4e910805f5685d702f5,Fiction
6989a4e910805f5685d702f6,Biography
6989a4e910805f5685d702f6,General
6989a4e910805f5685d702f7,Mass.)
6989a4e910805f5685d702f7,Flags
6989a4e910805f5685d702f8,Negotiation
6989a4e910805f5685d702f8,Mass.)
6989a4e910805f5685d702f9,Customer Services
6989a4e910805f5685d702f9,Military Art And Science
6989a4e910805f5685d702fa,History
6989a4e910805f5685d702fb,Fiction
6989a4e910805f5685d702fc,Madeline (fictitious Character)
6989a4e910805f5685d702fc,Diaries
6989a4e910805f5685d702fd,Children's Stories
6989a4e910805f5685d702fe,Fiction
6989a4e910805f5685d702fe,Juvenile Fiction
6989a4e910805f5685d702ff,General
6989a4e910805f5685d70300,Moore
6989a4e910805f5685d70300,Astronomy
6989a4e910805f5685d70301,Fiction
6989a4e910805f5685d70302,Mongolia
6989a4e910805f5685d70302,Humanitarianism
6989a4e910805f5685d70303,Philosophy
6989a4e910805f5685d70303,Travel
6989a4e910805f5685d70304,Celtic
6989a4e910805f5685d70304,Southern
6989a4e910805f5685d70305,History
6989a4e910805f5685d70305,Publishers' Catalogs
6989a4e910805f5685d70305,Juvenile Fiction
6989a4e910805f5685d70306,Fiction
6989a4e910805f5685d70307,American Sign Language
6989a4e910805f5685d70307,Hotels
6989a4e910805f5685d70308,Religion
6989a4e910805f5685d70309,Juvenile Fiction
6989a4e910805f5685d7030a,Brazil
6989a4e910805f5685d7030a,Americanisms
6989a4e910805f5685d7030b,Juvenile Fiction
6989a4e910805f5685d7030c,Social Science
6989a4e910805f5685d7030c,General
6989a4e910805f5685d7030d,Sculpture
6989a4e910805f5685d7030d,Manners And Customs
6989a4e910805f5685d7030e,Fiction
6989a4e910805f5685d7030e,History
6989a4e910805f5685d7030f,Group Reading
6989a4e910805f5685d7030f,Ranches
6989a4e910805f5685d70310,Sinclair Symposium
6989a4e910805f5685d70310,Children's Literature
6989a4e910805f5685d70311,Fiction
6989a4e910805f5685d70311,General
6989a4e910805f5685d70311,Cooking
6989a4e910805f5685d70312,Spain)
6989a4e910805f5685d70312,Rome (italy)
6989a4e910805f5685d70313,Group Reading
6989a4e910805f5685d70313,Death
6989a4e910805f5685d70314,Fiction
6989a4e910805f5685d70314,Poetry
6989a4e910805f5685d70315,Discoveries In Geography
6989a4e910805f5685d70315,Adventure And Adventurers
6989a4e910805f5685d70316,Cornwall (england : County)
6989a4e910805f5685d70316,Government
6989a4e910805f5685d70317,Fiction
6989a4e910805f5685d70317,Young Adult Fiction
6989a4e910805f5685d70318,Juvenile Fiction
6989a4e910805f5685d70319,Cosmogony
6989a4e910805f5685d70319,Zen Buddhism
6989a4e910805f5685d7031a,Finance
6989a4e910805f5685d7031a,Adventure
6989a4e910805f5685d7031b,Selling
6989a4e910805f5685d7031b,New Market
6989a4e910805f5685d7031c,Business
6989a4e910805f5685d7031c,Political Science
6989a4e910805f5685d7031c,General
6989a4e910805f5685d7031d,Mormons
6989a4e910805f5685d7031d,Shugak
6989a4e910805f5685d7031e,Self-help
6989a4e910805f5685d7031f,Private Investigation
6989a4e910805f5685d7031f,Comic Books
6989a4e910805f5685d70320,Birthmothers
6989a4e910805f5685d70320,Money-making Projects For Children
6989a4e910805f5685d70321,Fiction
6989a4e910805f5685d70321,Juvenile Fiction
6989a4e910805f5685d70321,General
6989a4e910805f5685d70322,Juvenile Fiction
6989a4e910805f5685d70322,Fiction
6989a4e910805f5685d70322,General
6989a4e910805f5685d70323,Crossword Puzzles
6989a4e910805f5685d70323,Mission Of The Church
6989a4e910805f5685d70324,British
6989a4e910805f5685d70324,Czech Americans
6989a4e910805f5685d70325,Christianity
6989a4e910805f5685d70325,Penny Dreadfuls
6989a4e910805f5685d70326,Technical Assistance
6989a4e910805f5685d70326,Academic Achievement
6989a4e910805f5685d70327,Baby Roo (fictitious Character)
6989a4e910805f5685d70327,Arms Race
6989a4e910805f5685d70328,Predation (biology)
6989a4e910805f5685d70329,Education
6989a4e910805f5685d70329,General
6989a4e910805f5685d7032a,Biography
6989a4e910805f5685d7032b,Young Adult Nonfiction
6989a4e910805f5685d7032b,Italian American Families
6989a4e910805f5685d7032c,Fiction
6989a4e910805f5685d7032d,Amusements
6989a4e910805f5685d7032d,Dakota Territory
6989a4e910805f5685d7032e,Cerebral Palsy
6989a4e910805f5685d7032e,Private Investigation
6989a4e910805f5685d7032f,Fiction
6989a4e910805f5685d70330,Literary Criticism
6989a4e910805f5685d70331,John
6989a4e910805f5685d70331,Jamestown (va.)
6989a4e910805f5685d70332,Imperialism
6989a4e910805f5685d70332,Biography
6989a4e910805f5685d70333,Fiction
6989a4e910805f5685d70333,True Crime
6989a4e910805f5685d70333,American Literature
6989a4e910805f5685d70334,Fiction
6989a4e910805f5685d70335,Fiction
6989a4e910805f5685d70335,True Crime
6989a4e910805f5685d70335,General
6989a4e910805f5685d70336,Fiction
6989a4e910805f5685d70336,Religion
6989a4e910805f5685d70337,Biography
6989a4e910805f5685d70337,History
6989a4e910805f5685d70338,General
6989a4e910805f5685d70338,Fiction
6989a4e910805f5685d70338,Juvenile Fiction
6989a4e910805f5685d70339,Fiction
6989a4e910805f5685d70339,General
6989a4e910805f5685d7033a,Biography
6989a4e910805f5685d7033a,Psychology
6989a4e910805f5685d7033a,Mathematics
6989a4e910805f5685d7033b,Fiction
6989a4e910805f5685d7033b,General
6989a4e910805f5685d7033b,Juvenile Fiction
6989a4e910805f5685d7033c,Social Science
6989a4e910805f5685d7033d,Young Adult Fiction
6989a4e910805f5685d7033e,Interpersonal Relations
6989a4e910805f5685d7033e,Christian Saints
6989a4e910805f5685d7033f,2001
6989a4e910805f5685d7033f,Bible Stories
6989a4e910805f5685d70340,Intercountry Adoption
6989a4e910805f5685d70340,Government Investigators
6989a4e910805f5685d70341,General
6989a4e910805f5685d70342,Music
6989a4e910805f5685d70342,Fiction
6989a4e910805f5685d70343,Extrasensory Perception
6989a4e910805f5685d70343,Canada
6989a4e910805f5685d70344,Alcoholics
6989a4e910805f5685d70344,Genetic Engineering
6989a4e910805f5685d70345,Brewing
6989a4e910805f5685d70346,Control (psychology)
6989a4e910805f5685d70346,Nick (fictitious Character)
6989a4e910805f5685d70347,Fiction
6989a4e910805f5685d70348,Dog Adoption
6989a4e910805f5685d70348,Government
6989a4e910805f5685d70349,Fiction
6989a4e910805f5685d7034a,Science
6989a4e910805f5685d7034b,Architects
6989a4e910805f5685d7034b,2001
6989a4e910805f5685d7034c,General
6989a4e910805f5685d7034c,Fantastic Literature
6989a4e910805f5685d7034c,American
6989a4e910805f5685d7034d,Fiction
6989a4e910805f5685d7034d,General
6989a4e910805f5685d7034d,English Literature
6989a4e910805f5685d7034e,Genius
6989a4e910805f5685d7034e,James Bolivar (fictitious Character)
6989a4e910805f5685d7034f,Negotiation
6989a4e910805f5685d7034f,Numerology
6989a4e910805f5685d70350,Country Life
6989a4e910805f5685d70350,Theory Of
6989a4e910805f5685d70351,General
6989a4e910805f5685d70351,Juvenile Fiction
6989a4e910805f5685d70352,General
6989a4e910805f5685d70352,Fiction
6989a4e910805f5685d70353,Barges
6989a4e910805f5685d70353,French Drama
6989a4e910805f5685d70354,Bomber Pilots
6989a4e910805f5685d70354,Study Aids
6989a4e910805f5685d70355,Fiction
6989a4e910805f5685d70355,General
6989a4e910805f5685d70356,Fiction
6989a4e910805f5685d70356,Adultery
6989a4e910805f5685d70356,Young Adult Fiction
6989a4e910805f5685d70357,Campion
6989a4e910805f5685d70357,Bridegrooms
6989a4e910805f5685d70358,Fiction
6989a4e910805f5685d70358,Body
6989a4e910805f5685d70358,Mind
6989a4e910805f5685d70359,Fiction
6989a4e910805f5685d7035a,Young Adult Fiction
6989a4e910805f5685d7035b,General
6989a4e910805f5685d7035c,Experience
6989a4e910805f5685d7035c,German Literature
6989a4e910805f5685d7035d,Anti-clericalism
6989a4e910805f5685d7035d,Diazepam
6989a4e910805f5685d7035e,Communication In Families
6989a4e910805f5685d7035e,Missionary Stories
6989a4e910805f5685d7035f,Juvenile Fiction
6989a4e910805f5685d70360,Dysfunctional Families
6989a4e910805f5685d70360,Malone
6989a4e910805f5685d70361,Fiction
6989a4e910805f5685d70361,General
6989a4e910805f5685d70361,Juvenile Fiction
6989a4e910805f5685d70362,Biography
6989a4e910805f5685d70362,General
6989a4e910805f5685d70363,General
6989a4e910805f5685d70364,Fiction
6989a4e910805f5685d70364,General
6989a4e910805f5685d70364,Political Science
6989a4e910805f5685d70365,Christian Fiction
6989a4e910805f5685d70365,Customer Services
6989a4e910805f5685d70366,General
6989a4e910805f5685d70367,Fiction
6989a4e910805f5685d70367,American Fiction
6989a4e910805f5685d70368,True Crime
6989a4e910805f5685d70369,Ranches
6989a4e910805f5685d7036a,Cuba
6989a4e910805f5685d7036b,Fiction
6989a4e910805f5685d7036c,Generative Organs
6989a4e910805f5685d7036c,Child Rearing
6989a4e910805f5685d7036d,Fiction
6989a4e910805f5685d7036e,Female Friendship
6989a4e910805f5685d7036e,Bird Watching
6989a4e910805f5685d7036f,Fiction
6989a4e910805f5685d7036f,Juvenile Fiction
6989a4e910805f5685d7036f,General
6989a4e910805f5685d70370,Fiction
6989a4e910805f5685d70370,General
6989a4e910805f5685d70370,Crusades
6989a4e910805f5685d70371,Literary Criticism
6989a4e910805f5685d70371,Fiction
6989a4e910805f5685d70372,General
6989a4e910805f5685d70373,Language Arts
6989a4e910805f5685d70373,Akenfield (england)
6989a4e910805f5685d70374,Basketball For Women
6989a4e910805f5685d70374,American Drama
6989a4e910805f5685d70375,Feminism
6989a4e910805f5685d70375,Women
6989a4e910805f5685d70376,Biography
6989a4e910805f5685d70376,General
6989a4e910805f5685d70377,Fiction
6989a4e910805f5685d70377,Labor Day
6989a4e910805f5685d70378,Fiction
6989a4e910805f5685d70378,General
6989a4e910805f5685d70379,General
6989a4e910805f5685d7037a,Fiction
6989a4e910805f5685d7037a,General
6989a4e910805f5685d7037b,Child Rearing
6989a4e910805f5685d7037b,Human Anatomy
6989a4e910805f5685d7037c,Fiction
6989a4e910805f5685d7037d,Fiction
6989a4e910805f5685d7037e,Harness Racing
6989a4e910805f5685d7037e,Hollywood (los Angeles
6989a4e910805f5685d7037f,Fiction
6989a4e910805f5685d70380,Fiction
6989a4e910805f5685d70381,Total Quality Management
6989a4e910805f5685d70381,Black Mountain (n.c.)
6989a4e910805f5685d70382,Body
6989a4e910805f5685d70382,Mind
6989a4e910805f5685d70382,History
6989a4e910805f5685d70383,African Americans
6989a4e910805f5685d70384,Advertising
6989a4e910805f5685d70384,Charles
6989a4e910805f5685d70385,Juvenile Nonfiction
6989a4e910805f5685d70386,Fiction
6989a4e910805f5685d70387,Juvenile Fiction
6989a4e910805f5685d70388,Sex
6989a4e910805f5685d70388,Editions
6989a4e910805f5685d70389,Alienation (social Psychology)
6989a4e910805f5685d70389,Juvenile Fiction
6989a4e910805f5685d7038a,Memory
6989a4e910805f5685d7038a,Literary Criticism
6989a4e910805f5685d7038b,Fiction
6989a4e910805f5685d7038c,Fiction
6989a4e910805f5685d7038c,Psychology
6989a4e910805f5685d7038d,Sign Language
6989a4e910805f5685d7038d,Landscape
6989a4e910805f5685d7038e,Sailing
6989a4e910805f5685d7038e,Islam
6989a4e910805f5685d7038f,Escapes
6989a4e910805f5685d7038f,Areproductive Health
6989a4e910805f5685d70390,Statues
6989a4e910805f5685d70390,Healing
6989a4e910805f5685d70391,Aran Islands (ireland)
6989a4e910805f5685d70391,Discipline Of Children
6989a4e910805f5685d70392,Fiction
6989a4e910805f5685d70393,Fiction
6989a4e910805f5685d70394,Assertiveness (psychology)
6989a4e910805f5685d70394,Statesmen
6989a4e910805f5685d70395,Fiction
6989a4e910805f5685d70396,Alienation (social Psychology)
6989a4e910805f5685d70396,Anglican Converts
6989a4e910805f5685d70397,Humor
6989a4e910805f5685d70398,History
6989a4e910805f5685d70398,Literary Criticism
6989a4e910805f5685d70398,Family
6989a4e910805f5685d70399,Health
6989a4e910805f5685d7039a,Fiction
6989a4e910805f5685d7039b,Family
6989a4e910805f5685d7039b,Creative Ability
6989a4e910805f5685d7039c,Fiction
6989a4e910805f5685d7039c,General
6989a4e910805f5685d7039c,Religion
6989a4e910805f5685d7039d,Fiction
6989a4e910805f5685d7039e,American Literature
6989a4e910805f5685d7039e,Adultery
6989a4e910805f5685d7039f,Science
6989a4e910805f5685d703a0,Spy Stories
6989a4e910805f5685d703a0,Earp
6989a4e910805f5685d703a1,Postpartum Depression
6989a4e910805f5685d703a1,English Language
6989a4e910805f5685d703a2,Business
6989a4e910805f5685d703a3,American Literature
6989a4e910805f5685d703a4,General
6989a4e910805f5685d703a5,Forest Ecology
6989a4e910805f5685d703a5,Chance
6989a4e910805f5685d703a6,Religion
6989a4e910805f5685d703a7,Fiction
6989a4e910805f5685d703a8,Foreign Language Study
6989a4e910805f5685d703a8,Castro (san Francisco
6989a4e910805f5685d703a9,Excavations (archaeology)
6989a4e910805f5685d703a9,Queens
6989a4e910805f5685d703aa,Soft Toy Making.
6989a4e910805f5685d703aa,Canadian Literature
6989a4e910805f5685d703ab,General
6989a4e910805f5685d703ac,Body Marking
6989a4e910805f5685d703ac,London (england)
6989a4e910805f5685d703ad,Biography
6989a4e910805f5685d703ad,Travel
6989a4e910805f5685d703ae,Literary Collections
6989a4e910805f5685d703af,General
6989a4e910805f5685d703b0,Kate (fictitious Character)
6989a4e910805f5685d703b0,Elves
6989a4e910805f5685d703b1,Fiction
6989a4e910805f5685d703b1,General
6989a4e910805f5685d703b2,Fiction
6989a4e910805f5685d703b3,Soft Toy Making.
6989a4e910805f5685d703b3,America
6989a4e910805f5685d703b4,Juvenile Fiction
6989a4e910805f5685d703b5,Cosmetics Industry
6989a4e910805f5685d703b5,Statues
6989a4e910805f5685d703b6,American Literature
6989a4e910805f5685d703b7,Creative Thinking
6989a4e910805f5685d703b7,Geography
6989a4e910805f5685d703b8,General
6989a4e910805f5685d703b8,Fiction
6989a4e910805f5685d703b8,Bibles
6989a4e910805f5685d703b9,General
6989a4e910805f5685d703b9,Fiction
6989a4e910805f5685d703ba,Fiction
6989a4e910805f5685d703bb,Freemasonry
6989a4e910805f5685d703bb,Congresses And Conventions
6989a4e910805f5685d703bc,Childbirth
6989a4e910805f5685d703bc,United States History Civil War
6989a4e910805f5685d703bd,English Literature
6989a4e910805f5685d703bd,Genealogy
6989a4e910805f5685d703be,Crime
6989a4e910805f5685d703be,High School Students
6989a4e910805f5685d703bf,Community Policing
6989a4e910805f5685d703bf,Factories
6989a4e910805f5685d703c0,Adultery
6989a4e910805f5685d703c0,Competition
6989a4e910805f5685d703c1,American Fiction
6989a4e910805f5685d703c1,Chile
6989a4e910805f5685d703c2,General
6989a4e910805f5685d703c2,Artists
6989a4e910805f5685d703c2,Business
6989a4e910805f5685d703c3,Black Mountain (n.c.)
6989a4e910805f5685d703c3,Light
6989a4e910805f5685d703c4,General
6989a4e910805f5685d703c4,Fiction
6989a4e910805f5685d703c4,Education
6989a4e910805f5685d703c5,Rome (italy)
6989a4e910805f5685d703c5,Women Comedians
6989a4e910805f5685d703c6,Fiction
6989a4e910805f5685d703c6,American Literature
6989a4e910805f5685d703c7,Identity (psychology)
6989a4e910805f5685d703c7,Marple
6989a4e910805f5685d703c8,Fiction
6989a4e910805f5685d703c8,Children's Stories
6989a4e910805f5685d703c8,General
6989a4e910805f5685d703c9,French Fiction
6989a4e910805f5685d703c9,Breast
6989a4e910805f5685d703ca,Nuns
6989a4e910805f5685d703ca,Fourth Dimension
6989a4e910805f5685d703cb,Fiction
6989a4e910805f5685d703cc,Book Of Mormon
6989a4e910805f5685d703cc,Amusements
6989a4e910805f5685d703cd,Fiction
6989a4e910805f5685d703cd,General
6989a4e910805f5685d703cd,Frankenstein Films
6989a4e910805f5685d703ce,Characters And Characteristics In Literature
6989a4e910805f5685d703ce,Good And Evil
6989a4e910805f5685d703cf,Gay Men
6989a4e910805f5685d703cf,Imaginary Wars And Battles
6989a4e910805f5685d703d0,Fiction
6989a4e910805f5685d703d0,Biography
6989a4e910805f5685d703d0,Performing Arts
6989a4e910805f5685d703d1,Schools
6989a4e910805f5685d703d1,God
6989a4e910805f5685d703d2,England
6989a4e910805f5685d703d2,Fiction
6989a4e910805f5685d703d2,General
6989a4e910805f5685d703d3,Government Publications
6989a4e910805f5685d703d3,Last Words
6989a4e910805f5685d703d4,Religious Fiction
6989a4e910805f5685d703d4,Bars (drinking Establishments)
6989a4e910805f5685d703d5,Children's Stories
6989a4e910805f5685d703d5,Nature
6989a4e910805f5685d703d6,Biography
6989a4e910805f5685d703d7,Fiction
6989a4e910805f5685d703d7,General
6989a4e910805f5685d703d7,Humor
6989a4e910805f5685d703d8,Juvenile Fiction
6989a4e910805f5685d703d8,General
6989a4e910805f5685d703d9,General
6989a4e910805f5685d703da,Babies
6989a4e910805f5685d703da,Psychological Fiction
6989a4e910805f5685d703db,Conjoined Twins
6989a4e910805f5685d703db,Cannes (france)
6989a4e910805f5685d703dc,Religion
6989a4e910805f5685d703dd,Juvenile Fiction
6989a4e910805f5685d703de,Ancient
6989a4e910805f5685d703de,West
6989a4e910805f5685d703df,Charles
6989a4e910805f5685d703df,Communication In Marriage
6989a4e910805f5685d703e0,General
6989a4e910805f5685d703e1,General
6989a4e910805f5685d703e1,Juvenile Fiction
6989a4e910805f5685d703e1,Biography
6989a4e910805f5685d703e2,Baby Bop (fictitious Character)
6989a4e910805f5685d703e2,Second Advent
6989a4e910805f5685d703e3,Domestic Fiction
6989a4e910805f5685d703e3,Bashfulness
6989a4e910805f5685d703e4,History
6989a4e910805f5685d703e5,American Fiction
6989a4e910805f5685d703e5,Fiction
6989a4e910805f5685d703e6,Abused Children
6989a4e910805f5685d703e6,Anthologies
6989a4e910805f5685d703e7,Fiction
6989a4e910805f5685d703e7,General
6989a4e910805f5685d703e7,Literary Collections
6989a4e910805f5685d703e8,Local Transit
6989a4e910805f5685d703e8,Drivers' Licenses
6989a4e910805f5685d703e9,Crafts
6989a4e910805f5685d703e9,Agricultural Credit
6989a4e910805f5685d703ea,Fiction
6989a4e910805f5685d703eb,General
6989a4e910805f5685d703ec,Business
6989a4e910805f5685d703ed,Fiction
6989a4e910805f5685d703ed,American Literature
6989a4e910805f5685d703ee,Fiction
6989a4e910805f5685d703ee,General
6989a4e910805f5685d703ee,Drama
6989a4e910805f5685d703ef,Cultivated
6989a4e910805f5685d703ef,Albert (fictitious Character)
6989a4e910805f5685d703f0,Press And Politics
6989a4e910805f5685d703f0,Fuentes De Oñoro
6989a4e910805f5685d703f1,Inheritance And Succession
6989a4e910805f5685d703f1,Cancer
6989a4e910805f5685d703f2,Eccentrics And Eccentricities
6989a4e910805f5685d703f2,Behavior
6989a4e910805f5685d703f3,History
6989a4e910805f5685d703f3,General
6989a4e910805f5685d703f3,Fiction
6989a4e910805f5685d703f4,Fiction
6989a4e910805f5685d703f4,Avarice
6989a4e910805f5685d703f4,Literary Criticism
6989a4e910805f5685d703f5,Fiction
6989a4e910805f5685d703f5,Travel
6989a4e910805f5685d703f5,Comics
6989a4e910805f5685d703f6,Fiction
6989a4e910805f5685d703f6,Architects
6989a4e910805f5685d703f6,Europe
6989a4e910805f5685d703f7,Bambi (fictitious Character)
6989a4e910805f5685d703f7,Coal Miners
6989a4e910805f5685d703f8,Cookery
6989a4e910805f5685d703f8,Casinos
6989a4e910805f5685d703f9,Alhambra (granada
6989a4e910805f5685d703f9,Spain)
6989a4e910805f5685d703fa,Religion
6989a4e910805f5685d703fb,Audiobooks
6989a4e910805f5685d703fc,Rabbits
6989a4e910805f5685d703fc,Session Laws
6989a4e910805f5685d703fd,Juvenile Nonfiction
6989a4e910805f5685d703fe,Arkansas
6989a4e910805f5685d703fe,Single Tax
6989a4e910805f5685d703ff,Fiction
6989a4e910805f5685d703ff,Health
6989a4e910805f5685d703ff,Fantasy Fiction
6989a4e910805f5685d70400,History
6989a4e910805f5685d70400,Battle
6989a4e910805f5685d70401,Young Adult Fiction
6989a4e910805f5685d70402,Comic Books
6989a4e910805f5685d70402,Jet Lag
6989a4e910805f5685d70403,General
6989a4e910805f5685d70403,Political Science
6989a4e910805f5685d70404,Fiction
6989a4e910805f5685d70404,General
6989a4e910805f5685d70405,Police Reports
6989a4e910805f5685d70405,Grocery Shopping
6989a4e910805f5685d70406,Fiction
6989a4e910805f5685d70407,Deverry (imaginary Place)
6989a4e910805f5685d70407,Nuclear Warfare
6989a4e910805f5685d70408,Commercial Art
6989a4e910805f5685d70408,International
6989a4e910805f5685d70409,Fiction
6989a4e910805f5685d70409,General
6989a4e910805f5685d70409,Comics
6989a4e910805f5685d7040a,General
6989a4e910805f5685d7040a,Juvenile Fiction
6989a4e910805f5685d7040b,Alzheimer's Disease
6989a4e910805f5685d7040b,Criminal Procedure
6989a4e910805f5685d7040c,Highway Planning
6989a4e910805f5685d7040c,Art Thefts
6989a4e910805f5685d7040d,Alleyn
6989a4e910805f5685d7040d,Anarchism
6989a4e910805f5685d7040e,Fiction
6989a4e910805f5685d7040e,Felse
6989a4e910805f5685d7040e,George (fictitious Character)
6989a4e910805f5685d7040f,Fiction
6989a4e910805f5685d70410,Biography
6989a4e910805f5685d70410,General
6989a4e910805f5685d70411,Insurgency
6989a4e910805f5685d70411,Hindu Sects
6989a4e910805f5685d70412,Juvenile Fiction
6989a4e910805f5685d70412,Demonology
6989a4e910805f5685d70413,Fiction
6989a4e910805f5685d70414,True Crime
6989a4e910805f5685d70415,Netherlands
6989a4e910805f5685d70415,Tiger
6989a4e910805f5685d70416,Fiction
6989a4e910805f5685d70417,Young Adult Fiction
6989a4e910805f5685d70417,High Interest-low Vocabulary Books
6989a4e910805f5685d70418,Fiction
6989a4e910805f5685d70418,Business
6989a4e910805f5685d70419,Wizards
6989a4e910805f5685d70419,Landlord And Tenant
6989a4e910805f5685d7041a,Spiritual Life
6989a4e910805f5685d7041a,Alcoholics
6989a4e910805f5685d7041b,Religion
6989a4e910805f5685d7041b,General
6989a4e910805f5685d7041b,Fiction
6989a4e910805f5685d7041c,Bellehaven (wash. : Imaginary Place)
6989a4e910805f5685d7041c,Food Supply
6989a4e910805f5685d7041d,Fiction
6989a4e910805f5685d7041d,Body
6989a4e910805f5685d7041d,Mind
6989a4e910805f5685d7041e,England
6989a4e910805f5685d7041f,Fiction
6989a4e910805f5685d7041f,Detective And Mystery Stories
6989a4e910805f5685d7041f,Private Investigators
6989a4e910805f5685d70420,Biography
6989a4e910805f5685d70420,True Crime
6989a4e910805f5685d70421,Americans
6989a4e910805f5685d70421,Atheletes
6989a4e910805f5685d70422,People With Disabilities
6989a4e910805f5685d70422,Design
6989a4e910805f5685d70423,Grease (motion Picture)
6989a4e910805f5685d70423,Detectives
6989a4e910805f5685d70424,Emigration And Immigration
6989a4e910805f5685d70424,Bibliography
6989a4e910805f5685d70425,Fiction
6989a4e910805f5685d70425,General
6989a4e910805f5685d70425,Drama
6989a4e910805f5685d70426,Adjustment Disorders
6989a4e910805f5685d70426,Kentucky
6989a4e910805f5685d70427,Soldiers
6989a4e910805f5685d70427,Aging
6989a4e910805f5685d70428,Technology
6989a4e910805f5685d70428,Courage
6989a4e910805f5685d70429,Opera
6989a4e910805f5685d70429,Epic Literature
6989a4e910805f5685d7042a,Erotic Stories
6989a4e910805f5685d7042a,Extrasensory Perception
6989a4e910805f5685d7042b,Belgians
6989a4e910805f5685d7042b,Crossword Puzzle Makers
6989a4e910805f5685d7042c,Drug Abuse And Crime
6989a4e910805f5685d7042c,Gynecologists
6989a4e910805f5685d7042d,Fiction
6989a4e910805f5685d7042e,African Americans
6989a4e910805f5685d7042f,Academic Writing
6989a4e910805f5685d7042f,Crops And Climate
6989a4e910805f5685d70430,Booksellers And Bookselling
6989a4e910805f5685d70430,Gideon (fictitious Character)
6989a4e910805f5685d70431,Americanisms
6989a4e910805f5685d70431,Cheyenne Indians
6989a4e910805f5685d70432,Juvenile Fiction
6989a4e910805f5685d70432,Fiction
6989a4e910805f5685d70433,Fiction
6989a4e910805f5685d70433,Health
6989a4e910805f5685d70433,Biography
6989a4e910805f5685d70434,Alligators
6989a4e910805f5685d70434,Paranormal Romance Stories
6989a4e910805f5685d70435,General
6989a4e910805f5685d70435,Fiction
6989a4e910805f5685d70436,Fiction
6989a4e910805f5685d70436,Travel
6989a4e910805f5685d70437,Fiction
6989a4e910805f5685d70438,Theology
6989a4e910805f5685d70438,Nursery Schools
6989a4e910805f5685d70439,Brooklyn (new York
6989a4e910805f5685d70439,Americanisms
6989a4e910805f5685d7043a,Anarchism
6989a4e910805f5685d7043a,1861-1865 Fiction
6989a4e910805f5685d7043b,Latin America
6989a4e910805f5685d7043b,American Wit And Humor
6989a4e910805f5685d7043c,Family
6989a4e910805f5685d7043c,Fiction
6989a4e910805f5685d7043c,Language Arts
6989a4e910805f5685d7043d,Fiction
6989a4e910805f5685d7043d,Religion
6989a4e910805f5685d7043d,General
6989a4e910805f5685d7043e,Entertainers
6989a4e910805f5685d7043e,Karate
6989a4e910805f5685d7043f,Fiction
6989a4e910805f5685d7043f,Juvenile Fiction
6989a4e910805f5685d7043f,General
6989a4e910805f5685d70440,Ghost Stories
6989a4e910805f5685d70440,American
6989a4e910805f5685d70441,Carnivals
6989a4e910805f5685d70441,Harness Racing
6989a4e910805f5685d70442,House
6989a4e910805f5685d70442,Juvenile Fiction
6989a4e910805f5685d70442,Fiction
6989a4e910805f5685d70443,World War
6989a4e910805f5685d70443,Beef
6989a4e910805f5685d70444,Young Adult Fiction
6989a4e910805f5685d70444,Religion
6989a4e910805f5685d70444,Fiction
6989a4e910805f5685d70445,Czech Fiction
6989a4e910805f5685d70445,Danish
6989a4e910805f5685d70446,Berlin Wall
6989a4e910805f5685d70446,Climatic Changes
6989a4e910805f5685d70447,Amber (imaginary Place)
6989a4e910805f5685d70447,New Zealand
6989a4e910805f5685d70448,Holiness
6989a4e910805f5685d70448,Detectives
6989a4e910805f5685d70449,General
6989a4e910805f5685d7044a,Child Development
6989a4e910805f5685d7044a,Labor Leaders
6989a4e910805f5685d7044b,Ranches
6989a4e910805f5685d7044c,Fiction
6989a4e910805f5685d7044d,Discworld (imaginary Place)
6989a4e910805f5685d7044d,Contaminated Sediments
6989a4e910805f5685d7044e,Fiction
6989a4e910805f5685d7044f,Accident Victims
6989a4e910805f5685d7044f,Christian Women
6989a4e910805f5685d70450,General
6989a4e910805f5685d70451,Croatia
6989a4e910805f5685d70451,Digests
6989a4e910805f5685d70452,Fiction
6989a4e910805f5685d70453,Famines
6989a4e910805f5685d70453,Christian Fiction
6989a4e910805f5685d70454,Carbohydrates
6989a4e910805f5685d70454,Alexandria (egypt)
6989a4e910805f5685d70455,Fiction
6989a4e910805f5685d70455,General
6989a4e910805f5685d70455,Philosophy
6989a4e910805f5685d70456,Interpersonal Relations.
6989a4e910805f5685d70456,Antinuclear Movement
6989a4e910805f5685d70457,Russian Poetry
6989a4e910805f5685d70457,Nineteen Twenties
6989a4e910805f5685d70458,Antinuclear Movement
6989a4e910805f5685d70458,Power (social Sciences)
6989a4e910805f5685d70459,True Crime
6989a4e910805f5685d7045a,Mountaineering
6989a4e910805f5685d7045a,1846-1848
6989a4e910805f5685d7045b,Fiction
6989a4e910805f5685d7045b,General
6989a4e910805f5685d7045b,Juvenile Fiction
6989a4e910805f5685d7045c,Fiction
6989a4e910805f5685d7045c,Performing Arts
6989a4e910805f5685d7045c,High Interest-low Vocabulary Books
6989a4e910805f5685d7045d,Blind
6989a4e910805f5685d7045d,Friendship
6989a4e910805f5685d7045e,History
6989a4e910805f5685d7045f,American Literature
6989a4e910805f5685d70460,Family
6989a4e910805f5685d70461,Corporate Image
6989a4e910805f5685d70461,Adoption
6989a4e910805f5685d70462,American Dream
6989a4e910805f5685d70462,Captain Underpants (fictitious Character)
6989a4e910805f5685d70463,Government Investigators
6989a4e910805f5685d70463,Drawing
6989a4e910805f5685d70464,Prayer
6989a4e910805f5685d70464,Famines
6989a4e910805f5685d70465,Existential Psychotherapy
6989a4e910805f5685d70465,Audiotapes
6989a4e910805f5685d70466,Crime And Criminals
6989a4e910805f5685d70466,Children Of Migrant Laborers
6989a4e910805f5685d70467,Agricultural Colonies
6989a4e910805f5685d70467,Biographers
6989a4e910805f5685d70468,General
6989a4e910805f5685d70468,Fiction
6989a4e910805f5685d70468,History
6989a4e910805f5685d70469,Fiction
6989a4e910805f5685d70469,General
6989a4e910805f5685d70469,Juvenile Fiction
6989a4e910805f5685d7046a,Great Britain
6989a4e910805f5685d7046a,Bullying
6989a4e910805f5685d7046b,Fiction
6989a4e910805f5685d7046c,Inspiration
6989a4e910805f5685d7046c,Horse Racing
6989a4e910805f5685d7046d,Florida
6989a4e910805f5685d7046d,Boats And Boating
6989a4e910805f5685d7046e,Self-help
6989a4e910805f5685d7046e,Hercules (roman Mythology)
6989a4e910805f5685d7046f,Fiction
6989a4e910805f5685d70470,Fiction
6989a4e910805f5685d70471,Apologetics
6989a4e910805f5685d70471,Arab-israeli Conflict
6989a4e910805f5685d70472,New Market
6989a4e910805f5685d70472,Talking Books
6989a4e910805f5685d70473,Fiction
6989a4e910805f5685d70474,General
6989a4e910805f5685d70474,Poetry
6989a4e910805f5685d70474,Adventure Stories
6989a4e910805f5685d70475,Fiction
6989a4e910805f5685d70476,Health
6989a4e910805f5685d70477,Fiction
6989a4e910805f5685d70478,Agricultural Colonies
6989a4e910805f5685d70478,Cameras
6989a4e910805f5685d70479,Crime And Criminals
6989a4e910805f5685d70479,Self-realization In Women
6989a4e910805f5685d7047a,General
6989a4e910805f5685d7047a,Education
6989a4e910805f5685d7047b,Missing Persons
6989a4e910805f5685d7047b,Rabbits
6989a4e910805f5685d7047c,Tristan (legend)
6989a4e910805f5685d7047c,Dreams
6989a4e910805f5685d7047d,General
6989a4e910805f5685d7047d,Fiction
6989a4e910805f5685d7047e,Fiction
6989a4e910805f5685d7047f,Communication In Humanities
6989a4e910805f5685d7047f,Death
6989a4e910805f5685d70480,Authorship
6989a4e910805f5685d70480,Enlightenment
6989a4e910805f5685d70481,Drug Abuse And Crime
6989a4e910805f5685d70481,Christian Life
6989a4e910805f5685d70482,Fiction
6989a4e910805f5685d70483,Humor
6989a4e910805f5685d70484,Agricultural Colonies
6989a4e910805f5685d70484,Fansler
6989a4e910805f5685d70485,Fiction
6989a4e910805f5685d70486,Depression
6989a4e910805f5685d70486,Design
6989a4e910805f5685d70487,Behavior
6989a4e910805f5685d70487,Technical Assistance
6989a4e910805f5685d70488,Criminal Snipers
6989a4e910805f5685d70488,Lesbians
6989a4e910805f5685d70489,Labor Leaders
6989a4e910805f5685d70489,Behavior Therapy
6989a4e910805f5685d7048a,Design
6989a4e910805f5685d7048a,Canadian
6989a4e910805f5685d7048b,Belden
6989a4e910805f5685d7048b,Amnesiacs
6989a4e910805f5685d7048c,Dragons
6989a4e910805f5685d7048d,Fantasy In Art
6989a4e910805f5685d7048d,Civilization
6989a4e910805f5685d7048e,Cooking
6989a4e910805f5685d7048f,Literatura Contemporánea
6989a4e910805f5685d7048f,Arab Americans
6989a4e910805f5685d70490,General
6989a4e910805f5685d70490,Juvenile Fiction
6989a4e910805f5685d70490,Fiction
6989a4e910805f5685d70491,Study Aids
6989a4e910805f5685d70491,Single Mothres
6989a4e910805f5685d70492,Detective And Mystery Stories
6989a4e910805f5685d70493,Seasons
6989a4e910805f5685d70493,Missing Persons
6989a4e910805f5685d70494,Fiction
6989a4e910805f5685d70495,Fiction
6989a4e910805f5685d70495,Foreign Language Study
6989a4e910805f5685d70496,Juvenile Fiction
6989a4e910805f5685d70496,General
6989a4e910805f5685d70496,Hotels
6989a4e910805f5685d70497,Blood Substitutes
6989a4e910805f5685d70497,Marine Pollution
6989a4e910805f5685d70498,Beauty And The Beast (tale)
6989a4e910805f5685d70498,Congresses And Conventions
6989a4e910805f5685d70499,Opera
6989a4e910805f5685d70499,Penis
6989a4e910805f5685d7049a,Propaganda
6989a4e910805f5685d7049b,Young Adult Fiction
6989a4e910805f5685d7049c,Fiction
6989a4e910805f5685d7049d,True Crime
6989a4e910805f5685d7049e,Extrasensory Perception
6989a4e910805f5685d7049e,Austrian
6989a4e910805f5685d7049f,Fiction
6989a4e910805f5685d7049f,General
6989a4e910805f5685d7049f,Biography
6989a4e910805f5685d704a0,Fiction
6989a4e910805f5685d704a1,Agricultural Price Supports
6989a4e910805f5685d704a1,Courts And Courtiers
6989a4e910805f5685d704a2,Body
6989a4e910805f5685d704a2,Mind
6989a4e910805f5685d704a3,Juvenile Fiction
6989a4e910805f5685d704a4,Fiction
6989a4e910805f5685d704a5,History
6989a4e910805f5685d704a5,Political Science
6989a4e910805f5685d704a5,Religion
6989a4e910805f5685d704a6,Fiction
6989a4e910805f5685d704a7,Fiction
6989a4e910805f5685d704a7,General
6989a4e910805f5685d704a8,Fiction
6989a4e910805f5685d704a9,General
6989a4e910805f5685d704a9,Fiction
6989a4e910805f5685d704a9,Religion
6989a4e910805f5685d704aa,Asia
6989a4e910805f5685d704aa,Hockey Stories
6989a4e910805f5685d704ab,Games
6989a4e910805f5685d704ac,Fiction
6989a4e910805f5685d704ad,General
6989a4e910805f5685d704ad,Reference
6989a4e910805f5685d704ae,Fiction
6989a4e910805f5685d704af,Diazepam
6989a4e910805f5685d704af,Emigration And Immigration
6989a4e910805f5685d704b0,Fiction
6989a4e910805f5685d704b1,Science
6989a4e910805f5685d704b1,Juvenile Fiction
6989a4e910805f5685d704b2,Wizards-juvenile Fiction
6989a4e910805f5685d704b2,French Fiction
6989a4e910805f5685d704b3,Alhambra (granada
6989a4e910805f5685d704b3,Bereavement
6989a4e910805f5685d704b4,Fiction
6989a4e910805f5685d704b4,General
6989a4e910805f5685d704b4,Foreign Language Study
6989a4e910805f5685d704b5,Bars (drinking Establishments)
6989a4e910805f5685d704b5,Devotional Calendars.
6989a4e910805f5685d704b6,Fiction
6989a4e910805f5685d704b6,History
6989a4e910805f5685d704b6,General
6989a4e910805f5685d704b7,Hollywood (los Angeles
6989a4e910805f5685d704b7,Libraries
6989a4e910805f5685d704b8,Children's Literature
6989a4e910805f5685d704b8,Intimacy (psychology)
6989a4e910805f5685d704b9,Comic Books
6989a4e910805f5685d704b9,Blood Substitutes
6989a4e910805f5685d704ba,Bible Stories
6989a4e910805f5685d704ba,Boston (mass.)
6989a4e910805f5685d704bb,Science
6989a4e910805f5685d704bc,General
6989a4e910805f5685d704bc,Fiction
6989a4e910805f5685d704bc,Pets
6989a4e910805f5685d704bd,Consciousness
6989a4e910805f5685d704bd,Self-realization
6989a4e910805f5685d704be,Historical Fiction
6989a4e910805f5685d704bf,Women
6989a4e910805f5685d704bf,Feminism
6989a4e910805f5685d704c0,Adventure And Adventurers
6989a4e910805f5685d704c0,Discoveries In Geography
6989a4e910805f5685d704c1,Asia
6989a4e910805f5685d704c1,Amish
6989a4e910805f5685d704c2,Fables
6989a4e910805f5685d704c2,Counting
6989a4e910805f5685d704c3,Cookery
6989a4e910805f5685d704c3,Books
6989a4e910805f5685d704c4,Atlanta (ga.)
6989a4e910805f5685d704c4,Kissing
6989a4e910805f5685d704c5,Language Arts
6989a4e910805f5685d704c6,Fiction
6989a4e910805f5685d704c6,General
6989a4e910805f5685d704c7,Bomber Pilots
6989a4e910805f5685d704c7,High Schools
6989a4e910805f5685d704c8,Juvenile Fiction
6989a4e910805f5685d704c9,Biography
6989a4e910805f5685d704ca,Fiction
6989a4e910805f5685d704ca,General
6989a4e910805f5685d704ca,Religion
6989a4e910805f5685d704cb,Fiction
6989a4e910805f5685d704cc,Child Sexual Abuse
6989a4e910805f5685d704cc,Calder Family (fictitious Characters)
6989a4e910805f5685d704cd,Nineteen Twenties
6989a4e910805f5685d704cd,Diffusion Of Innovations
6989a4e910805f5685d704ce,Juvenile Fiction
6989a4e910805f5685d704ce,Humor
6989a4e910805f5685d704ce,Christian Life
6989a4e910805f5685d704cf,Soft Drink Industry
6989a4e910805f5685d704cf,English Wit And Humor
6989a4e910805f5685d704d0,Diners (restaurants)
6989a4e910805f5685d704d0,Courts And Courtiers
6989a4e910805f5685d704d1,Education
6989a4e910805f5685d704d1,Erotic Literature
6989a4e910805f5685d704d2,Light
6989a4e910805f5685d704d2,Juvenile Nonfiction
6989a4e910805f5685d704d2,History
6989a4e910805f5685d704d3,Aeronautics
6989a4e910805f5685d704d3,Industrial Management
6989a4e910805f5685d704d4,Drama
6989a4e910805f5685d704d5,Juvenile Fiction
6989a4e910805f5685d704d6,Gay Men
6989a4e910805f5685d704d6,Architects
6989a4e910805f5685d704d7,Gothic Novels
6989a4e910805f5685d704d7,Self-help
6989a4e910805f5685d704d8,Biography
6989a4e910805f5685d704d9,Dragons
6989a4e910805f5685d704da,Dragons
6989a4e910805f5685d704db,Colorado
6989a4e910805f5685d704db,Alphabet
6989a4e910805f5685d704dc,Fiction
6989a4e910805f5685d704dd,Attempted Murder
6989a4e910805f5685d704dd,Fantasy Literature
6989a4e910805f5685d704de,Fiction
6989a4e910805f5685d704df,Fiction
6989a4e910805f5685d704df,Biography
6989a4e910805f5685d704df,General
6989a4e910805f5685d704e0,Humanitarianism
6989a4e910805f5685d704e0,Defense Information
6989a4e910805f5685d704e1,America
6989a4e910805f5685d704e1,Comedy
6989a4e910805f5685d704e2,Diplomatic And Consular Service
6989a4e910805f5685d704e2,Corrections
6989a4e910805f5685d704e3,Eye
6989a4e910805f5685d704e3,Self-help
6989a4e910805f5685d704e4,Children's Libraries
6989a4e910805f5685d704e4,Juvenile Fiction
6989a4e910805f5685d704e5,Counting
6989a4e910805f5685d704e5,Archetype (psychology)
6989a4e910805f5685d704e6,House
6989a4e910805f5685d704e6,Intelligence Service
6989a4e910805f5685d704e7,Health
6989a4e910805f5685d704e8,General
6989a4e910805f5685d704e8,Fiction
6989a4e910805f5685d704e8,Drama
6989a4e910805f5685d704e9,Biography
6989a4e910805f5685d704e9,Political Science
6989a4e910805f5685d704e9,Juvenile Nonfiction
6989a4e910805f5685d704ea,Assisted Suicide
6989a4e910805f5685d704ea,Mystery
6989a4e910805f5685d704eb,Theory Of
6989a4e910805f5685d704eb,Lutheran Church
6989a4e910805f5685d704ec,Pilgrims (new Plymouth Colony)
6989a4e910805f5685d704ec,God
6989a4e910805f5685d704ed,Aristocracy (social Class)
6989a4e910805f5685d704ed,Architecture
6989a4e910805f5685d704ee,Fiction
6989a4e910805f5685d704ef,Single People
6989a4e910805f5685d704ef,Microeconomics
6989a4e910805f5685d704f0,Rug And Carpet Industry
6989a4e910805f5685d704f0,Criticism
6989a4e910805f5685d704f1,Music
6989a4e910805f5685d704f2,Children's Plays
6989a4e910805f5685d704f2,Trixie (fictitious Character)
6989a4e910805f5685d704f3,General
6989a4e910805f5685d704f3,Fiction
6989a4e910805f5685d704f3,Jewish Fiction
6989a4e910805f5685d704f4,Fiction
6989a4e910805f5685d704f5,General
6989a4e910805f5685d704f6,Self-help
6989a4e910805f5685d704f6,Fiction
6989a4e910805f5685d704f7,Brandstetter
6989a4e910805f5685d704f7,Children's Poetry
6989a4e910805f5685d704f8,Auschwitz (concentration Camp) -- History
6989a4e910805f5685d704f8,Life
6989a4e910805f5685d704f9,Academic Writing
6989a4e910805f5685d704f9,Drawing
6989a4e910805f5685d704fa,Germany
6989a4e910805f5685d704fa,Aristocracy (social Class)
6989a4e910805f5685d704fb,Investments
6989a4e910805f5685d704fb,Women Astronauts
6989a4e910805f5685d704fb,Biography
6989a4e910805f5685d704fc,Literary Criticism
6989a4e910805f5685d704fd,Fiction
6989a4e910805f5685d704fd,General
6989a4e910805f5685d704fe,Capacity And Disability
6989a4e910805f5685d704fe,Books
6989a4e910805f5685d704ff,Fansler
6989a4e910805f5685d704ff,Justice In Art
6989a4e910805f5685d70500,Campion
6989a4e910805f5685d70500,Cameras
6989a4e910805f5685d70501,Devotional Calendars.
6989a4e910805f5685d70501,Crawford
6989a4e910805f5685d70502,Gynecology
6989a4e910805f5685d70502,Battle Of
6989a4e910805f5685d70503,Fiction
6989a4e910805f5685d70504,Large Print Books
6989a4e910805f5685d70504,Anthropology.
6989a4e910805f5685d70505,Diplomatic And Consular Service
6989a4e910805f5685d70505,Survival
6989a4e910805f5685d70506,Devil
6989a4e910805f5685d70506,Yugoslav War
6989a4e910805f5685d70507,General
6989a4e910805f5685d70507,Fiction
6989a4e910805f5685d70507,Juvenile Fiction
6989a4e910805f5685d70508,Crimes Without Victims
6989a4e910805f5685d70508,Families
6989a4e910805f5685d70509,Religion
6989a4e910805f5685d7050a,Seashore
6989a4e910805f5685d7050a,Lathes
6989a4e910805f5685d7050b,Bewitched (television Program)
6989a4e910805f5685d7050b,1861-1865 Fiction
6989a4e910805f5685d7050c,Raccoon
6989a4e910805f5685d7050c,American Fiction
6989a4e910805f5685d7050d,Caulfield
6989a4e910805f5685d7050d,Bible
6989a4e910805f5685d7050e,Creative Thinking
6989a4e910805f5685d7050e,Billionaires
6989a4e910805f5685d7050f,Human-computer Interaction
6989a4e910805f5685d7050f,Travel
6989a4e910805f5685d70510,Baseball Players
6989a4e910805f5685d70510,Spirit Writings
6989a4e910805f5685d70511,1942
6989a4e910805f5685d70511,Singers
6989a4e910805f5685d70512,Interpersonal Relations.
6989a4e910805f5685d70512,Penis
6989a4e910805f5685d70513,General
6989a4e910805f5685d70513,Cooking
6989a4e910805f5685d70514,Fiction
6989a4e910805f5685d70515,History
6989a4e910805f5685d70515,Fiction
6989a4e910805f5685d70516,History
6989a4e910805f5685d70517,Fiction
6989a4e910805f5685d70517,True Crime
6989a4e910805f5685d70518,Imperialism
6989a4e910805f5685d70518,Agricultural Credit
6989a4e910805f5685d70519,Patents
6989a4e910805f5685d70519,Peter (fictitious Character)
6989a4e910805f5685d7051a,Fiction
6989a4e910805f5685d7051a,Biography
6989a4e910805f5685d7051a,Literary Criticism
6989a4e910805f5685d7051b,Science
6989a4e910805f5685d7051c,International Organization
6989a4e910805f5685d7051c,Government Investigators
6989a4e910805f5685d7051d,History
6989a4e910805f5685d7051e,Biography
6989a4e910805f5685d7051e,General
6989a4e910805f5685d7051e,Medical
6989a4e910805f5685d7051f,Motion Picture Actors And Actresses
6989a4e910805f5685d7051f,Dog Adoption
6989a4e910805f5685d70520,General
6989a4e910805f5685d70521,Juvenile Fiction
6989a4e910805f5685d70522,Political Science
6989a4e910805f5685d70523,History
6989a4e910805f5685d70524,Photography
6989a4e910805f5685d70525,Radio Broadcasting
6989a4e910805f5685d70525,Dysfunctional Families
6989a4e910805f5685d70526,Child Abuse
6989a4e910805f5685d70526,Surrealism
6989a4e910805f5685d70527,Juvenile Fiction
6989a4e910805f5685d70528,Consumer Education
6989a4e910805f5685d70528,Picture Puzzles
6989a4e910805f5685d70529,Humor
6989a4e910805f5685d70529,Fiction
6989a4e910805f5685d7052a,Fiction
6989a4e910805f5685d7052a,True Crime
6989a4e910805f5685d7052a,Jewish Fiction
6989a4e910805f5685d7052b,Yoga
6989a4e910805f5685d7052b,Madeline (fictitious Character)
6989a4e910805f5685d7052c,Fiction
6989a4e910805f5685d7052d,Travelers
6989a4e910805f5685d7052d,Harry (fictitious Character)
6989a4e910805f5685d7052e,General
6989a4e910805f5685d7052f,Fiction
6989a4e910805f5685d70530,Fiction
6989a4e910805f5685d70531,Fiction
6989a4e910805f5685d70532,Rome (italy)
6989a4e910805f5685d70532,Games
6989a4e910805f5685d70533,Cuba
6989a4e910805f5685d70533,Eastern Question (far East)
6989a4e910805f5685d70534,Poetry
6989a4e910805f5685d70534,General
6989a4e910805f5685d70534,Juvenile Fiction
6989a4e910805f5685d70535,Baby Roo (fictitious Character)
6989a4e910805f5685d70535,Criminal Defense Lawyers
6989a4e910805f5685d70536,Latin America
6989a4e910805f5685d70536,London (england)
6989a4e910805f5685d70537,Bibles
6989a4e910805f5685d70537,Dragons
6989a4e910805f5685d70538,Fiction
6989a4e910805f5685d70539,Crossword Puzzle Makers
6989a4e910805f5685d70539,Civilization
6989a4e910805f5685d7053a,Fiction
6989a4e910805f5685d7053a,Performing Arts
6989a4e910805f5685d7053a,Juvenile Fiction
6989a4e910805f5685d7053b,Crossword Puzzle Makers
6989a4e910805f5685d7053b,Edinburgh (scotland)
6989a4e910805f5685d7053c,Bible And Evolution
6989a4e910805f5685d7053d,Fiction
6989a4e910805f5685d7053e,True Crime
6989a4e910805f5685d7053f,Children
6989a4e910805f5685d7053f,Baseball
6989a4e910805f5685d70540,Church And The World
6989a4e910805f5685d70540,Civilization
6989a4e910805f5685d70541,General
6989a4e910805f5685d70542,Fiction
6989a4e910805f5685d70542,Chicago (ill.)
6989a4e910805f5685d70542,Audiobooks
6989a4e910805f5685d70543,Names
6989a4e910805f5685d70543,Church Work With Alcoholics
6989a4e910805f5685d70544,Nineteen Twenties
6989a4e910805f5685d70544,Horses
6989a4e910805f5685d70545,Buddhism
6989a4e910805f5685d70545,Alexandria (egypt)
6989a4e910805f5685d70546,Fermi's Paradox
6989a4e910805f5685d70546,Divorced People
6989a4e910805f5685d70547,General
6989a4e910805f5685d70547,Fiction
6989a4e910805f5685d70547,House
6989a4e910805f5685d70548,Fiction
6989a4e910805f5685d70549,Juvenile Fiction
6989a4e910805f5685d7054a,Lutheran Church
6989a4e910805f5685d7054a,Debates And Debating
6989a4e910805f5685d7054b,General
6989a4e910805f5685d7054c,Amber (imaginary Place)
6989a4e910805f5685d7054c,Landscape
6989a4e910805f5685d7054d,American Literature
6989a4e910805f5685d7054d,Microwave Cooking
6989a4e910805f5685d7054e,Sailing
6989a4e910805f5685d7054e,Selling
6989a4e910805f5685d7054f,Fiction
6989a4e910805f5685d7054f,Biography
6989a4e910805f5685d70550,General
6989a4e910805f5685d70551,General
6989a4e910805f5685d70551,Juvenile Fiction
6989a4e910805f5685d70551,Competition (psychology)
6989a4e910805f5685d70552,Erotic
6989a4e910805f5685d70552,Mack (fictitious Character)
6989a4e910805f5685d70553,Festivals
6989a4e910805f5685d70553,Fermi's Paradox
6989a4e910805f5685d70554,Postpartum Depression
6989a4e910805f5685d70554,Arapaho Indians
6989a4e910805f5685d70555,Adultery
6989a4e910805f5685d70556,College Sports
6989a4e910805f5685d70556,Bodyguards
6989a4e910805f5685d70557,Corrections
6989a4e910805f5685d70557,Periodicals
6989a4e910805f5685d70558,Jamestown (va.)
6989a4e910805f5685d70558,Browne
6989a4e910805f5685d70559,Dreams
6989a4e910805f5685d70559,Animal Behavior
6989a4e910805f5685d7055a,Fiction
6989a4e910805f5685d7055a,General
6989a4e910805f5685d7055a,Social Science
6989a4e910805f5685d7055b,Consumer Goods
6989a4e910805f5685d7055b,Electrical Engineering
6989a4e910805f5685d7055c,Fiction
6989a4e910805f5685d7055c,Religion
6989a4e910805f5685d7055c,Juvenile Fiction
6989a4e910805f5685d7055d,History
6989a4e910805f5685d7055e,Adventure-juvenile Fiction
6989a4e910805f5685d7055e,Astrology
6989a4e910805f5685d7055f,Amerikaanse Fiksie
6989a4e910805f5685d7055f,Alhambra (granada
6989a4e910805f5685d70560,African-american Soldiers
6989a4e910805f5685d70560,Captain Underpants (fictitious Character)
6989a4e910805f5685d70561,Counted Thread Embroidery
6989a4e910805f5685d70561,Alzheimer's Disease
6989a4e910805f5685d70562,Fiction
6989a4e910805f5685d70563,Educartion-parents-participation--united States
6989a4e910805f5685d70563,House
6989a4e910805f5685d70564,Fell
6989a4e910805f5685d70564,Bewitched (television Program)
6989a4e910805f5685d70565,Escort Services
6989a4e910805f5685d70565,Ants
6989a4e910805f5685d70566,Fiction
6989a4e910805f5685d70567,Fiction
6989a4e910805f5685d70567,General
6989a4e910805f5685d70568,Performing Arts
6989a4e910805f5685d70568,Fiction
6989a4e910805f5685d70569,Christian Ethics
6989a4e910805f5685d70569,Bones (musical Instrument)
6989a4e910805f5685d7056a,Drama
6989a4e910805f5685d7056b,Zen Buddhism
6989a4e910805f5685d7056b,American Sign Language
6989a4e910805f5685d7056c,Cassidy
6989a4e910805f5685d7056c,Subject Catalogs
6989a4e910805f5685d7056d,Dhtml (document Markup Language)
6989a4e910805f5685d7056d,Jackrabbits
6989a4e910805f5685d7056e,Music
6989a4e910805f5685d7056f,History
6989a4e910805f5685d70570,Fiction
6989a4e910805f5685d70570,Young Adult Fiction
6989a4e910805f5685d70571,Labor Leaders
6989a4e910805f5685d70571,Justice In Art
6989a4e910805f5685d70572,Body
6989a4e910805f5685d70572,Mind
6989a4e910805f5685d70572,Fiction
6989a4e910805f5685d70573,Dhtml (document Markup Language)
6989a4e910805f5685d70573,Famines
6989a4e910805f5685d70574,England
6989a4e910805f5685d70574,Video Games
6989a4e910805f5685d70575,Biography
6989a4e910805f5685d70576,Insurgency
6989a4e910805f5685d70576,Bodyguards
6989a4e910805f5685d70577,Camping
6989a4e910805f5685d70577,Criticism
6989a4e910805f5685d70578,Animals
6989a4e910805f5685d70578,Book Of Mormon
6989a4e910805f5685d70579,Autobiographical Fiction
6989a4e910805f5685d70579,Kissing
6989a4e910805f5685d7057a,Canadian
6989a4e910805f5685d7057a,Content Area Reading
6989a4e910805f5685d7057b,Adultery
6989a4e910805f5685d7057c,Songs
6989a4e910805f5685d7057c,Single Tax
6989a4e910805f5685d7057d,Bullies
6989a4e910805f5685d7057d,1846-1848
6989a4e910805f5685d7057e,History
6989a4e910805f5685d7057f,Juvenile Nonfiction
6989a4e910805f5685d7057f,General
6989a4e910805f5685d7057f,Humor
6989a4e910805f5685d70580,Billionaires
6989a4e910805f5685d70580,Horticulture
6989a4e910805f5685d70581,Church And State
6989a4e910805f5685d70581,Religion
6989a4e910805f5685d70582,History
6989a4e910805f5685d70582,General
6989a4e910805f5685d70582,Biography
6989a4e910805f5685d70583,Devotional Literature
6989a4e910805f5685d70583,American Poetry
6989a4e910805f5685d70584,Journalists
6989a4e910805f5685d70584,General
6989a4e910805f5685d70585,Karate
6989a4e910805f5685d70585,Contaminated Sediments
6989a4e910805f5685d70586,American
6989a4e910805f5685d70586,Fantasy Literature
6989a4e910805f5685d70587,Oglala Indians
6989a4e910805f5685d70587,Presidents
6989a4e910805f5685d70588,Children's Poetry
6989a4e910805f5685d70588,English.
6989a4e910805f5685d70589,Lisbon (portugal)
6989a4e910805f5685d70589,English Fiction
6989a4e910805f5685d7058a,Religion
6989a4e910805f5685d7058b,Fiction
6989a4e910805f5685d7058c,Rama (imaginary Space Vehicle)
6989a4e910805f5685d7058c,Adjustment (psychology)
6989a4e910805f5685d7058d,History
6989a4e910805f5685d7058e,Ghost Stories
6989a4e910805f5685d7058e,American
6989a4e910805f5685d7058f,Juvenile Fiction
6989a4e910805f5685d70590,Counting
6989a4e910805f5685d70590,Clowns
6989a4e910805f5685d70591,Fiction
6989a4e910805f5685d70591,Electronic Books
6989a4e910805f5685d70592,Amish
6989a4e910805f5685d70592,Genetic Engineering
6989a4e910805f5685d70593,Occult Fiction
6989a4e910805f5685d70593,Canadian Periodicals
6989a4e910805f5685d70594,Fiction
6989a4e910805f5685d70595,General
6989a4e910805f5685d70596,History
6989a4e910805f5685d70597,Military Art And Science
6989a4e910805f5685d70597,Bible Stories
6989a4e910805f5685d70598,Christian Fiction
6989a4e910805f5685d70598,Industrial Management
6989a4e910805f5685d70599,Meditations
6989a4e910805f5685d70599,English
6989a4e910805f5685d7059a,Businesspeople
6989a4e910805f5685d7059a,Vampires
6989a4e910805f5685d7059b,Publishers' Catalogs
6989a4e910805f5685d7059b,Horror Stories.
6989a4e910805f5685d7059c,Australian
6989a4e910805f5685d7059c,Camping
6989a4e910805f5685d7059d,Music
6989a4e910805f5685d7059e,General
6989a4e910805f5685d7059e,Fiction
6989a4e910805f5685d7059e,Biography
6989a4e910805f5685d7059f,Fiction
6989a4e910805f5685d705a0,Birthmothers
6989a4e910805f5685d705a0,Commercial Crimes
6989a4e910805f5685d705a1,Health
6989a4e910805f5685d705a2,Librarians
6989a4e910805f5685d705a2,Castro (san Francisco
6989a4e910805f5685d705a3,Cologne (germany)
6989a4e910805f5685d705a3,Body Marking
6989a4e910805f5685d705a4,Baptists
6989a4e910805f5685d705a4,Microwave Cooking
6989a4e910805f5685d705a5,Alternative Histories (fiction)
6989a4e910805f5685d705a5,Evangelistic Work
6989a4e910805f5685d705a6,Food Supply
6989a4e910805f5685d705a6,Governesses
6989a4e910805f5685d705a7,Juvenile Fiction
6989a4e910805f5685d705a7,Juvenile Nonfiction
6989a4e910805f5685d705a7,Travel
6989a4e910805f5685d705a8,Evangelistic Sermons
6989a4e910805f5685d705a8,Menopause
6989a4e910805f5685d705a9,General
6989a4e910805f5685d705a9,Fiction
6989a4e910805f5685d705aa,Juvenile Fiction
6989a4e910805f5685d705ab,General
6989a4e910805f5685d705ac,Theory Of
6989a4e910805f5685d705ac,Authors
6989a4e910805f5685d705ad,Aran Islands (ireland)
6989a4e910805f5685d705ad,Paranormal Romance Stories
6989a4e910805f5685d705ae,General
6989a4e910805f5685d705af,Fiction
6989a4e910805f5685d705b0,General
6989a4e910805f5685d705b0,Adventure And Adventurers
6989a4e910805f5685d705b0,Astrology.
6989a4e910805f5685d705b1,Copyright
6989a4e910805f5685d705b1,England
6989a4e910805f5685d705b1,Fiction
6989a4e910805f5685d705b2,Africa
6989a4e910805f5685d705b2,Citation Of Legal Authorities
6989a4e910805f5685d705b3,General
6989a4e910805f5685d705b3,Fiction
6989a4e910805f5685d705b3,Sports
6989a4e910805f5685d705b4,Brigands And Robbers
6989a4e910805f5685d705b4,Modern
6989a4e910805f5685d705b5,History
6989a4e910805f5685d705b6,Fiction
6989a4e910805f5685d705b7,Religion
6989a4e910805f5685d705b8,General
6989a4e910805f5685d705b9,Comics
6989a4e910805f5685d705ba,Fiction
6989a4e910805f5685d705bb,Fiction
6989a4e910805f5685d705bc,Jury
6989a4e910805f5685d705bc,Artists
6989a4e910805f5685d705bd,Religion
6989a4e910805f5685d705bd,True Crime
6989a4e910805f5685d705bd,History
6989a4e910805f5685d705be,Body
6989a4e910805f5685d705be,Mind
6989a4e910805f5685d705bf,Ghost Stories
6989a4e910805f5685d705bf,American
6989a4e910805f5685d705c0,Statesmen
6989a4e910805f5685d705c0,Knights And Knighthood
6989a4e910805f5685d705c1,General
6989a4e910805f5685d705c2,Investments
6989a4e910805f5685d705c2,Danish
6989a4e910805f5685d705c3,Philosophy
6989a4e910805f5685d705c4,Science
6989a4e910805f5685d705c4,Kidnapping
6989a4e910805f5685d705c4,Serial Murderers
6989a4e910805f5685d705c5,Frankenstein Films
6989a4e910805f5685d705c5,Anthologies
6989a4e910805f5685d705c5,General
6989a4e910805f5685d705c6,Marquesas Islands (french Polynesia)
6989a4e910805f5685d705c6,Sweden
6989a4e910805f5685d705c7,Apparent
6989a4e910805f5685d705c7,Brigands And Robbers
6989a4e910805f5685d705c8,Amish
6989a4e910805f5685d705c8,High Schools
6989a4e910805f5685d705c9,Mindfulness (psychology)
6989a4e910805f5685d705c9,Dysfunctional Families
6989a4e910805f5685d705ca,Fiction
6989a4e910805f5685d705ca,General
6989a4e910805f5685d705ca,Young Adult Fiction
6989a4e910805f5685d705cb,Religion
6989a4e910805f5685d705cb,Fiction
6989a4e910805f5685d705cb,Science
6989a4e910805f5685d705cc,Parenting
6989a4e910805f5685d705cc,1939-1945
6989a4e910805f5685d705cd,African American Women
6989a4e910805f5685d705cd,Comic Fantasy
6989a4e910805f5685d705ce,General
6989a4e910805f5685d705ce,Business
6989a4e910805f5685d705ce,Travel
6989a4e910805f5685d705cf,Copyright
6989a4e910805f5685d705cf,England
6989a4e910805f5685d705cf,Fiction
6989a4e910805f5685d705d0,Albert (fictitious Character)
6989a4e910805f5685d705d0,Murder
6989a4e910805f5685d705d1,Mexican American Women
6989a4e910805f5685d705d1,Captain Underpants (fictitious Character)
6989a4e910805f5685d705d2,Christian Biography
6989a4e910805f5685d705d2,Diazepam
6989a4e910805f5685d705d3,Babies
6989a4e910805f5685d705d3,Modern
6989a4e910805f5685d705d4,Dawson's Creek (television Program)
6989a4e910805f5685d705d4,Hotels
6989a4e910805f5685d705d5,Biography
6989a4e910805f5685d705d5,Family
6989a4e910805f5685d705d6,Wales
6989a4e910805f5685d705d6,Audiobooks
6989a4e910805f5685d705d7,Body
6989a4e910805f5685d705d7,Mind
6989a4e910805f5685d705d7,Nature
6989a4e910805f5685d705d8,Business
6989a4e910805f5685d705d9,Common Fallacies
6989a4e910805f5685d705d9,Roderick (fictitious Character)
6989a4e910805f5685d705da,Religion
6989a4e910805f5685d705da,Body
6989a4e910805f5685d705da,Mind
6989a4e910805f5685d705db,Fiction
6989a4e910805f5685d705dc,Fiction
6989a4e910805f5685d705dc,Juvenile Fiction
6989a4e910805f5685d705dc,Science
6989a4e910805f5685d705dd,True Crime
6989a4e910805f5685d705de,Body
6989a4e910805f5685d705de,Mind
6989a4e910805f5685d705df,Political Science
6989a4e910805f5685d705df,Insurgency
6989a4e910805f5685d705e0,Fiction
6989a4e910805f5685d705e0,Biography
6989a4e910805f5685d705e0,Corruption
6989a4e910805f5685d705e1,Fiction
6989a4e910805f5685d705e1,General
6989a4e910805f5685d705e1,Juvenile Fiction
6989a4e910805f5685d705e2,Intercountry Adoption
6989a4e910805f5685d705e2,Rabbits
6989a4e910805f5685d705e3,Art
6989a4e910805f5685d705e3,Criminal Defense Lawyers
6989a4e910805f5685d705e4,Music
6989a4e910805f5685d705e5,Catalogs
6989a4e910805f5685d705e5,Motion Pictures
6989a4e910805f5685d705e6,Fiction
6989a4e910805f5685d705e6,General
6989a4e910805f5685d705e7,Fiction
6989a4e910805f5685d705e7,General
6989a4e910805f5685d705e7,Young Adult Fiction
6989a4e910805f5685d705e8,Fiction
6989a4e910805f5685d705e8,General
6989a4e910805f5685d705e8,Juvenile Fiction
6989a4e910805f5685d705e9,General
6989a4e910805f5685d705e9,Fiction
6989a4e910805f5685d705ea,Competition
6989a4e910805f5685d705ea,Appleby
6989a4e910805f5685d705eb,Fairy Tales
6989a4e910805f5685d705eb,Expatriation
6989a4e910805f5685d705ec,Fiction
6989a4e910805f5685d705ed,Periodicals
6989a4e910805f5685d705ed,1939-1945
6989a4e910805f5685d705ee,Fiction
6989a4e910805f5685d705ef,Fiction
6989a4e910805f5685d705ef,Body
6989a4e910805f5685d705ef,Mind
6989a4e910805f5685d705f0,Comics
6989a4e910805f5685d705f0,Juvenile Fiction
6989a4e910805f5685d705f1,General
6989a4e910805f5685d705f1,Education
6989a4e910805f5685d705f1,Body
6989a4e910805f5685d705f2,Sermons
6989a4e910805f5685d705f2,Fuentes De Oñoro
6989a4e910805f5685d705f3,Fiction
6989a4e910805f5685d705f4,Fiction
6989a4e910805f5685d705f5,Poetry
6989a4e910805f5685d705f6,English (old)
6989a4e910805f5685d705f6,Homosexuality
6989a4e910805f5685d705f7,Dentists
6989a4e910805f5685d705f7,Marriage Proposals
6989a4e910805f5685d705f8,Fiction
6989a4e910805f5685d705f8,Biography
6989a4e910805f5685d705f8,General
6989a4e910805f5685d705f9,Antiques
6989a4e910805f5685d705f9,Animal Communication
6989a4e910805f5685d705fa,Fiction
6989a4e910805f5685d705fb,Theology
6989a4e910805f5685d705fb,Philosophy
6989a4e910805f5685d705fc,Fiction
6989a4e910805f5685d705fc,Religion
6989a4e910805f5685d705fd,Beef
6989a4e910805f5685d705fd,Antinuclear Movement
6989a4e910805f5685d705fe,Great Britain
6989a4e910805f5685d705ff,Fiction
6989a4e910805f5685d705ff,General
6989a4e910805f5685d70600,Mack (fictitious Character)
6989a4e910805f5685d70600,Eskimos
6989a4e910805f5685d70601,Fiction
6989a4e910805f5685d70601,Children
6989a4e910805f5685d70602,Reading Comprehension
6989a4e910805f5685d70602,Predation (biology)
6989a4e910805f5685d70603,Fiction
6989a4e910805f5685d70603,General
6989a4e910805f5685d70603,History
6989a4e910805f5685d70604,Epic Poetry
6989a4e910805f5685d70604,Greek
6989a4e910805f5685d70604,Fiction
6989a4e910805f5685d70605,Međugorje (bosnia And Hercegovina)
6989a4e910805f5685d70605,Female Friendship
6989a4e910805f5685d70606,Fiction
6989a4e910805f5685d70607,Pattern Perception
6989a4e910805f5685d70607,Customer Services
6989a4e910805f5685d70608,Fiction
6989a4e910805f5685d70608,General
6989a4e910805f5685d70608,Juvenile Fiction
6989a4e910805f5685d70609,Science
6989a4e910805f5685d7060a,Fiction
6989a4e910805f5685d7060b,Fiction
6989a4e910805f5685d7060c,General
6989a4e910805f5685d7060d,Albert (fictitious Character)
6989a4e910805f5685d7060d,Blind Musicians
6989a4e910805f5685d7060e,Blind
6989a4e910805f5685d7060e,Artist Couples
6989a4e910805f5685d7060f,American Dream
6989a4e910805f5685d70610,Child Development
6989a4e910805f5685d70610,Jerusalem
6989a4e910805f5685d70611,Gardening
6989a4e910805f5685d70611,Self-realization In Women
6989a4e910805f5685d70612,Social Science
6989a4e910805f5685d70613,African Americans
6989a4e910805f5685d70613,Human
6989a4e910805f5685d70614,History
6989a4e910805f5685d70615,Knitting
6989a4e910805f5685d70615,Cerebral Dominance
6989a4e910805f5685d70616,Juvenile Fiction
6989a4e910805f5685d70617,Criminal Defense Lawyers
6989a4e910805f5685d70617,Folklore
6989a4e910805f5685d70618,Juvenile Nonfiction
6989a4e910805f5685d70619,Last Words
6989a4e910805f5685d70619,Popular Literature
6989a4e910805f5685d7061a,Fiction
6989a4e910805f5685d7061b,Bawdy Poetry
6989a4e910805f5685d7061b,Mind
6989a4e910805f5685d7061c,Fiction
6989a4e910805f5685d7061d,Recycling
6989a4e910805f5685d7061d,Man-woman Relationships
6989a4e910805f5685d7061e,Fiction
6989a4e910805f5685d7061e,General
6989a4e910805f5685d7061e,Animals
6989a4e910805f5685d7061f,Children's Stories
6989a4e910805f5685d7061f,Human Anatomy
6989a4e910805f5685d70620,Crossword Puzzle Makers
6989a4e910805f5685d70620,Colors
6989a4e910805f5685d70621,Fiction
6989a4e910805f5685d70622,General
6989a4e910805f5685d70623,Fiction
6989a4e910805f5685d70624,Brazil
6989a4e910805f5685d70624,Families
6989a4e910805f5685d70625,Cooking
6989a4e910805f5685d70625,Architects
6989a4e910805f5685d70626,Germany
6989a4e910805f5685d70626,Queens
6989a4e910805f5685d70627,Fiction
6989a4e910805f5685d70627,Biography
6989a4e910805f5685d70628,African Americans
6989a4e910805f5685d70629,Fiction
6989a4e910805f5685d7062a,Juvenile Fiction
6989a4e910805f5685d7062a,General
6989a4e910805f5685d7062a,Drama
6989a4e910805f5685d7062b,General
6989a4e910805f5685d7062c,Pilgrims (new Plymouth Colony)
6989a4e910805f5685d7062c,Czech Fiction
6989a4e910805f5685d7062d,Reference
6989a4e910805f5685d7062e,Literary Criticism
6989a4e910805f5685d7062f,Book Of The Dead
6989a4e910805f5685d7062f,Beef
6989a4e910805f5685d70630,General
6989a4e910805f5685d70630,Fiction
6989a4e910805f5685d70631,Brazil
6989a4e910805f5685d70631,Cologne (germany)
6989a4e910805f5685d70632,Actresses
6989a4e910805f5685d70632,Folklore
6989a4e910805f5685d70633,Fiction
6989a4e910805f5685d70634,Fiction
6989a4e910805f5685d70635,Collective Memory
6989a4e910805f5685d70635,Tiger
6989a4e910805f5685d70636,Belgrade (serbia)
6989a4e910805f5685d70636,Communities
6989a4e910805f5685d70637,History
6989a4e910805f5685d70638,General
6989a4e910805f5685d70639,Children's Plays
6989a4e910805f5685d70639,Atheletes
6989a4e910805f5685d7063a,History
6989a4e910805f5685d7063b,Counting
6989a4e910805f5685d7063b,Chivalry
6989a4e910805f5685d7063c,Juvenile Fiction
6989a4e910805f5685d7063c,General
6989a4e910805f5685d7063c,Cooking
6989a4e910805f5685d7063d,Fiction
6989a4e910805f5685d7063e,Sexual Fantasies
6989a4e910805f5685d7063e,Fathers And Sons
6989a4e910805f5685d7063f,Motion Picture Actors And Actresses
6989a4e910805f5685d7063f,Yachts
6989a4e910805f5685d70640,Novelists
6989a4e910805f5685d70640,Brother (fictitious Character)
6989a4e910805f5685d70641,Fiction
6989a4e910805f5685d70641,General
6989a4e910805f5685d70641,Self-help
6989a4e910805f5685d70642,Texas
6989a4e910805f5685d70642,Female Friendship
6989a4e910805f5685d70643,Adolescence
6989a4e910805f5685d70643,Dakota Indians
6989a4e910805f5685d70644,Communication In Marriage
6989a4e910805f5685d70644,Fantasy In Art
6989a4e910805f5685d70645,Fiction
6989a4e910805f5685d70646,Diary Fiction
6989a4e910805f5685d70646,Presidents
6989a4e910805f5685d70647,Juvenile Fiction
6989a4e910805f5685d70648,German Americans
6989a4e910805f5685d70648,Cats
6989a4e910805f5685d70649,Gideon (fictitious Character)
6989a4e910805f5685d70649,Japanese Americans
6989a4e910805f5685d7064a,Study Aids
6989a4e910805f5685d7064b,General
6989a4e910805f5685d7064b,Fiction
6989a4e910805f5685d7064b,Biography
6989a4e910805f5685d7064c,Biography
6989a4e910805f5685d7064d,Canadian
6989a4e910805f5685d7064d,Mathematics
6989a4e910805f5685d7064e,Soft Drink Industry
6989a4e910805f5685d7064e,Beany (fictitious Character)
6989a4e910805f5685d7064f,Card Games
6989a4e910805f5685d7064f,Beagle Expedition
6989a4e910805f5685d70650,American Wit And Humor.
6989a4e910805f5685d70650,Law
6989a4e910805f5685d70651,Fiction
6989a4e910805f5685d70652,Botswana
6989a4e910805f5685d70653,Fiction
6989a4e910805f5685d70654,Fiction
6989a4e910805f5685d70654,Biography
6989a4e910805f5685d70654,General
6989a4e910805f5685d70655,Mathematics
6989a4e910805f5685d70655,Citation Of Legal Authorities
6989a4e910805f5685d70656,General
6989a4e910805f5685d70656,Education
6989a4e910805f5685d70656,Fiction
6989a4e910805f5685d70657,General
6989a4e910805f5685d70658,Conflict Management
6989a4e910805f5685d70658,Italian
6989a4e910805f5685d70659,Adult Children
6989a4e910805f5685d70659,Condensed Books
6989a4e910805f5685d7065a,Fiction
6989a4e910805f5685d7065b,Fiction
6989a4e910805f5685d7065c,Curiosities And Wonders
6989a4e910805f5685d7065c,Cowboys
6989a4e910805f5685d7065d,Body
6989a4e910805f5685d7065d,Mind
6989a4e910805f5685d7065e,General
6989a4e910805f5685d7065f,Body
6989a4e910805f5685d7065f,Mind
6989a4e910805f5685d7065f,Juvenile Fiction
6989a4e910805f5685d70660,True Crime
6989a4e910805f5685d70661,Dungeons And Dragons (game)
6989a4e910805f5685d70661,Hollywood (los Angeles
6989a4e910805f5685d70662,Hay Fever
6989a4e910805f5685d70662,Drama
6989a4e910805f5685d70663,General
6989a4e910805f5685d70664,Historical Romance
6989a4e910805f5685d70664,Fantastic Fiction.
6989a4e910805f5685d70665,Biography
6989a4e910805f5685d70666,Computers
6989a4e910805f5685d70667,General
6989a4e910805f5685d70667,Fiction
6989a4e910805f5685d70667,Juvenile Fiction
6989a4e910805f5685d70668,General
6989a4e910805f5685d70668,Fiction
6989a4e910805f5685d70668,Humor
6989a4e910805f5685d70669,Camping
6989a4e910805f5685d70669,Counting
6989a4e910805f5685d7066a,Entomologists
6989a4e910805f5685d7066a,Blind
6989a4e910805f5685d7066b,Fiction
6989a4e910805f5685d7066b,General
6989a4e910805f5685d7066b,Family
6989a4e910805f5685d7066c,Adventure And Adventurers
6989a4e910805f5685d7066c,Rome
6989a4e910805f5685d7066d,Juvenile Fiction
6989a4e910805f5685d7066e,Adventure
6989a4e910805f5685d7066e,Historic Buildings
6989a4e910805f5685d7066f,Handbooks
6989a4e910805f5685d7066f,Caterers And Catering
6989a4e910805f5685d70670,Discworld (imaginary Place)
6989a4e910805f5685d70670,Edinburgh (scotland)
6989a4e910805f5685d70671,Alienation (social Psychology)
6989a4e910805f5685d70671,Dream Interpretation
6989a4e910805f5685d70672,Australian Fiction
6989a4e910805f5685d70672,Iguana (genus)
6989a4e910805f5685d70673,Fiction
6989a4e910805f5685d70673,General
6989a4e910805f5685d70673,Juvenile Fiction
6989a4e910805f5685d70674,Holocaust
6989a4e910805f5685d70674,Motion Picture Actors And Actresses
6989a4e910805f5685d70675,Business
6989a4e910805f5685d70676,Dakota Indians
6989a4e910805f5685d70676,Time Management
6989a4e910805f5685d70677,Lutheran Church
6989a4e910805f5685d70677,Novelists
6989a4e910805f5685d70678,General
6989a4e910805f5685d70678,Fiction
6989a4e910805f5685d70678,Young Adult Fiction
6989a4e910805f5685d70679,Calif.)
6989a4e910805f5685d70679,Propaganda
6989a4e910805f5685d7067a,Archaeology
6989a4e910805f5685d7067a,Apologetics
6989a4e910805f5685d7067b,Self-help
6989a4e910805f5685d7067c,General
6989a4e910805f5685d7067d,Juvenile Fiction
6989a4e910805f5685d7067d,Education
6989a4e910805f5685d7067d,Science
6989a4e910805f5685d7067e,Defense Information
6989a4e910805f5685d7067e,Actresses
6989a4e910805f5685d7067f,Family
6989a4e910805f5685d7067f,Language Arts
6989a4e910805f5685d70680,Napoleonic Wars
6989a4e910805f5685d70680,Collective Memory
6989a4e910805f5685d70681,Crusades
6989a4e910805f5685d70681,Sports
6989a4e910805f5685d70682,Fiction
6989a4e910805f5685d70682,General
6989a4e910805f5685d70682,Biography
6989a4e910805f5685d70683,Russia
6989a4e910805f5685d70683,1846-1848
6989a4e910805f5685d70684,American Fiction
6989a4e910805f5685d70684,Fiction
6989a4e910805f5685d70684,General
6989a4e910805f5685d70685,Dragons In Literature
6989a4e910805f5685d70685,Boys
6989a4e910805f5685d70686,Fiction
6989a4e910805f5685d70687,Drama
6989a4e910805f5685d70687,Commercial Statistics
6989a4e910805f5685d70688,Fiction
6989a4e910805f5685d70689,Adultery
6989a4e910805f5685d7068a,General
6989a4e910805f5685d7068a,Psychology
6989a4e910805f5685d7068a,Fiction
6989a4e910805f5685d7068b,General
6989a4e910805f5685d7068c,Young Adult Fiction
6989a4e910805f5685d7068c,Fiction
6989a4e910805f5685d7068d,Body
6989a4e910805f5685d7068d,Mind
6989a4e910805f5685d7068d,Biography
6989a4e910805f5685d7068e,Fiction
6989a4e910805f5685d7068f,Amusements
6989a4e910805f5685d7068f,Québec (province)
6989a4e910805f5685d70690,Brain
6989a4e910805f5685d70690,Colombian
6989a4e910805f5685d70691,Governesses
6989a4e910805f5685d70691,Cattle
6989a4e910805f5685d70692,Adventure Stories
6989a4e910805f5685d70693,New York (n.y.)
6989a4e910805f5685d70693,Dream Interpretation
6989a4e910805f5685d70694,Fiction
6989a4e910805f5685d70694,History
6989a4e910805f5685d70694,Technology
6989a4e910805f5685d70695,Biography
6989a4e910805f5685d70695,Religion
6989a4e910805f5685d70696,Fiction
6989a4e910805f5685d70697,Germany
6989a4e910805f5685d70697,Bambi (fictitious Character)
6989a4e910805f5685d70698,Drivers' Licenses
6989a4e910805f5685d70698,Book Of The Dead
6989a4e910805f5685d70699,Fiction
6989a4e910805f5685d70699,General
6989a4e910805f5685d7069a,Juvenile Fiction
6989a4e910805f5685d7069a,Fiction
6989a4e910805f5685d7069a,General
6989a4e910805f5685d7069b,Adultery
6989a4e910805f5685d7069c,Islam
6989a4e910805f5685d7069c,Acculturation
6989a4e910805f5685d7069d,Fiction
6989a4e910805f5685d7069e,Juvenile Fiction
6989a4e910805f5685d7069f,Italian American Families
6989a4e910805f5685d7069f,Genealogy
6989a4e910805f5685d706a0,Fiction
6989a4e910805f5685d706a1,Music
6989a4e910805f5685d706a1,Fantasy
6989a4e910805f5685d706a2,Fiction
6989a4e910805f5685d706a2,Humor
6989a4e910805f5685d706a3,General
6989a4e910805f5685d706a4,Fiction
6989a4e910805f5685d706a5,Coal Miners
6989a4e910805f5685d706a5,Fires
6989a4e910805f5685d706a6,Female Offenders
6989a4e910805f5685d706a6,Beauty
6989a4e910805f5685d706a7,Intimacy (psychology)
6989a4e910805f5685d706a8,Body
6989a4e910805f5685d706a8,Mind
6989a4e910805f5685d706a9,Fiction
6989a4e910805f5685d706aa,General
6989a4e910805f5685d706ab,Children
6989a4e910805f5685d706ab,Fishes
6989a4e910805f5685d706ac,General
6989a4e910805f5685d706ad,Philosophy
6989a4e910805f5685d706ae,Sasquatch
6989a4e910805f5685d706ae,Bible Stories
6989a4e910805f5685d706af,Feminists
6989a4e910805f5685d706af,Heavy Metal (music)
6989a4e910805f5685d706b0,General
6989a4e910805f5685d706b0,Fiction
6989a4e910805f5685d706b1,Motion Picture Actors And Actresses
6989a4e910805f5685d706b1,Hinduism
6989a4e910805f5685d706b2,Atonement
6989a4e910805f5685d706b2,Spider-man (fictitious Character)
6989a4e910805f5685d706b3,Eastern Question (far East)
6989a4e910805f5685d706b3,Science Fiction.
6989a4e910805f5685d706b4,Motels
6989a4e910805f5685d706b4,Female
6989a4e910805f5685d706b5,Congresses And Conventions
6989a4e910805f5685d706b5,Copyright
6989a4e910805f5685d706b6,Fiction
6989a4e910805f5685d706b6,General
6989a4e910805f5685d706b7,Behavior Therapy
6989a4e910805f5685d706b7,Rug And Carpet Industry
6989a4e910805f5685d706b8,Body
6989a4e910805f5685d706b8,Mind
6989a4e910805f5685d706b9,Algebra
6989a4e910805f5685d706b9,Corbett
6989a4e910805f5685d706ba,Juvenile Fiction
6989a4e910805f5685d706bb,Fiction
6989a4e910805f5685d706bb,Comics
6989a4e910805f5685d706bc,Fiction
6989a4e910805f5685d706bd,Humor
6989a4e910805f5685d706be,Fiction
6989a4e910805f5685d706bf,Jane (fictitious Character)
6989a4e910805f5685d706bf,Caricatures And Cartoons
6989a4e910805f5685d706c0,Comic Books
6989a4e910805f5685d706c0,Oregon
6989a4e910805f5685d706c1,Fiction
6989a4e910805f5685d706c1,General
6989a4e910805f5685d706c1,Biography
6989a4e910805f5685d706c2,Fiction
6989a4e910805f5685d706c3,Fiction
6989a4e910805f5685d706c4,Poodles
6989a4e910805f5685d706c4,Business Ethics
6989a4e910805f5685d706c5,Gideon (fictitious Character)
6989a4e910805f5685d706c5,Questions And Answers
6989a4e910805f5685d706c6,Fantasy Fiction
6989a4e910805f5685d706c6,Music
6989a4e910805f5685d706c7,Ghost Stories
6989a4e910805f5685d706c7,Female Orgasm
6989a4e910805f5685d706c8,American Literature
6989a4e910805f5685d706c9,Business
6989a4e910805f5685d706ca,Castro (san Francisco
6989a4e910805f5685d706ca,Families
6989a4e910805f5685d706cb,Corrections
6989a4e910805f5685d706cb,Children's Plays
6989a4e910805f5685d706cc,Cheyenne Indians
6989a4e910805f5685d706cc,Birth Control
6989a4e910805f5685d706cd,Juvenile Fiction
6989a4e910805f5685d706cd,Fiction
6989a4e910805f5685d706cd,General
6989a4e910805f5685d706ce,Climate And Civilization
6989a4e910805f5685d706ce,Travelers
6989a4e910805f5685d706cf,Earp
6989a4e910805f5685d706cf,Child Abuse
6989a4e910805f5685d706d0,Herbs
6989a4e910805f5685d706d0,Landlord And Tenant
6989a4e910805f5685d706d1,General
6989a4e910805f5685d706d2,Music
6989a4e910805f5685d706d3,Fiction
6989a4e910805f5685d706d4,Compost
6989a4e910805f5685d706d4,Adolescence
6989a4e910805f5685d706d5,Computers
6989a4e910805f5685d706d6,Marquesas Islands (french Polynesia)
6989a4e910805f5685d706d6,Autographs
6989a4e910805f5685d706d7,African Wild Dog
6989a4e910805f5685d706d7,Dinosaurs
6989a4e910805f5685d706d8,Fiction
6989a4e910805f5685d706d8,General
6989a4e910805f5685d706d8,Cooking
6989a4e910805f5685d706d9,Family
6989a4e910805f5685d706da,Cheyenne Indians
6989a4e910805f5685d706da,Animals
6989a4e910805f5685d706db,Fiction
6989a4e910805f5685d706db,General
6989a4e910805f5685d706db,Biography
6989a4e910805f5685d706dc,Nature
6989a4e910805f5685d706dd,Star Trek Films
6989a4e910805f5685d706dd,Salvage
6989a4e910805f5685d706de,Hudson River Valley (n.y. And N.j.)
6989a4e910805f5685d706de,Yoga
6989a4e910805f5685d706df,History
6989a4e910805f5685d706e0,History
6989a4e910805f5685d706e1,Illegitimate Children
6989a4e910805f5685d706e1,Contaminated Sediments
6989a4e910805f5685d706e2,Oregon
6989a4e910805f5685d706e2,Black Humor
6989a4e910805f5685d706e3,Statistics
6989a4e910805f5685d706e3,Women Authors
6989a4e910805f5685d706e4,General
6989a4e910805f5685d706e5,General
6989a4e910805f5685d706e5,Rock Musicians
6989a4e910805f5685d706e6,Fiction
6989a4e910805f5685d706e6,General
6989a4e910805f5685d706e7,Businesspeople
6989a4e910805f5685d706e7,Female Friendship
6989a4e910805f5685d706e8,Executive Power.
6989a4e910805f5685d706e8,Control (psychology)
6989a4e910805f5685d706e9,Genealogy
6989a4e910805f5685d706e9,High School Students
6989a4e910805f5685d706ea,Autobiographical Fiction
6989a4e910805f5685d706ea,Computers
6989a4e910805f5685d706eb,General
6989a4e910805f5685d706eb,Fiction
6989a4e910805f5685d706eb,Education
6989a4e910805f5685d706ec,Crossword Puzzle Makers
6989a4e910805f5685d706ec,Spider-man (fictitious Character)
6989a4e910805f5685d706ed,Large Type Books
6989a4e910805f5685d706ed,Blood Substitutes
6989a4e910805f5685d706ee,Session Laws
6989a4e910805f5685d706ee,Espionage
6989a4e910805f5685d706ef,American Fiction
6989a4e910805f5685d706f0,Reference
6989a4e910805f5685d706f0,Business
6989a4e910805f5685d706f1,Juvenile Fiction
6989a4e910805f5685d706f1,Audiobooks
6989a4e910805f5685d706f1,Children's Stories
6989a4e910805f5685d706f2,Fantasy Fiction
6989a4e910805f5685d706f2,Bosch
6989a4e910805f5685d706f3,Artists
6989a4e910805f5685d706f3,Landscape
6989a4e910805f5685d706f4,Insects
6989a4e910805f5685d706f4,Advertising
6989a4e910805f5685d706f5,Caterers And Catering
6989a4e910805f5685d706f5,Edible Landscaping
6989a4e910805f5685d706f6,Fiction
6989a4e910805f5685d706f7,General
6989a4e910805f5685d706f8,Fiction
6989a4e910805f5685d706f8,General
6989a4e910805f5685d706f9,Aberystwyth (wales)
6989a4e910805f5685d706f9,Microeconomics
6989a4e910805f5685d706fa,Birth Control
6989a4e910805f5685d706fa,Dutch Fiction
6989a4e910805f5685d706fb,Fiction
6989a4e910805f5685d706fb,Religion
6989a4e910805f5685d706fb,Language Arts
6989a4e910805f5685d706fc,Russian Poetry
6989a4e910805f5685d706fc,Albert (fictitious Character)
6989a4e910805f5685d706fd,Fiction
6989a4e910805f5685d706fe,General
6989a4e910805f5685d706fe,Fiction
6989a4e910805f5685d706fe,Religion
6989a4e910805f5685d706ff,General
6989a4e910805f5685d706ff,History
6989a4e910805f5685d70700,General
6989a4e910805f5685d70700,Juvenile Fiction
6989a4e910805f5685d70701,Fiction
6989a4e910805f5685d70701,General
6989a4e910805f5685d70701,American Fiction
6989a4e910805f5685d70702,Fiction
6989a4e910805f5685d70703,Fiction
6989a4e910805f5685d70704,Southern States
6989a4e910805f5685d70704,Autobiographical Fiction
6989a4e910805f5685d70705,Physicians
6989a4e910805f5685d70705,Self-realization
6989a4e910805f5685d70706,Casinos
6989a4e910805f5685d70706,Alleyn
6989a4e910805f5685d70707,Mission Of The Church
6989a4e910805f5685d70707,Harry (fictitious Character)
6989a4e910805f5685d70708,Fiction
6989a4e910805f5685d70708,Religion
6989a4e910805f5685d70709,Juvenile Fiction
6989a4e910805f5685d70709,Fiction
6989a4e910805f5685d70709,Gardening
6989a4e910805f5685d7070a,Self-help
6989a4e910805f5685d7070b,General
6989a4e910805f5685d7070c,General
6989a4e910805f5685d7070c,Fiction
6989a4e910805f5685d7070c,Self-help
6989a4e910805f5685d7070d,Fiction
6989a4e910805f5685d7070d,Criticism
6989a4e910805f5685d7070e,Literary Criticism
6989a4e910805f5685d7070f,Comic Fantasy
6989a4e910805f5685d7070f,North Atlantic Ocean
6989a4e910805f5685d70710,History
6989a4e910805f5685d70710,General
6989a4e910805f5685d70710,Fiction
6989a4e910805f5685d70711,Statistics.
6989a4e910805f5685d70711,Dungeons And Dragons (game)
6989a4e910805f5685d70712,Dragons
6989a4e910805f5685d70713,Fiction
6989a4e910805f5685d70714,Communication In Organizations
6989a4e910805f5685d70714,Booksellers And Bookselling
6989a4e910805f5685d70715,Fiction
6989a4e910805f5685d70716,Grease (motion Picture)
6989a4e910805f5685d70716,Evangelistic Work
6989a4e910805f5685d70717,Biography
6989a4e910805f5685d70717,History
6989a4e910805f5685d70717,Fiction
6989a4e910805f5685d70718,Families
6989a4e910805f5685d70719,General
6989a4e910805f5685d7071a,General
6989a4e910805f5685d7071b,Group Reading
6989a4e910805f5685d7071b,Blizzards
6989a4e910805f5685d7071c,Christmas Decorations
6989a4e910805f5685d7071c,Domestic Fiction
6989a4e910805f5685d7071d,Divorce
6989a4e910805f5685d7071d,Holiness
6989a4e910805f5685d7071e,Criminal Defense Lawyers
6989a4e910805f5685d7071e,African American Authors
6989a4e910805f5685d7071f,Church And State
6989a4e910805f5685d70720,Statesmen
6989a4e910805f5685d70720,Jewelers
6989a4e910805f5685d70721,Star Trek Films
6989a4e910805f5685d70721,Christian Pilgrims And Pilgrimages
6989a4e910805f5685d70722,Fiction
6989a4e910805f5685d70723,Foreign Language Study
6989a4e910805f5685d70724,Automobiles
6989a4e910805f5685d70724,Prehistoric Peoples
6989a4e910805f5685d70725,Etiquette
6989a4e910805f5685d70725,St. Albans (england)
6989a4e910805f5685d70726,Home-based Businesses
6989a4e910805f5685d70726,Self-help
6989a4e910805f5685d70727,Fiction
6989a4e910805f5685d70728,Fiction
6989a4e910805f5685d70728,History
6989a4e910805f5685d70729,Fiction
6989a4e910805f5685d7072a,Fiction
6989a4e910805f5685d7072b,Fiction
6989a4e910805f5685d7072b,General
6989a4e910805f5685d7072b,Political Science
6989a4e910805f5685d7072c,James Bolivar (fictitious Character)
6989a4e910805f5685d7072c,Lizards
6989a4e910805f5685d7072d,General
6989a4e910805f5685d7072d,Fiction
6989a4e910805f5685d7072d,Biography
6989a4e910805f5685d7072e,Bolan
6989a4e910805f5685d7072e,Client-centered Psychotherapy
6989a4e910805f5685d7072f,General
6989a4e910805f5685d7072f,Self-help
6989a4e910805f5685d70730,French
6989a4e910805f5685d70730,Menopause
6989a4e910805f5685d70731,Congresses And Conventions
6989a4e910805f5685d70731,Japan
6989a4e910805f5685d70732,American Fiction
6989a4e910805f5685d70733,American Fiction
6989a4e910805f5685d70733,Fiction
6989a4e910805f5685d70734,Color In Interior Decoration
6989a4e910805f5685d70734,Self-realization In Women
6989a4e910805f5685d70735,Fiction
6989a4e910805f5685d70735,Robots
6989a4e910805f5685d70735,Science
6989a4e910805f5685d70736,Fiction
6989a4e910805f5685d70737,General
6989a4e910805f5685d70737,Religion
6989a4e910805f5685d70738,History
6989a4e910805f5685d70739,Autism
6989a4e910805f5685d70739,Burma
6989a4e910805f5685d7073a,Vendetta
6989a4e910805f5685d7073a,Adolescence
6989a4e910805f5685d7073b,Paperbacks
6989a4e910805f5685d7073b,Debates And Debating
6989a4e910805f5685d7073c,Botany
6989a4e910805f5685d7073c,Lathes
6989a4e910805f5685d7073d,Fiction
6989a4e910805f5685d7073e,Fiction
6989a4e910805f5685d7073f,Fiction
6989a4e910805f5685d7073f,Biography
6989a4e910805f5685d7073f,Religion
6989a4e910805f5685d70740,Customer Services
6989a4e910805f5685d70740,Statistics
6989a4e910805f5685d70741,Juvenile Fiction
6989a4e910805f5685d70742,Humor
6989a4e910805f5685d70743,Dutch
6989a4e910805f5685d70743,Reading Comprehension
6989a4e910805f5685d70744,Hygiene
6989a4e910805f5685d70744,North Carolina
6989a4e910805f5685d70745,Fiction
6989a4e910805f5685d70745,General
6989a4e910805f5685d70745,English Literature
6989a4e910805f5685d70746,True Crime
6989a4e910805f5685d70746,Colombian
6989a4e910805f5685d70747,Communication In Organizations
6989a4e910805f5685d70747,Italian
6989a4e910805f5685d70748,Fiction
6989a4e910805f5685d70748,Juvenile Fiction
6989a4e910805f5685d70748,General
6989a4e910805f5685d70749,Battle
6989a4e910805f5685d70749,Brewing
6989a4e910805f5685d7074a,Fiction
6989a4e910805f5685d7074b,Fiction
6989a4e910805f5685d7074c,Juvenile Fiction
6989a4e910805f5685d7074d,Copenhagen (denmark)
6989a4e910805f5685d7074d,Congresses And Conventions
6989a4e910805f5685d7074e,Biography
6989a4e910805f5685d7074e,Juvenile Fiction
6989a4e910805f5685d7074e,General
6989a4e910805f5685d7074f,Fiction
6989a4e910805f5685d7074f,General
6989a4e910805f5685d7074f,Literary Criticism
6989a4e910805f5685d70750,Jackrabbits
6989a4e910805f5685d70750,Deaf Gay Men
6989a4e910805f5685d70751,Fiction
6989a4e910805f5685d70752,Music
6989a4e910805f5685d70753,Great Britain
6989a4e910805f5685d70753,Animal Rescue
6989a4e910805f5685d70754,Justice In Art
6989a4e910805f5685d70754,Carnivals
6989a4e910805f5685d70755,Fiction
6989a4e910805f5685d70756,Edible Landscaping
6989a4e910805f5685d70756,Vade-mecums
6989a4e910805f5685d70757,Self-help
6989a4e910805f5685d70758,Fiction
6989a4e910805f5685d70758,General
6989a4e910805f5685d70758,Body
6989a4e910805f5685d70759,Fiction
6989a4e910805f5685d70759,Juvenile Fiction
6989a4e910805f5685d7075a,Social Science
6989a4e910805f5685d7075b,Billionaires
6989a4e910805f5685d7075b,Adventure Games
6989a4e910805f5685d7075c,Fantasy Games
6989a4e910805f5685d7075c,Dysfunctional Families
6989a4e910805f5685d7075d,Psychology
6989a4e910805f5685d7075e,Fiction
6989a4e910805f5685d7075e,Biography
6989a4e910805f5685d7075f,Frankenstein Films
6989a4e910805f5685d7075f,Fiction
6989a4e910805f5685d7075f,Literary Criticism
6989a4e910805f5685d70760,Juvenile Fiction
6989a4e910805f5685d70761,Serial Murderers
6989a4e910805f5685d70761,Channeling (spiritualism)
6989a4e910805f5685d70762,General
6989a4e910805f5685d70763,General
6989a4e910805f5685d70763,Fiction
6989a4e910805f5685d70763,Juvenile Fiction
6989a4e910805f5685d70764,Adultery
6989a4e910805f5685d70765,Religion
6989a4e910805f5685d70766,True Crime
6989a4e910805f5685d70766,Fiction
6989a4e910805f5685d70767,Fiction
6989a4e910805f5685d70767,General
6989a4e910805f5685d70768,Paranormal Romance Stories
6989a4e910805f5685d70768,1818-1848
6989a4e910805f5685d70769,Blind
6989a4e910805f5685d70769,Japanese Fiction
6989a4e910805f5685d7076a,Opera
6989a4e910805f5685d7076a,St. Albans (england)
6989a4e910805f5685d7076b,Juvenile Fiction
6989a4e910805f5685d7076b,Fiction
6989a4e910805f5685d7076b,Body
6989a4e910805f5685d7076c,Alcoholics
6989a4e910805f5685d7076c,Home Economics
6989a4e910805f5685d7076d,Mission Of The Church
6989a4e910805f5685d7076d,Readers
6989a4e910805f5685d7076e,General
6989a4e910805f5685d7076f,Religion
6989a4e910805f5685d70770,Belgium
6989a4e910805f5685d70770,Reading
6989a4e910805f5685d70771,Publishers' Catalogs
6989a4e910805f5685d70771,Success
6989a4e910805f5685d70772,Planets
6989a4e910805f5685d70772,Brigands And Robbers
6989a4e910805f5685d70773,Fiction
6989a4e910805f5685d70774,Necklaces
6989a4e910805f5685d70774,Press And Politics
6989a4e910805f5685d70775,Juvenile Fiction
6989a4e910805f5685d70776,Mental
6989a4e910805f5685d70776,Fansler
6989a4e910805f5685d70777,Scotland
6989a4e910805f5685d70777,Magic
6989a4e910805f5685d70778,Fiction
6989a4e910805f5685d70778,Best Books
6989a4e910805f5685d70779,Clowns
6989a4e910805f5685d70779,Stream Measurements
6989a4e910805f5685d7077a,Mutiney
6989a4e910805f5685d7077a,English
6989a4e910805f5685d7077b,General
6989a4e910805f5685d7077b,Dragons
6989a4e910805f5685d7077b,St. Albans (england)
6989a4e910805f5685d7077c,Administration Of Estates
6989a4e910805f5685d7077c,1846-1848
6989a4e910805f5685d7077d,Intercountry Adoption
6989a4e910805f5685d7077d,Harlem (new York
6989a4e910805f5685d7077e,Biography
6989a4e910805f5685d7077f,Missionary Stories
6989a4e910805f5685d7077f,Rational Emotive Behavior Therapy
6989a4e910805f5685d70780,Entertainers
6989a4e910805f5685d70780,Colombian
6989a4e910805f5685d70781,Avarice
6989a4e910805f5685d70781,Economics
6989a4e910805f5685d70782,Behavior
6989a4e910805f5685d70783,Fiction
6989a4e910805f5685d70784,General
6989a4e910805f5685d70785,Fiction
6989a4e910805f5685d70785,General
6989a4e910805f5685d70785,American Fiction
6989a4e910805f5685d70786,Domestic Fiction
6989a4e910805f5685d70787,General
6989a4e910805f5685d70787,Fiction
6989a4e910805f5685d70788,Biography
6989a4e910805f5685d70788,History
6989a4e910805f5685d70788,Fiction
6989a4e910805f5685d70789,Fiction
6989a4e910805f5685d70789,Belgium
6989a4e910805f5685d7078a,Birthmothers
6989a4e910805f5685d7078a,Study Aids
6989a4e910805f5685d7078b,Fiction
6989a4e910805f5685d7078c,Adjustment (psychology)
6989a4e910805f5685d7078c,Vendetta
6989a4e910805f5685d7078d,2001
6989a4e910805f5685d7078d,Taiwan
6989a4e910805f5685d7078e,Dakota Territory
6989a4e910805f5685d7078f,History
6989a4e910805f5685d7078f,Biography
6989a4e910805f5685d7078f,Rock Musicians
6989a4e910805f5685d70790,Biography
6989a4e910805f5685d70791,1991-
6989a4e910805f5685d70791,Fantasy Games
6989a4e910805f5685d70792,Fiction
6989a4e910805f5685d70792,General
6989a4e910805f5685d70792,Biography
6989a4e910805f5685d70793,British
6989a4e910805f5685d70793,American
6989a4e910805f5685d70794,Automobile Travel / United States
6989a4e910805f5685d70794,Manuscripts
6989a4e910805f5685d70795,Music
6989a4e910805f5685d70796,Ranches
6989a4e910805f5685d70796,Comparative And General
6989a4e910805f5685d70797,Sinclair Symposium
6989a4e910805f5685d70797,Rome
6989a4e910805f5685d70798,Colombia
6989a4e910805f5685d70798,Class Actions (civil Procedure)
6989a4e910805f5685d70799,Fiction
6989a4e910805f5685d7079a,Evangelistic Sermons
6989a4e910805f5685d7079a,Academic Achievement
6989a4e910805f5685d7079b,Creative Ability
6989a4e910805f5685d7079b,Animal Communication
6989a4e910805f5685d7079c,Romance Fiction
6989a4e910805f5685d7079c,Seashore
6989a4e910805f5685d7079d,Fiction
6989a4e910805f5685d7079e,Horror Films
6989a4e910805f5685d7079e,Adventure-juvenile Fiction
6989a4e910805f5685d7079f,General
6989a4e910805f5685d707a0,Adventure Stories
6989a4e910805f5685d707a0,Commercial Art
6989a4e910805f5685d707a1,Transportation
6989a4e910805f5685d707a2,Finance
6989a4e910805f5685d707a2,Arab-israeli Conflict
6989a4e910805f5685d707a3,Sex Instruction For Women
6989a4e910805f5685d707a3,Children Of Celebrities
6989a4e910805f5685d707a4,Juvenile Fiction
6989a4e910805f5685d707a5,Coastal Zone Management
6989a4e910805f5685d707a5,Communism
6989a4e910805f5685d707a6,Fiction
6989a4e910805f5685d707a6,Biography
6989a4e910805f5685d707a6,Art
6989a4e910805f5685d707a7,Fiction
6989a4e910805f5685d707a8,General
6989a4e910805f5685d707a8,Bullying
6989a4e910805f5685d707a9,Children Of Migrant Laborers
6989a4e910805f5685d707a9,Album
6989a4e910805f5685d707aa,General
6989a4e910805f5685d707aa,Fiction
6989a4e910805f5685d707aa,Biography
6989a4e910805f5685d707ab,Queens
6989a4e910805f5685d707ab,Fire-departments
6989a4e910805f5685d707ac,Fiction
6989a4e910805f5685d707ad,Drug Abuse And Crime
6989a4e910805f5685d707ad,English Drama
6989a4e910805f5685d707ae,Fiction
6989a4e910805f5685d707af,Fiction
6989a4e910805f5685d707af,General
6989a4e910805f5685d707af,True Crime
6989a4e910805f5685d707b0,Diplomatic And Consular Service
6989a4e910805f5685d707b0,Pictorial
6989a4e910805f5685d707b1,Fiction
6989a4e910805f5685d707b1,General
6989a4e910805f5685d707b1,Man-woman Relationships
6989a4e910805f5685d707b2,Juvenile Nonfiction
6989a4e910805f5685d707b3,Fiction
6989a4e910805f5685d707b3,Social Science
6989a4e910805f5685d707b4,Fiction
6989a4e910805f5685d707b5,Interpersonal Relations.
6989a4e910805f5685d707b5,Sex Instruction
6989a4e910805f5685d707b6,Cooking
6989a4e910805f5685d707b6,Nineteen Twenties
6989a4e910805f5685d707b7,Life On Other Planets
6989a4e910805f5685d707b7,Trials (murder)
6989a4e910805f5685d707b8,Captain Underpants (fictitious Character)
6989a4e910805f5685d707b8,Sermons
6989a4e910805f5685d707b9,1861-1865 Fiction
6989a4e910805f5685d707b9,Alternative Histories (fiction)
6989a4e910805f5685d707ba,Seashore
6989a4e910805f5685d707ba,Nature
6989a4e910805f5685d707bb,General
6989a4e910805f5685d707bc,Crafts
6989a4e910805f5685d707bc,Ranchers
6989a4e910805f5685d707bd,Light
6989a4e910805f5685d707bd,Intelligence Officers
6989a4e910805f5685d707be,Berlin
6989a4e910805f5685d707be,Menopause
6989a4e910805f5685d707bf,General
6989a4e910805f5685d707bf,Religion
6989a4e910805f5685d707bf,Body
6989a4e910805f5685d707c0,Derelicts
6989a4e910805f5685d707c0,Study Aids
6989a4e910805f5685d707c1,Geography
6989a4e910805f5685d707c1,Normandy (france)
6989a4e910805f5685d707c2,Acculturation
6989a4e910805f5685d707c2,Iguana (genus)
6989a4e910805f5685d707c3,General
6989a4e910805f5685d707c4,General
6989a4e910805f5685d707c5,Juvenile Fiction
6989a4e910805f5685d707c6,Fiction
6989a4e910805f5685d707c6,General
6989a4e910805f5685d707c6,Performing Arts
6989a4e910805f5685d707c7,American Fiction
6989a4e910805f5685d707c7,Fiction
6989a4e910805f5685d707c8,Religion
6989a4e910805f5685d707c8,Fiction
6989a4e910805f5685d707c9,Gays
6989a4e910805f5685d707c9,Sales Personnel
6989a4e910805f5685d707ca,Fiction
6989a4e910805f5685d707ca,General
6989a4e910805f5685d707ca,Children's Stories
6989a4e910805f5685d707cb,Billionaires
6989a4e910805f5685d707cb,Arabs
6989a4e910805f5685d707cc,French Drama
6989a4e910805f5685d707cc,Kate (fictitious Character)
6989a4e910805f5685d707cd,Fiction
6989a4e910805f5685d707ce,English
6989a4e910805f5685d707ce,Children's Literature
6989a4e910805f5685d707cf,Detective And Mystery Stories
6989a4e910805f5685d707cf,Fishes
6989a4e910805f5685d707d0,Actresses
6989a4e910805f5685d707d0,Household Ecology
6989a4e910805f5685d707d1,Science
6989a4e910805f5685d707d2,General
6989a4e910805f5685d707d2,Fiction
6989a4e910805f5685d707d2,Biography
6989a4e910805f5685d707d3,Fiction
6989a4e910805f5685d707d3,Juvenile Fiction
6989a4e910805f5685d707d3,Biography
6989a4e910805f5685d707d4,Cancer
6989a4e910805f5685d707d4,Erotic Stories
6989a4e910805f5685d707d5,English Literature
6989a4e910805f5685d707d5,Behavior Modification
6989a4e910805f5685d707d6,Baby Bop (fictitious Character)
6989a4e910805f5685d707d6,Rocks
6989a4e910805f5685d707d7,Dyslexic Children
6989a4e910805f5685d707d7,Bronté́
6989a4e910805f5685d707d8,Fiction
6989a4e910805f5685d707d9,1961-1975
6989a4e910805f5685d707d9,Calculus
6989a4e910805f5685d707da,Aberystwyth (wales)
6989a4e910805f5685d707da,Existential Psychotherapy
6989a4e910805f5685d707db,Sports
6989a4e910805f5685d707dc,General
6989a4e910805f5685d707dd,Literary Criticism
6989a4e910805f5685d707dd,Juvenile Fiction
6989a4e910805f5685d707de,Mexican American Women
6989a4e910805f5685d707de,Baking
6989a4e910805f5685d707df,Music
6989a4e910805f5685d707df,Boys
6989a4e910805f5685d707e0,Fiction
6989a4e910805f5685d707e1,Fiction
6989a4e910805f5685d707e1,Performing Arts
6989a4e910805f5685d707e2,German Language
6989a4e910805f5685d707e2,Horse Racing
6989a4e910805f5685d707e3,Women Painters
6989a4e910805f5685d707e3,Beany (fictitious Character)
6989a4e910805f5685d707e4,Human Anatomy
6989a4e910805f5685d707e4,Human-alien Encounters
6989a4e910805f5685d707e5,Fiction
6989a4e910805f5685d707e6,France
6989a4e910805f5685d707e6,Control (psychology)
6989a4e910805f5685d707e7,Life Cycle
6989a4e910805f5685d707e7,Biology
6989a4e910805f5685d707e8,Fiction
6989a4e910805f5685d707e8,Family
6989a4e910805f5685d707e8,General
6989a4e910805f5685d707e9,Landscapes
6989a4e910805f5685d707e9,Nineteen Twenties
6989a4e910805f5685d707ea,Fiction
6989a4e910805f5685d707ea,General
6989a4e910805f5685d707eb,Body
6989a4e910805f5685d707eb,Mind
6989a4e910805f5685d707eb,True Crime
6989a4e910805f5685d707ec,Fiction
6989a4e910805f5685d707ec,Horror Tales
6989a4e910805f5685d707ec,Juvenile Fiction
6989a4e910805f5685d707ed,General
6989a4e910805f5685d707ee,History
6989a4e910805f5685d707ef,Educartion-parents-participation--united States
6989a4e910805f5685d707ef,Archaeology
6989a4e910805f5685d707f0,Europe
6989a4e910805f5685d707f0,Arkansas
6989a4e910805f5685d707f1,Birthmothers
6989a4e910805f5685d707f1,Botswana
6989a4e910805f5685d707f2,Physical Sciences
6989a4e910805f5685d707f2,National Characteristics
6989a4e910805f5685d707f3,Poetry
6989a4e910805f5685d707f4,Business
6989a4e910805f5685d707f4,Psychology
6989a4e910805f5685d707f4,Comics
6989a4e910805f5685d707f5,Midsummer (festival)
6989a4e910805f5685d707f5,Gay Erotic Photography
6989a4e910805f5685d707f6,Angkor (extinct City)
6989a4e910805f5685d707f6,Grammar
6989a4e910805f5685d707f7,Humor
6989a4e910805f5685d707f7,Industrial Management
6989a4e910805f5685d707f8,General
6989a4e910805f5685d707f9,Juvenile Fiction
6989a4e910805f5685d707fa,Merchant Marine
6989a4e910805f5685d707fa,Multiple Personality
6989a4e910805f5685d707fb,Logic
6989a4e910805f5685d707fb,Child Sexual Abuse
6989a4e910805f5685d707fc,Fiction
6989a4e910805f5685d707fc,Travel
6989a4e910805f5685d707fd,History
6989a4e910805f5685d707fd,General
6989a4e910805f5685d707fd,Jewish Fiction
6989a4e910805f5685d707fe,Feminism
6989a4e910805f5685d707fe,Bildungsromans
6989a4e910805f5685d707ff,Political Science
6989a4e910805f5685d707ff,General
6989a4e910805f5685d70800,Biography
6989a4e910805f5685d70801,Comics
6989a4e910805f5685d70801,Fiction
6989a4e910805f5685d70801,General
6989a4e910805f5685d70802,Fiction
6989a4e910805f5685d70802,General
6989a4e910805f5685d70802,England
6989a4e910805f5685d70803,Publishers' Catalogs
6989a4e910805f5685d70804,Fiction
6989a4e910805f5685d70805,General
6989a4e910805f5685d70806,General
6989a4e910805f5685d70806,Biography
6989a4e910805f5685d70806,Young Adult Fiction
6989a4e910805f5685d70807,Mice
6989a4e910805f5685d70807,Color In Interior Decoration
6989a4e910805f5685d70808,Austria
6989a4e910805f5685d70808,Librarians
6989a4e910805f5685d70809,Copyright
6989a4e910805f5685d70809,England
6989a4e910805f5685d70809,Fiction
6989a4e910805f5685d7080a,General
6989a4e910805f5685d7080b,Insects
6989a4e910805f5685d7080b,Continental Drift
6989a4e910805f5685d7080c,Frontier And Pioneer Life
6989a4e910805f5685d7080c,Nigeria
6989a4e910805f5685d7080d,Fiction
6989a4e910805f5685d7080e,General
6989a4e910805f5685d7080e,Juvenile Fiction
6989a4e910805f5685d7080f,Americans
6989a4e910805f5685d7080f,Fiction
6989a4e910805f5685d70810,Fiction
6989a4e910805f5685d70810,Robots
6989a4e910805f5685d70811,Browne
6989a4e910805f5685d70811,American.
6989a4e910805f5685d70812,France
6989a4e910805f5685d70812,Catalogs
6989a4e910805f5685d70813,History
6989a4e910805f5685d70813,Fiction
6989a4e910805f5685d70814,Fiction
6989a4e910805f5685d70814,General
6989a4e910805f5685d70814,Drama
6989a4e910805f5685d70815,Second Advent
6989a4e910805f5685d70815,Cooking
6989a4e910805f5685d70816,Archetype (psychology)
6989a4e910805f5685d70816,Birds
6989a4e910805f5685d70817,Normandy (france)
6989a4e910805f5685d70817,Abusive Men
6989a4e910805f5685d70818,Fiction
6989a4e910805f5685d70819,Anglais (langue) - Histoire
6989a4e910805f5685d70819,Territorial Waters
6989a4e910805f5685d7081a,Netherlands
6989a4e910805f5685d7081b,Acculturation
6989a4e910805f5685d7081b,Comic Fantasy
6989a4e910805f5685d7081c,Amerikaanse Fiksie
6989a4e910805f5685d7081c,Berlin
6989a4e910805f5685d7081d,Commercial Statistics
6989a4e910805f5685d7081d,Actresses
6989a4e910805f5685d7081e,Alhambra (granada
6989a4e910805f5685d7081e,Cameras
6989a4e910805f5685d7081f,Computers
6989a4e910805f5685d70820,Dhtml (document Markup Language)
6989a4e910805f5685d70820,Antiques
6989a4e910805f5685d70821,Fiction
6989a4e910805f5685d70821,Dakota Territory
6989a4e910805f5685d70822,Elves
6989a4e910805f5685d70822,Current Events
6989a4e910805f5685d70823,France
6989a4e910805f5685d70823,Buddhism
6989a4e910805f5685d70824,Fiction
6989a4e910805f5685d70825,Audiobooks
6989a4e910805f5685d70825,Fiction
6989a4e910805f5685d70826,Gays
6989a4e910805f5685d70826,Barges
6989a4e910805f5685d70827,Fiction
6989a4e910805f5685d70828,Humor
6989a4e910805f5685d70828,General
6989a4e910805f5685d70828,Fiction
6989a4e910805f5685d70829,Augustine
6989a4e910805f5685d70829,Popular Literature
6989a4e910805f5685d7082a,Business
6989a4e910805f5685d7082b,Fiction
6989a4e910805f5685d7082b,Upper Class
6989a4e910805f5685d7082b,General
6989a4e910805f5685d7082c,Private Investigators
6989a4e910805f5685d7082d,Business
6989a4e910805f5685d7082e,Religion
6989a4e910805f5685d7082f,Factories
6989a4e910805f5685d7082f,Agricultural Colonies
6989a4e910805f5685d70830,Historic Buildings
6989a4e910805f5685d70830,Conversation Analysis
6989a4e910805f5685d70831,Courage
6989a4e910805f5685d70831,Hamptons (n.y.)
6989a4e910805f5685d70832,Animal Welfare
6989a4e910805f5685d70832,Motion Picture Industry
6989a4e910805f5685d70833,Business
6989a4e910805f5685d70834,Biography
6989a4e910805f5685d70834,Asia
6989a4e910805f5685d70835,American Periodicals
6989a4e910805f5685d70835,Mountaineering
6989a4e910805f5685d70836,Consumption (economics)
6989a4e910805f5685d70836,Glass Craft
6989a4e910805f5685d70837,Audio-visual Education
6989a4e910805f5685d70837,Cadfael
6989a4e910805f5685d70838,Reading
6989a4e910805f5685d70838,Friendship
6989a4e910805f5685d70839,Sinclair Symposium
6989a4e910805f5685d70839,Acid Rain
6989a4e910805f5685d7083a,Fiction
6989a4e910805f5685d7083a,General
6989a4e910805f5685d7083b,General
6989a4e910805f5685d7083c,Territorial Waters
6989a4e910805f5685d7083c,Cookery
6989a4e910805f5685d7083d,Juvenile Fiction
6989a4e910805f5685d7083d,General
6989a4e910805f5685d7083d,Fiction
6989a4e910805f5685d7083e,Fiction
6989a4e910805f5685d7083f,Fiction
6989a4e910805f5685d70840,Juvenile Fiction
6989a4e910805f5685d70840,General
6989a4e910805f5685d70841,Horsemanship
6989a4e910805f5685d70841,Clouds
6989a4e910805f5685d70842,Language Arts
6989a4e910805f5685d70842,Antisemitism
6989a4e910805f5685d70843,Geography
6989a4e910805f5685d70843,Blood Substitutes
6989a4e910805f5685d70844,Maternal.
6989a4e910805f5685d70844,Evangelistic Sermons
6989a4e910805f5685d70845,Creative Thinking
6989a4e910805f5685d70845,Erotic Stories
6989a4e910805f5685d70846,Adoption
6989a4e910805f5685d70846,Economic Confusion
6989a4e910805f5685d70847,Bean
6989a4e910805f5685d70847,Sir (fictitious Character)
6989a4e910805f5685d70848,Jerusalem
6989a4e910805f5685d70848,Railroad Stories
6989a4e910805f5685d70849,Biography
6989a4e910805f5685d7084a,Yachts
6989a4e910805f5685d7084a,Salvage
6989a4e910805f5685d7084b,American Literature
6989a4e910805f5685d7084b,General
6989a4e910805f5685d7084c,Numerology
6989a4e910805f5685d7084c,Campion
6989a4e910805f5685d7084d,Business Ethics
6989a4e910805f5685d7084d,Commercial Art
6989a4e910805f5685d7084e,Book Of The Dead
6989a4e910805f5685d7084e,Educational Exchanges
6989a4e910805f5685d7084f,Curiosities And Wonders
6989a4e910805f5685d7084f,Nvivo
6989a4e910805f5685d70850,Biography
6989a4e910805f5685d70851,Anthropology.
6989a4e910805f5685d70851,Common Interest Ownership Communities
6989a4e910805f5685d70852,Fiction
6989a4e910805f5685d70852,Juvenile Fiction
6989a4e910805f5685d70852,American Literature
6989a4e910805f5685d70853,Donahue (television Program)
6989a4e910805f5685d70853,Carbohydrates
6989a4e910805f5685d70854,Compost
6989a4e910805f5685d70854,Motherhood
6989a4e910805f5685d70855,Juvenile Fiction
6989a4e910805f5685d70856,Heavy Metal (music)
6989a4e910805f5685d70856,Deverry (imaginary Place)
6989a4e910805f5685d70857,Juvenile Fiction
6989a4e910805f5685d70858,Young Adult Fiction
6989a4e910805f5685d70858,Fiction
6989a4e910805f5685d70859,Fiction
6989a4e910805f5685d70859,General
6989a4e910805f5685d70859,Juvenile Fiction
6989a4e910805f5685d7085a,Juvenile Fiction
6989a4e910805f5685d7085a,Fiction
6989a4e910805f5685d7085b,Fiction
6989a4e910805f5685d7085b,General
6989a4e910805f5685d7085b,Social Science
6989a4e910805f5685d7085c,Fiction
6989a4e910805f5685d7085c,General
6989a4e910805f5685d7085d,Black Mountain (n.c.)
6989a4e910805f5685d7085d,Counted Thread Embroidery
6989a4e910805f5685d7085e,Fiction
6989a4e910805f5685d7085f,Fiction
6989a4e910805f5685d70860,Caulfield
6989a4e910805f5685d70860,Knowledge
6989a4e910805f5685d70861,Fiction
6989a4e910805f5685d70862,Animal Behavior
6989a4e910805f5685d70862,Italian American Families
6989a4e910805f5685d70863,General
6989a4e910805f5685d70863,Detective And Mystery Stories
6989a4e910805f5685d70863,English
6989a4e910805f5685d70864,Evangelistic Sermons
6989a4e910805f5685d70864,Bibles
6989a4e910805f5685d70865,History
6989a4e910805f5685d70866,Hatha Yoga
6989a4e910805f5685d70867,Fiction
6989a4e910805f5685d70867,Juvenile Fiction
6989a4e910805f5685d70868,Amnesiacs
6989a4e910805f5685d70868,Propaganda
6989a4e910805f5685d70869,Ice Skaters.
6989a4e910805f5685d70869,Brothers
6989a4e910805f5685d7086a,Fiction
6989a4e910805f5685d7086b,Authorship
6989a4e910805f5685d7086b,Astral Projection
6989a4e910805f5685d7086c,Body
6989a4e910805f5685d7086c,Justice In Art
6989a4e910805f5685d7086d,Ghost Stories
6989a4e910805f5685d7086d,American
6989a4e910805f5685d7086e,Women And Religion
6989a4e910805f5685d7086e,Mountaineering
6989a4e910805f5685d7086f,Fiction
6989a4e910805f5685d70870,Leadership
6989a4e910805f5685d70870,Horn Carving
6989a4e910805f5685d70871,Sex
6989a4e910805f5685d70871,Science Fiction
6989a4e910805f5685d70872,Mythology
6989a4e910805f5685d70872,Biography
6989a4e910805f5685d70872,Science
6989a4e910805f5685d70873,English Drama (comedy)
6989a4e910805f5685d70873,Alligators
6989a4e910805f5685d70874,Juvenile Fiction
6989a4e910805f5685d70875,Fiction
6989a4e910805f5685d70876,Act Assessment
6989a4e910805f5685d70876,Nvivo
6989a4e910805f5685d70877,Childbirth
6989a4e910805f5685d70877,Honesty
6989a4e910805f5685d70878,General
6989a4e910805f5685d70879,Fiction
6989a4e910805f5685d7087a,Political Science
6989a4e910805f5685d7087a,Science
6989a4e910805f5685d7087b,Adventure Games
6989a4e910805f5685d7087b,Belden
6989a4e910805f5685d7087c,Brother (fictitious Character)
6989a4e910805f5685d7087c,Cuban
6989a4e910805f5685d7087d,Life Skills
6989a4e910805f5685d7087d,Self-realization
6989a4e910805f5685d7087e,Fiction
6989a4e910805f5685d7087e,Health
6989a4e910805f5685d7087f,Fiction
6989a4e910805f5685d70880,Fiction
6989a4e910805f5685d70881,Press And Politics
6989a4e910805f5685d70881,Dutch Fiction
6989a4e910805f5685d70882,General
6989a4e910805f5685d70883,Juvenile Nonfiction
6989a4e910805f5685d70884,Hellenism
6989a4e910805f5685d70884,Horror Films
6989a4e910805f5685d70885,Russian Poetry
6989a4e910805f5685d70885,Journalism
6989a4e910805f5685d70886,History
6989a4e910805f5685d70887,Alphabet
6989a4e910805f5685d70887,Voyages Around The World
6989a4e910805f5685d70888,Humor
6989a4e910805f5685d70888,Sign Language
6989a4e910805f5685d70889,Government Publications
6989a4e910805f5685d70889,Abusive Men
6989a4e910805f5685d7088a,Arctic Regions
6989a4e910805f5685d7088a,Congresses And Conventions
6989a4e910805f5685d7088b,Behavior Therapy
6989a4e910805f5685d7088b,Manners And Customs
6989a4e910805f5685d7088c,Interpersonal Conflict
6989a4e910805f5685d7088c,Atonement
6989a4e910805f5685d7088d,Murder
6989a4e910805f5685d7088d,Holocaust
6989a4e910805f5685d7088e,Fiction
6989a4e910805f5685d7088f,Celtic Church
6989a4e910805f5685d7088f,Dog Breeders
6989a4e910805f5685d70890,Brother (fictitious Character)
6989a4e910805f5685d70890,Knowledge
6989a4e910805f5685d70891,Juvenile Fiction
6989a4e910805f5685d70892,Biography
6989a4e910805f5685d70892,History
6989a4e910805f5685d70892,Fiction
6989a4e910805f5685d70893,Fiction
6989a4e910805f5685d70894,Fiction
6989a4e910805f5685d70894,History
6989a4e910805f5685d70895,Biography
6989a4e910805f5685d70896,English Wit And Humor
6989a4e910805f5685d70896,Knitting
6989a4e910805f5685d70897,Alligators
6989a4e910805f5685d70897,Personal
6989a4e910805f5685d70898,Motion Pictures
6989a4e910805f5685d70898,African American Musicians
6989a4e910805f5685d70899,Animal Behavior
6989a4e910805f5685d70899,Yachts
6989a4e910805f5685d7089a,Condensed Books
6989a4e910805f5685d7089a,Christian Fiction
6989a4e910805f5685d7089b,Spy Stories
6989a4e910805f5685d7089b,Beagle Expedition
6989a4e910805f5685d7089c,Paranormal Romance Stories
6989a4e910805f5685d7089c,Body Marking
6989a4e910805f5685d7089d,Childbirth
6989a4e910805f5685d7089d,Science
6989a4e910805f5685d7089e,Dave (fictitious Character)
6989a4e910805f5685d7089e,Dakota Indians
6989a4e910805f5685d7089f,Juvenile Fiction
6989a4e910805f5685d7089f,Young Adult Fiction
6989a4e910805f5685d708a0,Fiction
6989a4e910805f5685d708a1,Romances
6989a4e910805f5685d708a1,Pool (game)
6989a4e910805f5685d708a2,Fiction
6989a4e910805f5685d708a3,Fiction
6989a4e910805f5685d708a4,General
6989a4e910805f5685d708a5,Fiction
6989a4e910805f5685d708a5,Juvenile Fiction
6989a4e910805f5685d708a5,General
6989a4e910805f5685d708a6,Fiction
6989a4e910805f5685d708a7,Alphabet
6989a4e910805f5685d708a7,Songs
6989a4e910805f5685d708a8,Carbohydrates
6989a4e910805f5685d708a8,Refined
6989a4e910805f5685d708a9,Nature
6989a4e910805f5685d708a9,Literary Collections
6989a4e910805f5685d708a9,Family
6989a4e910805f5685d708aa,Harlem (new York
6989a4e910805f5685d708aa,Families
6989a4e910805f5685d708ab,Generals
6989a4e910805f5685d708ab,Capacity And Disability
6989a4e910805f5685d708ac,Engineers
6989a4e910805f5685d708ac,Criminal Snipers
6989a4e910805f5685d708ad,Handbooks
6989a4e910805f5685d708ad,Lathes
6989a4e910805f5685d708ae,Science Fiction.
6989a4e910805f5685d708ae,Short Stories
6989a4e910805f5685d708af,Gideon (fictitious Character)
6989a4e910805f5685d708af,Food
6989a4e910805f5685d708b0,Escort Automobile
6989a4e910805f5685d708b0,Cloning
6989a4e910805f5685d708b1,Fiction
6989a4e910805f5685d708b1,General
6989a4e910805f5685d708b1,Religion
6989a4e910805f5685d708b2,Science
6989a4e910805f5685d708b3,Fiction
6989a4e910805f5685d708b3,Religion
6989a4e910805f5685d708b4,Family
6989a4e910805f5685d708b5,Fiction
6989a4e910805f5685d708b6,Alienation (social Psychology)
6989a4e910805f5685d708b6,Psychology
6989a4e910805f5685d708b7,General
6989a4e910805f5685d708b7,Biography
6989a4e910805f5685d708b7,Juvenile Fiction
6989a4e910805f5685d708b8,American Periodicals
6989a4e910805f5685d708b8,Dogs
6989a4e910805f5685d708b9,Securities Industry
6989a4e910805f5685d708b9,Knowledge
6989a4e910805f5685d708ba,General
6989a4e910805f5685d708ba,Fiction
6989a4e910805f5685d708ba,Biography
6989a4e910805f5685d708bb,Architecture
6989a4e910805f5685d708bb,Lewis And Clark Expedition
6989a4e910805f5685d708bc,General
6989a4e910805f5685d708bc,Fiction
6989a4e910805f5685d708bd,Fiction
6989a4e910805f5685d708be,Mack (fictitious Character)
6989a4e910805f5685d708be,English (old)
6989a4e910805f5685d708bf,Italian
6989a4e910805f5685d708bf,Spirit Writings
6989a4e910805f5685d708c0,Jerusalem
6989a4e910805f5685d708c0,Classical Philology
6989a4e910805f5685d708c1,General
6989a4e910805f5685d708c2,Conjoined Twins
6989a4e910805f5685d708c2,Cape Cod (mass.)
6989a4e910805f5685d708c3,Fiction
6989a4e910805f5685d708c4,Interpersonal Communication
6989a4e910805f5685d708c5,Psychology
6989a4e910805f5685d708c6,Self-help
6989a4e910805f5685d708c7,George (fictitious Character)
6989a4e910805f5685d708c7,Language Experience Approach In Education
6989a4e910805f5685d708c8,Music
6989a4e910805f5685d708c9,Juvenile Fiction
6989a4e910805f5685d708ca,Church Work With Alcoholics
6989a4e910805f5685d708ca,Journalists
6989a4e910805f5685d708cb,Religion
6989a4e910805f5685d708cb,Reference
6989a4e910805f5685d708cc,Tristan (legend)
6989a4e910805f5685d708cc,Detective And Mystery Stories
6989a4e910805f5685d708cd,Jet Lag
6989a4e910805f5685d708cd,Black Humor
6989a4e910805f5685d708ce,Religion
6989a4e910805f5685d708ce,Literary Criticism
6989a4e910805f5685d708ce,General
6989a4e910805f5685d708cf,Fiction
6989a4e910805f5685d708d0,Fiction
6989a4e910805f5685d708d0,General
6989a4e910805f5685d708d0,Administration Of Estates
6989a4e910805f5685d708d1,Biography
6989a4e910805f5685d708d2,Self-acceptance
6989a4e910805f5685d708d2,Astrology
6989a4e910805f5685d708d3,Fiction
6989a4e910805f5685d708d3,Juvenile Nonfiction
6989a4e910805f5685d708d4,Cartooning
6989a4e910805f5685d708d4,Bomber Pilots
6989a4e910805f5685d708d5,Biography
6989a4e910805f5685d708d6,Courtship
6989a4e910805f5685d708d6,Motion Pictures
6989a4e910805f5685d708d7,Body
6989a4e910805f5685d708d7,Mind
6989a4e910805f5685d708d7,America
6989a4e910805f5685d708d8,Human Anatomy
6989a4e910805f5685d708d8,Jet Lag
6989a4e910805f5685d708d9,Christian Pilgrims And Pilgrimages
6989a4e910805f5685d708d9,Belgians
6989a4e910805f5685d708da,Rock Musicians
6989a4e910805f5685d708da,Anglais (langue) - Histoire
6989a4e910805f5685d708db,English Poetry
6989a4e910805f5685d708db,Fiction
6989a4e910805f5685d708dc,Low-carbohydrate Diet
6989a4e910805f5685d708dc,Generative Organs
6989a4e910805f5685d708dd,Africans
6989a4e910805f5685d708dd,Motels
6989a4e910805f5685d708de,Conflict Management
6989a4e910805f5685d708de,Salvage
6989a4e910805f5685d708df,Statesmen
6989a4e910805f5685d708df,Religious Fiction
6989a4e910805f5685d708e0,Alligators
6989a4e910805f5685d708e1,Religion
6989a4e910805f5685d708e2,Fiction
6989a4e910805f5685d708e2,History
6989a4e910805f5685d708e2,Alienation (social Psychology)
6989a4e910805f5685d708e3,Occultism
6989a4e910805f5685d708e3,Governesses
6989a4e910805f5685d708e4,History
6989a4e910805f5685d708e5,Oglala Indians
6989a4e910805f5685d708e5,Mental
6989a4e910805f5685d708e6,Religion
6989a4e910805f5685d708e7,Capacity And Disability
6989a4e910805f5685d708e7,Hay Fever
6989a4e910805f5685d708e8,German
6989a4e910805f5685d708e8,Abused Children
6989a4e910805f5685d708e9,Holiness
6989a4e910805f5685d708e9,Arthritis
6989a4e910805f5685d708ea,Historians
6989a4e910805f5685d708ea,September 11 Terrorist Attacks
6989a4e910805f5685d708eb,Body
6989a4e910805f5685d708eb,Mind
6989a4e910805f5685d708ec,Abolitionists
6989a4e910805f5685d708ec,American Wit And Humor.
6989a4e910805f5685d708ed,Biography
6989a4e910805f5685d708ed,Bands (music)
6989a4e910805f5685d708ee,Fiction
6989a4e910805f5685d708ee,General
6989a4e910805f5685d708ee,Psychology
6989a4e910805f5685d708ef,General
6989a4e910805f5685d708ef,Philosophy
6989a4e910805f5685d708ef,Poetry
6989a4e910805f5685d708f0,Union Catalogs
6989a4e910805f5685d708f0,Calder Family (fictitious Characters)
6989a4e910805f5685d708f1,Religion
6989a4e910805f5685d708f2,Fiction
6989a4e910805f5685d708f3,General
6989a4e910805f5685d708f4,Tristan (legend)
6989a4e910805f5685d708f4,Endangered Species
6989a4e910805f5685d708f5,General
6989a4e910805f5685d708f6,Juvenile Fiction
6989a4e910805f5685d708f7,Intelligence Service
6989a4e910805f5685d708f7,Personal
6989a4e910805f5685d708f8,Drugs
6989a4e910805f5685d708f8,Wales
6989a4e910805f5685d708f9,Congresses And Conventions
6989a4e910805f5685d708f9,Human-computer Interaction
6989a4e910805f5685d708fa,Depression
6989a4e910805f5685d708fa,Children's Dreams
6989a4e910805f5685d708fb,Fiction
6989a4e910805f5685d708fb,Religion
6989a4e910805f5685d708fb,Biography
6989a4e910805f5685d708fc,Interpersonal Conflict
6989a4e910805f5685d708fc,Animal Communication
6989a4e910805f5685d708fd,Fiction
6989a4e910805f5685d708fe,Adventure And Adventurers
6989a4e910805f5685d708fe,Va.)
6989a4e910805f5685d708ff,Aberystwyth (wales)
6989a4e910805f5685d708ff,Act Assessment
6989a4e910805f5685d70900,Poetry
6989a4e910805f5685d70900,Juvenile Nonfiction
6989a4e910805f5685d70900,Biography
6989a4e910805f5685d70901,Sports
6989a4e910805f5685d70901,Games
6989a4e910805f5685d70901,Hamptons (n.y.)
6989a4e910805f5685d70902,Body
6989a4e910805f5685d70902,Mind
6989a4e910805f5685d70902,Juvenile Fiction
6989a4e910805f5685d70903,Stamp Collecting
6989a4e910805f5685d70903,Diazepam
6989a4e910805f5685d70904,Excavations (archaeology)
6989a4e910805f5685d70904,Bodyguards
6989a4e910805f5685d70905,Life
6989a4e910805f5685d70905,Augustine
6989a4e910805f5685d70906,Philosophy
6989a4e910805f5685d70906,Science
6989a4e910805f5685d70907,Assisted Suicide
6989a4e910805f5685d70907,Sniping (military Science)
6989a4e910805f5685d70908,Fiction
6989a4e910805f5685d70908,General
6989a4e910805f5685d70908,Juvenile Nonfiction
6989a4e910805f5685d70909,Confucianism
6989a4e910805f5685d70909,Augustine
6989a4e910805f5685d7090a,Baseball
6989a4e910805f5685d7090a,Religion
6989a4e910805f5685d7090b,General
6989a4e910805f5685d7090c,Advertising
6989a4e910805f5685d7090c,Large Type Books
6989a4e910805f5685d7090d,Presidents
6989a4e910805f5685d7090d,Sales Personnel
6989a4e910805f5685d7090e,Religion
6989a4e910805f5685d7090f,Fiction
6989a4e910805f5685d7090f,General
6989a4e910805f5685d70910,House
6989a4e910805f5685d70911,Fiction
6989a4e910805f5685d70911,Juvenile Nonfiction
6989a4e910805f5685d70912,Courts And Courtiers
6989a4e910805f5685d70912,Hercules (roman Mythology)
6989a4e910805f5685d70913,Men
6989a4e910805f5685d70913,September 11 Terrorist Attacks
6989a4e910805f5685d70914,Fiction
6989a4e910805f5685d70914,General
6989a4e910805f5685d70914,Africa
6989a4e910805f5685d70915,Peter (fictitious Character)
6989a4e910805f5685d70915,Fermi's Paradox
6989a4e910805f5685d70916,Fiction
6989a4e910805f5685d70917,Fiction
6989a4e910805f5685d70918,Religion
6989a4e910805f5685d70919,Political Science
6989a4e910805f5685d7091a,General
6989a4e910805f5685d7091a,Inheritance And Succession
6989a4e910805f5685d7091a,Language Arts
6989a4e910805f5685d7091b,Fiction
6989a4e910805f5685d7091c,Juvenile Fiction
6989a4e910805f5685d7091c,General
6989a4e910805f5685d7091c,Fiction
6989a4e910805f5685d7091d,History
6989a4e910805f5685d7091e,Bullets
6989a4e910805f5685d7091e,Areproductive Health
6989a4e910805f5685d7091f,Dragons
6989a4e910805f5685d70920,Science
6989a4e910805f5685d70921,Psychological Fiction
6989a4e910805f5685d70921,Art Thefts
6989a4e910805f5685d70922,Popular Music
6989a4e910805f5685d70922,Psychosomatic
6989a4e910805f5685d70923,Household Ecology
6989a4e910805f5685d70923,Happiness
6989a4e910805f5685d70924,Fiction
6989a4e910805f5685d70925,Indian Art
6989a4e910805f5685d70925,Police
6989a4e910805f5685d70926,Biography
6989a4e910805f5685d70926,Fiction
6989a4e910805f5685d70926,General
6989a4e910805f5685d70927,Home-based Businesses
6989a4e910805f5685d70927,English Literature
6989a4e910805f5685d70928,Fiction
6989a4e910805f5685d70929,Spy Stories
6989a4e910805f5685d70929,Contaminated Sediments
6989a4e910805f5685d7092a,Biography
6989a4e910805f5685d7092a,Fiction
6989a4e910805f5685d7092a,Juvenile Fiction
6989a4e910805f5685d7092b,Biography
6989a4e910805f5685d7092c,Civilization
6989a4e910805f5685d7092c,Campion
6989a4e910805f5685d7092d,Religion
6989a4e910805f5685d7092d,Health
6989a4e910805f5685d7092d,History
6989a4e910805f5685d7092e,Spain)
6989a4e910805f5685d7092e,Architecture
6989a4e910805f5685d7092f,Comic Books
6989a4e910805f5685d7092f,Personnel Management
6989a4e910805f5685d70930,Comics
6989a4e910805f5685d70930,History
6989a4e910805f5685d70930,General
6989a4e910805f5685d70931,Brother (fictitious Character)
6989a4e910805f5685d70931,Territorial Waters
6989a4e910805f5685d70932,Buddhism
6989a4e910805f5685d70932,Bookbinding
6989a4e910805f5685d70933,Fiction
6989a4e910805f5685d70934,Juvenile Fiction
6989a4e910805f5685d70935,American Fiction
6989a4e910805f5685d70936,Accelerated Readers
6989a4e910805f5685d70936,Dramatists
6989a4e910805f5685d70937,General
6989a4e910805f5685d70938,Fiction
6989a4e910805f5685d70938,History
6989a4e910805f5685d70938,General
6989a4e910805f5685d70939,Bullets
6989a4e910805f5685d70939,Dogs
6989a4e910805f5685d7093a,Fiction
6989a4e910805f5685d7093b,General
6989a4e910805f5685d7093b,Fiction
6989a4e910805f5685d7093b,Juvenile Fiction
6989a4e910805f5685d7093c,Consumer Goods
6989a4e910805f5685d7093c,Cerebral Palsy
6989a4e910805f5685d7093d,Fiction
6989a4e910805f5685d7093d,Political Science
6989a4e910805f5685d7093e,Bible And Evolution
6989a4e910805f5685d7093e,Fiction
6989a4e910805f5685d7093e,Juvenile Fiction
6989a4e910805f5685d7093f,Young Adult Fiction
6989a4e910805f5685d70940,1961-1975
6989a4e910805f5685d70940,Railroads
6989a4e910805f5685d70941,Baseball
6989a4e910805f5685d70941,Rug And Carpet Industry
6989a4e910805f5685d70942,African American Women Artists
6989a4e910805f5685d70942,Carter
6989a4e910805f5685d70943,General
6989a4e910805f5685d70944,Agriculture
6989a4e910805f5685d70944,Jammu And Kashmir (india)
6989a4e910805f5685d70945,Fiction
6989a4e910805f5685d70945,General
6989a4e910805f5685d70945,Juvenile Fiction
6989a4e910805f5685d70946,Fiction
6989a4e910805f5685d70947,General
6989a4e910805f5685d70947,Human-computer Interaction
6989a4e910805f5685d70948,Business
6989a4e910805f5685d70948,Fiction
6989a4e910805f5685d70948,Games
6989a4e910805f5685d70949,Fiction
6989a4e910805f5685d7094a,Video Games
6989a4e910805f5685d7094a,Horsemanship
6989a4e910805f5685d7094b,Counting
6989a4e910805f5685d7094b,Blood Substitutes
6989a4e910805f5685d7094c,Drowning
6989a4e910805f5685d7094c,Excavations (archaeology)
6989a4e910805f5685d7094d,Adultery
6989a4e910805f5685d7094e,Foreign Language Study
6989a4e910805f5685d7094f,Political Science
6989a4e910805f5685d7094f,Biography
6989a4e910805f5685d7094f,General
6989a4e910805f5685d70950,Fiction
6989a4e910805f5685d70951,Comics
6989a4e910805f5685d70952,Deaf
6989a4e910805f5685d70952,General
6989a4e910805f5685d70953,Insects
6989a4e910805f5685d70953,Mongolia
6989a4e910805f5685d70954,Comics
6989a4e910805f5685d70955,Biology
6989a4e910805f5685d70955,Cassidy
6989a4e910805f5685d70956,Baseball Stories
6989a4e910805f5685d70956,Finance
6989a4e910805f5685d70957,Fiction
6989a4e910805f5685d70958,Fiction
6989a4e910805f5685d70959,Crafts
6989a4e910805f5685d70959,Investments
6989a4e910805f5685d7095a,Gays
6989a4e910805f5685d7095a,Celtic Church
6989a4e910805f5685d7095b,Mindfulness (psychology)
6989a4e910805f5685d7095b,Baseball Stories
6989a4e910805f5685d7095c,Fiction
6989a4e910805f5685d7095d,Single Mothres
6989a4e910805f5685d7095d,English Imprints
6989a4e910805f5685d7095e,Cameras
6989a4e910805f5685d7095e,Bawdy Poetry
6989a4e910805f5685d7095f,Fiction
6989a4e910805f5685d7095f,Self-help
6989a4e910805f5685d70960,Characters And Characteristics In Literature
6989a4e910805f5685d70960,Christian Pilgrims And Pilgrimages
6989a4e910805f5685d70961,History
6989a4e910805f5685d70961,General
6989a4e910805f5685d70961,Religion
6989a4e910805f5685d70962,Fiction
6989a4e910805f5685d70963,Basketball For Women
6989a4e910805f5685d70963,Board Books
6989a4e910805f5685d70964,Fiction
6989a4e910805f5685d70965,Alligators
6989a4e910805f5685d70965,New Market
6989a4e910805f5685d70966,Drug Abuse And Crime
6989a4e910805f5685d70966,Etc
6989a4e910805f5685d70967,Indians
6989a4e910805f5685d70967,Betrayal
6989a4e910805f5685d70968,Attempted Murder
6989a4e910805f5685d70968,China
6989a4e910805f5685d70969,Fiction
6989a4e910805f5685d70969,Predation (biology)
6989a4e910805f5685d7096a,Fiction
6989a4e910805f5685d7096b,Juvenile Fiction
6989a4e910805f5685d7096c,Juvenile Fiction
6989a4e910805f5685d7096d,History
6989a4e910805f5685d7096e,General
6989a4e910805f5685d7096e,Technology
6989a4e910805f5685d7096f,West
6989a4e910805f5685d7096f,Adultery
6989a4e910805f5685d70970,Soft Toy Making.
6989a4e910805f5685d70970,Booksellers And Bookselling
6989a4e910805f5685d70971,Fiction
6989a4e910805f5685d70972,Love Spell Historical Romance
6989a4e910805f5685d70972,Soft Drink Industry
6989a4e910805f5685d70973,Stream Measurements
6989a4e910805f5685d70973,France
6989a4e910805f5685d70974,Juvenile Fiction
6989a4e910805f5685d70975,Cooking
6989a4e910805f5685d70976,Sasquatch
6989a4e910805f5685d70976,American Wit And Humor
6989a4e910805f5685d70977,Fiction
6989a4e910805f5685d70977,General
6989a4e910805f5685d70977,Brazil
6989a4e910805f5685d70978,Beauty
6989a4e910805f5685d70978,Hotels
6989a4e910805f5685d70979,Fantasy Fiction
6989a4e910805f5685d70979,Women And Religion
6989a4e910805f5685d7097a,Hopalong (fictitious Character)
6989a4e910805f5685d7097a,Renaissance
6989a4e910805f5685d7097b,Fiction
6989a4e910805f5685d7097c,Diners (restaurants)
6989a4e910805f5685d7097c,World War
6989a4e910805f5685d7097d,Fiction
6989a4e910805f5685d7097d,Drama
6989a4e910805f5685d7097d,General
6989a4e910805f5685d7097e,Oglala Indians
6989a4e910805f5685d7097e,Self-help
6989a4e910805f5685d7097f,Fiction
6989a4e910805f5685d70980,North Atlantic Ocean
6989a4e910805f5685d70980,Canada
6989a4e910805f5685d70981,Southern
6989a4e910805f5685d70981,Dawson's Creek (television Program)
6989a4e910805f5685d70982,Mexican American Tales
6989a4e910805f5685d70982,Communication
6989a4e910805f5685d70983,Fiction
6989a4e910805f5685d70984,Pets
6989a4e910805f5685d70984,Manuscripts
6989a4e910805f5685d70985,Buddhism
6989a4e910805f5685d70985,Erotic
6989a4e910805f5685d70986,Salvage
6989a4e910805f5685d70986,Singers
6989a4e910805f5685d70987,James Bolivar (fictitious Character)
6989a4e910805f5685d70987,Bronté́
6989a4e910805f5685d70988,Fiction
6989a4e910805f5685d70989,Juvenile Fiction
6989a4e910805f5685d7098a,Family
6989a4e910805f5685d7098a,General
6989a4e910805f5685d7098b,French
6989a4e910805f5685d7098b,Assisi (italy)
6989a4e910805f5685d7098c,Insects
6989a4e910805f5685d7098c,Poetry
6989a4e910805f5685d7098d,Love Spell Historical Romance
6989a4e910805f5685d7098d,Language Arts
6989a4e910805f5685d7098e,History
6989a4e910805f5685d7098e,Humor
6989a4e910805f5685d7098e,General
6989a4e910805f5685d7098f,Juvenile Fiction
6989a4e910805f5685d7098f,Juvenile Nonfiction
6989a4e910805f5685d70990,Railroad Stories
6989a4e910805f5685d70990,Mythology
6989a4e910805f5685d70991,Educartion-parents-participation--united States
6989a4e910805f5685d70991,Photography
6989a4e910805f5685d70992,Cerebral Dominance
6989a4e910805f5685d70992,Cuba
6989a4e910805f5685d70993,Men
6989a4e910805f5685d70993,Sex Instruction
6989a4e910805f5685d70994,Juvenile Fiction
6989a4e910805f5685d70994,Fiction
6989a4e910805f5685d70994,General
6989a4e910805f5685d70995,Fiction
6989a4e910805f5685d70996,Fiction
6989a4e910805f5685d70996,History
6989a4e910805f5685d70997,Arkansas
6989a4e910805f5685d70997,Brothers
6989a4e910805f5685d70998,West
6989a4e910805f5685d70998,Adventure And Adventurers
6989a4e910805f5685d70999,Fiction
6989a4e910805f5685d70999,Vietnam War
6989a4e910805f5685d70999,1961-1975
6989a4e910805f5685d7099a,Amerikaanse Fiksie
6989a4e910805f5685d7099a,Examination Of Witnesses
6989a4e910805f5685d7099b,Entertainers
6989a4e910805f5685d7099b,Electronic Books
6989a4e910805f5685d7099c,Fiction
6989a4e910805f5685d7099d,History
6989a4e910805f5685d7099e,Satanism
6989a4e910805f5685d7099e,Baseball
6989a4e910805f5685d7099f,Medieval
6989a4e910805f5685d7099f,Orphans
6989a4e910805f5685d709a0,Healing
6989a4e910805f5685d709a0,Commercial Crimes
6989a4e910805f5685d709a1,Young Adult Fiction
6989a4e910805f5685d709a2,Reading Comprehension
6989a4e910805f5685d709a2,Bellehaven (wash. : Imaginary Place)
6989a4e910805f5685d709a3,Diners (restaurants)
6989a4e910805f5685d709a3,Escapes
6989a4e910805f5685d709a4,Arkansas
6989a4e910805f5685d709a4,Browne
6989a4e910805f5685d709a5,Fiction
6989a4e910805f5685d709a6,General
6989a4e910805f5685d709a6,History
6989a4e910805f5685d709a7,General
6989a4e910805f5685d709a8,Adobe Photoshop
6989a4e910805f5685d709a8,Antisemitism
6989a4e910805f5685d709a9,Fiction
6989a4e910805f5685d709a9,Young Adult Fiction
6989a4e910805f5685d709a9,Political Science
6989a4e910805f5685d709aa,Fiction
6989a4e910805f5685d709ab,Australia
6989a4e910805f5685d709ab,Diary Fiction
6989a4e910805f5685d709ac,Cats
6989a4e910805f5685d709ac,Electrical Engineering
6989a4e910805f5685d709ad,Drama
6989a4e910805f5685d709ae,Fiction
6989a4e910805f5685d709af,Corbett
6989a4e910805f5685d709af,Australian
6989a4e910805f5685d709b0,Educational Exchanges
6989a4e910805f5685d709b0,Masturbation
6989a4e910805f5685d709b1,Fiction
6989a4e910805f5685d709b1,Biography
6989a4e910805f5685d709b1,General
6989a4e910805f5685d709b2,Fiction
6989a4e910805f5685d709b2,Government Investigators
6989a4e910805f5685d709b2,Music
6989a4e910805f5685d709b3,Foreign Language Study
6989a4e910805f5685d709b4,Adultery
6989a4e910805f5685d709b5,Contaminated Sediments
6989a4e910805f5685d709b5,Astrology
6989a4e910805f5685d709b6,Classical Literature
6989a4e910805f5685d709b6,Hebrew
6989a4e910805f5685d709b7,History
6989a4e910805f5685d709b7,General
6989a4e910805f5685d709b7,Fiction
6989a4e910805f5685d709b8,1942
6989a4e910805f5685d709b8,Executive Power.
6989a4e910805f5685d709b9,Fiction
6989a4e910805f5685d709b9,General
6989a4e910805f5685d709b9,English Fiction
6989a4e910805f5685d709ba,Manitoba
6989a4e910805f5685d709ba,Belgrade (serbia)
6989a4e910805f5685d709bb,Alaska
6989a4e910805f5685d709bb,Genetic Engineering
6989a4e910805f5685d709bc,Statistics.
6989a4e910805f5685d709bd,Political Participation
6989a4e910805f5685d709bd,Cassidy
6989a4e910805f5685d709be,Fiction In English
6989a4e910805f5685d709be,Bones (musical Instrument)
6989a4e910805f5685d709bf,Promptbooks
6989a4e910805f5685d709bf,Pattern Perception
6989a4e910805f5685d709c0,Richard (fictitious Character)
6989a4e910805f5685d709c0,English Poetry
6989a4e910805f5685d709c1,Ranches
6989a4e910805f5685d709c1,London (england)
6989a4e910805f5685d709c2,Juvenile Fiction
6989a4e910805f5685d709c3,General
6989a4e910805f5685d709c3,History
6989a4e910805f5685d709c3,Fiction
6989a4e910805f5685d709c4,General
6989a4e910805f5685d709c4,Psychology
6989a4e910805f5685d709c4,Business
6989a4e910805f5685d709c5,Bibles
6989a4e910805f5685d709c6,Nineteen Twenties
6989a4e910805f5685d709c6,Continental Drift
6989a4e910805f5685d709c7,North Carolina
6989a4e910805f5685d709c7,Spy Stories
6989a4e910805f5685d709c8,Fire-departments
6989a4e910805f5685d709c8,James Bolivar (fictitious Character)
6989a4e910805f5685d709c9,Biography
6989a4e910805f5685d709c9,Travel
6989a4e910805f5685d709c9,General
6989a4e910805f5685d709ca,Malone
6989a4e910805f5685d709ca,Jamestown (va.)
6989a4e910805f5685d709cb,Businesspeople
6989a4e910805f5685d709cb,Accidents
6989a4e910805f5685d709cc,Fiction
6989a4e910805f5685d709cc,General
6989a4e910805f5685d709cc,Detective And Mystery Stories
6989a4e910805f5685d709cd,History
6989a4e910805f5685d709ce,General
6989a4e910805f5685d709cf,African Americans
6989a4e910805f5685d709d0,Business
6989a4e910805f5685d709d1,West
6989a4e910805f5685d709d1,Christian Women
6989a4e910805f5685d709d2,General
6989a4e910805f5685d709d3,Drama
6989a4e910805f5685d709d3,General
6989a4e910805f5685d709d3,Religion
6989a4e910805f5685d709d4,Antitrust Law
6989a4e910805f5685d709d4,Agricultural Price Supports
6989a4e910805f5685d709d5,Trixie (fictitious Character)
6989a4e910805f5685d709d5,African American Women Artists
6989a4e910805f5685d709d6,Animal Heroes
6989a4e910805f5685d709d6,Bedtime
6989a4e910805f5685d709d7,Sports
6989a4e910805f5685d709d7,Body
6989a4e910805f5685d709d7,Mind
6989a4e910805f5685d709d8,Radio Broadcasting
6989a4e910805f5685d709d8,Consumer Education
6989a4e910805f5685d709d9,Music
6989a4e910805f5685d709da,Children's Stories
6989a4e910805f5685d709da,Motherhood
6989a4e910805f5685d709db,Baby Roo (fictitious Character)
6989a4e910805f5685d709db,Cuba
6989a4e910805f5685d709dc,Snakes
6989a4e910805f5685d709dc,Animals
6989a4e910805f5685d709dd,Human
6989a4e910805f5685d709dd,Mass.)
6989a4e910805f5685d709de,Fiction
6989a4e910805f5685d709df,Adultery
6989a4e910805f5685d709e0,Fiction
6989a4e910805f5685d709e0,Juvenile Fiction
6989a4e910805f5685d709e0,Education
6989a4e910805f5685d709e1,Young Adult Nonfiction
6989a4e910805f5685d709e1,Architects
6989a4e910805f5685d709e2,Archetype (psychology)
6989a4e910805f5685d709e2,Fitness Walking
6989a4e910805f5685d709e3,Compost
6989a4e910805f5685d709e3,Recreational Vehicle Living
6989a4e910805f5685d709e4,General
6989a4e910805f5685d709e4,Foreign Language Study
6989a4e910805f5685d709e4,Biography
6989a4e910805f5685d709e5,Sports
6989a4e910805f5685d709e6,Baseball
6989a4e910805f5685d709e6,Latin America
6989a4e910805f5685d709e7,History
6989a4e910805f5685d709e8,Art
6989a4e910805f5685d709e9,Literary Criticism
6989a4e910805f5685d709ea,Fiction
6989a4e910805f5685d709ea,General
6989a4e910805f5685d709ea,Detective And Mystery Stories
6989a4e910805f5685d709eb,General
6989a4e910805f5685d709eb,Comics
6989a4e910805f5685d709eb,Body
6989a4e910805f5685d709ec,Frogs
6989a4e910805f5685d709ec,Physical Sciences
6989a4e910805f5685d709ed,Juvenile Fiction
6989a4e910805f5685d709ee,Fiction
6989a4e910805f5685d709ee,General
6989a4e910805f5685d709ee,Biography
6989a4e910805f5685d709ef,Arab Americans
6989a4e910805f5685d709ef,Intelligence Officers
6989a4e910805f5685d709f0,General
6989a4e910805f5685d709f0,Comics
6989a4e910805f5685d709f0,Bambi (fictitious Character)
6989a4e910805f5685d709f1,Comics
6989a4e910805f5685d709f2,Competition (psychology)
6989a4e910805f5685d709f2,Dog Breeders
6989a4e910805f5685d709f3,Fiction
6989a4e910805f5685d709f4,Biography
6989a4e910805f5685d709f5,Fiction
6989a4e910805f5685d709f6,Ireland
6989a4e910805f5685d709f6,Children Of Celebrities
6989a4e910805f5685d709f7,Fiction
6989a4e910805f5685d709f7,Science
6989a4e910805f5685d709f8,Labor Day
6989a4e910805f5685d709f8,Poodles
6989a4e910805f5685d709f9,Nature
6989a4e910805f5685d709fa,Fiction
6989a4e910805f5685d709fa,True Crime
6989a4e910805f5685d709fa,Colombia
6989a4e910805f5685d709fb,Body
6989a4e910805f5685d709fb,Mind
6989a4e910805f5685d709fb,General
6989a4e910805f5685d709fc,Fiction
6989a4e910805f5685d709fd,General
6989a4e910805f5685d709fd,Business
6989a4e910805f5685d709fe,Fiction
6989a4e910805f5685d709fe,General
6989a4e910805f5685d709fe,Juvenile Fiction
6989a4e910805f5685d709ff,American Fiction
6989a4e910805f5685d709ff,Fiction
6989a4e910805f5685d70a00,Fiction
6989a4e910805f5685d70a00,Young Adult Fiction
6989a4e910805f5685d70a01,General
6989a4e910805f5685d70a02,Fiction
6989a4e910805f5685d70a03,Escort Services
6989a4e910805f5685d70a03,Pictorial
6989a4e910805f5685d70a04,Fiction
6989a4e910805f5685d70a05,General
6989a4e910805f5685d70a06,Family
6989a4e910805f5685d70a07,Fiction
6989a4e910805f5685d70a08,Prayer
6989a4e910805f5685d70a08,Meditations
6989a4e910805f5685d70a09,Horsemanship
6989a4e910805f5685d70a09,Lathes
6989a4e910805f5685d70a0a,Biography
6989a4e910805f5685d70a0a,Fiction
6989a4e910805f5685d70a0a,Body
6989a4e910805f5685d70a0b,High School Students
6989a4e910805f5685d70a0b,Mission Of The Church
6989a4e910805f5685d70a0c,History
6989a4e910805f5685d70a0c,Religion
6989a4e910805f5685d70a0c,Reference
6989a4e910805f5685d70a0d,Confucianism
6989a4e910805f5685d70a0d,Children's Literature.
6989a4e910805f5685d70a0e,Shugak
6989a4e910805f5685d70a0e,Missing Persons
6989a4e910805f5685d70a0f,Poodles
6989a4e910805f5685d70a0f,Babysitters
6989a4e910805f5685d70a10,Digriz
6989a4e910805f5685d70a10,Gay Men
6989a4e910805f5685d70a11,Colorado
6989a4e910805f5685d70a11,Southern States
6989a4e910805f5685d70a12,Animals In Art
6989a4e910805f5685d70a12,Channeling (spiritualism)
6989a4e910805f5685d70a13,Social Science
6989a4e910805f5685d70a14,Business
6989a4e910805f5685d70a15,Appleby
6989a4e910805f5685d70a15,Breast
6989a4e910805f5685d70a16,General
6989a4e910805f5685d70a16,Fiction
6989a4e910805f5685d70a17,General
6989a4e910805f5685d70a17,Fiction
6989a4e910805f5685d70a18,Women Astronauts
6989a4e910805f5685d70a18,Adolescence
6989a4e910805f5685d70a19,Fire-departments
6989a4e910805f5685d70a19,Enlightenment
6989a4e910805f5685d70a1a,Psychology
6989a4e910805f5685d70a1b,Detectives
6989a4e910805f5685d70a1b,Quilts
6989a4e910805f5685d70a1c,Seashore
6989a4e910805f5685d70a1c,Southern States
6989a4e910805f5685d70a1d,Popular Literature
6989a4e910805f5685d70a1d,Administration Of Estates
6989a4e910805f5685d70a1e,Drug Abuse And Crime
6989a4e910805f5685d70a1e,Castles
6989a4e910805f5685d70a1f,Fiction
6989a4e910805f5685d70a20,Knights And Knighthood
6989a4e910805f5685d70a20,Epic Literature
6989a4e910805f5685d70a21,True Crime
6989a4e910805f5685d70a22,Fiction
6989a4e910805f5685d70a23,Juvenile Fiction
6989a4e910805f5685d70a24,Low-carbohydrate Diet
6989a4e910805f5685d70a24,Holiness
6989a4e910805f5685d70a25,Juvenile Fiction
6989a4e910805f5685d70a26,Fiction
6989a4e910805f5685d70a26,Juvenile Fiction
6989a4e910805f5685d70a26,Belgium
6989a4e910805f5685d70a27,Literary Criticism
6989a4e910805f5685d70a28,Oglala Indians
6989a4e910805f5685d70a28,Brother (fictitious Character)
6989a4e910805f5685d70a29,Courtship
6989a4e910805f5685d70a29,Colombia
6989a4e910805f5685d70a2a,America
6989a4e910805f5685d70a2a,Intercountry Adoption
6989a4e910805f5685d70a2b,Captain Underpants (fictitious Character)
6989a4e910805f5685d70a2b,Creative Ability
6989a4e910805f5685d70a2c,Abused Children
6989a4e910805f5685d70a2c,Christian Life
6989a4e910805f5685d70a2d,Biography
6989a4e910805f5685d70a2e,Fiction
6989a4e910805f5685d70a2e,Social Science
6989a4e910805f5685d70a2e,General
6989a4e910805f5685d70a2f,Juvenile Fiction
6989a4e910805f5685d70a30,General
6989a4e910805f5685d70a30,Fiction
6989a4e910805f5685d70a30,History
6989a4e910805f5685d70a31,Accidents
6989a4e910805f5685d70a31,Mutiney
6989a4e910805f5685d70a32,Women Painters
6989a4e910805f5685d70a32,Alhambra (granada
6989a4e910805f5685d70a33,Intelligence Officers
6989a4e910805f5685d70a33,General
6989a4e910805f5685d70a33,American Fiction
6989a4e910805f5685d70a34,Apologetics
6989a4e910805f5685d70a34,Voyages Around The World
6989a4e910805f5685d70a35,General
6989a4e910805f5685d70a36,Bones
6989a4e910805f5685d70a36,Fuentes De Oñoro
6989a4e910805f5685d70a37,Babysitters
6989a4e910805f5685d70a37,Landscape
6989a4e910805f5685d70a38,Domestic Fiction
6989a4e910805f5685d70a39,Business
6989a4e910805f5685d70a39,Fiction
6989a4e910805f5685d70a3a,General
6989a4e910805f5685d70a3a,Study Aids
6989a4e910805f5685d70a3a,Paranormal Romance Stories
6989a4e910805f5685d70a3b,Belgians
6989a4e910805f5685d70a3b,Australian Fiction
6989a4e910805f5685d70a3c,Life On Other Planets
6989a4e910805f5685d70a3c,Food Supply
6989a4e910805f5685d70a3d,Behavior Modification
6989a4e910805f5685d70a3d,Dog Adoption
6989a4e910805f5685d70a3e,Dyslexic Children
6989a4e910805f5685d70a3e,Lutheran Church
6989a4e910805f5685d70a3f,Escort Services
6989a4e910805f5685d70a3f,Caterers And Catering
6989a4e910805f5685d70a40,Animal Communication
6989a4e910805f5685d70a40,Copenhagen (denmark)
6989a4e910805f5685d70a41,Dentists
6989a4e910805f5685d70a41,United States History Civil War
6989a4e910805f5685d70a42,Health
6989a4e910805f5685d70a42,Pilgrims (new Plymouth Colony)
6989a4e910805f5685d70a43,Fiction
6989a4e910805f5685d70a44,Fiction
6989a4e910805f5685d70a45,Cooking
6989a4e910805f5685d70a46,Anthropology.
6989a4e910805f5685d70a46,Arkansas
6989a4e910805f5685d70a47,Business
6989a4e910805f5685d70a48,Country Life
6989a4e910805f5685d70a48,High Schools
6989a4e910805f5685d70a49,General
6989a4e910805f5685d70a49,Religion
6989a4e910805f5685d70a4a,Cookery
6989a4e910805f5685d70a4a,Bomber Pilots
6989a4e910805f5685d70a4b,General
6989a4e910805f5685d70a4c,Experience
6989a4e910805f5685d70a4c,Caldecott Medal
6989a4e910805f5685d70a4d,General
6989a4e910805f5685d70a4e,Literary Criticism
6989a4e910805f5685d70a4f,Adultery
6989a4e910805f5685d70a50,Pattern Perception
6989a4e910805f5685d70a50,Caldecott Medal
6989a4e910805f5685d70a51,Religion
6989a4e910805f5685d70a51,General
6989a4e910805f5685d70a51,Comics
6989a4e910805f5685d70a52,Fiction
6989a4e910805f5685d70a52,Biography
6989a4e910805f5685d70a52,Marine Pollution
6989a4e910805f5685d70a53,Eating Disorders
6989a4e910805f5685d70a53,Texas
6989a4e910805f5685d70a54,Juvenile Fiction
6989a4e910805f5685d70a54,Adultery
6989a4e910805f5685d70a55,Automobile Travel
6989a4e910805f5685d70a55,John
6989a4e910805f5685d70a56,Birds
6989a4e910805f5685d70a56,Women
6989a4e910805f5685d70a57,Indic Fiction (english)
6989a4e910805f5685d70a57,Sasquatch
6989a4e910805f5685d70a58,Fiction
6989a4e910805f5685d70a58,History
6989a4e910805f5685d70a58,General
6989a4e910805f5685d70a59,Thailand
6989a4e910805f5685d70a59,Executive Power.
6989a4e910805f5685d70a5a,Religion
6989a4e910805f5685d70a5a,Anglican Converts
6989a4e910805f5685d70a5b,General
6989a4e910805f5685d70a5b,Fiction
6989a4e910805f5685d70a5b,Business
6989a4e910805f5685d70a5c,Paranormal Romance Stories
6989a4e910805f5685d70a5d,Arizona
6989a4e910805f5685d70a5d,Gay Erotic Photography
6989a4e910805f5685d70a5e,Communication In Humanities
6989a4e910805f5685d70a5e,Rabbits
6989a4e910805f5685d70a5f,Juvenile Fiction
6989a4e910805f5685d70a60,Idaho
6989a4e910805f5685d70a60,Animal Behavior
6989a4e910805f5685d70a61,General
6989a4e910805f5685d70a62,Animal Welfare
6989a4e910805f5685d70a62,Knowledge
6989a4e910805f5685d70a63,Berlin (germany)
6989a4e910805f5685d70a63,Hatha Yoga
6989a4e910805f5685d70a64,Gift Books
6989a4e910805f5685d70a64,Spain)
6989a4e910805f5685d70a65,Fiction
6989a4e910805f5685d70a66,History
6989a4e910805f5685d70a67,Snakes
6989a4e910805f5685d70a67,Apparent
6989a4e910805f5685d70a68,History
6989a4e910805f5685d70a69,Dragons
6989a4e910805f5685d70a6a,Irish
6989a4e910805f5685d70a6a,Conversation Analysis
6989a4e910805f5685d70a6b,Alhambra (granada
6989a4e910805f5685d70a6b,Arab Americans
6989a4e910805f5685d70a6c,Foreign Language Study
6989a4e910805f5685d70a6d,Québec (province)
6989a4e910805f5685d70a6d,Class Actions (civil Procedure)
6989a4e910805f5685d70a6e,Act Assessment
6989a4e910805f5685d70a6e,Bambi (fictitious Character)
6989a4e910805f5685d70a6f,Literary Criticism
6989a4e910805f5685d70a70,Fiction
6989a4e910805f5685d70a71,Fiction
6989a4e910805f5685d70a72,Agricultural Credit
6989a4e910805f5685d70a72,Aran Islands (ireland)
6989a4e910805f5685d70a73,Territorial Waters
6989a4e910805f5685d70a73,Businesspeople
6989a4e910805f5685d70a74,English Drama
6989a4e910805f5685d70a74,Literary Collections
6989a4e910805f5685d70a74,History
6989a4e910805f5685d70a75,Child Psychology
6989a4e910805f5685d70a75,Nvivo
6989a4e910805f5685d70a76,Juvenile Fiction
6989a4e910805f5685d70a77,Vegetarian Cooking
6989a4e910805f5685d70a77,Libraries
6989a4e910805f5685d70a78,Divorced People
6989a4e910805f5685d70a78,Spain)
6989a4e910805f5685d70a79,Androids
6989a4e910805f5685d70a79,Presidents
6989a4e910805f5685d70a7a,Body
6989a4e910805f5685d70a7a,Ghost Stories
6989a4e910805f5685d70a7b,Tugboats
6989a4e910805f5685d70a7b,Lathes
6989a4e910805f5685d70a7c,General
6989a4e910805f5685d70a7c,Biography
6989a4e910805f5685d70a7d,Diazepam
6989a4e910805f5685d70a7e,Self-realization
6989a4e910805f5685d70a7e,Adventure Stories
6989a4e910805f5685d70a7f,Dreams
6989a4e910805f5685d70a7f,Vade-mecums
6989a4e910805f5685d70a80,Humor
6989a4e910805f5685d70a81,Beagle Expedition
6989a4e910805f5685d70a81,Securities Industry
6989a4e910805f5685d70a82,Fiction
6989a4e910805f5685d70a82,Comics
6989a4e910805f5685d70a83,Sir (fictitious Character)
6989a4e910805f5685d70a83,Mountaineering
6989a4e910805f5685d70a84,Fiction
6989a4e910805f5685d70a84,Human-computer Interaction
6989a4e910805f5685d70a84,Juvenile Fiction
6989a4e910805f5685d70a85,Juvenile Fiction
6989a4e910805f5685d70a85,Body
6989a4e910805f5685d70a85,Mind
6989a4e910805f5685d70a86,Fiction
6989a4e910805f5685d70a87,Beef
6989a4e910805f5685d70a87,Horror
6989a4e910805f5685d70a88,Fiction
6989a4e910805f5685d70a88,General
6989a4e910805f5685d70a88,Juvenile Fiction
6989a4e910805f5685d70a89,Biographers
6989a4e910805f5685d70a89,Discoveries In Geography
6989a4e910805f5685d70a8a,Fiction
6989a4e910805f5685d70a8a,Juvenile Fiction
6989a4e910805f5685d70a8a,General
6989a4e910805f5685d70a8b,General
6989a4e910805f5685d70a8b,Fiction
6989a4e910805f5685d70a8b,Brooklyn (new York
6989a4e910805f5685d70a8c,Fiction
6989a4e910805f5685d70a8d,Conflict Management
6989a4e910805f5685d70a8d,Iraq War
6989a4e910805f5685d70a8e,General
6989a4e910805f5685d70a8e,Self-help
6989a4e910805f5685d70a8f,Mutiney
6989a4e910805f5685d70a8f,Female
6989a4e910805f5685d70a90,Artist Couples
6989a4e910805f5685d70a90,Adventure
6989a4e910805f5685d70a91,Statistics.
6989a4e910805f5685d70a92,Fiction
6989a4e910805f5685d70a92,Juvenile Fiction
6989a4e910805f5685d70a92,Performing Arts
6989a4e910805f5685d70a93,Fiction
6989a4e910805f5685d70a93,Language Arts
6989a4e910805f5685d70a93,Literary Criticism
6989a4e910805f5685d70a94,African American Women Artists
6989a4e910805f5685d70a94,Brooklyn (new York
6989a4e910805f5685d70a95,Fiction
6989a4e910805f5685d70a96,Control (psychology)
6989a4e910805f5685d70a96,Decoration And Ornament
6989a4e910805f5685d70a97,Fiction
6989a4e910805f5685d70a98,Biography
6989a4e910805f5685d70a98,Fiction
6989a4e910805f5685d70a99,General
6989a4e910805f5685d70a99,Fiction
6989a4e910805f5685d70a99,Rama (imaginary Space Vehicle)
6989a4e910805f5685d70a9a,Fiction
6989a4e910805f5685d70a9a,General
6989a4e910805f5685d70a9a,Biography
6989a4e910805f5685d70a9b,Colorado
6989a4e910805f5685d70a9b,Discernment Of Spirits
6989a4e910805f5685d70a9c,Fiction
6989a4e910805f5685d70a9d,General
6989a4e910805f5685d70a9e,Fiction
6989a4e910805f5685d70a9f,Bands (music)
6989a4e910805f5685d70a9f,Belgrade (serbia)
6989a4e910805f5685d70aa0,Christian Biography
6989a4e910805f5685d70aa0,Ice Skaters.
6989a4e910805f5685d70aa1,Coal Miners
6989a4e910805f5685d70aa1,Interpersonal Communication
6989a4e910805f5685d70aa2,Juvenile Fiction
6989a4e910805f5685d70aa2,Domestic Fiction
6989a4e910805f5685d70aa2,Fiction
6989a4e910805f5685d70aa3,Fiction
6989a4e910805f5685d70aa4,Stamp Collecting
6989a4e910805f5685d70aa4,Međugorje (bosnia And Hercegovina)
6989a4e910805f5685d70aa5,Fiction
6989a4e910805f5685d70aa5,Language Arts
6989a4e910805f5685d70aa5,General
6989a4e910805f5685d70aa6,Body
6989a4e910805f5685d70aa6,Mind
6989a4e910805f5685d70aa7,Religion
6989a4e910805f5685d70aa7,Psychology
6989a4e910805f5685d70aa7,Fiction
6989a4e910805f5685d70aa8,Hockey Stories
6989a4e910805f5685d70aa8,City And Town Life
6989a4e910805f5685d70aa9,General
6989a4e910805f5685d70aaa,Fiction
6989a4e910805f5685d70aaa,General
6989a4e910805f5685d70aab,Bars (drinking Establishments)
6989a4e910805f5685d70aab,Arapaho Indians
6989a4e910805f5685d70aac,Fiction
6989a4e910805f5685d70aac,Health
6989a4e910805f5685d70aad,Hope
6989a4e910805f5685d70aad,Castro (san Francisco
6989a4e910805f5685d70aae,General
6989a4e910805f5685d70aaf,Drama
6989a4e910805f5685d70aaf,Juvenile Fiction
6989a4e910805f5685d70aaf,General
6989a4e910805f5685d70ab0,African Wild Dog
6989a4e910805f5685d70ab0,Single Tax
6989a4e910805f5685d70ab1,Fiction
6989a4e910805f5685d70ab1,General
6989a4e910805f5685d70ab1,Biography
6989a4e910805f5685d70ab2,College Students
6989a4e910805f5685d70ab2,Economics
6989a4e910805f5685d70ab3,Bones (musical Instrument)
6989a4e910805f5685d70ab3,Jewish (1939-1945)
6989a4e910805f5685d70ab4,Fiction
6989a4e910805f5685d70ab4,General
6989a4e910805f5685d70ab4,Africa
6989a4e910805f5685d70ab5,Attorneys General
6989a4e910805f5685d70ab5,Crossword Puzzles
6989a4e910805f5685d70ab6,Fiction
6989a4e910805f5685d70ab6,Political Science
6989a4e910805f5685d70ab6,General
6989a4e910805f5685d70ab7,Fiction
6989a4e910805f5685d70ab8,Diary Fiction
6989a4e910805f5685d70ab8,Sports
6989a4e910805f5685d70ab9,Body
6989a4e910805f5685d70ab9,Mind
6989a4e910805f5685d70ab9,American Fiction
6989a4e910805f5685d70aba,Examination Of Witnesses
6989a4e910805f5685d70aba,Dragons In Literature
6989a4e910805f5685d70abb,Behavior
6989a4e910805f5685d70abb,Extortion
6989a4e910805f5685d70abc,Sasquatch
6989a4e910805f5685d70abc,Child Psychology
6989a4e910805f5685d70abd,Mythology
6989a4e910805f5685d70abd,Aberystwyth (wales)
6989a4e910805f5685d70abe,Performing Arts
6989a4e910805f5685d70abf,Climate And Civilization
6989a4e910805f5685d70abf,Control (psychology)
6989a4e910805f5685d70ac0,1865
6989a4e910805f5685d70ac0,Battle Of
6989a4e910805f5685d70ac1,Business
6989a4e910805f5685d70ac2,Commercial Crimes
6989a4e910805f5685d70ac2,English.
6989a4e910805f5685d70ac3,Selling
6989a4e910805f5685d70ac3,Content Area Reading
6989a4e910805f5685d70ac4,Juvenile Fiction
6989a4e910805f5685d70ac5,True Crime
6989a4e910805f5685d70ac6,Children's Dreams
6989a4e910805f5685d70ac6,Female Offenders
6989a4e910805f5685d70ac7,Christian Saints
6989a4e910805f5685d70ac7,Businesswomen
6989a4e910805f5685d70ac8,Religion
6989a4e910805f5685d70ac9,Modern
6989a4e910805f5685d70ac9,Marriage
6989a4e910805f5685d70aca,Jewish Fiction
6989a4e910805f5685d70aca,Friendship
6989a4e910805f5685d70acb,Crafts
6989a4e910805f5685d70acb,Food
6989a4e910805f5685d70acc,Vade-mecums
6989a4e910805f5685d70acc,Juvenile Nonfiction
6989a4e910805f5685d70acd,Fiction
6989a4e910805f5685d70acd,Juvenile Fiction
6989a4e910805f5685d70acd,General
6989a4e910805f5685d70ace,Consumption (economics)
6989a4e910805f5685d70ace,Dinosaurs
6989a4e910805f5685d70acf,General
6989a4e910805f5685d70acf,Fiction
6989a4e910805f5685d70acf,Social Science
6989a4e910805f5685d70ad0,Fiction
6989a4e910805f5685d70ad0,General
6989a4e910805f5685d70ad0,Comics
6989a4e910805f5685d70ad1,Motion Picture Plays
6989a4e910805f5685d70ad1,New York (n.y.)
6989a4e910805f5685d70ad2,Fiction
6989a4e910805f5685d70ad3,General
6989a4e910805f5685d70ad4,Music
6989a4e910805f5685d70ad5,Dreams
6989a4e910805f5685d70ad5,Black Humor
6989a4e910805f5685d70ad6,John Thomas (fictitious Character)
6989a4e910805f5685d70ad6,Asia
6989a4e910805f5685d70ad7,Albert (fictitious Character)
6989a4e910805f5685d70ad7,Dragons
6989a4e910805f5685d70ad8,Humor
6989a4e910805f5685d70ad9,Music
6989a4e910805f5685d70ada,Geophysics
6989a4e910805f5685d70ada,Kentucky
6989a4e910805f5685d70adb,Science
6989a4e910805f5685d70adb,Literary Criticism
6989a4e910805f5685d70adb,General
6989a4e910805f5685d70adc,Nuclear Warfare
6989a4e910805f5685d70adc,North Carolina
6989a4e910805f5685d70add,Survival
6989a4e910805f5685d70add,Reincarnation
6989a4e910805f5685d70ade,Camping
6989a4e910805f5685d70ade,Presidents
6989a4e910805f5685d70adf,Great Britain
6989a4e910805f5685d70adf,Dentists
6989a4e910805f5685d70ae0,Fiction
6989a4e910805f5685d70ae0,General
6989a4e910805f5685d70ae0,Juvenile Fiction
6989a4e910805f5685d70ae1,Predation (biology)
6989a4e910805f5685d70ae1,Memory
6989a4e910805f5685d70ae2,Fiction
6989a4e910805f5685d70ae2,General
6989a4e910805f5685d70ae2,History
6989a4e910805f5685d70ae3,Criminal Snipers
6989a4e910805f5685d70ae3,Occultism
6989a4e910805f5685d70ae4,Family
6989a4e910805f5685d70ae5,Fiction
6989a4e910805f5685d70ae6,Self-help
6989a4e910805f5685d70ae7,Impressionism (art)
6989a4e910805f5685d70ae7,Extortion
6989a4e910805f5685d70ae8,General
6989a4e910805f5685d70ae8,Fiction
6989a4e910805f5685d70ae8,Children's Stories
6989a4e910805f5685d70ae9,Socialism
6989a4e910805f5685d70ae9,Serial Murderers
6989a4e910805f5685d70aea,History
6989a4e910805f5685d70aeb,Pool (game)
6989a4e910805f5685d70aeb,Corruption
6989a4e910805f5685d70aec,Juvenile Fiction
6989a4e910805f5685d70aed,General
6989a4e910805f5685d70aee,Alienation (social Psychology)
6989a4e910805f5685d70aee,Alligators
6989a4e910805f5685d70aef,Nature
6989a4e910805f5685d70af0,Counting
6989a4e910805f5685d70af0,1846-1848
6989a4e910805f5685d70af1,Juvenile Fiction
6989a4e910805f5685d70af1,Accelerated Readers
6989a4e910805f5685d70af2,Religion
6989a4e910805f5685d70af3,Fiction
6989a4e910805f5685d70af3,General
6989a4e910805f5685d70af3,Juvenile Fiction
6989a4e910805f5685d70af4,General
6989a4e910805f5685d70af5,Fiction
6989a4e910805f5685d70af6,Comics
6989a4e910805f5685d70af6,Juvenile Fiction
6989a4e910805f5685d70af7,Automobile Travel / United States
6989a4e910805f5685d70af7,Adjustment Disorders
6989a4e910805f5685d70af8,Fiction
6989a4e910805f5685d70af8,General
6989a4e910805f5685d70af8,Business
6989a4e910805f5685d70af9,Best Books
6989a4e910805f5685d70af9,Jamestown (va.)
6989a4e910805f5685d70afa,Counted Thread Embroidery
6989a4e910805f5685d70afa,Spain)
6989a4e910805f5685d70afb,Adventure
6989a4e910805f5685d70afb,Biology
6989a4e910805f5685d70afc,Fiction
6989a4e910805f5685d70afc,American Fiction
6989a4e910805f5685d70afd,Fiction
6989a4e910805f5685d70afe,Fiction
6989a4e910805f5685d70afe,English Literature
6989a4e910805f5685d70aff,Biography
6989a4e910805f5685d70b00,Fiction
6989a4e910805f5685d70b00,General
6989a4e910805f5685d70b01,Performing Arts
6989a4e910805f5685d70b01,Adultery
6989a4e910805f5685d70b02,Rock Musicians
6989a4e910805f5685d70b02,Income Distribution
6989a4e910805f5685d70b03,True Crime
6989a4e910805f5685d70b04,Fiction
6989a4e910805f5685d70b04,General
6989a4e910805f5685d70b04,Humor
6989a4e910805f5685d70b05,Abused Children
6989a4e910805f5685d70b05,English Language - Words
6989a4e910805f5685d70b06,Fiction
6989a4e910805f5685d70b06,General
6989a4e910805f5685d70b06,Performing Arts
6989a4e910805f5685d70b07,Psychology
6989a4e910805f5685d70b08,General
6989a4e910805f5685d70b08,College Sports
6989a4e910805f5685d70b08,Fiction
6989a4e910805f5685d70b09,Biography
6989a4e910805f5685d70b09,General
6989a4e910805f5685d70b0a,Ghost Stories
6989a4e910805f5685d70b0a,American
6989a4e910805f5685d70b0b,Assisi (italy)
6989a4e910805f5685d70b0b,Microwave Cooking
6989a4e910805f5685d70b0c,Fiction
6989a4e910805f5685d70b0c,History
6989a4e910805f5685d70b0c,Children
6989a4e910805f5685d70b0d,English (old)
6989a4e910805f5685d70b0d,Mack (fictitious Character)
6989a4e910805f5685d70b0e,Governesses
6989a4e910805f5685d70b0e,Arab-israeli Conflict
6989a4e910805f5685d70b0f,Statues
6989a4e910805f5685d70b0f,Christian Pilgrims And Pilgrimages
6989a4e910805f5685d70b10,Biography
6989a4e910805f5685d70b10,Music
6989a4e910805f5685d70b10,English Poetry
6989a4e910805f5685d70b11,General
6989a4e910805f5685d70b11,Psychology
6989a4e910805f5685d70b12,Gift Books
6989a4e910805f5685d70b12,Authors
6989a4e910805f5685d70b13,Large Type Books
6989a4e910805f5685d70b14,Performing Arts
6989a4e910805f5685d70b15,Architects
6989a4e910805f5685d70b15,General
6989a4e910805f5685d70b16,Fiction
6989a4e910805f5685d70b17,1800-1815
6989a4e910805f5685d70b17,Conflict Management
6989a4e910805f5685d70b18,Roderick (fictitious Character)
6989a4e910805f5685d70b18,Life Cycle
6989a4e910805f5685d70b19,Serial Murders
6989a4e910805f5685d70b19,Diary Fiction
6989a4e910805f5685d70b1a,General
6989a4e910805f5685d70b1b,Serial Murderers
6989a4e910805f5685d70b1b,Assisted Suicide
6989a4e910805f5685d70b1c,Children's Plays
6989a4e910805f5685d70b1c,Cannibalism
6989a4e910805f5685d70b1d,Business
6989a4e910805f5685d70b1d,Family
6989a4e910805f5685d70b1e,Asia
6989a4e910805f5685d70b1f,Literary Criticism
6989a4e910805f5685d70b20,Mental
6989a4e910805f5685d70b20,Mass.)
6989a4e910805f5685d70b21,Hollywood (los Angeles
6989a4e910805f5685d70b21,Discernment Of Spirits
6989a4e910805f5685d70b22,General
6989a4e910805f5685d70b22,Corbett
6989a4e910805f5685d70b23,English Drama
6989a4e910805f5685d70b23,Experimental Fiction
6989a4e910805f5685d70b24,Political Science
6989a4e910805f5685d70b24,Indic Poetry (english)
6989a4e910805f5685d70b25,Church Work With Alcoholics
6989a4e910805f5685d70b25,Kissing
6989a4e910805f5685d70b26,Spanish Language
6989a4e910805f5685d70b26,Art Thefts
6989a4e910805f5685d70b27,Biography
6989a4e910805f5685d70b27,General
6989a4e910805f5685d70b28,Fiction
6989a4e910805f5685d70b29,History
6989a4e910805f5685d70b2a,Literary Collections
6989a4e910805f5685d70b2b,American Literature
6989a4e910805f5685d70b2b,Comic Fantasy
6989a4e910805f5685d70b2c,Fiction
6989a4e910805f5685d70b2d,Art
6989a4e910805f5685d70b2d,Nature
6989a4e910805f5685d70b2e,Labor Leaders
6989a4e910805f5685d70b2e,Jewish (1939-1945)
6989a4e910805f5685d70b2f,Fiction
6989a4e910805f5685d70b30,Juvenile Fiction
6989a4e910805f5685d70b30,Autobiographical Fiction
6989a4e910805f5685d70b30,Humor
6989a4e910805f5685d70b31,General
6989a4e910805f5685d70b31,Juvenile Fiction
6989a4e910805f5685d70b31,Fiction
6989a4e910805f5685d70b32,Law
6989a4e910805f5685d70b32,Fiction In English
6989a4e910805f5685d70b33,General
6989a4e910805f5685d70b33,Literary Collections
6989a4e910805f5685d70b33,Fiction
6989a4e910805f5685d70b34,Self-help
6989a4e910805f5685d70b35,General
6989a4e910805f5685d70b35,Fiction
6989a4e910805f5685d70b36,Alienation (social Psychology)
6989a4e910805f5685d70b36,Bartholomew
6989a4e910805f5685d70b37,Augustine
6989a4e910805f5685d70b37,Language Experience Approach In Education
6989a4e910805f5685d70b38,Fiction
6989a4e910805f5685d70b39,Child Sexual Abuse
6989a4e910805f5685d70b39,Astrology
6989a4e910805f5685d70b3a,Fiction
6989a4e910805f5685d70b3a,Audiobooks
6989a4e910805f5685d70b3a,Drama
6989a4e910805f5685d70b3b,Bones
6989a4e910805f5685d70b3b,Fiction In English
6989a4e910805f5685d70b3c,Dutch
6989a4e910805f5685d70b3c,Spanish Language
6989a4e910805f5685d70b3d,Fiction
6989a4e910805f5685d70b3d,General
6989a4e910805f5685d70b3e,Life Cycle
6989a4e910805f5685d70b3e,Executive Departments
6989a4e910805f5685d70b3f,Literary Collections
6989a4e910805f5685d70b3f,Carols
6989a4e910805f5685d70b40,Antiques
6989a4e910805f5685d70b40,Fathers And Sons
6989a4e910805f5685d70b41,Fiction
6989a4e910805f5685d70b41,General
6989a4e910805f5685d70b41,Computers
6989a4e910805f5685d70b42,History
6989a4e910805f5685d70b43,Assertiveness (psychology)
6989a4e910805f5685d70b43,Normandy (france)
6989a4e910805f5685d70b44,Bronté́
6989a4e910805f5685d70b44,Emily
6989a4e910805f5685d70b44,1818-1848
6989a4e910805f5685d70b45,Czech Americans
6989a4e910805f5685d70b45,Common Fallacies
6989a4e910805f5685d70b46,Juvenile Fiction
6989a4e910805f5685d70b46,Fiction
6989a4e910805f5685d70b47,Actors
6989a4e910805f5685d70b47,Canadian
6989a4e910805f5685d70b48,Pets
6989a4e910805f5685d70b48,Card Games
6989a4e910805f5685d70b49,Defense Information
6989a4e910805f5685d70b49,Art
6989a4e910805f5685d70b4a,Artist Couples
6989a4e910805f5685d70b4a,Merchant Marine
6989a4e910805f5685d70b4b,Adventure Stories
6989a4e910805f5685d70b4b,Netherlands
6989a4e910805f5685d70b4b,General
6989a4e910805f5685d70b4c,Central
6989a4e910805f5685d70b4c,Voyages Around The World
6989a4e910805f5685d70b4d,Fiction
6989a4e910805f5685d70b4d,General
6989a4e910805f5685d70b4e,1846-1848
6989a4e910805f5685d70b4e,Occultism
6989a4e910805f5685d70b4f,Artists
6989a4e910805f5685d70b4f,Libraries
6989a4e910805f5685d70b50,Southern States
6989a4e910805f5685d70b50,Blind Musicians
6989a4e910805f5685d70b51,Psychoanalysis
6989a4e910805f5685d70b51,Success
6989a4e910805f5685d70b52,Fiction
6989a4e910805f5685d70b53,Photography
6989a4e910805f5685d70b54,Citation Of Legal Authorities
6989a4e910805f5685d70b54,Corrections
6989a4e910805f5685d70b55,Extrasensory Perception
6989a4e910805f5685d70b55,Azerbaijan
6989a4e910805f5685d70b56,Counted Thread Embroidery
6989a4e910805f5685d70b56,Botswana
6989a4e910805f5685d70b57,Science
6989a4e910805f5685d70b57,Fiction
6989a4e910805f5685d70b57,General
6989a4e910805f5685d70b58,Bridegrooms
6989a4e910805f5685d70b58,Farm Life
6989a4e910805f5685d70b59,Science
6989a4e910805f5685d70b5a,Documentary Photography
6989a4e910805f5685d70b5a,Belden
6989a4e910805f5685d70b5b,Church And State
6989a4e910805f5685d70b5b,Developing Countries
6989a4e910805f5685d70b5c,Honesty
6989a4e910805f5685d70b5c,Fiction
6989a4e910805f5685d70b5c,General
6989a4e910805f5685d70b5d,Tennis
6989a4e910805f5685d70b5d,Agricultural Price Supports
6989a4e910805f5685d70b5e,Biography
6989a4e910805f5685d70b5f,Fiction
6989a4e910805f5685d70b60,Computer Science
6989a4e910805f5685d70b60,Japanese Americans
6989a4e910805f5685d70b61,Fiction
6989a4e910805f5685d70b61,General
6989a4e910805f5685d70b61,Biography
6989a4e910805f5685d70b62,Abusive Men
6989a4e910805f5685d70b62,Feminism And Music
6989a4e910805f5685d70b63,Fiction
6989a4e910805f5685d70b63,Young Adult Fiction
6989a4e910805f5685d70b63,Technology
6989a4e910805f5685d70b64,African American Families
6989a4e910805f5685d70b64,Aids (disease)
6989a4e910805f5685d70b65,Decoration And Ornament
6989a4e910805f5685d70b65,Botany
6989a4e910805f5685d70b66,Juvenile Fiction
6989a4e910805f5685d70b67,General
6989a4e910805f5685d70b68,Agricultural Colonies
6989a4e910805f5685d70b68,Government
6989a4e910805f5685d70b69,Soups
6989a4e910805f5685d70b69,Beef
6989a4e910805f5685d70b6a,Asia
6989a4e910805f5685d70b6a,Comics
6989a4e910805f5685d70b6b,Home-based Businesses
6989a4e910805f5685d70b6b,Examination Of Witnesses
6989a4e910805f5685d70b6c,Frankenstein Films
6989a4e910805f5685d70b6c,Emily
6989a4e910805f5685d70b6d,Performing Arts
6989a4e910805f5685d70b6d,Honesty
6989a4e910805f5685d70b6e,Bolan
6989a4e910805f5685d70b6e,Sniping (military Science)
6989a4e910805f5685d70b6f,Fiction
6989a4e910805f5685d70b70,Fuentes De Oñoro
6989a4e910805f5685d70b70,Austrian
6989a4e910805f5685d70b71,Captain Underpants (fictitious Character)
6989a4e910805f5685d70b71,Flags
6989a4e910805f5685d70b72,Fiction
6989a4e910805f5685d70b73,Croatia
6989a4e910805f5685d70b73,Sonnets
6989a4e910805f5685d70b74,Creative Thinking
6989a4e910805f5685d70b74,Communication In Marriage
6989a4e910805f5685d70b75,Highlands (scotland)
6989a4e910805f5685d70b75,Sex
6989a4e910805f5685d70b76,Current Events
6989a4e910805f5685d70b76,Piano Music
6989a4e910805f5685d70b77,Fiction
6989a4e910805f5685d70b77,Juvenile Fiction
6989a4e910805f5685d70b77,General
6989a4e910805f5685d70b78,Human-computer Interaction
6989a4e910805f5685d70b78,Paperbacks
6989a4e910805f5685d70b79,Donahue (television Program)
6989a4e910805f5685d70b79,Jane (fictitious Character)
6989a4e910805f5685d70b7a,Fiction
6989a4e910805f5685d70b7b,Fiction
6989a4e910805f5685d70b7b,Juvenile Fiction
6989a4e910805f5685d70b7b,Literary Criticism
6989a4e910805f5685d70b7c,Guvernören (tanker)
6989a4e910805f5685d70b7c,Promptbooks
6989a4e910805f5685d70b7d,Fiction
6989a4e910805f5685d70b7d,General
6989a4e910805f5685d70b7e,Battle Of
6989a4e910805f5685d70b7e,Confucianism
6989a4e910805f5685d70b7f,Juvenile Fiction
6989a4e910805f5685d70b7f,Animals
6989a4e910805f5685d70b7f,Fiction
6989a4e910805f5685d70b80,Fiction
6989a4e910805f5685d70b80,General
6989a4e910805f5685d70b80,Drama
6989a4e910805f5685d70b81,Drugs
6989a4e910805f5685d70b81,Boys
6989a4e910805f5685d70b82,Fiction
6989a4e910805f5685d70b83,Punjab (india)
6989a4e910805f5685d70b83,Card Games
6989a4e910805f5685d70b84,Industrial Management
6989a4e910805f5685d70b84,Divorce
6989a4e910805f5685d70b85,Japanese Fiction
6989a4e910805f5685d70b85,International Organization
6989a4e910805f5685d70b86,Fiction
6989a4e910805f5685d70b87,General
6989a4e910805f5685d70b87,Drama
6989a4e910805f5685d70b87,Juvenile Fiction
6989a4e910805f5685d70b88,Fiction
6989a4e910805f5685d70b88,Games
6989a4e910805f5685d70b88,Design
6989a4e910805f5685d70b89,Beauty
6989a4e910805f5685d70b89,Bondage (sexual Behavior)
6989a4e910805f5685d70b8a,Fiction
6989a4e910805f5685d70b8b,Australian
6989a4e910805f5685d70b8b,Great Plains
6989a4e910805f5685d70b8c,Belgrade (serbia)
6989a4e910805f5685d70b8c,Imaginary Wars And Battles
6989a4e910805f5685d70b8d,General
6989a4e910805f5685d70b8d,Biography
6989a4e910805f5685d70b8e,Biography
6989a4e910805f5685d70b8f,Fiction
6989a4e910805f5685d70b90,Upper Class
6989a4e910805f5685d70b90,Adventure And Adventurers
6989a4e910805f5685d70b91,Poodles
6989a4e910805f5685d70b91,Nigeria
6989a4e910805f5685d70b92,Fiction
6989a4e910805f5685d70b93,Biography
6989a4e910805f5685d70b93,General
6989a4e910805f5685d70b93,Cooking
6989a4e910805f5685d70b94,Fiction
6989a4e910805f5685d70b95,Fiction
6989a4e910805f5685d70b96,Labor Day
6989a4e910805f5685d70b97,Love
6989a4e910805f5685d70b97,Child Rearing
6989a4e910805f5685d70b98,Religion
6989a4e910805f5685d70b99,Connecticut
6989a4e910805f5685d70b99,Statistics
6989a4e910805f5685d70b9a,Seasons
6989a4e910805f5685d70b9a,Biography
6989a4e910805f5685d70b9b,Fiction
6989a4e910805f5685d70b9b,General
6989a4e910805f5685d70b9b,Biography
6989a4e910805f5685d70b9c,Juvenile Fiction
6989a4e910805f5685d70b9d,Extrasensory Perception
6989a4e910805f5685d70b9d,Picture Puzzles
6989a4e910805f5685d70b9e,Young Adult Fiction
6989a4e910805f5685d70b9f,Booksellers And Bookselling
6989a4e910805f5685d70b9f,North Carolina
6989a4e910805f5685d70ba0,Deaf
6989a4e910805f5685d70ba0,Extrasensory Perception
6989a4e910805f5685d70ba1,Yachts
6989a4e910805f5685d70ba1,Falstaff
6989a4e910805f5685d70ba2,Fiction
6989a4e910805f5685d70ba3,Adult Children Of Alcoholics
6989a4e910805f5685d70ba3,Experimental Fiction
6989a4e910805f5685d70ba4,Gideon (fictitious Character)
6989a4e910805f5685d70ba4,Mythology
6989a4e910805f5685d70ba5,Fiction
6989a4e910805f5685d70ba6,History
6989a4e910805f5685d70ba7,Sports
6989a4e910805f5685d70ba7,Microeconomics
6989a4e910805f5685d70ba8,Class Actions (civil Procedure)
6989a4e910805f5685d70ba8,Rational Emotive Behavior Therapy
6989a4e910805f5685d70ba9,Wizards-juvenile Fiction
6989a4e910805f5685d70ba9,Astrology
6989a4e910805f5685d70baa,Happiness
6989a4e910805f5685d70baa,Colorado
6989a4e910805f5685d70bab,Performing Arts
6989a4e910805f5685d70bac,Adventure Stories
6989a4e910805f5685d70bac,Fiction
6989a4e910805f5685d70bac,General
6989a4e910805f5685d70bad,Artists
6989a4e910805f5685d70bad,Home-based Businesses
6989a4e910805f5685d70bae,Body
6989a4e910805f5685d70bae,Mind
6989a4e910805f5685d70bae,Religion
6989a4e910805f5685d70baf,American Fiction
6989a4e910805f5685d70baf,Fiction
6989a4e910805f5685d70bb0,Cassidy
6989a4e910805f5685d70bb0,Arthritis
6989a4e910805f5685d70bb1,Aardvark
6989a4e910805f5685d70bb1,Alcoholics
6989a4e910805f5685d70bb2,General
6989a4e910805f5685d70bb3,Body
6989a4e910805f5685d70bb3,Mind
6989a4e910805f5685d70bb4,Fiction
6989a4e910805f5685d70bb4,Juvenile Fiction
6989a4e910805f5685d70bb4,General
6989a4e910805f5685d70bb5,Fiction
6989a4e910805f5685d70bb6,Police Reports
6989a4e910805f5685d70bb6,Abandoned Children
6989a4e910805f5685d70bb7,General
6989a4e910805f5685d70bb8,Online Dating
6989a4e910805f5685d70bb8,1961-1975
6989a4e910805f5685d70bb9,English Language - Words
6989a4e910805f5685d70bb9,Women And Religion
6989a4e910805f5685d70bba,Espaliers
6989a4e910805f5685d70bba,Crime And Criminals
6989a4e910805f5685d70bbb,Fiction
6989a4e910805f5685d70bbc,Fiction
6989a4e910805f5685d70bbd,Fiction
6989a4e910805f5685d70bbe,Digriz
6989a4e910805f5685d70bbe,1818-1848
6989a4e910805f5685d70bbf,Pilgrims (new Plymouth Colony)
6989a4e910805f5685d70bbf,Belgium
6989a4e910805f5685d70bc0,Citation Of Legal Authorities
6989a4e910805f5685d70bc0,Bed And Breakfast Accommodations
6989a4e910805f5685d70bc1,Group Reading
6989a4e910805f5685d70bc1,Citation Of Legal Authorities
6989a4e910805f5685d70bc2,Comics
6989a4e910805f5685d70bc3,United States
6989a4e910805f5685d70bc4,Fiction
6989a4e910805f5685d70bc4,Education
6989a4e910805f5685d70bc4,Singers
6989a4e910805f5685d70bc5,Key West (fla.)
6989a4e910805f5685d70bc5,Tiger
6989a4e910805f5685d70bc6,Propaganda
6989a4e910805f5685d70bc6,Card Games
6989a4e910805f5685d70bc7,General
6989a4e910805f5685d70bc7,Fiction
6989a4e910805f5685d70bc7,Education
6989a4e910805f5685d70bc8,Celtic
6989a4e910805f5685d70bc8,Self-help
6989a4e910805f5685d70bc9,Fiction
6989a4e910805f5685d70bca,Juvenile Fiction
6989a4e910805f5685d70bca,Europe
6989a4e910805f5685d70bca,Fiction
6989a4e910805f5685d70bcb,Fiction
6989a4e910805f5685d70bcb,Travel
6989a4e910805f5685d70bcc,Dragons
6989a4e910805f5685d70bcd,Adventure Stories
6989a4e910805f5685d70bcd,Cassidy
6989a4e910805f5685d70bce,General
6989a4e910805f5685d70bce,Fiction
6989a4e910805f5685d70bce,Biography
6989a4e910805f5685d70bcf,Fiction
6989a4e910805f5685d70bd0,Canadian Periodicals
6989a4e910805f5685d70bd0,American Literature
6989a4e910805f5685d70bd1,Religion
6989a4e910805f5685d70bd1,Electronic Books
6989a4e910805f5685d70bd2,Academic Writing
6989a4e910805f5685d70bd2,Devil
6989a4e910805f5685d70bd3,Child Psychology
6989a4e910805f5685d70bd3,Crimes Without Victims
6989a4e910805f5685d70bd4,Fiction
6989a4e910805f5685d70bd4,Biography
6989a4e910805f5685d70bd4,General
6989a4e910805f5685d70bd5,Fiction
6989a4e910805f5685d70bd6,General
6989a4e910805f5685d70bd7,French Drama
6989a4e910805f5685d70bd7,Astrology
6989a4e910805f5685d70bd8,Behavior Modification
6989a4e910805f5685d70bd8,Spider-man (fictitious Character)
6989a4e910805f5685d70bd9,N.y.)
6989a4e910805f5685d70bd9,Africans
6989a4e910805f5685d70bda,Communities
6989a4e910805f5685d70bda,Communism
6989a4e910805f5685d70bdb,Breast
6989a4e910805f5685d70bdb,Missionary Stories
6989a4e910805f5685d70bdc,Christian Life
6989a4e910805f5685d70bdc,Young Adult Fiction
6989a4e910805f5685d70bdd,Fiction
6989a4e910805f5685d70bdd,Comics
6989a4e910805f5685d70bdd,Schools
6989a4e910805f5685d70bde,Emotions
6989a4e910805f5685d70bde,Bean
6989a4e910805f5685d70bdf,Fiction
6989a4e910805f5685d70bdf,Juvenile Fiction
6989a4e910805f5685d70bdf,True Crime
6989a4e910805f5685d70be0,Fiction
6989a4e910805f5685d70be0,German Americans
6989a4e910805f5685d70be0,General
6989a4e910805f5685d70be1,Christian Biography
6989a4e910805f5685d70be1,Government Publications
6989a4e910805f5685d70be2,Condensed Books
6989a4e910805f5685d70be2,Areproductive Health
6989a4e910805f5685d70be3,Dhtml (document Markup Language)
6989a4e910805f5685d70be3,Juvenile Romance
6989a4e910805f5685d70be4,Fiction
6989a4e910805f5685d70be5,History
6989a4e910805f5685d70be6,Sports
6989a4e910805f5685d70be7,Diners (restaurants)
6989a4e910805f5685d70be7,Age Groups
6989a4e910805f5685d70be8,Comics
6989a4e910805f5685d70be8,Juvenile Fiction
6989a4e910805f5685d70be9,Juvenile Fiction
6989a4e910805f5685d70bea,Carbohydrates
6989a4e910805f5685d70bea,Imperialism
6989a4e910805f5685d70beb,Dogs
6989a4e910805f5685d70beb,School Districts
6989a4e910805f5685d70bec,True Crime
6989a4e910805f5685d70bed,History
6989a4e910805f5685d70bee,General
6989a4e910805f5685d70bef,Spanish
6989a4e910805f5685d70bef,Dakota Indians
6989a4e910805f5685d70bf0,Spanish Drama (comedy)
6989a4e910805f5685d70bf0,Dakota Indians
6989a4e910805f5685d70bf1,Biographical Fiction
6989a4e910805f5685d70bf1,China
6989a4e910805f5685d70bf2,Fiction
6989a4e910805f5685d70bf3,General
6989a4e910805f5685d70bf3,Fiction
6989a4e910805f5685d70bf4,Rug And Carpet Industry
6989a4e910805f5685d70bf4,Alleyn
6989a4e910805f5685d70bf5,Memory
6989a4e910805f5685d70bf5,Adventure
6989a4e910805f5685d70bf6,Mysticism
6989a4e910805f5685d70bf6,Jammu And Kashmir (india)
6989a4e910805f5685d70bf7,Danish
6989a4e910805f5685d70bf7,Alternative Histories (fiction)
6989a4e910805f5685d70bf8,Fantasy Fiction
6989a4e910805f5685d70bf8,Baseball
6989a4e910805f5685d70bf9,Celtic Church
6989a4e910805f5685d70bf9,Bedtime
6989a4e910805f5685d70bfa,Fiction
6989a4e910805f5685d70bfb,Diners (restaurants)
6989a4e910805f5685d70bfb,Erotic Stories
6989a4e910805f5685d70bfc,Erotic
6989a4e910805f5685d70bfc,Canadian Literature
6989a4e910805f5685d70bfd,Fiction
6989a4e910805f5685d70bfd,Biography
6989a4e910805f5685d70bfe,Popular Music
6989a4e910805f5685d70bfe,Insurgency
6989a4e910805f5685d70bff,History
6989a4e910805f5685d70bff,Juvenile Fiction
6989a4e910805f5685d70c00,Comics
6989a4e910805f5685d70c01,Businessmen
6989a4e910805f5685d70c01,Jewish Fiction
6989a4e910805f5685d70c02,General
6989a4e910805f5685d70c02,Juvenile Fiction
6989a4e910805f5685d70c02,Biography
6989a4e910805f5685d70c03,Diary Fiction
6989a4e910805f5685d70c03,Happiness
6989a4e910805f5685d70c04,Fiction
6989a4e910805f5685d70c05,Missing Persons
6989a4e910805f5685d70c05,Donahue (television Program)
6989a4e910805f5685d70c06,Religion
6989a4e910805f5685d70c07,Comics
6989a4e910805f5685d70c08,Medicine
6989a4e910805f5685d70c08,Fathers And Sons
6989a4e910805f5685d70c09,Caricatures And Cartoons
6989a4e910805f5685d70c09,Africa
6989a4e910805f5685d70c0a,American Periodicals
6989a4e910805f5685d70c0a,Rama (imaginary Space Vehicle)
6989a4e910805f5685d70c0b,Educartion-parents-participation--united States
6989a4e910805f5685d70c0b,Best Books
6989a4e910805f5685d70c0c,Drivers' Licenses
6989a4e910805f5685d70c0c,Cartooning
6989a4e910805f5685d70c0d,Fiction
6989a4e910805f5685d70c0d,Comics
6989a4e910805f5685d70c0e,Education
6989a4e910805f5685d70c0f,Brain
6989a4e910805f5685d70c0f,Young Adult Fiction
6989a4e910805f5685d70c10,Fiction
6989a4e910805f5685d70c11,Computers
6989a4e910805f5685d70c12,General
6989a4e910805f5685d70c12,Juvenile Nonfiction
6989a4e910805f5685d70c13,Biography
6989a4e910805f5685d70c14,Black Humor
6989a4e910805f5685d70c14,Geography
6989a4e910805f5685d70c15,Fiction
6989a4e910805f5685d70c15,General
6989a4e910805f5685d70c15,Literary Criticism
6989a4e910805f5685d70c16,Fiction
6989a4e910805f5685d70c17,Snakes
6989a4e910805f5685d70c17,Children Of Migrant Laborers
6989a4e910805f5685d70c18,Journalism
6989a4e910805f5685d70c18,Rome (italy)
6989a4e910805f5685d70c19,Historic Buildings
6989a4e910805f5685d70c19,Behavior
6989a4e910805f5685d70c1a,Dragons
6989a4e910805f5685d70c1a,Jane (fictitious Character)
6989a4e910805f5685d70c1b,Women
6989a4e910805f5685d70c1b,American Literature
6989a4e910805f5685d70c1c,Fiction
6989a4e910805f5685d70c1c,Family
6989a4e910805f5685d70c1d,Maternal.
6989a4e910805f5685d70c1d,Periodicals
6989a4e910805f5685d70c1e,Crops And Climate
6989a4e910805f5685d70c1e,Architects
6989a4e910805f5685d70c1f,Human Ecology
6989a4e910805f5685d70c1f,Canadian Literature
6989a4e910805f5685d70c20,Blizzards
6989a4e910805f5685d70c20,Country Musicians
6989a4e910805f5685d70c21,Religion
6989a4e910805f5685d70c21,Business
6989a4e910805f5685d70c22,Children's Stories
6989a4e910805f5685d70c22,Cloning
6989a4e910805f5685d70c23,Adoption
6989a4e910805f5685d70c23,High School Students
6989a4e910805f5685d70c24,Music
6989a4e910805f5685d70c24,Children's Poetry
6989a4e910805f5685d70c24,English.
6989a4e910805f5685d70c25,Fiction
6989a4e910805f5685d70c26,Fiction
6989a4e910805f5685d70c27,Juvenile Fiction
6989a4e910805f5685d70c27,Alligators
6989a4e910805f5685d70c27,Children's Stories
6989a4e910805f5685d70c28,Christian Life
6989a4e910805f5685d70c29,Humor
6989a4e910805f5685d70c2a,Fiction
6989a4e910805f5685d70c2b,Fiction
6989a4e910805f5685d70c2c,Appleby
6989a4e910805f5685d70c2c,John
6989a4e910805f5685d70c2c,Sir (fictitious Character)
6989a4e910805f5685d70c2d,1942
6989a4e910805f5685d70c2d,Engineers
6989a4e910805f5685d70c2e,Fiction
6989a4e910805f5685d70c2e,General
6989a4e910805f5685d70c2e,Identity (psychology)
6989a4e910805f5685d70c2f,Mysticism
6989a4e910805f5685d70c2f,Nuns
6989a4e910805f5685d70c30,Fiction
6989a4e910805f5685d70c30,General
6989a4e910805f5685d70c30,Humor
6989a4e910805f5685d70c31,Spanish Drama (comedy)
6989a4e910805f5685d70c31,Weight Lifting
6989a4e910805f5685d70c32,Juvenile Fiction
6989a4e910805f5685d70c32,History
6989a4e910805f5685d70c33,General
6989a4e910805f5685d70c33,Biography
6989a4e910805f5685d70c34,Love Stories
6989a4e910805f5685d70c35,Lesbians
6989a4e910805f5685d70c35,Horsemanship
6989a4e910805f5685d70c36,General
6989a4e910805f5685d70c37,Literary Criticism
6989a4e910805f5685d70c38,Adoptees
6989a4e910805f5685d70c38,Collective Memory
6989a4e910805f5685d70c39,Short Stories
6989a4e910805f5685d70c39,Berlin Wall
6989a4e910805f5685d70c3a,Fiction
6989a4e910805f5685d70c3b,Bridegrooms
6989a4e910805f5685d70c3b,Dwellings
6989a4e910805f5685d70c3c,Fiction
6989a4e910805f5685d70c3c,General
6989a4e910805f5685d70c3c,History
6989a4e910805f5685d70c3d,Psychology
6989a4e910805f5685d70c3d,Ship Registers
6989a4e910805f5685d70c3e,House
6989a4e910805f5685d70c3e,General
6989a4e910805f5685d70c3e,Science
6989a4e910805f5685d70c3f,Endangered Species
6989a4e910805f5685d70c3f,Hollywood (los Angeles
6989a4e910805f5685d70c40,Fiction
6989a4e910805f5685d70c41,Bands (music)
6989a4e910805f5685d70c41,New Market
6989a4e910805f5685d70c42,Homosexuality
6989a4e910805f5685d70c42,Finance
6989a4e910805f5685d70c43,Egypt
6989a4e910805f5685d70c43,Body
6989a4e910805f5685d70c44,Animal Heroes
6989a4e910805f5685d70c44,Caricatures And Cartoons
6989a4e910805f5685d70c45,Knights And Knighthood
6989a4e910805f5685d70c45,Subject Catalogs
6989a4e910805f5685d70c46,General
6989a4e910805f5685d70c46,Fiction
6989a4e910805f5685d70c46,Social Science
6989a4e910805f5685d70c47,Academic Achievement
6989a4e910805f5685d70c47,Wizards
6989a4e910805f5685d70c48,Owls
6989a4e910805f5685d70c48,Dog Attacks
6989a4e910805f5685d70c49,Classified
6989a4e910805f5685d70c49,Subject Catalogs
6989a4e910805f5685d70c4a,True Crime
6989a4e910805f5685d70c4a,Conversation Analysis
6989a4e910805f5685d70c4b,Art Thefts
6989a4e910805f5685d70c4b,Fantastic Fiction.
6989a4e910805f5685d70c4c,French Literature
6989a4e910805f5685d70c4c,Cuba
6989a4e910805f5685d70c4d,Education
6989a4e910805f5685d70c4e,Poetry
6989a4e910805f5685d70c4e,General
6989a4e910805f5685d70c4f,Bibliography
6989a4e910805f5685d70c4f,1865
6989a4e910805f5685d70c50,Fiction
6989a4e910805f5685d70c51,Fiction
6989a4e910805f5685d70c51,Humor
6989a4e910805f5685d70c51,General
6989a4e910805f5685d70c52,Fiction
6989a4e910805f5685d70c52,General
6989a4e910805f5685d70c53,Body
6989a4e910805f5685d70c53,Mind
6989a4e910805f5685d70c54,Missing Persons
6989a4e910805f5685d70c54,Personal
6989a4e910805f5685d70c55,Aged Men
6989a4e910805f5685d70c55,Northern Exposure (television Program)
6989a4e910805f5685d70c56,Fiction
6989a4e910805f5685d70c56,Arthurian Romances
6989a4e910805f5685d70c56,General
6989a4e910805f5685d70c57,Audiobooks
6989a4e910805f5685d70c57,Fiction
6989a4e910805f5685d70c58,Fiction
6989a4e910805f5685d70c59,Control (psychology)
6989a4e910805f5685d70c59,Adventure
6989a4e910805f5685d70c5a,Bars (drinking Establishments)
6989a4e910805f5685d70c5a,Questions And Answers
6989a4e910805f5685d70c5b,Biography
6989a4e910805f5685d70c5c,Prehistoric Peoples
6989a4e910805f5685d70c5c,Young Adult Nonfiction
6989a4e910805f5685d70c5d,Fourth Dimension
6989a4e910805f5685d70c5d,Intelligence Service
6989a4e910805f5685d70c5e,Fiction
6989a4e910805f5685d70c5e,General
6989a4e910805f5685d70c5e,Juvenile Fiction
6989a4e910805f5685d70c5f,English Literature
6989a4e910805f5685d70c5f,London (england)
6989a4e910805f5685d70c60,Low-carbohydrate Diet
6989a4e910805f5685d70c60,1800-1815
6989a4e910805f5685d70c61,Clergy
6989a4e910805f5685d70c61,Audio-visual Education
6989a4e910805f5685d70c62,Eastern Question (far East)
6989a4e910805f5685d70c62,Frankenstein Films
6989a4e910805f5685d70c63,Fiction
6989a4e910805f5685d70c63,General
6989a4e910805f5685d70c63,Body
6989a4e910805f5685d70c64,Lisbon (portugal)
6989a4e910805f5685d70c64,Cooking
6989a4e910805f5685d70c65,Fiction
6989a4e910805f5685d70c66,Buffy The Vampire Slayer (fictitious Character)
6989a4e910805f5685d70c66,Sex Instruction For Men
6989a4e910805f5685d70c67,Religion
6989a4e910805f5685d70c67,Brother (fictitious Character)
6989a4e910805f5685d70c68,Fiction
6989a4e910805f5685d70c69,Central
6989a4e910805f5685d70c69,Rock Music
6989a4e910805f5685d70c6a,Karate
6989a4e910805f5685d70c6a,Finance
6989a4e910805f5685d70c6b,Children's Literature.
6989a4e910805f5685d70c6b,Dragons In Literature
6989a4e910805f5685d70c6c,Taiwan
6989a4e910805f5685d70c6c,Reading Comprehension
6989a4e910805f5685d70c6d,Fiction
6989a4e910805f5685d70c6d,General
6989a4e910805f5685d70c6d,Religion
6989a4e910805f5685d70c6e,English Drama
6989a4e910805f5685d70c6e,Italian
6989a4e910805f5685d70c6f,Fiction
6989a4e910805f5685d70c70,Fiction
6989a4e910805f5685d70c70,Juvenile Fiction
6989a4e910805f5685d70c70,General
6989a4e910805f5685d70c71,Fiction
6989a4e910805f5685d70c72,Russian Poetry
6989a4e910805f5685d70c72,Christmas
6989a4e910805f5685d70c73,Children Of Migrant Laborers
6989a4e910805f5685d70c73,American Drama
6989a4e910805f5685d70c74,Fiction
6989a4e910805f5685d70c74,General
6989a4e910805f5685d70c74,History
6989a4e910805f5685d70c75,Drama
6989a4e910805f5685d70c76,Readers (elementary)
6989a4e910805f5685d70c76,Juvenile Nonfiction
6989a4e910805f5685d70c77,Cologne (germany)
6989a4e910805f5685d70c77,Statesmen
6989a4e910805f5685d70c78,Adjustment Disorders
6989a4e910805f5685d70c78,Large Type Books
6989a4e910805f5685d70c79,History
6989a4e910805f5685d70c79,Biography
6989a4e910805f5685d70c7a,Poetry
6989a4e910805f5685d70c7a,General
6989a4e910805f5685d70c7b,Books And Reading
6989a4e910805f5685d70c7b,French
6989a4e910805f5685d70c7c,General
6989a4e910805f5685d70c7d,Diana (roman Deity)
6989a4e910805f5685d70c7d,Antarctica
6989a4e910805f5685d70c7e,Hollywood (los Angeles
6989a4e910805f5685d70c7e,Sculpture
6989a4e910805f5685d70c7f,Body
6989a4e910805f5685d70c7f,Mind
6989a4e910805f5685d70c80,Dwellings
6989a4e910805f5685d70c80,Abandoned Children
6989a4e910805f5685d70c81,Fiction
6989a4e910805f5685d70c82,Psychology
6989a4e910805f5685d70c82,Self-help
6989a4e910805f5685d70c83,Communities
6989a4e910805f5685d70c83,Romances
6989a4e910805f5685d70c84,Business
6989a4e910805f5685d70c85,Fiction
6989a4e910805f5685d70c85,Young Adult Fiction
6989a4e910805f5685d70c85,Bronté́
6989a4e910805f5685d70c86,Child Prostitution
6989a4e910805f5685d70c86,Spanish
6989a4e910805f5685d70c87,Fiction
6989a4e910805f5685d70c88,Fiction
6989a4e910805f5685d70c88,General
6989a4e910805f5685d70c88,Pets
6989a4e910805f5685d70c89,Fiction
6989a4e910805f5685d70c89,Scotland
6989a4e910805f5685d70c89,General
6989a4e910805f5685d70c8a,Juvenile Fiction
6989a4e910805f5685d70c8b,Fiction
6989a4e910805f5685d70c8b,Children's Stories
6989a4e910805f5685d70c8b,New Zealand
6989a4e910805f5685d70c8c,Religion
6989a4e910805f5685d70c8d,Religion
6989a4e910805f5685d70c8e,Performing Arts
6989a4e910805f5685d70c8e,English Imprints
6989a4e910805f5685d70c8f,Drama
6989a4e910805f5685d70c90,Impressionism (art)
6989a4e910805f5685d70c90,Central
6989a4e910805f5685d70c91,Comics
6989a4e910805f5685d70c92,Fuentes De Oñoro
6989a4e910805f5685d70c92,Narnia (imaginary Place)
6989a4e910805f5685d70c93,Curiosities And Wonders
6989a4e910805f5685d70c93,Excavations (archaeology)
6989a4e910805f5685d70c94,1846-1848
6989a4e910805f5685d70c94,History
6989a4e910805f5685d70c95,Edinburgh (scotland)
6989a4e910805f5685d70c95,Technical Assistance
6989a4e910805f5685d70c96,Fiction
6989a4e910805f5685d70c97,Libraries
6989a4e910805f5685d70c97,Blood Substitutes
6989a4e910805f5685d70c98,Biography
6989a4e910805f5685d70c98,September 11 Terrorist Attacks
6989a4e910805f5685d70c99,Condensed Books
6989a4e910805f5685d70c99,Zen Buddhism
6989a4e910805f5685d70c9a,Anglican Converts
6989a4e910805f5685d70c9a,Behavior Modification
6989a4e910805f5685d70c9b,History
6989a4e910805f5685d70c9c,Fiction
6989a4e910805f5685d70c9d,Private Investigation
6989a4e910805f5685d70c9d,Adolescence
6989a4e910805f5685d70c9e,Academic Achievement
6989a4e910805f5685d70c9e,Crossword Puzzles
6989a4e910805f5685d70c9f,Fiction
6989a4e910805f5685d70ca0,Androids
6989a4e910805f5685d70ca0,Bellehaven (wash. : Imaginary Place)
6989a4e910805f5685d70ca1,Territorial Waters
6989a4e910805f5685d70ca1,Hatha Yoga
6989a4e910805f5685d70ca2,Science
6989a4e910805f5685d70ca3,Fiction
6989a4e910805f5685d70ca4,Dog Attacks
6989a4e910805f5685d70ca4,California
6989a4e910805f5685d70ca5,General
6989a4e910805f5685d70ca6,Romantic Suspense Fiction
6989a4e910805f5685d70ca6,Sales Personnel
6989a4e910805f5685d70ca7,Juvenile Fiction
6989a4e910805f5685d70ca8,Mack (fictitious Character)
6989a4e910805f5685d70ca8,Cerebral Palsy
6989a4e910805f5685d70ca9,Fiction
6989a4e910805f5685d70ca9,Diplomatic And Consular Service
6989a4e910805f5685d70caa,Foreign Language Study
6989a4e910805f5685d70cab,General
6989a4e910805f5685d70cab,Science
6989a4e910805f5685d70cab,Fiction
6989a4e910805f5685d70cac,Alphabet
6989a4e910805f5685d70cac,Boston (mass.)
6989a4e910805f5685d70cad,General
6989a4e910805f5685d70cad,Fiction
6989a4e910805f5685d70cad,Biography
6989a4e910805f5685d70cae,Richard (fictitious Character)
6989a4e910805f5685d70cae,Lutheran Church
6989a4e910805f5685d70caf,Landscapes
6989a4e910805f5685d70caf,Marine Biology
6989a4e910805f5685d70cb0,Fiction
6989a4e910805f5685d70cb0,Education
6989a4e910805f5685d70cb1,Businessmen
6989a4e910805f5685d70cb1,Animal Welfare
6989a4e910805f5685d70cb2,Literary Criticism
6989a4e910805f5685d70cb3,Horn Carving
6989a4e910805f5685d70cb3,Home-based Businesses
6989a4e910805f5685d70cb4,Africa
6989a4e910805f5685d70cb4,Carbohydrates
6989a4e910805f5685d70cb5,Fiction
6989a4e910805f5685d70cb5,History
6989a4e910805f5685d70cb6,General
6989a4e910805f5685d70cb7,Client-centered Psychotherapy
6989a4e910805f5685d70cb7,Corrections
6989a4e910805f5685d70cb8,Presidents
6989a4e910805f5685d70cb8,Belden
6989a4e910805f5685d70cb9,Public Health
6989a4e910805f5685d70cb9,Battle Of
6989a4e910805f5685d70cba,Renaissance
6989a4e910805f5685d70cba,Authorship
6989a4e910805f5685d70cbb,Chile
6989a4e910805f5685d70cbb,Dawson's Creek (television Program)
6989a4e910805f5685d70cbc,History
6989a4e910805f5685d70cbd,China
6989a4e910805f5685d70cbd,Handbooks
6989a4e910805f5685d70cbe,Factories
6989a4e910805f5685d70cbe,Humorous Stories
6989a4e910805f5685d70cbf,Botany
6989a4e910805f5685d70cbf,Humor
6989a4e910805f5685d70cc0,Business
6989a4e910805f5685d70cc0,Religion
6989a4e910805f5685d70cc0,General
6989a4e910805f5685d70cc1,Juvenile Fiction
6989a4e910805f5685d70cc1,Socialism
6989a4e910805f5685d70cc1,Biography
6989a4e910805f5685d70cc2,General
6989a4e910805f5685d70cc2,Fiction
6989a4e910805f5685d70cc2,History
6989a4e910805f5685d70cc3,General
6989a4e910805f5685d70cc4,Fiction
6989a4e910805f5685d70cc4,General
6989a4e910805f5685d70cc4,Travel
6989a4e910805f5685d70cc5,Confucianism
6989a4e910805f5685d70cc5,Hopalong (fictitious Character)
6989a4e910805f5685d70cc6,Lisbon (portugal)
6989a4e910805f5685d70cc6,Ghosts
6989a4e910805f5685d70cc7,Drama
6989a4e910805f5685d70cc8,Fiction
6989a4e910805f5685d70cc9,General
6989a4e910805f5685d70cca,Sex Instruction For Women
6989a4e910805f5685d70cca,Hypnotism
6989a4e910805f5685d70ccb,Badgers
6989a4e910805f5685d70ccb,Law
6989a4e910805f5685d70ccc,Juvenile Nonfiction
6989a4e910805f5685d70ccd,Child Prostitution
6989a4e910805f5685d70ccd,Russian Poetry
6989a4e910805f5685d70cce,Businessmen
6989a4e910805f5685d70cce,Diabetes
6989a4e910805f5685d70ccf,Fiction
6989a4e910805f5685d70ccf,Africa
6989a4e910805f5685d70cd0,Germany
6989a4e910805f5685d70cd0,Radio Broadcasting
6989a4e910805f5685d70cd1,Fiction
6989a4e910805f5685d70cd1,General
6989a4e910805f5685d70cd2,Fiction
6989a4e910805f5685d70cd2,History
6989a4e910805f5685d70cd3,Ambassadors
6989a4e910805f5685d70cd3,Bosch
6989a4e910805f5685d70cd4,Musical Fiction
6989a4e910805f5685d70cd4,Lathes
6989a4e910805f5685d70cd5,Adjustment Disorders
6989a4e910805f5685d70cd5,Motherhood
6989a4e910805f5685d70cd6,Criminal Defense Lawyers
6989a4e910805f5685d70cd6,Language Experience Approach In Education
6989a4e910805f5685d70cd7,Boston (mass.)
6989a4e910805f5685d70cd7,Angels
6989a4e910805f5685d70cd8,Bicycles
6989a4e910805f5685d70cd8,Church And State
6989a4e910805f5685d70cd9,Patents
6989a4e910805f5685d70cd9,Painting
6989a4e910805f5685d70cda,Advertising
6989a4e910805f5685d70cda,Southern
6989a4e910805f5685d70cdb,Child Psychology
6989a4e910805f5685d70cdb,African American Families
6989a4e910805f5685d70cdc,Fiction
6989a4e910805f5685d70cdc,Photography
6989a4e910805f5685d70cdd,Education
6989a4e910805f5685d70cdd,General
6989a4e910805f5685d70cdd,Health
6989a4e910805f5685d70cde,Blood Substitutes
6989a4e910805f5685d70cde,Beauty Contests
6989a4e910805f5685d70cdf,Religion
6989a4e910805f5685d70ce0,Card Games
6989a4e910805f5685d70ce0,North Carolina
6989a4e910805f5685d70ce1,Ship Registers
6989a4e910805f5685d70ce1,Fishes
6989a4e910805f5685d70ce2,Short Stories
6989a4e910805f5685d70ce2,Talking Books
6989a4e910805f5685d70ce3,Fiction
6989a4e910805f5685d70ce4,General
6989a4e910805f5685d70ce4,Fiction
6989a4e910805f5685d70ce5,Adultery
6989a4e910805f5685d70ce6,Drivers' Licenses
6989a4e910805f5685d70ce6,2001
6989a4e910805f5685d70ce7,Costume
6989a4e910805f5685d70ce7,Dhtml (document Markup Language)
6989a4e910805f5685d70ce8,Japan
6989a4e910805f5685d70ce8,Artistic
6989a4e910805f5685d70ce9,General
6989a4e910805f5685d70cea,Fiction
6989a4e910805f5685d70ceb,Calder Family (fictitious Characters)
6989a4e910805f5685d70ceb,Administration Of Estates
6989a4e910805f5685d70cec,Comic Books
6989a4e910805f5685d70cec,Strips
6989a4e910805f5685d70cec,Etc
6989a4e910805f5685d70ced,Dream Interpretation
6989a4e910805f5685d70ced,Drug Abuse And Crime
6989a4e910805f5685d70cee,Browne
6989a4e910805f5685d70cee,Archetype (psychology)
6989a4e910805f5685d70cef,Fiction
6989a4e910805f5685d70cf0,Acrobats
6989a4e910805f5685d70cf0,Gaia (fictitious Character)
6989a4e910805f5685d70cf1,Abused Children
6989a4e910805f5685d70cf1,Bomber Pilots
6989a4e910805f5685d70cf2,Iwo Jima
6989a4e910805f5685d70cf2,Indians Of North America
6989a4e910805f5685d70cf3,Hindu Sects
6989a4e910805f5685d70cf3,Horticulture
6989a4e910805f5685d70cf4,High Interest-low Vocabulary Books
6989a4e910805f5685d70cf4,Raccoon
6989a4e910805f5685d70cf5,Artist Couples
6989a4e910805f5685d70cf5,Mack (fictitious Character)
6989a4e910805f5685d70cf6,Copyright
6989a4e910805f5685d70cf6,England
6989a4e910805f5685d70cf6,Fiction
6989a4e910805f5685d70cf7,Psychological Fiction
6989a4e910805f5685d70cf7,Antiques
6989a4e910805f5685d70cf8,Lesbians
6989a4e910805f5685d70cf8,Hatha Yoga
6989a4e910805f5685d70cf9,Juvenile Fiction
6989a4e910805f5685d70cf9,Poetry
6989a4e910805f5685d70cf9,Family
6989a4e910805f5685d70cfa,Fiction
6989a4e910805f5685d70cfa,Humor
6989a4e910805f5685d70cfa,General
6989a4e910805f5685d70cfb,General
6989a4e910805f5685d70cfb,Science
6989a4e910805f5685d70cfc,Comics
6989a4e910805f5685d70cfc,Juvenile Fiction
6989a4e910805f5685d70cfc,Trials (murder)
6989a4e910805f5685d70cfd,Biography
6989a4e910805f5685d70cfe,Areproductive Health
6989a4e910805f5685d70cff,Fiction
6989a4e910805f5685d70cff,Brain
6989a4e910805f5685d70d00,Health
6989a4e910805f5685d70d00,Juvenile Nonfiction
6989a4e910805f5685d70d00,General
6989a4e910805f5685d70d01,Cape Cod (mass.)
6989a4e910805f5685d70d01,Historic Buildings
6989a4e910805f5685d70d02,Biography
6989a4e910805f5685d70d02,General
6989a4e910805f5685d70d03,General
6989a4e910805f5685d70d03,Fiction
6989a4e910805f5685d70d04,History
6989a4e910805f5685d70d05,Biography
6989a4e910805f5685d70d05,General
6989a4e910805f5685d70d06,Bones (musical Instrument)
6989a4e910805f5685d70d06,Insurgency
6989a4e910805f5685d70d07,1818-1848
6989a4e910805f5685d70d07,Executive Departments
6989a4e910805f5685d70d08,American Fiction
6989a4e910805f5685d70d08,Fiction
6989a4e910805f5685d70d09,Baseball Stories
6989a4e910805f5685d70d09,Arthurian Romances
6989a4e910805f5685d70d0a,General
6989a4e910805f5685d70d0a,Fiction
6989a4e910805f5685d70d0a,Biography
6989a4e910805f5685d70d0b,Fiction
6989a4e910805f5685d70d0b,Science
6989a4e910805f5685d70d0b,General
6989a4e910805f5685d70d0c,Fiction
6989a4e910805f5685d70d0d,Fiction
6989a4e910805f5685d70d0e,Fiction
6989a4e910805f5685d70d0e,General
6989a4e910805f5685d70d0f,Aunts
6989a4e910805f5685d70d0f,Pilgrims (new Plymouth Colony)
6989a4e910805f5685d70d10,Fiction
6989a4e910805f5685d70d10,Drama
6989a4e910805f5685d70d11,General
6989a4e910805f5685d70d12,History
6989a4e910805f5685d70d12,Juvenile Nonfiction
6989a4e910805f5685d70d12,Carbohydrates
6989a4e910805f5685d70d13,Female Orgasm
6989a4e910805f5685d70d13,Roderick (fictitious Character)
6989a4e910805f5685d70d14,Celts
6989a4e910805f5685d70d14,Enlightenment
6989a4e910805f5685d70d15,Detectives
6989a4e910805f5685d70d15,Death
6989a4e910805f5685d70d16,Book Of The Dead
6989a4e910805f5685d70d16,Wales
6989a4e910805f5685d70d17,Fiction
6989a4e910805f5685d70d17,Poetry
6989a4e910805f5685d70d18,General
6989a4e910805f5685d70d19,Sonnets
6989a4e910805f5685d70d19,Colombian
6989a4e910805f5685d70d1a,High Schools
6989a4e910805f5685d70d1a,Bullying
6989a4e910805f5685d70d1b,Fiction
6989a4e910805f5685d70d1c,Emigration And Immigration
6989a4e910805f5685d70d1c,Arizona
6989a4e910805f5685d70d1d,Alhambra (granada
6989a4e910805f5685d70d1d,Spain)
6989a4e910805f5685d70d1e,Autism
6989a4e910805f5685d70d1e,Accidents
6989a4e910805f5685d70d1f,Fiction
6989a4e910805f5685d70d1f,Humor
6989a4e910805f5685d70d1f,Reference
6989a4e910805f5685d70d20,Science
6989a4e910805f5685d70d20,General
6989a4e910805f5685d70d20,Fiction
6989a4e910805f5685d70d21,Fiction
6989a4e910805f5685d70d21,History
6989a4e910805f5685d70d21,Juvenile Fiction
6989a4e910805f5685d70d22,Juvenile Fiction
6989a4e910805f5685d70d23,Fiction
6989a4e910805f5685d70d23,Adultery
6989a4e910805f5685d70d23,Literary Criticism
6989a4e910805f5685d70d24,Act Assessment
6989a4e910805f5685d70d24,Dream Interpretation
6989a4e910805f5685d70d25,Fiction
6989a4e910805f5685d70d25,Literary Criticism
6989a4e910805f5685d70d25,General
6989a4e910805f5685d70d26,History
6989a4e910805f5685d70d27,Fiction
6989a4e910805f5685d70d27,Juvenile Fiction
6989a4e910805f5685d70d27,Young Adult Fiction
6989a4e910805f5685d70d28,Drowning
6989a4e910805f5685d70d29,Fiction
6989a4e910805f5685d70d2a,Caulfield
6989a4e910805f5685d70d2a,Depression
6989a4e910805f5685d70d2b,Sculpture
6989a4e910805f5685d70d2b,Marriage Proposals
6989a4e910805f5685d70d2c,Fiction
6989a4e910805f5685d70d2c,General
6989a4e910805f5685d70d2c,Biography
6989a4e910805f5685d70d2d,Adoption
6989a4e910805f5685d70d2d,Child Sexual Abuse
6989a4e910805f5685d70d2e,Astrology.
6989a4e910805f5685d70d2e,1818-1848
6989a4e910805f5685d70d2f,Assisted Suicide
6989a4e910805f5685d70d2f,German Literature
6989a4e910805f5685d70d30,American Drama
6989a4e910805f5685d70d30,Emotions
6989a4e910805f5685d70d31,Fiction
6989a4e910805f5685d70d31,Nature
6989a4e910805f5685d70d31,General
6989a4e910805f5685d70d32,History
6989a4e910805f5685d70d33,Motion Picture Plays
6989a4e910805f5685d70d33,Christian Women
6989a4e910805f5685d70d34,Indonesia
6989a4e910805f5685d70d34,Discernment Of Spirits
6989a4e910805f5685d70d35,Czech Fiction
6989a4e910805f5685d70d35,Gay Erotic Photography
6989a4e910805f5685d70d36,Northern Exposure (television Program)
6989a4e910805f5685d70d36,English Literature
6989a4e910805f5685d70d37,General
6989a4e910805f5685d70d37,Fiction
6989a4e910805f5685d70d37,Body
6989a4e910805f5685d70d38,Law
6989a4e910805f5685d70d38,Diplomatic And Consular Service
6989a4e910805f5685d70d39,Jewelers
6989a4e910805f5685d70d39,Kentucky
6989a4e910805f5685d70d3a,Fiction
6989a4e910805f5685d70d3a,High Interest-low Vocabulary Books
6989a4e910805f5685d70d3b,Permaculture
6989a4e910805f5685d70d3b,Authorship
6989a4e910805f5685d70d3c,Fiction
6989a4e910805f5685d70d3c,General
6989a4e910805f5685d70d3d,Drama
6989a4e910805f5685d70d3e,General
6989a4e910805f5685d70d3f,Fiction
6989a4e910805f5685d70d3f,General
6989a4e910805f5685d70d3f,Political Science
6989a4e910805f5685d70d40,Fiction
6989a4e910805f5685d70d41,Fiction
6989a4e910805f5685d70d42,Business
6989a4e910805f5685d70d43,Fiction
6989a4e910805f5685d70d44,Fiction
6989a4e910805f5685d70d44,Religion
6989a4e910805f5685d70d44,General
6989a4e910805f5685d70d45,Fiction
6989a4e910805f5685d70d46,Baby Roo (fictitious Character)
6989a4e910805f5685d70d46,Communism
6989a4e910805f5685d70d47,Poetry
6989a4e910805f5685d70d47,General
6989a4e910805f5685d70d48,Canadian Literature
6989a4e910805f5685d70d48,Human Ecology
6989a4e910805f5685d70d49,Socialism
6989a4e910805f5685d70d49,Light
6989a4e910805f5685d70d4a,Austria
6989a4e910805f5685d70d4a,Dog Adoption
6989a4e910805f5685d70d4b,Japanese Fiction
6989a4e910805f5685d70d4b,Families
6989a4e910805f5685d70d4c,Nature
6989a4e910805f5685d70d4d,American Literature
6989a4e910805f5685d70d4d,General
6989a4e910805f5685d70d4e,Congresses And Conventions
6989a4e910805f5685d70d4e,Abused Children
6989a4e910805f5685d70d4f,Dave (fictitious Character)
6989a4e910805f5685d70d4f,Nineteen Twenties
6989a4e910805f5685d70d50,African American Women Artists
6989a4e910805f5685d70d50,Flags
6989a4e910805f5685d70d51,Editions
6989a4e910805f5685d70d51,Female
6989a4e910805f5685d70d52,Juvenile Fiction
6989a4e910805f5685d70d53,Fiction
6989a4e910805f5685d70d54,Juvenile Fiction
6989a4e910805f5685d70d55,Knitting
6989a4e910805f5685d70d55,New York (n.y.)
6989a4e910805f5685d70d56,Fathers And Sons
6989a4e910805f5685d70d56,Female Friendship
6989a4e910805f5685d70d57,Guvernören (tanker)
6989a4e910805f5685d70d57,Cerebral Palsied Children
6989a4e910805f5685d70d58,General
6989a4e910805f5685d70d58,Fiction
6989a4e910805f5685d70d58,Juvenile Fiction
6989a4e910805f5685d70d59,Church And The World
6989a4e910805f5685d70d59,Insurgency
6989a4e910805f5685d70d5a,General
6989a4e910805f5685d70d5b,Hatha Yoga
6989a4e910805f5685d70d5b,Housing
6989a4e910805f5685d70d5c,Manners And Customs
6989a4e910805f5685d70d5c,Artists
6989a4e910805f5685d70d5d,Fiction
6989a4e910805f5685d70d5d,Juvenile Fiction
6989a4e910805f5685d70d5d,Biography
6989a4e910805f5685d70d5e,Consciousness
6989a4e910805f5685d70d5e,Christian Pilgrims And Pilgrimages
6989a4e910805f5685d70d5f,Science
6989a4e910805f5685d70d60,Characters And Characteristics In Literature
6989a4e910805f5685d70d60,Kidnapping
6989a4e910805f5685d70d61,Body
6989a4e910805f5685d70d61,Mind
6989a4e910805f5685d70d62,Authorship
6989a4e910805f5685d70d62,Alcoholics
6989a4e910805f5685d70d63,Rourke
6989a4e910805f5685d70d63,Friendship
6989a4e910805f5685d70d64,History
6989a4e910805f5685d70d64,Fiction
6989a4e910805f5685d70d65,Fiction
6989a4e910805f5685d70d65,Juvenile Fiction
6989a4e910805f5685d70d66,Fiction
6989a4e910805f5685d70d66,History
6989a4e910805f5685d70d67,Fiction
6989a4e910805f5685d70d67,General
6989a4e910805f5685d70d67,Biography
6989a4e910805f5685d70d68,Texas
6989a4e910805f5685d70d68,Baking
6989a4e910805f5685d70d69,Personnel Management
6989a4e910805f5685d70d69,Children's Stories
6989a4e910805f5685d70d6a,Reincarnation
6989a4e910805f5685d70d6a,Roderick (fictitious Character)
6989a4e910805f5685d70d6b,Soft Toy Making.
6989a4e910805f5685d70d6b,Piano Music
6989a4e910805f5685d70d6c,Fiction
6989a4e910805f5685d70d6d,History
6989a4e910805f5685d70d6e,Continental Drift
6989a4e910805f5685d70d6e,Dakota Territory
6989a4e910805f5685d70d6f,Fansler
6989a4e910805f5685d70d6f,Love Stories
6989a4e910805f5685d70d70,Government
6989a4e910805f5685d70d70,Continental Drift
6989a4e910805f5685d70d71,Design
6989a4e910805f5685d70d71,Discernment Of Spirits
6989a4e910805f5685d70d72,Fiction
6989a4e910805f5685d70d72,General
6989a4e910805f5685d70d73,Classical Literature
6989a4e910805f5685d70d73,Iwo Jima
6989a4e910805f5685d70d74,Fiction
6989a4e910805f5685d70d74,Biography
6989a4e910805f5685d70d74,General
6989a4e910805f5685d70d75,Reference
6989a4e910805f5685d70d76,General
6989a4e910805f5685d70d76,Superintendent (fictitious Character)
6989a4e910805f5685d70d77,Gaia (fictitious Character)
6989a4e910805f5685d70d77,Algebra
6989a4e910805f5685d70d78,Communities
6989a4e910805f5685d70d78,Juvenile Nonfiction
6989a4e910805f5685d70d79,Chile
6989a4e910805f5685d70d79,Low-carbohydrate Diet
6989a4e910805f5685d70d7a,General
6989a4e910805f5685d70d7a,Fiction
6989a4e910805f5685d70d7b,Fansler
6989a4e910805f5685d70d7b,Star Trek Films
6989a4e910805f5685d70d7c,Mexican War
6989a4e910805f5685d70d7c,Sex Instruction For Women
6989a4e910805f5685d70d7d,Business
6989a4e910805f5685d70d7d,History
6989a4e910805f5685d70d7d,General
6989a4e910805f5685d70d7e,Adultery
6989a4e910805f5685d70d7f,Juvenile Fiction
6989a4e910805f5685d70d80,Civilization
6989a4e910805f5685d70d80,Medieval
6989a4e910805f5685d70d81,History
6989a4e910805f5685d70d82,Fiction
6989a4e910805f5685d70d83,General
6989a4e910805f5685d70d84,Juvenile Fiction
6989a4e910805f5685d70d85,General
6989a4e910805f5685d70d85,Poetry
6989a4e910805f5685d70d85,Biography
6989a4e910805f5685d70d86,General
6989a4e910805f5685d70d86,Horror Tales
6989a4e910805f5685d70d87,Festivals
6989a4e910805f5685d70d87,Singers
6989a4e910805f5685d70d88,Oregon
6989a4e910805f5685d70d88,Belgians
6989a4e910805f5685d70d89,Escapes
6989a4e910805f5685d70d89,Heavy Metal (music)
6989a4e910805f5685d70d8a,Psychoanalysis
6989a4e910805f5685d70d8a,Mysticism
6989a4e910805f5685d70d8b,1939-1945
6989a4e910805f5685d70d8b,Classical Literature
6989a4e910805f5685d70d8c,Soldiers
6989a4e910805f5685d70d8c,Burma
6989a4e910805f5685d70d8d,Juvenile Fiction
6989a4e910805f5685d70d8d,General
6989a4e910805f5685d70d8e,Music
6989a4e910805f5685d70d8f,Families
6989a4e910805f5685d70d8f,Commercial Statistics
6989a4e910805f5685d70d90,History
6989a4e910805f5685d70d91,Fiction
6989a4e910805f5685d70d91,General
6989a4e910805f5685d70d91,Juvenile Fiction
6989a4e910805f5685d70d92,Social Science
6989a4e910805f5685d70d93,Comics
6989a4e910805f5685d70d94,Fiction
6989a4e910805f5685d70d94,Social Science
6989a4e910805f5685d70d94,History
6989a4e910805f5685d70d95,Fiction
6989a4e910805f5685d70d95,American Fiction
6989a4e910805f5685d70d96,Humor
6989a4e910805f5685d70d97,Ants
6989a4e910805f5685d70d97,Medical
6989a4e910805f5685d70d98,Adolescence
6989a4e910805f5685d70d98,Malone
6989a4e910805f5685d70d99,Photography
6989a4e910805f5685d70d9a,Assisted Suicide
6989a4e910805f5685d70d9a,Italian
6989a4e910805f5685d70d9b,Calculus
6989a4e910805f5685d70d9b,Buddhism
6989a4e910805f5685d70d9c,Fiction
6989a4e910805f5685d70d9d,Fiction
6989a4e910805f5685d70d9e,Biography
6989a4e910805f5685d70d9f,Commercial Crimes
6989a4e910805f5685d70d9f,Cookery
6989a4e910805f5685d70da0,Literary Criticism
6989a4e910805f5685d70da1,History
6989a4e910805f5685d70da2,1846-1848
6989a4e910805f5685d70da2,Christian Life
6989a4e910805f5685d70da3,Fiction
6989a4e910805f5685d70da3,General
6989a4e910805f5685d70da4,Juvenile Fiction
6989a4e910805f5685d70da4,General
6989a4e910805f5685d70da4,Fiction
6989a4e910805f5685d70da5,Fiction
6989a4e910805f5685d70da5,General
6989a4e910805f5685d70da5,Juvenile Fiction
6989a4e910805f5685d70da6,Fiction
6989a4e910805f5685d70da6,General
6989a4e910805f5685d70da6,Young Adult Fiction
6989a4e910805f5685d70da7,General
6989a4e910805f5685d70da8,Selling
6989a4e910805f5685d70da8,Communication In Organizations
6989a4e910805f5685d70da9,Fiction
6989a4e910805f5685d70daa,Apache Indians
6989a4e910805f5685d70daa,Rug And Carpet Industry
6989a4e910805f5685d70dab,History
6989a4e910805f5685d70dac,Plants
6989a4e910805f5685d70dac,Justice In Art
6989a4e910805f5685d70dad,Fiction
6989a4e910805f5685d70dad,General
6989a4e910805f5685d70dad,Literary Collections
6989a4e910805f5685d70dae,Comics
6989a4e910805f5685d70daf,Fiction
6989a4e910805f5685d70db0,Fiction
6989a4e910805f5685d70db0,General
6989a4e910805f5685d70db0,English Language
6989a4e910805f5685d70db1,Fiction
6989a4e910805f5685d70db1,Religion
6989a4e910805f5685d70db1,Juvenile Nonfiction
6989a4e910805f5685d70db2,Fiction
6989a4e910805f5685d70db2,Colombia
6989a4e910805f5685d70db2,Biography
6989a4e910805f5685d70db3,Juvenile Fiction
6989a4e910805f5685d70db3,Dragons
6989a4e910805f5685d70db4,General
6989a4e910805f5685d70db5,Drawing
6989a4e910805f5685d70db5,Popular Literature
6989a4e910805f5685d70db6,History
6989a4e910805f5685d70db7,Indians
6989a4e910805f5685d70db7,Mice
6989a4e910805f5685d70db8,Fiction
6989a4e910805f5685d70db8,General
6989a4e910805f5685d70db9,Canada Imprints
6989a4e910805f5685d70db9,Local Transit
6989a4e910805f5685d70dba,Botswana
6989a4e910805f5685d70dba,Academic Writing
6989a4e910805f5685d70dbb,Cataloging
6989a4e910805f5685d70dbb,Iraq War
6989a4e910805f5685d70dbc,Christian Ethics
6989a4e910805f5685d70dbc,Fuentes De Oñoro
6989a4e910805f5685d70dbd,Horticulture
6989a4e910805f5685d70dbd,France
6989a4e910805f5685d70dbe,Caldecott Medal
6989a4e910805f5685d70dbe,Classified
6989a4e910805f5685d70dbf,Horror
6989a4e910805f5685d70dbf,Arab Americans
6989a4e910805f5685d70dc0,Drawing
6989a4e910805f5685d70dc0,American Fiction
6989a4e910805f5685d70dc1,Religion
6989a4e910805f5685d70dc1,Fiction
6989a4e910805f5685d70dc1,Biography
6989a4e910805f5685d70dc2,Fiction
6989a4e910805f5685d70dc3,Sign Language
6989a4e910805f5685d70dc3,Hopalong (fictitious Character)
6989a4e910805f5685d70dc4,General
6989a4e910805f5685d70dc5,Juvenile Nonfiction
6989a4e910805f5685d70dc6,Québec (province)
6989a4e910805f5685d70dc7,Cerebral Palsy
6989a4e910805f5685d70dc7,Dog Attacks
6989a4e910805f5685d70dc8,Alhambra (granada
6989a4e910805f5685d70dc8,Client-centered Psychotherapy
6989a4e910805f5685d70dc9,Owls
6989a4e910805f5685d70dc9,Alaska
6989a4e910805f5685d70dca,Bones
6989a4e910805f5685d70dca,Stamp Collecting
6989a4e910805f5685d70dcb,Fantastic Fiction
6989a4e910805f5685d70dcb,John
6989a4e910805f5685d70dcc,Women Painters
6989a4e910805f5685d70dcc,Drug Abuse And Crime
6989a4e910805f5685d70dcd,Fiction
6989a4e910805f5685d70dcd,History
6989a4e910805f5685d70dcd,General
6989a4e910805f5685d70dce,Accident Victims
6989a4e910805f5685d70dce,Agricultural Credit
6989a4e910805f5685d70dcf,General
6989a4e910805f5685d70dcf,Fiction
6989a4e910805f5685d70dcf,Science
6989a4e910805f5685d70dd0,Fiction
6989a4e910805f5685d70dd1,Humorous Stories
6989a4e910805f5685d70dd1,Family
6989a4e910805f5685d70dd2,Body
6989a4e910805f5685d70dd2,Mind
6989a4e910805f5685d70dd3,History
6989a4e910805f5685d70dd4,Fiction
6989a4e910805f5685d70dd5,Croatia
6989a4e910805f5685d70dd5,Consciousness
6989a4e910805f5685d70dd6,Businessmen
6989a4e910805f5685d70dd6,Artists
6989a4e910805f5685d70dd7,Life Skills
6989a4e910805f5685d70dd7,Arthurian Romances
6989a4e910805f5685d70dd8,Maternal.
6989a4e910805f5685d70dd8,Iguana (genus)
6989a4e910805f5685d70dd9,Clergy
6989a4e910805f5685d70dd9,Amusements
6989a4e910805f5685d70dda,Fiction
6989a4e910805f5685d70dda,Juvenile Fiction
6989a4e910805f5685d70dda,Predation (biology)
6989a4e910805f5685d70ddb,Anti-apartheid Movements
6989a4e910805f5685d70ddb,Modern
6989a4e910805f5685d70ddc,Fiction
6989a4e910805f5685d70ddd,Fiction
6989a4e910805f5685d70dde,Science Fiction
6989a4e910805f5685d70dde,Dragons
6989a4e910805f5685d70ddf,Biography
6989a4e910805f5685d70de0,Yachts
6989a4e910805f5685d70de0,Devotional Calendars.
6989a4e910805f5685d70de1,Juvenile Fiction
6989a4e910805f5685d70de1,Fiction
6989a4e910805f5685d70de1,General
6989a4e910805f5685d70de2,Fiction
6989a4e910805f5685d70de2,Science
6989a4e910805f5685d70de2,Robots
6989a4e910805f5685d70de3,Americans
6989a4e910805f5685d70de3,Church And State
6989a4e910805f5685d70de4,Erotic
6989a4e910805f5685d70de4,Bodyguards
6989a4e910805f5685d70de5,Wyatt
6989a4e910805f5685d70de5,Love
6989a4e910805f5685d70de6,Fell
6989a4e910805f5685d70de6,Police
6989a4e910805f5685d70de7,Colombia
6989a4e910805f5685d70de8,Baseball
6989a4e910805f5685d70de8,Burma
6989a4e910805f5685d70de9,Nature
6989a4e910805f5685d70de9,Knitting
6989a4e910805f5685d70dea,Marriage Proposals
6989a4e910805f5685d70dea,Existential Psychotherapy
6989a4e910805f5685d70deb,Technology
6989a4e910805f5685d70deb,Computers
6989a4e910805f5685d70dec,Creative Ability
6989a4e910805f5685d70dec,Spanish Language
6989a4e910805f5685d70ded,Philosophy
6989a4e910805f5685d70ded,Biography
6989a4e910805f5685d70dee,Computer Adventure Games
6989a4e910805f5685d70dee,Church Work With Alcoholics
6989a4e910805f5685d70def,Self-preservation
6989a4e910805f5685d70def,Carter
6989a4e910805f5685d70df0,English Language - Words
6989a4e910805f5685d70df0,Brothers And Sisters
6989a4e910805f5685d70df1,Religion
6989a4e910805f5685d70df2,2001
6989a4e910805f5685d70df2,Spiritual Life
6989a4e910805f5685d70df3,General
6989a4e910805f5685d70df4,True Crime
6989a4e910805f5685d70df5,Customer Services
6989a4e910805f5685d70df5,Compulsive Behavior
6989a4e910805f5685d70df6,French
6989a4e910805f5685d70df6,Travel
6989a4e910805f5685d70df7,Soldiers
6989a4e910805f5685d70df7,Cotswold Hills (england)
6989a4e910805f5685d70df8,Automobile Travel / United States
6989a4e910805f5685d70df8,Personnel Management
6989a4e910805f5685d70df9,Fiction
6989a4e910805f5685d70df9,General
6989a4e910805f5685d70df9,Poetry
6989a4e910805f5685d70dfa,Fiction
6989a4e910805f5685d70dfb,History
6989a4e910805f5685d70dfc,Fiction
6989a4e910805f5685d70dfc,True Crime
6989a4e910805f5685d70dfd,Contests
6989a4e910805f5685d70dfd,Socialism
6989a4e910805f5685d70dfe,Fiction
6989a4e910805f5685d70dff,English.
6989a4e910805f5685d70dff,Soccer
6989a4e910805f5685d70e00,General
6989a4e910805f5685d70e00,Fiction
6989a4e910805f5685d70e00,Boys
6989a4e910805f5685d70e01,Americanisms
6989a4e910805f5685d70e01,Romance Fiction
6989a4e910805f5685d70e02,Children's Plays
6989a4e910805f5685d70e02,Inheritance And Succession
6989a4e910805f5685d70e03,Québec (province)
6989a4e910805f5685d70e03,Women Comedians
6989a4e910805f5685d70e04,Sports
6989a4e910805f5685d70e05,Business
6989a4e910805f5685d70e05,Literary Criticism
6989a4e910805f5685d70e06,Foreign Language Study
6989a4e910805f5685d70e07,Business
6989a4e910805f5685d70e08,Fiction
6989a4e910805f5685d70e09,Fiction
6989a4e910805f5685d70e0a,History
6989a4e910805f5685d70e0b,Fiction
6989a4e910805f5685d70e0c,Psychology
6989a4e910805f5685d70e0c,Renaissance
6989a4e910805f5685d70e0d,True Crime
6989a4e910805f5685d70e0d,Juvenile Fiction
6989a4e910805f5685d70e0e,Compost
6989a4e910805f5685d70e0e,Horse Trainers
6989a4e910805f5685d70e0f,Language Arts
6989a4e910805f5685d70e0f,Gardening
6989a4e910805f5685d70e10,Festivals
6989a4e910805f5685d70e10,Pets
6989a4e910805f5685d70e11,Literary Collections
6989a4e910805f5685d70e11,High School Students
6989a4e910805f5685d70e12,Sacred Space
6989a4e910805f5685d70e12,Feminism And Music
6989a4e910805f5685d70e13,Human Anatomy
6989a4e910805f5685d70e13,American Poetry
6989a4e910805f5685d70e14,Fiction
6989a4e910805f5685d70e15,Business
6989a4e910805f5685d70e16,Religion
6989a4e910805f5685d70e17,Fiction
6989a4e910805f5685d70e17,General
6989a4e910805f5685d70e17,Body
6989a4e910805f5685d70e18,Recycling
6989a4e910805f5685d70e18,Computer Adventure Games
6989a4e910805f5685d70e19,General
6989a4e910805f5685d70e19,Biography
6989a4e910805f5685d70e19,Religion
6989a4e910805f5685d70e1a,Socialism
6989a4e910805f5685d70e1a,Rock Music
6989a4e910805f5685d70e1b,Fiction
6989a4e910805f5685d70e1c,Jackrabbits
6989a4e910805f5685d70e1c,Readers (adult)
6989a4e910805f5685d70e1d,Belgrade (serbia)
6989a4e910805f5685d70e1d,Alexandria (egypt)
6989a4e910805f5685d70e1e,Fiction
6989a4e910805f5685d70e1e,General
6989a4e910805f5685d70e1f,Readers (elementary)
6989a4e910805f5685d70e1f,Baby Roo (fictitious Character)
6989a4e910805f5685d70e20,Juvenile Fiction
6989a4e910805f5685d70e21,Gay Men
6989a4e910805f5685d70e21,Prayer
6989a4e910805f5685d70e22,Jammu And Kashmir (india)
6989a4e910805f5685d70e22,Hollywood (los Angeles
6989a4e910805f5685d70e23,General
6989a4e910805f5685d70e24,Literary Criticism
6989a4e910805f5685d70e25,American Literature
6989a4e910805f5685d70e26,Fiction
6989a4e910805f5685d70e26,General
6989a4e910805f5685d70e26,American Fiction
6989a4e910805f5685d70e27,General
6989a4e910805f5685d70e28,Crusades
6989a4e910805f5685d70e28,Science
6989a4e910805f5685d70e29,Juvenile Fiction
6989a4e910805f5685d70e2a,General
6989a4e910805f5685d70e2a,Fiction
6989a4e910805f5685d70e2b,Baptists
6989a4e910805f5685d70e2b,Criminal Defense Lawyers
6989a4e910805f5685d70e2c,Pictorial
6989a4e910805f5685d70e2c,Communication In Families
6989a4e910805f5685d70e2d,General
6989a4e910805f5685d70e2d,Astrology
6989a4e910805f5685d70e2d,Juvenile Fiction
6989a4e910805f5685d70e2e,Food Supply
6989a4e910805f5685d70e2e,Human Anatomy
6989a4e910805f5685d70e2f,Celtic Church
6989a4e910805f5685d70e2f,Conversation
6989a4e910805f5685d70e30,Canadian Literature
6989a4e910805f5685d70e30,Animals In Art
6989a4e910805f5685d70e31,Fiction
6989a4e910805f5685d70e31,Family
6989a4e910805f5685d70e31,Psychology
6989a4e910805f5685d70e32,Children's Literature.
6989a4e910805f5685d70e32,Northern Exposure (television Program)
6989a4e910805f5685d70e33,Cheyenne Indians
6989a4e910805f5685d70e33,Recreational Vehicle Living
6989a4e910805f5685d70e34,Fiction
6989a4e910805f5685d70e35,Black Humor
6989a4e910805f5685d70e35,Education
6989a4e910805f5685d70e36,Key West (fla.)
6989a4e910805f5685d70e36,Fiction In English
6989a4e910805f5685d70e37,General
6989a4e910805f5685d70e37,Health
6989a4e910805f5685d70e37,Self-help
6989a4e910805f5685d70e38,Comics
6989a4e910805f5685d70e39,Healing
6989a4e910805f5685d70e39,Public Health
6989a4e910805f5685d70e3a,Fiction
6989a4e910805f5685d70e3a,True Crime
6989a4e910805f5685d70e3a,Juvenile Fiction
6989a4e910805f5685d70e3b,Bible Stories
6989a4e910805f5685d70e3b,Cooking
6989a4e910805f5685d70e3c,New Zealand
6989a4e910805f5685d70e3c,Fantasy Literature
6989a4e910805f5685d70e3d,General
6989a4e910805f5685d70e3e,Business
6989a4e910805f5685d70e3e,General
6989a4e910805f5685d70e3e,Biography
6989a4e910805f5685d70e3f,Comics
6989a4e910805f5685d70e40,Hudson River Valley (n.y. And N.j.)
6989a4e910805f5685d70e40,Knights And Knighthood
6989a4e910805f5685d70e41,Fiction
6989a4e910805f5685d70e41,General
6989a4e910805f5685d70e41,Business
6989a4e910805f5685d70e42,Biography
6989a4e910805f5685d70e43,Harry (fictitious Character)
6989a4e910805f5685d70e43,Refined
6989a4e910805f5685d70e44,Young Adult Fiction
6989a4e910805f5685d70e45,General
6989a4e910805f5685d70e46,Alligators
6989a4e910805f5685d70e46,New Thought
6989a4e910805f5685d70e47,Business
6989a4e910805f5685d70e48,Fiction
6989a4e910805f5685d70e48,American Fiction
6989a4e910805f5685d70e49,Biography
6989a4e910805f5685d70e49,Fiction
6989a4e910805f5685d70e4a,Sweden
6989a4e910805f5685d70e4a,Reincarnation
6989a4e910805f5685d70e4b,Northern Exposure (television Program)
6989a4e910805f5685d70e4b,Amish
6989a4e910805f5685d70e4c,General
6989a4e910805f5685d70e4d,Quick And Easy Cooking
6989a4e910805f5685d70e4d,French Drama
6989a4e910805f5685d70e4e,Jeunesse - Usage Des Drogues - Californie
6989a4e910805f5685d70e4e,Theory Of
6989a4e910805f5685d70e4f,Fiction
6989a4e910805f5685d70e50,Science Fiction In Art
6989a4e910805f5685d70e50,Scotland
6989a4e910805f5685d70e51,General
6989a4e910805f5685d70e51,Colombia
6989a4e910805f5685d70e52,Biographers
6989a4e910805f5685d70e52,Audiobooks
6989a4e910805f5685d70e53,Debates And Debating
6989a4e910805f5685d70e53,Plants
6989a4e910805f5685d70e54,Juvenile Fiction
6989a4e910805f5685d70e55,Diazepam
6989a4e910805f5685d70e56,Fantasy
6989a4e910805f5685d70e57,Admirals
6989a4e910805f5685d70e57,Interpersonal Communication
6989a4e910805f5685d70e58,High Schools
6989a4e910805f5685d70e58,Emigration And Immigration
6989a4e910805f5685d70e59,Dragons
6989a4e910805f5685d70e59,Women Painters
6989a4e910805f5685d70e5a,Indians
6989a4e910805f5685d70e5a,Communication In Families
6989a4e910805f5685d70e5b,Merchant Marine
6989a4e910805f5685d70e5b,Mice
6989a4e910805f5685d70e5c,Mass.)
6989a4e910805f5685d70e5c,Stream Measurements
6989a4e910805f5685d70e5d,Fiction
6989a4e910805f5685d70e5d,Drama
6989a4e910805f5685d70e5d,General
6989a4e910805f5685d70e5e,Fiction
6989a4e910805f5685d70e5e,Detective And Mystery Stories
6989a4e910805f5685d70e5e,Audiobooks
6989a4e910805f5685d70e5f,General
6989a4e910805f5685d70e60,Humor
6989a4e910805f5685d70e61,Fiction
6989a4e910805f5685d70e62,Fiction
6989a4e910805f5685d70e63,Fiction
6989a4e910805f5685d70e63,Religion
6989a4e910805f5685d70e64,Literary Criticism
6989a4e910805f5685d70e65,Juvenile Fiction
6989a4e910805f5685d70e65,Adventure Stories
6989a4e910805f5685d70e66,Reference
6989a4e910805f5685d70e67,Religion
6989a4e910805f5685d70e68,Beauty And The Beast (tale)
6989a4e910805f5685d70e68,Animals
6989a4e910805f5685d70e69,Juvenile Fiction
6989a4e910805f5685d70e6a,Fiction
6989a4e910805f5685d70e6a,Games
6989a4e910805f5685d70e6b,Reference
6989a4e910805f5685d70e6c,Herb Gardening
6989a4e910805f5685d70e6c,Mexican American Women
6989a4e910805f5685d70e6d,Fiction
6989a4e910805f5685d70e6e,Assassins
6989a4e910805f5685d70e6e,Serial Murderers
6989a4e910805f5685d70e6f,Country Musicians
6989a4e910805f5685d70e6f,Alternative Lifestyles
6989a4e910805f5685d70e70,Horses
6989a4e910805f5685d70e70,Relativity (physics)
6989a4e910805f5685d70e71,General
6989a4e910805f5685d70e71,Fiction
6989a4e910805f5685d70e71,American Literature
6989a4e910805f5685d70e72,Man-woman Relationships
6989a4e910805f5685d70e72,Love Stories
6989a4e910805f5685d70e73,Fiction
6989a4e910805f5685d70e73,General
6989a4e910805f5685d70e73,Marine Pollution
6989a4e910805f5685d70e74,Common Interest Ownership Communities
6989a4e910805f5685d70e74,Ship Registers
6989a4e910805f5685d70e75,Diabetes
6989a4e910805f5685d70e75,Classified
6989a4e910805f5685d70e76,Carnivals
6989a4e910805f5685d70e76,God
6989a4e910805f5685d70e77,Fiction
6989a4e910805f5685d70e78,Interpersonal Communication
6989a4e910805f5685d70e79,Police Reports
6989a4e910805f5685d70e79,Alexandria (egypt)
6989a4e910805f5685d70e7a,Psychology
6989a4e910805f5685d70e7a,Travel
6989a4e910805f5685d70e7b,Ants
6989a4e910805f5685d70e7b,Adventure Stories
6989a4e910805f5685d70e7c,John Thomas (fictitious Character)
6989a4e910805f5685d70e7c,Wyatt
6989a4e910805f5685d70e7d,Fiction
6989a4e910805f5685d70e7d,General
6989a4e910805f5685d70e7d,Biography
6989a4e910805f5685d70e7e,Foreign Language Study
6989a4e910805f5685d70e7e,Computers
6989a4e910805f5685d70e7e,Fiction
6989a4e910805f5685d70e7f,Abolitionists
6989a4e910805f5685d70e7f,Contaminated Sediments
6989a4e910805f5685d70e80,Celtic Church
6989a4e910805f5685d70e80,Amerikaanse Fiksie
6989a4e910805f5685d70e81,Excavations (archaeology)
6989a4e910805f5685d70e81,Documentary Photography
6989a4e910805f5685d70e82,Juvenile Fiction
6989a4e910805f5685d70e83,Biography
6989a4e910805f5685d70e84,Fiction
6989a4e910805f5685d70e85,General
6989a4e910805f5685d70e85,Fiction
6989a4e910805f5685d70e85,Biography
6989a4e910805f5685d70e86,Assertiveness (psychology)
6989a4e910805f5685d70e86,Astral Projection
6989a4e910805f5685d70e87,Fiction
6989a4e910805f5685d70e88,Picaresque Literature
6989a4e910805f5685d70e88,Bed And Breakfast Accommodations
6989a4e910805f5685d70e89,Fiction
6989a4e910805f5685d70e8a,Soldiers
6989a4e910805f5685d70e8a,Casinos
6989a4e910805f5685d70e8b,Board Books
6989a4e910805f5685d70e8b,Narnia (imaginary Place)
6989a4e910805f5685d70e8c,Biography
6989a4e910805f5685d70e8d,Fiction
6989a4e910805f5685d70e8e,African American Baseball Players
6989a4e910805f5685d70e8e,Lisbon (portugal)
6989a4e910805f5685d70e8f,Fiction
6989a4e910805f5685d70e8f,General
6989a4e910805f5685d70e90,Client-centered Psychotherapy
6989a4e910805f5685d70e90,John
6989a4e910805f5685d70e91,Devotional Literature
6989a4e910805f5685d70e91,Bedtime
6989a4e910805f5685d70e92,Fiction
6989a4e910805f5685d70e92,General
6989a4e910805f5685d70e93,Patents
6989a4e910805f5685d70e93,Technical Assistance
6989a4e910805f5685d70e94,Bands (music)
6989a4e910805f5685d70e94,Government Publications
6989a4e910805f5685d70e95,Juvenile Fiction
6989a4e910805f5685d70e96,Fathers And Sons
6989a4e910805f5685d70e96,Cultivated
6989a4e910805f5685d70e97,Dragons
6989a4e910805f5685d70e98,Bereavement
6989a4e910805f5685d70e98,Richard (fictitious Character)
6989a4e910805f5685d70e99,Lizards
6989a4e910805f5685d70e99,Brothers And Sisters
6989a4e910805f5685d70e9a,Emotions
6989a4e910805f5685d70e9a,Sweden
6989a4e910805f5685d70e9b,History
6989a4e910805f5685d70e9c,Condensed Books
6989a4e910805f5685d70e9c,Folklore
6989a4e910805f5685d70e9d,Consumer Goods
6989a4e910805f5685d70e9d,Romantic Suspense Fiction
6989a4e910805f5685d70e9e,Fiction
6989a4e910805f5685d70e9e,Biography
6989a4e910805f5685d70e9e,General
6989a4e910805f5685d70e9f,Fourth Dimension
6989a4e910805f5685d70e9f,Literary Criticism
6989a4e910805f5685d70ea0,Collective Memory
6989a4e910805f5685d70ea0,Technology
6989a4e910805f5685d70ea1,Low-carbohydrate Diet
6989a4e910805f5685d70ea1,Death
6989a4e910805f5685d70ea2,Menopause
6989a4e910805f5685d70ea2,American Periodicals
6989a4e910805f5685d70ea3,General
6989a4e910805f5685d70ea4,Fiction
6989a4e910805f5685d70ea4,Audiobooks
6989a4e910805f5685d70ea4,Juvenile Fiction
6989a4e910805f5685d70ea5,Reading
6989a4e910805f5685d70ea5,Public Health
6989a4e910805f5685d70ea6,Fiction
6989a4e910805f5685d70ea6,Juvenile Fiction
6989a4e910805f5685d70ea6,Religion
6989a4e910805f5685d70ea7,Angels
6989a4e910805f5685d70ea7,Control (psychology)
6989a4e910805f5685d70ea8,Decoration And Ornament
6989a4e910805f5685d70ea8,Communities
6989a4e910805f5685d70ea9,Fiction
6989a4e910805f5685d70ea9,Juvenile Fiction
6989a4e910805f5685d70eaa,Juvenile Fiction
6989a4e910805f5685d70eab,Group Reading
6989a4e910805f5685d70eab,Celtic Church
6989a4e910805f5685d70eac,Fiction
6989a4e910805f5685d70ead,Humanity
6989a4e910805f5685d70ead,Ireland
6989a4e910805f5685d70eae,General
6989a4e910805f5685d70eaf,Fiction
6989a4e910805f5685d70eaf,History
6989a4e910805f5685d70eaf,Performing Arts
6989a4e910805f5685d70eb0,Sign Language
6989a4e910805f5685d70eb0,Cape Cod (mass.)
6989a4e910805f5685d70eb1,Fiction
6989a4e910805f5685d70eb1,China
6989a4e910805f5685d70eb2,Fiction
6989a4e910805f5685d70eb3,Science
6989a4e910805f5685d70eb3,Divorce
6989a4e910805f5685d70eb4,Drowning
6989a4e910805f5685d70eb4,Women Authors
6989a4e910805f5685d70eb5,Consumer Goods
6989a4e910805f5685d70eb5,Dramatists
6989a4e910805f5685d70eb6,Fiction
6989a4e910805f5685d70eb7,Families
6989a4e910805f5685d70eb8,Poetry
6989a4e910805f5685d70eb9,Central
6989a4e910805f5685d70eb9,Vade-mecums
6989a4e910805f5685d70eba,Fiction
6989a4e910805f5685d70eba,Juvenile Fiction
6989a4e910805f5685d70eba,Literary Criticism
6989a4e910805f5685d70ebb,Derelicts
6989a4e910805f5685d70ebb,Military Art And Science
6989a4e910805f5685d70ebc,Sweden
6989a4e910805f5685d70ebc,Conjoined Twins
6989a4e910805f5685d70ebd,Fiction
6989a4e910805f5685d70ebd,History
6989a4e910805f5685d70ebe,Discernment Of Spirits
6989a4e910805f5685d70ebe,Sir (fictitious Character)
6989a4e910805f5685d70ebf,Business
6989a4e910805f5685d70ec0,Philosophy
6989a4e910805f5685d70ec0,American Periodicals
6989a4e910805f5685d70ec1,General
6989a4e910805f5685d70ec2,Bodyguards
6989a4e910805f5685d70ec2,Edible Landscaping
6989a4e910805f5685d70ec3,Health
6989a4e910805f5685d70ec4,General
6989a4e910805f5685d70ec4,History
6989a4e910805f5685d70ec5,Etc
6989a4e910805f5685d70ec5,Abusive Men
6989a4e910805f5685d70ec6,Fiction
6989a4e910805f5685d70ec7,Psychological Fiction
6989a4e910805f5685d70ec7,Behavior Modification
6989a4e910805f5685d70ec8,Biographers
6989a4e910805f5685d70ec8,Barges
6989a4e910805f5685d70ec9,Australian
6989a4e910805f5685d70ec9,Labor Day
6989a4e910805f5685d70eca,Art Thefts
6989a4e910805f5685d70eca,Shugak
6989a4e910805f5685d70ecb,Assertiveness (psychology)
6989a4e910805f5685d70ecb,Electrical Engineering
6989a4e910805f5685d70ecc,American Drama
6989a4e910805f5685d70ecc,Ho Chi Minh City (vietnam)
6989a4e910805f5685d70ecd,Fiction
6989a4e910805f5685d70ece,Religion
6989a4e910805f5685d70ece,General
6989a4e910805f5685d70ecf,Handbooks
6989a4e910805f5685d70ecf,Hockey Stories
6989a4e910805f5685d70ed0,Malone
6989a4e910805f5685d70ed0,Bookbinding
6989a4e910805f5685d70ed1,Devil
6989a4e910805f5685d70ed1,Tennis
6989a4e910805f5685d70ed2,Great Britain
6989a4e910805f5685d70ed3,General
6989a4e910805f5685d70ed4,Fiction
6989a4e910805f5685d70ed4,Family
6989a4e910805f5685d70ed5,American Fiction
6989a4e910805f5685d70ed5,Fiction
6989a4e910805f5685d70ed6,Fiction
6989a4e910805f5685d70ed7,English Literature
6989a4e910805f5685d70ed7,Corruption
6989a4e910805f5685d70ed8,General
6989a4e910805f5685d70ed8,Fiction
6989a4e910805f5685d70ed9,Animal Rescue
6989a4e910805f5685d70ed9,Adoptees
6989a4e910805f5685d70eda,Stamp Collecting
6989a4e910805f5685d70eda,Brazil
6989a4e910805f5685d70edb,Body
6989a4e910805f5685d70edb,Mind
6989a4e910805f5685d70edb,General
6989a4e910805f5685d70edc,Fiction
6989a4e910805f5685d70edd,Baking
6989a4e910805f5685d70edd,Deaf Gay Men
6989a4e910805f5685d70ede,Foreign Language Study
6989a4e910805f5685d70edf,Fiction
6989a4e910805f5685d70ee0,Science
6989a4e910805f5685d70ee1,Periodicals
6989a4e910805f5685d70ee1,Intercountry Adoption
6989a4e910805f5685d70ee2,Star Trek Films
6989a4e910805f5685d70ee2,Single People
6989a4e910805f5685d70ee3,Fiction
6989a4e910805f5685d70ee3,Juvenile Fiction
6989a4e910805f5685d70ee3,General
6989a4e910805f5685d70ee4,Religion
6989a4e910805f5685d70ee5,Food
6989a4e910805f5685d70ee5,Horse Trainers
6989a4e910805f5685d70ee6,History
6989a4e910805f5685d70ee7,Curiosities And Wonders
6989a4e910805f5685d70ee7,Honesty
6989a4e910805f5685d70ee8,General
6989a4e910805f5685d70ee8,Fiction
6989a4e910805f5685d70ee8,Literary Criticism
6989a4e910805f5685d70ee9,Children's Libraries
6989a4e910805f5685d70ee9,Hamptons (n.y.)
6989a4e910805f5685d70eea,Fathers And Daughters
6989a4e910805f5685d70eea,Industrial Management
6989a4e910805f5685d70eeb,Single Tax
6989a4e910805f5685d70eeb,Thailand
6989a4e910805f5685d70eec,Religion
6989a4e910805f5685d70eec,Fiction
6989a4e910805f5685d70eec,General
6989a4e910805f5685d70eed,Sermons
6989a4e910805f5685d70eed,Grease (motion Picture)
6989a4e910805f5685d70eee,Drama
6989a4e910805f5685d70eef,Caldecott Medal
6989a4e910805f5685d70eef,Jane (fictitious Character)
6989a4e910805f5685d70ef0,Foreign Language Study
6989a4e910805f5685d70ef0,Juvenile Fiction
6989a4e910805f5685d70ef1,Fiction
6989a4e910805f5685d70ef1,Juvenile Fiction
6989a4e910805f5685d70ef2,North Carolina
6989a4e910805f5685d70ef2,Marquesas Islands (french Polynesia)
6989a4e910805f5685d70ef3,Algebra
6989a4e910805f5685d70ef3,Coal Miners
6989a4e910805f5685d70ef4,Compulsive Behavior
6989a4e910805f5685d70ef4,Cape Cod (mass.)
6989a4e910805f5685d70ef5,Conversation
6989a4e910805f5685d70ef5,Kentucky
6989a4e910805f5685d70ef6,Business
6989a4e910805f5685d70ef6,History
6989a4e910805f5685d70ef6,Self-help
6989a4e910805f5685d70ef7,Diplomatic And Consular Service
6989a4e910805f5685d70ef7,General
6989a4e910805f5685d70ef8,American Wit And Humor.
6989a4e910805f5685d70ef8,Discipline Of Children
6989a4e910805f5685d70ef9,Fiction
6989a4e910805f5685d70ef9,Juvenile Fiction
6989a4e910805f5685d70ef9,Comics
6989a4e910805f5685d70efa,Biography
6989a4e910805f5685d70efb,Cooking
6989a4e910805f5685d70efc,General
6989a4e910805f5685d70efc,Young Adult Fiction
6989a4e910805f5685d70efc,Botswana
6989a4e910805f5685d70efd,Bullying
6989a4e910805f5685d70efd,Time Management
6989a4e910805f5685d70efe,Coal Miners
6989a4e910805f5685d70efe,Ranchers
6989a4e910805f5685d70eff,Oglala Indians
6989a4e910805f5685d70eff,Radio Broadcasting
6989a4e910805f5685d70f00,General
6989a4e910805f5685d70f01,History
6989a4e910805f5685d70f02,Maternal.
6989a4e910805f5685d70f02,Detective And Mystery Stories
6989a4e910805f5685d70f03,Games
6989a4e910805f5685d70f03,Adoption
6989a4e910805f5685d70f04,Catalogs
6989a4e910805f5685d70f04,Law Reports
6989a4e910805f5685d70f05,Economic Confusion
6989a4e910805f5685d70f05,Songs
6989a4e910805f5685d70f06,Wizards
6989a4e910805f5685d70f06,Law
6989a4e910805f5685d70f07,Fantasy In Art
6989a4e910805f5685d70f07,Carter
6989a4e910805f5685d70f08,Success
6989a4e910805f5685d70f08,Imperialism
6989a4e910805f5685d70f09,Manuscripts
6989a4e910805f5685d70f09,Arms Race
6989a4e910805f5685d70f0a,Fiction
6989a4e910805f5685d70f0a,Juvenile Fiction
6989a4e910805f5685d70f0a,General
6989a4e910805f5685d70f0b,Fiction
6989a4e910805f5685d70f0b,Political Science
6989a4e910805f5685d70f0c,Justice In Art
6989a4e910805f5685d70f0c,Future Life
6989a4e910805f5685d70f0d,Comedy
6989a4e910805f5685d70f0d,Body Language
6989a4e910805f5685d70f0e,Cotswold Hills (england)
6989a4e910805f5685d70f0e,Criticism
6989a4e910805f5685d70f0f,Horse Racing
6989a4e910805f5685d70f10,Fiction
6989a4e910805f5685d70f11,Church And State
6989a4e910805f5685d70f11,Baby Bop (fictitious Character)
6989a4e910805f5685d70f12,Diffusion Of Innovations
6989a4e910805f5685d70f12,Serial Murderers
6989a4e910805f5685d70f13,Crossword Puzzle Makers
6989a4e910805f5685d70f13,Mack (fictitious Character)
6989a4e910805f5685d70f14,Rome (italy)
6989a4e910805f5685d70f14,Sculpture
6989a4e910805f5685d70f15,Juvenile Fiction
6989a4e910805f5685d70f16,African Americans
6989a4e910805f5685d70f16,General
6989a4e910805f5685d70f16,Poetry
6989a4e910805f5685d70f17,Fiction
6989a4e910805f5685d70f17,American Fiction
6989a4e910805f5685d70f18,Cotswold Hills (england)
6989a4e910805f5685d70f19,History
6989a4e910805f5685d70f1a,Anti-apartheid Movements
6989a4e910805f5685d70f1a,Bed And Breakfast Accommodations
6989a4e910805f5685d70f1b,Adventure Games
6989a4e910805f5685d70f1b,African American Musicians
6989a4e910805f5685d70f1c,Fiction
6989a4e910805f5685d70f1c,General
6989a4e910805f5685d70f1c,History
6989a4e910805f5685d70f1d,Fiction
6989a4e910805f5685d70f1e,Juvenile Fiction
6989a4e910805f5685d70f1e,Young Adult Fiction
6989a4e910805f5685d70f1f,Comics
6989a4e910805f5685d70f20,Mice
6989a4e910805f5685d70f20,Adolescence
6989a4e910805f5685d70f21,Fiction
6989a4e910805f5685d70f21,Juvenile Fiction
6989a4e910805f5685d70f22,Fiction
6989a4e910805f5685d70f23,Color In Interior Decoration
6989a4e910805f5685d70f23,Securities
6989a4e910805f5685d70f24,Rabbits
6989a4e910805f5685d70f24,French Literature
6989a4e910805f5685d70f25,Central
6989a4e910805f5685d70f25,Love
6989a4e910805f5685d70f26,Dragons
6989a4e910805f5685d70f26,Lizards
6989a4e910805f5685d70f27,Brewing
6989a4e910805f5685d70f27,Lesbians
6989a4e910805f5685d70f28,Body
6989a4e910805f5685d70f28,Video Games
6989a4e910805f5685d70f29,History
6989a4e910805f5685d70f2a,Drama
6989a4e910805f5685d70f2a,General
6989a4e910805f5685d70f2a,Design
6989a4e910805f5685d70f2b,Fiction
6989a4e910805f5685d70f2c,People With Disabilities
6989a4e910805f5685d70f2c,Accelerated Readers
6989a4e910805f5685d70f2d,Fantasy Fiction
6989a4e910805f5685d70f2d,Arab Americans
6989a4e910805f5685d70f2e,Iwo Jima
6989a4e910805f5685d70f2e,Personal
6989a4e910805f5685d70f2f,Holiness
6989a4e910805f5685d70f2f,House
6989a4e910805f5685d70f30,Juvenile Fiction
6989a4e910805f5685d70f31,Indonesia
6989a4e910805f5685d70f31,African American Women
6989a4e910805f5685d70f32,Alexandria (egypt)
6989a4e910805f5685d70f32,Queens
6989a4e910805f5685d70f33,Fiction
6989a4e910805f5685d70f34,American Dream
6989a4e910805f5685d70f34,Fiction
6989a4e910805f5685d70f34,History
6989a4e910805f5685d70f35,Juvenile Fiction
6989a4e910805f5685d70f36,General
6989a4e910805f5685d70f36,Fiction
6989a4e910805f5685d70f36,Comics
6989a4e910805f5685d70f37,Current Events
6989a4e910805f5685d70f37,Albert (fictitious Character)
6989a4e910805f5685d70f38,Juvenile Fiction
6989a4e910805f5685d70f39,Memory
6989a4e910805f5685d70f39,Biography
6989a4e910805f5685d70f3a,Recreational Vehicle Living
6989a4e910805f5685d70f3a,Debates And Debating
6989a4e910805f5685d70f3b,Cancer
6989a4e910805f5685d70f3b,Connecticut
6989a4e910805f5685d70f3c,Juvenile Fiction
6989a4e910805f5685d70f3c,General
6989a4e910805f5685d70f3d,Business
6989a4e910805f5685d70f3e,Juvenile Fiction
6989a4e910805f5685d70f3f,Richard (fictitious Character)
6989a4e910805f5685d70f3f,Courts And Courtiers
6989a4e910805f5685d70f40,Motion Picture Plays
6989a4e910805f5685d70f40,Cattle
6989a4e910805f5685d70f41,Appleby
6989a4e910805f5685d70f41,Marine Pollution
6989a4e910805f5685d70f42,Fiction
6989a4e910805f5685d70f43,General
6989a4e910805f5685d70f44,Fiction
6989a4e910805f5685d70f44,General
6989a4e910805f5685d70f44,Juvenile Fiction
6989a4e910805f5685d70f45,Songs
6989a4e910805f5685d70f45,Enlightenment
6989a4e910805f5685d70f46,General
6989a4e910805f5685d70f46,Juvenile Nonfiction
6989a4e910805f5685d70f47,Brothers
6989a4e910805f5685d70f47,Appleby
6989a4e910805f5685d70f48,Jeunesse - Usage Des Drogues - Californie
6989a4e910805f5685d70f48,Pictorial
6989a4e910805f5685d70f49,Surrealism
6989a4e910805f5685d70f4a,Fiction
6989a4e910805f5685d70f4b,Fiction
6989a4e910805f5685d70f4b,General
6989a4e910805f5685d70f4b,Travel
6989a4e910805f5685d70f4c,Digests
6989a4e910805f5685d70f4c,Canada Imprints
6989a4e910805f5685d70f4d,Juvenile Fiction
6989a4e910805f5685d70f4d,Fiction
6989a4e910805f5685d70f4d,General
6989a4e910805f5685d70f4e,Securities Industry
6989a4e910805f5685d70f4e,Portrait Photography
6989a4e910805f5685d70f4f,Science
6989a4e910805f5685d70f50,Fiction
6989a4e910805f5685d70f51,Fiction
6989a4e910805f5685d70f51,General
6989a4e910805f5685d70f51,Biography
6989a4e910805f5685d70f52,Badgers
6989a4e910805f5685d70f52,1991-
6989a4e910805f5685d70f53,Fiction
6989a4e910805f5685d70f53,General
6989a4e910805f5685d70f54,Sex Instruction For Women
6989a4e910805f5685d70f54,Jamestown (va.)
6989a4e910805f5685d70f55,Fiction
6989a4e910805f5685d70f55,Humor
6989a4e910805f5685d70f55,General
6989a4e910805f5685d70f56,Biography
6989a4e910805f5685d70f56,General
6989a4e910805f5685d70f57,Business
6989a4e910805f5685d70f57,Cooking
6989a4e910805f5685d70f57,Travel
6989a4e910805f5685d70f58,Thailand
6989a4e910805f5685d70f58,Napoleonic Wars
6989a4e910805f5685d70f59,Fiction
6989a4e910805f5685d70f5a,Religion
6989a4e910805f5685d70f5b,Fiction
6989a4e910805f5685d70f5c,Bronté́
6989a4e910805f5685d70f5c,Imperialism
6989a4e910805f5685d70f5d,Genetic Engineering
6989a4e910805f5685d70f5d,Rocks
6989a4e910805f5685d70f5e,Fiction
6989a4e910805f5685d70f5f,Birth Control
6989a4e910805f5685d70f5f,Large Type Books
6989a4e910805f5685d70f60,Horticulture
6989a4e910805f5685d70f60,Juvenile Nonfiction
6989a4e910805f5685d70f61,Hollywood (los Angeles
6989a4e910805f5685d70f61,Hygiene
6989a4e910805f5685d70f62,Generals
6989a4e910805f5685d70f62,Discworld (imaginary Place)
6989a4e910805f5685d70f63,Va.)
6989a4e910805f5685d70f63,Angkor (extinct City)
6989a4e910805f5685d70f64,Rourke
6989a4e910805f5685d70f64,Children's Plays
6989a4e910805f5685d70f65,General
6989a4e910805f5685d70f66,Squirrels
6989a4e910805f5685d70f66,Consumer Education
6989a4e910805f5685d70f67,Rocks
6989a4e910805f5685d70f67,Penal Colonies
6989a4e910805f5685d70f68,Fiction
6989a4e910805f5685d70f68,French Fiction
6989a4e910805f5685d70f68,General
6989a4e910805f5685d70f69,General
6989a4e910805f5685d70f69,History
6989a4e910805f5685d70f69,Juvenile Fiction
6989a4e910805f5685d70f6a,Navajo Indians
6989a4e910805f5685d70f6a,International Organization
6989a4e910805f5685d70f6b,Fiction
6989a4e910805f5685d70f6b,General
6989a4e910805f5685d70f6b,Epic Poetry
6989a4e910805f5685d70f6c,Ethics
6989a4e910805f5685d70f6c,Penal Colonies
6989a4e910805f5685d70f6d,Discernment Of Spirits
6989a4e910805f5685d70f6d,Amber (imaginary Place)
6989a4e910805f5685d70f6e,Body
6989a4e910805f5685d70f6e,Mind
6989a4e910805f5685d70f6f,Prehistoric Peoples
6989a4e910805f5685d70f6f,Hollywood (los Angeles
6989a4e910805f5685d70f70,Death
6989a4e910805f5685d70f70,Antinuclear Movement
6989a4e910805f5685d70f71,Birds
6989a4e910805f5685d70f71,Amber (imaginary Place)
6989a4e910805f5685d70f72,History
6989a4e910805f5685d70f72,General
6989a4e910805f5685d70f72,Performing Arts
6989a4e910805f5685d70f73,Egypt
6989a4e910805f5685d70f74,General
6989a4e910805f5685d70f74,Technology
6989a4e910805f5685d70f75,Landscape
6989a4e910805f5685d70f75,Divorce
6989a4e910805f5685d70f76,Compost
6989a4e910805f5685d70f76,Austrian
6989a4e910805f5685d70f77,Courtship
6989a4e910805f5685d70f77,Bands (music)
6989a4e910805f5685d70f78,Poetry
6989a4e910805f5685d70f79,Fiction
6989a4e910805f5685d70f79,General
6989a4e910805f5685d70f79,Social Science
6989a4e910805f5685d70f7a,Religion
6989a4e910805f5685d70f7b,Fiction
6989a4e910805f5685d70f7b,General
6989a4e910805f5685d70f7b,Juvenile Fiction
6989a4e910805f5685d70f7c,Ice Skaters.
6989a4e910805f5685d70f7c,Fire-departments
6989a4e910805f5685d70f7d,Literary Criticism
6989a4e910805f5685d70f7e,Kissing
6989a4e910805f5685d70f7e,Bibles
6989a4e910805f5685d70f7f,General
6989a4e910805f5685d70f80,Health
6989a4e910805f5685d70f81,Gardening
6989a4e910805f5685d70f81,Stream Measurements
6989a4e910805f5685d70f82,Fiction
6989a4e910805f5685d70f83,Consumer Goods
6989a4e910805f5685d70f83,Booksellers And Bookselling
6989a4e910805f5685d70f84,General
6989a4e910805f5685d70f84,Fiction
6989a4e910805f5685d70f85,Foreign Language Study
6989a4e910805f5685d70f85,Juvenile Fiction
6989a4e910805f5685d70f86,Celtic
6989a4e910805f5685d70f86,Genetic Engineering
6989a4e910805f5685d70f87,General
6989a4e910805f5685d70f88,Austrian
6989a4e910805f5685d70f88,Money-making Projects For Children
6989a4e910805f5685d70f89,Business
6989a4e910805f5685d70f89,Self-help
6989a4e910805f5685d70f8a,Children Of Migrant Laborers
6989a4e910805f5685d70f8a,Beany (fictitious Character)
6989a4e910805f5685d70f8b,Christian Ethics
6989a4e910805f5685d70f8b,Harness Racing
6989a4e910805f5685d70f8c,Birthmothers
6989a4e910805f5685d70f8c,Magic
6989a4e910805f5685d70f8d,Counting
6989a4e910805f5685d70f8d,Readers (adult)
6989a4e910805f5685d70f8e,Horror Stories.
6989a4e910805f5685d70f8e,Fishes
6989a4e910805f5685d70f8f,Fiction
6989a4e910805f5685d70f8f,General
6989a4e910805f5685d70f8f,Historical Romance
6989a4e910805f5685d70f90,Fiction
6989a4e910805f5685d70f91,Crossword Puzzle Makers
6989a4e910805f5685d70f91,Carnivals
6989a4e910805f5685d70f92,Bronté́
6989a4e910805f5685d70f92,Emily
6989a4e910805f5685d70f92,1818-1848
6989a4e910805f5685d70f93,Social Science
6989a4e910805f5685d70f94,General
6989a4e910805f5685d70f95,Schools
6989a4e910805f5685d70f95,Seashore
6989a4e910805f5685d70f96,Ghost Stories
6989a4e910805f5685d70f96,American
6989a4e910805f5685d70f96,Young Adult Fiction
6989a4e910805f5685d70f97,Assassination
6989a4e910805f5685d70f97,Fiction
6989a4e910805f5685d70f98,Businesspeople
6989a4e910805f5685d70f98,Pilgrims (new Plymouth Colony)
6989a4e910805f5685d70f99,Psychology
6989a4e910805f5685d70f9a,Fiction
6989a4e910805f5685d70f9b,Nick (fictitious Character)
6989a4e910805f5685d70f9b,Diazepam
6989a4e910805f5685d70f9c,Fiction
6989a4e910805f5685d70f9d,Juvenile Nonfiction
6989a4e910805f5685d70f9d,True Crime
6989a4e910805f5685d70f9d,Fiction
6989a4e910805f5685d70f9e,Fiction
6989a4e910805f5685d70f9f,Bible
6989a4e910805f5685d70fa0,Alternative Lifestyles
6989a4e910805f5685d70fa0,Money-making Projects For Children
6989a4e910805f5685d70fa1,Violin
6989a4e910805f5685d70fa2,Juvenile Fiction
6989a4e910805f5685d70fa3,Drama
6989a4e910805f5685d70fa4,Abusive Men
6989a4e910805f5685d70fa4,Nature
6989a4e910805f5685d70fa5,Housing
6989a4e910805f5685d70fa5,Bars (drinking Establishments)
6989a4e910805f5685d70fa6,National Characteristics
6989a4e910805f5685d70fa6,American
6989a4e910805f5685d70fa6,Fiction
6989a4e910805f5685d70fa7,English Drama (comedy)
6989a4e910805f5685d70fa7,Bawdy Poetry
6989a4e910805f5685d70fa8,Fiction
6989a4e910805f5685d70fa8,Alternative Lifestyles
6989a4e910805f5685d70fa8,Domestic Fiction
6989a4e910805f5685d70fa9,Fiction
6989a4e910805f5685d70faa,James Bolivar (fictitious Character)
6989a4e910805f5685d70faa,Hinduism
6989a4e910805f5685d70fab,Appleby
6989a4e910805f5685d70fab,Marple
6989a4e910805f5685d70fac,Negotiation
6989a4e910805f5685d70fac,Agricultural Price Supports
6989a4e910805f5685d70fad,Language Arts
6989a4e910805f5685d70fad,Punjab (india)
6989a4e910805f5685d70fae,Time Management
6989a4e910805f5685d70fae,Christmas
6989a4e910805f5685d70faf,Girls' Clothing
6989a4e910805f5685d70faf,Horror Films
6989a4e910805f5685d70fb0,Fiction
6989a4e910805f5685d70fb0,Juvenile Fiction
6989a4e910805f5685d70fb0,Young Adult Fiction
6989a4e910805f5685d70fb1,Ancient
6989a4e910805f5685d70fb1,Economics
6989a4e910805f5685d70fb2,Alhambra (granada
6989a4e910805f5685d70fb2,Punjab (india)
6989a4e910805f5685d70fb3,Religion
6989a4e910805f5685d70fb4,Fiction
6989a4e910805f5685d70fb4,Accident Victims
6989a4e910805f5685d70fb4,Juvenile Fiction
6989a4e910805f5685d70fb5,Common Interest Ownership Communities
6989a4e910805f5685d70fb5,Jewish (1939-1945)
6989a4e910805f5685d70fb6,Cotswold Hills (england)
6989a4e910805f5685d70fb6,Archaeology
6989a4e910805f5685d70fb7,Body
6989a4e910805f5685d70fb7,Mind
6989a4e910805f5685d70fb8,Predation (biology)
6989a4e910805f5685d70fb8,Science
6989a4e910805f5685d70fb8,Poetry
6989a4e910805f5685d70fb9,Robots
6989a4e910805f5685d70fb9,Competition
6989a4e910805f5685d70fba,Economic Confusion
6989a4e910805f5685d70fba,Law Reports
6989a4e910805f5685d70fbb,Eminent Domain
6989a4e910805f5685d70fbb,Belden
6989a4e910805f5685d70fbc,Juvenile Fiction
6989a4e910805f5685d70fbc,Fiction
6989a4e910805f5685d70fbc,General
6989a4e910805f5685d70fbd,American Literature
6989a4e910805f5685d70fbe,True Crime
6989a4e910805f5685d70fbe,Confucianism
6989a4e910805f5685d70fbf,Mass.)
6989a4e910805f5685d70fbf,Freemasonry
6989a4e910805f5685d70fc0,Mystery
6989a4e910805f5685d70fc0,Raccoon
6989a4e910805f5685d70fc1,Fiction
6989a4e910805f5685d70fc1,Science
6989a4e910805f5685d70fc2,Lewis And Clark Expedition
6989a4e910805f5685d70fc2,English (old)
6989a4e910805f5685d70fc3,Fiction
6989a4e910805f5685d70fc3,General
6989a4e910805f5685d70fc4,Fiction
6989a4e910805f5685d70fc4,Juvenile Fiction
6989a4e910805f5685d70fc4,General
6989a4e910805f5685d70fc5,Folklore
6989a4e910805f5685d70fc5,Gays
6989a4e910805f5685d70fc6,Fiction
6989a4e910805f5685d70fc6,General
6989a4e910805f5685d70fc6,Juvenile Fiction
6989a4e910805f5685d70fc7,Leadership
6989a4e910805f5685d70fc7,Insects
6989a4e910805f5685d70fc8,Poetry
6989a4e910805f5685d70fc9,Mysticism
6989a4e910805f5685d70fc9,Stamp Collecting
6989a4e910805f5685d70fca,Babysitters
6989a4e910805f5685d70fca,Assertiveness (psychology)
6989a4e910805f5685d70fcb,Fiction
6989a4e910805f5685d70fcc,Narnia (imaginary Place)
6989a4e910805f5685d70fcc,High Interest-low Vocabulary Books
6989a4e910805f5685d70fcd,Juvenile Fiction
6989a4e910805f5685d70fce,Amerikaanse Fiksie
6989a4e910805f5685d70fce,Mysticism
6989a4e910805f5685d70fcf,American Fiction
6989a4e910805f5685d70fd0,General
6989a4e910805f5685d70fd1,Natural History
6989a4e910805f5685d70fd1,Behavior Therapy
6989a4e910805f5685d70fd2,Fourth Dimension
6989a4e910805f5685d70fd2,Portrait Photography
6989a4e910805f5685d70fd3,Fiction
6989a4e910805f5685d70fd3,Juvenile Fiction
6989a4e910805f5685d70fd4,Fiction
6989a4e910805f5685d70fd5,Religion
6989a4e910805f5685d70fd6,Hannay
6989a4e910805f5685d70fd6,Corrections
6989a4e910805f5685d70fd7,Indic Poetry (english)
6989a4e910805f5685d70fd7,Children
6989a4e910805f5685d70fd8,Accident Victims
6989a4e910805f5685d70fd8,1846-1848
6989a4e910805f5685d70fd9,Fiction
6989a4e910805f5685d70fda,Literary Collections
6989a4e910805f5685d70fdb,General
6989a4e910805f5685d70fdb,Fiction
6989a4e910805f5685d70fdb,Computers
6989a4e910805f5685d70fdc,New York (n.y.)
6989a4e910805f5685d70fdc,Questions And Answers
6989a4e910805f5685d70fdd,Belgium
6989a4e910805f5685d70fdd,Problem Children
6989a4e910805f5685d70fde,Military Art And Science
6989a4e910805f5685d70fde,1939-1945
6989a4e910805f5685d70fdf,Celts
6989a4e910805f5685d70fdf,Botany
6989a4e910805f5685d70fe0,America
6989a4e910805f5685d70fe0,Rome
6989a4e910805f5685d70fe1,General
6989a4e910805f5685d70fe2,Fiction
6989a4e910805f5685d70fe2,Young Adult Fiction
6989a4e910805f5685d70fe3,Arab-israeli Conflict
6989a4e910805f5685d70fe3,Man-woman Relationships
6989a4e910805f5685d70fe4,Renaissance
6989a4e910805f5685d70fe4,Businesswomen
6989a4e910805f5685d70fe5,Juvenile Nonfiction
6989a4e910805f5685d70fe6,Historians
6989a4e910805f5685d70fe6,Mission Of The Church
6989a4e910805f5685d70fe7,General
6989a4e910805f5685d70fe7,Audiobooks
6989a4e910805f5685d70fe7,Fiction
6989a4e910805f5685d70fe8,Comics
6989a4e910805f5685d70fe8,Jammu And Kashmir (india)
6989a4e910805f5685d70fe9,Body
6989a4e910805f5685d70fe9,Mind
6989a4e910805f5685d70fea,Drama
6989a4e910805f5685d70fea,Fiction
6989a4e910805f5685d70fea,Children's Stories
6989a4e910805f5685d70feb,Juvenile Fiction
6989a4e910805f5685d70fec,Juvenile Fiction
6989a4e910805f5685d70fec,General
6989a4e910805f5685d70fed,General
6989a4e910805f5685d70fee,Ranches
6989a4e910805f5685d70fee,Bridegrooms
6989a4e910805f5685d70fef,Abusive Men
6989a4e910805f5685d70fef,Private Investigators
6989a4e910805f5685d70ff0,Biography
6989a4e910805f5685d70ff0,General
6989a4e910805f5685d70ff1,Penny Dreadfuls
6989a4e910805f5685d70ff1,Audio-visual Education
6989a4e910805f5685d70ff2,Juvenile Fiction
6989a4e910805f5685d70ff3,Sacred Space
6989a4e910805f5685d70ff3,Christian Pilgrims And Pilgrimages
6989a4e910805f5685d70ff4,Extrasensory Perception
6989a4e910805f5685d70ff4,Transportation
6989a4e910805f5685d70ff5,Evangelistic Sermons
6989a4e910805f5685d70ff5,Missionary Stories
6989a4e910805f5685d70ff6,Fiction
6989a4e910805f5685d70ff7,Dentists
6989a4e910805f5685d70ff7,Copenhagen (denmark)
6989a4e910805f5685d70ff8,People With Disabilities
6989a4e910805f5685d70ff8,Mission Of The Church
6989a4e910805f5685d70ff9,Fiction
6989a4e910805f5685d70ff9,General
6989a4e910805f5685d70ff9,Intelligence Officers
6989a4e910805f5685d70ffa,Presidents
6989a4e910805f5685d70ffa,English (old)
6989a4e910805f5685d70ffb,Business
6989a4e910805f5685d70ffc,Fiction
6989a4e910805f5685d70ffd,Government Publications
6989a4e910805f5685d70ffd,Animal Behavior
6989a4e910805f5685d70ffe,Buffy The Vampire Slayer (fictitious Character)
6989a4e910805f5685d70ffe,Dog Breeders
6989a4e910805f5685d70fff,Hebrew
6989a4e910805f5685d70fff,Crimes Without Victims
6989a4e910805f5685d71000,Fiction
6989a4e910805f5685d71000,General
6989a4e910805f5685d71000,Upper Class
6989a4e910805f5685d71001,Iguana (genus)
6989a4e910805f5685d71001,Calculus
6989a4e910805f5685d71002,Clouds
6989a4e910805f5685d71002,Drugs
6989a4e910805f5685d71003,Fiction
6989a4e910805f5685d71004,American
6989a4e910805f5685d71004,Frogs
6989a4e910805f5685d71005,Juvenile Fiction
6989a4e910805f5685d71006,Fitness Walking
6989a4e910805f5685d71006,Communication In Organizations
6989a4e910805f5685d71007,Biography
6989a4e910805f5685d71008,Vegetarian Cooking
6989a4e910805f5685d71008,Motels
6989a4e910805f5685d71009,Brooklyn (new York
6989a4e910805f5685d71009,Statistics
6989a4e910805f5685d7100a,Education
6989a4e910805f5685d7100b,Fiction
6989a4e910805f5685d7100c,Fiction
6989a4e910805f5685d7100c,General
6989a4e910805f5685d7100c,Children
6989a4e910805f5685d7100d,Alienation (social Psychology)
6989a4e910805f5685d7100d,Businesspeople
6989a4e910805f5685d7100e,General
6989a4e910805f5685d7100e,Comics
6989a4e910805f5685d7100f,Fiction
6989a4e910805f5685d7100f,General
6989a4e910805f5685d7100f,History
6989a4e910805f5685d71010,Family
6989a4e910805f5685d71011,Government
6989a4e910805f5685d71011,International
6989a4e910805f5685d71012,Marine Pollution
6989a4e910805f5685d71012,Diners (restaurants)
6989a4e910805f5685d71013,Literary Collections
6989a4e910805f5685d71013,Eskimos
6989a4e910805f5685d71014,Dragons
6989a4e910805f5685d71015,Fiction
6989a4e910805f5685d71016,Oglala Indians
6989a4e910805f5685d71016,Etc
6989a4e910805f5685d71017,Knitting
6989a4e910805f5685d71017,Bullies
6989a4e910805f5685d71018,Young Adult Fiction
6989a4e910805f5685d71019,Performing Arts
6989a4e910805f5685d71019,Antiquities.
6989a4e910805f5685d7101a,Sir (fictitious Character)
6989a4e910805f5685d7101a,Vade-mecums
6989a4e910805f5685d7101b,Adult Children Of Alcoholics
6989a4e910805f5685d7101b,Highlands (scotland)
6989a4e910805f5685d7101c,Juvenile Fiction
6989a4e910805f5685d7101d,Fiction
6989a4e910805f5685d7101e,Fiction
6989a4e910805f5685d7101e,Travel
6989a4e910805f5685d7101f,Juvenile Fiction
